ID fuente,Archivo o tabla en el lago,Nombre del campo en el lago,Nombre original en la fuente,Qué significa (en una frase),Tipo de dato,Unidad de medida,Ejemplo de valor,¿Puede venir vacío?,Valores permitidos o rango,Clasificación,Transformación que le hicieron,Pregunta del sistema que ayuda a responder
derivado,curated/atlas_distribuidos/hex_h3_res8.csv,h3,(calculado),"Índice de la celda hexagonal H3 resolución 8 (~0,74 km²).",Texto,—,8841034805fffff,No,Índice H3 de 15 caracteres hexadecimales,Pública · Identificador,"h3.latlng_to_cell(lat, lon, 8).",¿En qué celda de la malla cae cada activo?
derivado,curated/atlas_distribuidos/hex_h3_res8.csv,estacion_meteorologica,(calculado),Estaciones meteorológicas en la celda.,Entero,estaciones,0,No,0 a 2,Pública · Métrica,Conteo por celda H3.,¿Dónde hay sensores climáticos?
derivado,curated/atlas_distribuidos/hex_h3_res8.csv,hospital_urgencias,(calculado),Hospitales con urgencias en la celda.,Entero,hospitales,0,No,0 a 2,Pública · Métrica,Conteo por celda H3.,¿Dónde están las urgencias?
derivado,curated/atlas_distribuidos/hex_h3_res8.csv,parada_transporte,(calculado),Paradas de transporte en la celda.,Entero,paradas,1,No,0 a 159,Pública · Métrica,Conteo por celda H3.,¿Dónde se concentra la red de transporte?
derivado,curated/atlas_distribuidos/hex_h3_res8.csv,rutas_servidas,(calculado),Suma de rutas en las paradas de la celda.,Entero,rutas-parada,1,No,0 a 1.060,Pública · Métrica,Suma de n_rutas por celda.,¿Qué celdas tienen más servicio de transporte?
eac_dcca_2019,curated/atlas_distribuidos/hex_h3_res8.csv,codigo,dc_class / 1ª letra de CACODE,Código de letra del distrito (A–T) usado por el censo y la EAC.,Texto,—,D,Sí,Texto libre (18 valores distintos),Pública · Identificador,Derivado de la primera letra del código DCCA; se usa como llave de unión entre todas las tablas.,¿A qué distrito pertenece este registro?
derivado,curated/atlas_distribuidos/hex_h3_res8.csv,lat,location.lat / Latitude / lat,Latitud del punto.,Decimal,grados decimales (WGS84),22.2124,No,22.19 a 22.55,Pública · Geoespacial,En estaciones HKO se convirtió de grados-minutos-segundos a decimal.,¿Dónde está ubicado en el mapa?
derivado,curated/atlas_distribuidos/hex_h3_res8.csv,lon,location.lng / Longitude / long,Longitud del punto.,Decimal,grados decimales (WGS84),114.196,No,113.9 a 114.4,Pública · Geoespacial,En estaciones HKO se convirtió de grados-minutos-segundos a decimal.,¿Dónde está ubicado en el mapa?
derivado,curated/atlas_distribuidos/hex_h3_res8.csv,nivel_cobertura,(calculado),Nivel de cobertura de transporte de la celda según su cuartil de paradas.,Texto,—,baja,No,"alta, baja, media, muy_alta",Pública · Dimensión,Cuartiles del rango percentil de parada_transporte.,¿Qué zonas están sub-servidas en transporte?
derivado,curated/atlas_distribuidos/puntos.csv,capa,(no existe en la fuente),Tipo de activo puntual.,Texto,—,parada_transporte,No,"estacion_meteorologica, hospital_urgencias, parada_transporte",Pública · Dimensión,"Rotulado al unir capas (parada, hospital, estación).",¿Qué tipo de activo es?
derivado,curated/atlas_distribuidos/puntos.csv,id,id_parada / hospital_en / codigo_estacion:tipo,Identificador del activo dentro de su capa.,Texto,—,00040ED8B61CA94B,No,Texto libre (15389 valores distintos),Pública · Identificador,Unificado en una sola columna.,¿Qué activo es?
derivado,curated/atlas_distribuidos/puntos.csv,nombre,nombre_en / hospital_en / estacion,Nombre del activo.,Texto,—,PUBLIC SQUARE STREET YAU MA TEI (YT545),No,Texto libre (13183 valores distintos),Pública · Dimensión,Unificado en una sola columna.,¿Cómo se llama el activo?
derivado,curated/atlas_distribuidos/puntos.csv,subtipo,modos / tipo / servicio,"Subtipo del activo (modos de transporte, tipo de estación, servicio).",Texto,—,bus,No,"A&E, automatica, boya, bus, ferry, mareografo, metro_mtr, minibus, pluviometro, tren_ligero, tripulada, viento",Pública · Dimensión,Unificado en una sola columna.,¿Qué subtipo de activo es?
derivado,curated/atlas_distribuidos/puntos.csv,lat,location.lat / Latitude / lat,Latitud del punto.,Decimal,grados decimales (WGS84),22.3097,No,22.18 a 22.55,Pública · Geoespacial,En estaciones HKO se convirtió de grados-minutos-segundos a decimal.,¿Dónde está ubicado en el mapa?
derivado,curated/atlas_distribuidos/puntos.csv,lon,location.lng / Longitude / long,Longitud del punto.,Decimal,grados decimales (WGS84),114.171,No,113.9 a 114.4,Pública · Geoespacial,En estaciones HKO se convirtió de grados-minutos-segundos a decimal.,¿Dónde está ubicado en el mapa?
eac_dcca_2019,curated/atlas_distribuidos/puntos.csv,codigo,dc_class / 1ª letra de CACODE,Código de letra del distrito (A–T) usado por el censo y la EAC.,Texto,—,E,Sí,Texto libre (18 valores distintos),Pública · Identificador,Derivado de la primera letra del código DCCA; se usa como llave de unión entre todas las tablas.,¿A qué distrito pertenece este registro?
eac_dcca_2019,curated/atlas_distribuidos/puntos.csv,codigo_dcca,CACODE,Código de la circunscripción del Consejo de Distrito (DCCA 2019).,Texto,—,E17,Sí,Letra A–T + 2 dígitos (452 valores),Pública · Identificador,Renombrado; para puntos se asigna por unión espacial punto-en-polígono (o polígono más cercano ≤1 km).,¿En qué circunscripción cae este punto o zona?
derivado,curated/atlas_distribuidos/puntos.csv,peso,(calculado),"Peso del punto para agregaciones (rutas en paradas, 1 en el resto).",Entero,rutas o unidades,3,No,1 a 66,Pública · Métrica,n_rutas para paradas; 1 para hospitales y estaciones.,¿Cuánto pesa cada punto en la cobertura?
derivado,curated/atlas_distribuidos/puntos.csv,h3,(calculado),"Índice de la celda hexagonal H3 resolución 8 (~0,74 km²).",Texto,—,88411cb369fffff,No,Índice H3 de 15 caracteres hexadecimales,Pública · Identificador,"h3.latlng_to_cell(lat, lon, 8).",¿En qué celda de la malla cae cada activo?
eac_dcca_2019,curated/atlas_zonas/atlas_circunscripciones.csv,codigo_dcca,CACODE,Código de la circunscripción del Consejo de Distrito (DCCA 2019).,Texto,—,B11,No,Letra A–T + 2 dígitos (452 valores),Pública · Identificador,Renombrado; para puntos se asigna por unión espacial punto-en-polígono (o polígono más cercano ≤1 km).,¿En qué circunscripción cae este punto o zona?
derivado,curated/atlas_zonas/atlas_circunscripciones.csv,nombre_en,ENAME / name.en,"Nombre en inglés del lugar (circunscripción, parada o estación).",Texto,—,Stubbs Road,No,Texto libre (452 valores distintos),Pública · Dimensión,Renombrado.,¿Cómo se llama este lugar?
derivado,curated/atlas_zonas/atlas_circunscripciones.csv,nombre_zh,CNAME / name.zh,"Nombre en chino del lugar (circunscripción, parada o estación).",Texto,—,司徒拔道,No,Texto libre (452 valores distintos),Pública · Dimensión,Renombrado.,¿Cómo se llama este lugar en chino?
eac_dcca_2019,curated/atlas_zonas/atlas_circunscripciones.csv,codigo,dc_class / 1ª letra de CACODE,Código de letra del distrito (A–T) usado por el censo y la EAC.,Texto,—,B,No,Texto libre (18 valores distintos),Pública · Identificador,Derivado de la primera letra del código DCCA; se usa como llave de unión entre todas las tablas.,¿A qué distrito pertenece este registro?
eac_dcca_2019,curated/atlas_zonas/atlas_circunscripciones.csv,distrito_en,dc_eng,Nombre oficial del distrito en inglés.,Texto,—,Wan Chai,No,Texto libre (18 valores distintos),Pública · Dimensión,Estandarizado contra la tabla maestra de 18 distritos.,¿Cómo se llama el distrito?
eac_dcca_2019,curated/atlas_zonas/atlas_circunscripciones.csv,distrito_es,(no existe en la fuente),Nombre del distrito en español para la interfaz.,Texto,—,Wan Chai,No,Texto libre (18 valores distintos),Pública · Dimensión,Traducción propia del nombre inglés.,¿Cómo mostrar el distrito al usuario?
eac_dcca_2019,curated/atlas_zonas/atlas_circunscripciones.csv,region,(no existe en la fuente),"Gran región a la que pertenece el distrito (Isla de HK, Kowloon o Nuevos Territorios).",Texto,—,Isla de Hong Kong,No,"Isla de Hong Kong, Kowloon, Nuevos Territorios",Pública · Dimensión,Asignada por tabla maestra según la división administrativa oficial; traducida al español.,¿Cómo se reparte la población entre las tres regiones? (Wiki 1.2)
derivado,curated/atlas_zonas/atlas_circunscripciones.csv,area_km2_poligono,Shape_Area (recalculado),Área del polígono de la circunscripción calculada en SIG (incluye mar).,Decimal,km²,4.2032,No,0.0458 a 388.9,Pública · Métrica,Área recalculada en EPSG:2326 tras reparar geometrías (buffer 0).,¿Qué tan grande es cada circunscripción?
derivado,curated/atlas_zonas/atlas_circunscripciones.csv,paradas_transporte,(calculado),Número de paradas de transporte público con rutas activas.,Entero,paradas,71,No,1 a 301,Pública · Métrica,Conteo de paradas por código de distrito o DCCA.,¿Qué zonas tienen más oferta de transporte?
derivado,curated/atlas_zonas/atlas_circunscripciones.csv,paradas_por_km2_poligono,(calculado),Paradas por km² del polígono de la circunscripción (incluye mar).,Decimal,paradas/km²,16.89,No,0.01 a 381.9,Pública · Métrica,paradas_transporte / area_km2_poligono.,¿Dónde es más densa la red de transporte a escala fina?
derivado,curated/atlas_zonas/atlas_circunscripciones.csv,suma_rutas_en_paradas,(calculado),Suma del número de rutas en todas las paradas de la circunscripción.,Entero,rutas-parada,170,No,2 a 1.914,Pública · Métrica,Suma de n_rutas por DCCA.,¿Qué circunscripciones tienen más servicio de transporte?
eac_dcca_2019,curated/atlas_zonas/atlas_distritos.csv,codigo,dc_class / 1ª letra de CACODE,Código de letra del distrito (A–T) usado por el censo y la EAC.,Texto,—,A,No,Texto libre (18 valores distintos),Pública · Identificador,Copiado de curated/geo/distritos.csv (unión por codigo). Origen: Derivado de la primera letra del código DCCA; se usa como llave de unión entre todas las tablas.,¿A qué distrito pertenece este registro?
eac_dcca_2019,curated/atlas_zonas/atlas_distritos.csv,distrito_en,dc_eng,Nombre oficial del distrito en inglés.,Texto,—,Central and Western,No,Texto libre (18 valores distintos),Pública · Dimensión,Copiado de curated/geo/distritos.csv (unión por codigo). Origen: Estandarizado contra la tabla maestra de 18 distritos.,¿Cómo se llama el distrito?
wiki_distritos,curated/atlas_zonas/atlas_distritos.csv,distrito_zh,District (中文),Nombre del distrito en chino tradicional.,Texto,—,中西區,No,Texto libre (18 valores distintos),Pública · Dimensión,Copiado de curated/geo/distritos.csv (unión por codigo). Origen: Tomado de la tabla de Wikipedia y unido por nombre inglés.,¿Cómo se llama el distrito en chino?
eac_dcca_2019,curated/atlas_zonas/atlas_distritos.csv,distrito_es,(no existe en la fuente),Nombre del distrito en español para la interfaz.,Texto,—,Centro y Oeste,No,Texto libre (18 valores distintos),Pública · Dimensión,Copiado de curated/geo/distritos.csv (unión por codigo). Origen: Traducción propia del nombre inglés.,¿Cómo mostrar el distrito al usuario?
eac_dcca_2019,curated/atlas_zonas/atlas_distritos.csv,region,(no existe en la fuente),"Gran región a la que pertenece el distrito (Isla de HK, Kowloon o Nuevos Territorios).",Texto,—,Isla de Hong Kong,No,"Isla de Hong Kong, Kowloon, Nuevos Territorios",Pública · Dimensión,Copiado de curated/geo/distritos.csv (unión por codigo). Origen: Asignada por tabla maestra según la división administrativa oficial; traducida al español.,¿Cómo se reparte la población entre las tres regiones? (Wiki 1.2)
census2021_dc,curated/atlas_zonas/atlas_distritos.csv,poblacion_2021,t_pop,Población residente total del distrito en el Censo 2021.,Entero,personas,235953,No,166.695 a 692.806,Pública · Métrica,Copiado de curated/demografia/distritos_censo2021.csv (unión por codigo). Origen: Renombrado; descarga vía WFS CSDI.,¿Cuánta gente vive en cada distrito? (Wiki 1)
census2021_dc,curated/atlas_zonas/atlas_distritos.csv,hogares_2021,dh,Número de hogares domésticos en 2021.,Entero,hogares,88922,No,63.128 a 247.592,Pública · Métrica,Copiado de curated/demografia/distritos_censo2021.csv (unión por codigo). Origen: Renombrado.,¿Cuántos hogares hay por distrito?
census2021_dc,curated/atlas_zonas/atlas_distritos.csv,tamano_medio_hogar,adhz,Promedio de personas por hogar doméstico.,Decimal,personas/hogar,2.6,No,2.5 a 2.9,Pública · Métrica,Copiado de curated/demografia/distritos_censo2021.csv (unión por codigo). Origen: Renombrado.,¿Dónde viven hogares más grandes o más pequeños? (Wiki 2.8)
census2021_dc,curated/atlas_zonas/atlas_distritos.csv,edad_mediana,t_ma (Censo 2021 (DC_21C)) / lbnp_ma_t (Encuesta General de Hogares (DC_GHS)),Edad que divide a la población en dos mitades.,Decimal,años,44.8,No,42.7 a 50.1,Pública · Métrica,Copiado de curated/demografia/distritos_censo2021.csv (unión por codigo). Origen: Renombrado; en el panel GHS la fuente la publica redondeada a entero.,¿Qué distritos están más envejecidos? (Wiki 1.3)
census2021_dc,curated/atlas_zonas/atlas_distritos.csv,razon_sexos_hombres_por_1000_mujeres,sr,Hombres por cada 1.000 mujeres (incluye empleadas domésticas extranjeras).,Entero,hombres por 1.000 mujeres,714,No,673 a 902,Pública · Métrica,Copiado de curated/demografia/distritos_censo2021.csv (unión por codigo). Origen: Renombrado.,¿Cuál es el balance entre hombres y mujeres? (Wiki 1.3)
census2021_dc,curated/atlas_zonas/atlas_distritos.csv,pob_0_14,age_1,Población de 0 a 14 años.,Entero,personas,24382,No,16.917 a 78.886,Pública · Métrica,Copiado de curated/demografia/distritos_censo2021.csv (unión por codigo). Origen: Renombrado; validado: la suma de los 5 grupos = t_pop.,"¿Cuántos niños hay por distrito? (Wiki 1.3, 1.10)"
census2021_dc,curated/atlas_zonas/atlas_distritos.csv,pob_15_24,age_2,Población de 15 a 24 años.,Entero,personas,16779,No,9.907 a 60.321,Pública · Métrica,Copiado de curated/demografia/distritos_censo2021.csv (unión por codigo). Origen: Renombrado.,¿Cuántos jóvenes hay por distrito?
census2021_dc,curated/atlas_zonas/atlas_distritos.csv,pob_25_44,age_3,Población de 25 a 44 años.,Entero,personas,77767,No,53.860 a 211.376,Pública · Métrica,Copiado de curated/demografia/distritos_censo2021.csv (unión por codigo). Origen: Renombrado.,¿Dónde se concentra la población adulta joven?
census2021_dc,curated/atlas_zonas/atlas_distritos.csv,pob_45_64,age_4,Población de 45 a 64 años.,Entero,personas,71534,No,50.632 a 220.703,Pública · Métrica,Copiado de curated/demografia/distritos_censo2021.csv (unión por codigo). Origen: Renombrado.,¿Dónde se concentra la población adulta mayor?
census2021_dc,curated/atlas_zonas/atlas_distritos.csv,pob_65_mas,age_5,Población de 65 años o más.,Entero,personas,45491,No,27.296 a 147.741,Pública · Métrica,Copiado de curated/demografia/distritos_censo2021.csv (unión por codigo). Origen: Renombrado.,¿Cuántas personas mayores hay por distrito? (Wiki 1.3)
census2021_dc,curated/atlas_zonas/atlas_distritos.csv,pct_0_14,(calculado),Porcentaje de la población con 0–14 años.,Decimal,%,10.33,No,8.92 a 12.83,Pública · Métrica,"Copiado de curated/demografia/distritos_censo2021.csv (unión por codigo). Origen: 100 × age_1 / t_pop, 2 decimales.",¿Qué distritos tienen más peso de niños? (Wiki 1.10)
census2021_dc,curated/atlas_zonas/atlas_distritos.csv,pct_15_24,(calculado),Porcentaje de la población con 15–24 años.,Decimal,%,7.11,No,5.94 a 9.07,Pública · Métrica,Copiado de curated/demografia/distritos_censo2021.csv (unión por codigo). Origen: 100 × age_2 / t_pop.,¿Qué peso tienen los jóvenes en cada distrito?
census2021_dc,curated/atlas_zonas/atlas_distritos.csv,pct_25_44,(calculado),Porcentaje de la población con 25–44 años.,Decimal,%,32.96,No,25.41 a 32.96,Pública · Métrica,Copiado de curated/demografia/distritos_censo2021.csv (unión por codigo). Origen: 100 × age_3 / t_pop.,¿Qué peso tiene la población adulta joven?
census2021_dc,curated/atlas_zonas/atlas_distritos.csv,pct_45_64,(calculado),Porcentaje de la población con 45–64 años.,Decimal,%,30.32,No,30.32 a 34.49,Pública · Métrica,Copiado de curated/demografia/distritos_censo2021.csv (unión por codigo). Origen: 100 × age_4 / t_pop.,¿Qué peso tiene la población adulta mayor?
census2021_dc,curated/atlas_zonas/atlas_distritos.csv,pct_65_mas,(calculado),Porcentaje de la población con 65 años o más.,Decimal,%,19.28,No,14.73 a 23.36,Pública · Métrica,"Copiado de curated/demografia/distritos_censo2021.csv (unión por codigo). Origen: 100 × age_5 / t_pop, 2 decimales.",¿Qué distritos están más envejecidos? (Wiki 1.3)
census2021_dc,curated/atlas_zonas/atlas_distritos.csv,indice_envejecimiento,(calculado),Personas de 65+ por cada 100 menores de 15 años.,Decimal,personas 65+ por 100 de 0–14,186.6,No,114.8 a 257.5,Pública · Métrica,Copiado de curated/demografia/distritos_censo2021.csv (unión por codigo). Origen: 100 × age_5 / age_1.,¿Dónde hay más mayores que niños? (Wiki 1.3)
census2021_dc,curated/atlas_zonas/atlas_distritos.csv,pob_15_mas_con_titulo_universitario,edu_deg,Personas de 15+ cuyo nivel más alto es título universitario (grado).,Entero,personas,89251,No,43.705 a 154.778,Pública · Métrica,Copiado de curated/demografia/distritos_censo2021.csv (unión por codigo). Origen: Renombrado. No incluye educación superior no universitaria.,¿Cuánta población tiene educación universitaria? (Wiki 1.6)
census2021_dc,curated/atlas_zonas/atlas_distritos.csv,pct_titulo_universitario_15_mas,(calculado),Porcentaje de la población de 15+ con título universitario.,Decimal,%,42.18,No,16.42 a 42.43,Pública · Métrica,Copiado de curated/demografia/distritos_censo2021.csv (unión por codigo). Origen: 100 × edu_deg / (t_pop − age_1).,¿Qué distritos tienen más capital humano? (Wiki 1.6)
census2021_dc,curated/atlas_zonas/atlas_distritos.csv,pob_nacida_en_hk,born_hk,Personas nacidas en Hong Kong.,Entero,personas,126335,No,91.997 a 453.024,Pública · Métrica,Copiado de curated/demografia/distritos_censo2021.csv (unión por codigo). Origen: Renombrado.,¿Dónde vive más población local vs. migrante? (Wiki 1.9)
census2021_dc,curated/atlas_zonas/atlas_distritos.csv,pct_nacida_en_hk,(calculado),Porcentaje de la población nacida en Hong Kong.,Decimal,%,53.54,No,52.55 a 68.56,Pública · Métrica,Copiado de curated/demografia/distritos_censo2021.csv (unión por codigo). Origen: 100 × born_hk / t_pop.,¿Qué distritos tienen más población nacida fuera? (Wiki 1.9)
census2021_dc,curated/atlas_zonas/atlas_distritos.csv,pob_vivienda_publica_alquiler,pop_pub,Personas que viven en vivienda pública de alquiler (PRH).,Entero,personas,8194,No,6.221 a 387.749,Pública · Métrica,Copiado de curated/demografia/distritos_censo2021.csv (unión por codigo). Origen: Renombrado; validado: suma de tipos = t_pop.,¿Cuánta gente depende de vivienda pública? (Wiki 2.4)
census2021_dc,curated/atlas_zonas/atlas_distritos.csv,pob_vivienda_subsidiada_venta,pop_s,Personas que viven en vivienda subsidiada en propiedad (HOS y similares).,Entero,personas,0,No,0 a 172.809,Pública · Métrica,Copiado de curated/demografia/distritos_censo2021.csv (unión por codigo). Origen: Renombrado; el guion '-' de la fuente se convirtió en 0.,¿Cuánta gente vive en vivienda subsidiada? (Wiki 2.4)
census2021_dc,curated/atlas_zonas/atlas_distritos.csv,pob_vivienda_privada,pop_pri,Personas que viven en vivienda privada permanente.,Entero,personas,222924,No,76.904 a 375.243,Pública · Métrica,Copiado de curated/demografia/distritos_censo2021.csv (unión por codigo). Origen: Renombrado.,¿Cuánta gente vive en vivienda privada? (Wiki 2.4)
census2021_dc,curated/atlas_zonas/atlas_distritos.csv,pob_vivienda_temporal,pop_tem,Personas que viven en vivienda temporal.,Entero,personas,138,No,116 a 16.408,Pública · Métrica,Copiado de curated/demografia/distritos_censo2021.csv (unión por codigo). Origen: Renombrado.,¿Dónde persiste la vivienda temporal? (Wiki 2.7)
census2021_dc,curated/atlas_zonas/atlas_distritos.csv,pob_no_domestica,pop_non,"Personas en alojamientos no domésticos (residencias, instituciones).",Entero,personas,4697,No,1.632 a 9.894,Pública · Métrica,Copiado de curated/demografia/distritos_censo2021.csv (unión por codigo). Origen: Renombrado.,¿Cuánta población vive fuera de hogares domésticos? (Wiki 2.4)
census2021_dc,curated/atlas_zonas/atlas_distritos.csv,pct_vivienda_publica_alquiler,(calculado),Porcentaje de la población en vivienda pública de alquiler.,Decimal,%,3.47,No,2.98 a 57.6,Pública · Métrica,Copiado de curated/demografia/distritos_censo2021.csv (unión por codigo). Origen: 100 × pop_pub / t_pop.,"¿Qué distritos dependen más de la vivienda pública? (Wiki 2.4, 2.5)"
census2021_dc,curated/atlas_zonas/atlas_distritos.csv,pct_vivienda_subsidiada_venta,(calculado),Porcentaje de la población en vivienda subsidiada en propiedad.,Decimal,%,0,No,0 a 30.96,Pública · Métrica,Copiado de curated/demografia/distritos_censo2021.csv (unión por codigo). Origen: 100 × pop_s / t_pop.,¿Dónde pesa más la vivienda subsidiada? (Wiki 2.4)
census2021_dc,curated/atlas_zonas/atlas_distritos.csv,pct_vivienda_privada,(calculado),Porcentaje de la población en vivienda privada permanente.,Decimal,%,94.48,No,18.9 a 95.22,Pública · Métrica,Copiado de curated/demografia/distritos_censo2021.csv (unión por codigo). Origen: 100 × pop_pri / t_pop.,¿Dónde domina el mercado privado de vivienda? (Wiki 2.4)
census2021_dc; wiki_distritos,curated/atlas_zonas/atlas_distritos.csv,densidad_hab_km2,(calculado),Habitantes por kilómetro cuadrado de tierra.,Decimal,hab/km²,18801,No,"1,014 a 5.968e+04",Pública · Métrica,"Copiado de curated/demografia/distritos_censo2021.csv (unión por codigo). Origen: poblacion_2021 / area_km2_oficial, redondeado a entero.",¿Qué tan denso es cada distrito? (Wiki 1.2)
ghs_dc_2016_2025,curated/atlas_zonas/atlas_distritos.csv,poblacion_2025,my_lp (year=2025),Población terrestre a mitad de 2025 según la Encuesta General de Hogares.,Entero,personas,231900,No,163.000 a 692.400,Pública · Métrica,Copiado de curated/demografia/distritos_censo2021.csv (unión por codigo). Origen: Filtrado al último año y unido por código.,¿Cuánta gente vive hoy en cada distrito? (Wiki 1)
ghs_dc_2016_2025,curated/atlas_zonas/atlas_distritos.csv,var_pob_2016_2025_pct,(calculado de my_lp),Variación porcentual de la población terrestre entre 2016 y 2025.,Decimal,%,-4.69,No,-12.07 a 26.53,Pública · Métrica,Copiado de curated/demografia/distritos_censo2021.csv (unión por codigo). Origen: 100 × (my_lp 2025 / my_lp 2016 − 1).,"¿Qué distritos crecen y cuáles pierden población? (Wiki 1.1, 1.9)"
census2021_dc,curated/atlas_zonas/atlas_distritos.csv,ingreso_mediano_hogar_hkd_2021,ma_hh,Ingreso mensual mediano de los hogares domésticos en 2021.,Entero,HK$ por mes,45040,No,21.490 a 45.040,Pública · Métrica,Copiado de curated/economia/distritos_economia.csv (unión por codigo). Origen: Renombrado.,¿Qué distritos son más ricos o más pobres? (Wiki 1.7)
census2021_dc,curated/atlas_zonas/atlas_distritos.csv,ingreso_mediano_hogar_econ_activo_hkd_2021,ma_econhh,Ingreso mensual mediano de hogares con al menos un miembro económicamente activo (2021).,Entero,HK$ por mes,57350,No,28.540 a 60.070,Pública · Métrica,Copiado de curated/economia/distritos_economia.csv (unión por codigo). Origen: Renombrado.,¿Cómo cambia la brecha de ingreso al excluir hogares sin trabajadores? (Wiki 1.7)
census2021_dc,curated/atlas_zonas/atlas_distritos.csv,ingreso_mediano_mensual_empleo_hkd_2021,t_mmearn,Ingreso mensual mediano por empleo principal de la población ocupada (2021).,Entero,HK$ por mes,21250,No,16.000 a 21.250,Pública · Métrica,Copiado de curated/economia/distritos_economia.csv (unión por codigo). Origen: Renombrado.,¿Cuánto gana un trabajador típico de cada distrito? (Wiki 1.7)
census2021_dc,curated/atlas_zonas/atlas_distritos.csv,tasa_participacion_laboral_pct_2021,lfpr_t,Porcentaje de la población de 15+ que trabaja o busca trabajo (2021).,Decimal,%,65.3,No,56.4 a 65.3,Pública · Métrica,Copiado de curated/economia/distritos_economia.csv (unión por codigo). Origen: Renombrado.,¿Qué tan activa es la población en el mercado laboral?
census2021_dc,curated/atlas_zonas/atlas_distritos.csv,fuerza_laboral_2021,t_lf,Personas en la fuerza laboral (ocupadas + desocupadas) en 2021.,Entero,personas,138216,No,95.914 a 363.268,Pública · Métrica,Copiado de curated/economia/distritos_economia.csv (unión por codigo). Origen: Renombrado.,¿Cuánta fuerza laboral tiene cada distrito?
census2021_dc,curated/atlas_zonas/atlas_distritos.csv,poblacion_ocupada_2021,t_wp,Personas ocupadas residentes en el distrito en 2021.,Entero,personas,132881,No,92.238 a 340.605,Pública · Métrica,Copiado de curated/economia/distritos_economia.csv (unión por codigo). Origen: Renombrado.,¿Cuántos trabajadores residen en cada distrito?
census2021_dc,curated/atlas_zonas/atlas_distritos.csv,tasa_ocupacion_sobre_fuerza_laboral_pct,(calculado),Porcentaje de la fuerza laboral que está ocupada (100 − desempleo aproximado).,Decimal,%,96.14,No,91.68 a 96.17,Pública · Métrica,Copiado de curated/economia/distritos_economia.csv (unión por codigo). Origen: 100 × t_wp / t_lf.,¿Dónde es mayor el desempleo relativo?
ghs_dc_2016_2025,curated/atlas_zonas/atlas_distritos.csv,ingreso_mediano_hogar_hkd_2025,ma_hh (year=2025),Ingreso mensual mediano de los hogares domésticos en 2025.,Entero,HK$ por mes,45000,No,24.900 a 45.000,Pública · Métrica,Copiado de curated/economia/distritos_economia.csv (unión por codigo). Origen: Filtrado al último año del panel GHS.,¿Qué distritos tienen menor ingreso hoy? (Wiki 1.7)
ghs_dc_2016_2025,curated/atlas_zonas/atlas_distritos.csv,tasa_participacion_laboral_pct_2025,t_lfpr (year=2025),Tasa de participación laboral en 2025.,Decimal,%,60.1,No,52.7 a 62.7,Pública · Métrica,Copiado de curated/economia/distritos_economia.csv (unión por codigo). Origen: Filtrado al último año del panel GHS.,¿Cómo está hoy la participación laboral por distrito?
ghs_dc_2016_2025,curated/atlas_zonas/atlas_distritos.csv,var_ingreso_2016_2025_pct,(calculado de ma_hh),Variación porcentual nominal del ingreso mediano del hogar entre 2016 y 2025.,Decimal,%,13.92,No,6.71 a 31.58,Pública · Métrica,Copiado de curated/economia/distritos_economia.csv (unión por codigo). Origen: 100 × (ma_hh 2025 / ma_hh 2016 − 1); no ajustado por inflación.,¿Dónde creció más el ingreso? (Wiki 1.7)
ghs_dc_2016_2025,curated/atlas_zonas/atlas_distritos.csv,indice_ingreso_vs_mediana_distritos,(calculado),Ingreso mediano del hogar 2025 relativo a la mediana de los 18 distritos (=100).,Decimal,índice (mediana = 100),145.2,No,80.3 a 145.2,Pública · Métrica,Copiado de curated/economia/distritos_economia.csv (unión por codigo). Origen: 100 × ingreso 2025 / mediana de los 18 valores.,¿Qué tan por encima o debajo del típico está cada distrito?
hkbus_routefarelist,curated/atlas_zonas/atlas_distritos.csv,paradas_transporte,(calculado),Número de paradas de transporte público con rutas activas.,Entero,paradas,676,No,461 a 1.446,Pública · Métrica,Copiado de curated/infraestructura/distritos_infraestructura.csv (unión por codigo). Origen: Conteo de paradas por código de distrito o DCCA.,¿Qué zonas tienen más oferta de transporte?
hkbus_routefarelist,curated/atlas_zonas/atlas_distritos.csv,paradas_bus,(calculado),Paradas servidas por bus.,Entero,paradas,664,No,448 a 1.416,Pública · Métrica,Copiado de curated/infraestructura/distritos_infraestructura.csv (unión por codigo). Origen: Conteo de paradas cuyo campo modos contiene 'bus'.,¿Dónde hay más cobertura de bus?
hkbus_routefarelist,curated/atlas_zonas/atlas_distritos.csv,paradas_minibus,(calculado),Paradas servidas por minibús verde (GMB).,Entero,paradas,198,No,18 a 580,Pública · Métrica,Copiado de curated/infraestructura/distritos_infraestructura.csv (unión por codigo). Origen: Conteo de paradas con modo 'minibus'.,¿Dónde depende la gente del minibús?
hkbus_routefarelist,curated/atlas_zonas/atlas_distritos.csv,paradas_metro_mtr,(calculado),Estaciones del MTR (ferrocarril pesado).,Entero,estaciones,7,No,2 a 13,Pública · Métrica,Copiado de curated/infraestructura/distritos_infraestructura.csv (unión por codigo). Origen: Conteo de paradas con modo 'metro_mtr'.,¿Qué distritos tienen más acceso al metro?
hkbus_routefarelist,curated/atlas_zonas/atlas_distritos.csv,paradas_tren_ligero,(calculado),Paradas del tren ligero (Light Rail).,Entero,paradas,0,No,0 a 55,Pública · Métrica,Copiado de curated/infraestructura/distritos_infraestructura.csv (unión por codigo). Origen: Conteo de paradas con modo 'tren_ligero'.,¿Dónde opera el tren ligero?
hkbus_routefarelist,curated/atlas_zonas/atlas_distritos.csv,paradas_ferry,(calculado),Muelles servidos por ferris.,Entero,muelles,5,No,0 a 10,Pública · Métrica,Copiado de curated/infraestructura/distritos_infraestructura.csv (unión por codigo). Origen: Conteo de paradas con modo 'ferry'.,¿Qué zonas dependen del ferry?
ha_hospitales,curated/atlas_zonas/atlas_distritos.csv,hospitales_urgencias,(calculado),Hospitales públicos con urgencias ubicados en el distrito.,Entero,hospitales,0,No,0 a 2,Pública · Métrica,Copiado de curated/infraestructura/distritos_infraestructura.csv (unión por codigo). Origen: Conteo tras unión espacial de hospitales a distritos.,¿Cuántas urgencias hay en cada distrito? (Wiki 1.8)
hkbus_routefarelist,curated/atlas_zonas/atlas_distritos.csv,rutas_distintas,(calculado),Número de rutas distintas que tocan al menos una parada del distrito.,Entero,rutas,333,No,135 a 492,Pública · Métrica,Copiado de curated/infraestructura/distritos_infraestructura.csv (unión por codigo). Origen: Conteo de pares operador:ruta únicos por distrito.,¿Qué tan conectado está el distrito con el resto de la ciudad?
hkbus_routefarelist; wiki_distritos,curated/atlas_zonas/atlas_distritos.csv,paradas_por_km2,(calculado),Paradas de transporte por km² de tierra.,Decimal,paradas/km²,53.86,No,2.52 a 122.8,Pública · Métrica,Copiado de curated/infraestructura/distritos_infraestructura.csv (unión por codigo). Origen: paradas_transporte / area_km2_oficial.,¿Dónde es más densa la red de transporte?
hkbus_routefarelist; census2021_dc,curated/atlas_zonas/atlas_distritos.csv,paradas_por_10k_hab,(calculado),Paradas de transporte por cada 10.000 habitantes.,Decimal,paradas por 10.000 hab,28.65,No,15.41 a 37.61,Pública · Métrica,Copiado de curated/infraestructura/distritos_infraestructura.csv (unión por codigo). Origen: 10.000 × paradas_transporte / poblacion_2021.,¿Qué distritos tienen menos transporte por habitante?
ha_hospitales; census2021_dc,curated/atlas_zonas/atlas_distritos.csv,hab_por_hospital_urgencias,(calculado),Habitantes por cada hospital con urgencias dentro del distrito.,Entero,hab/hospital,166695,Sí,92.641 a 692.806,Pública · Métrica,Copiado de curated/infraestructura/distritos_infraestructura.csv (unión por codigo). Origen: poblacion_2021 / hospitales_urgencias; vacío si el distrito no tiene ninguno.,¿Qué distritos están más presionados en urgencias? (Wiki 1.8)
ha_hospitales; eac_dcca_2019,curated/atlas_zonas/atlas_distritos.csv,dist_media_hospital_km,(calculado),Distancia media de las circunscripciones del distrito a la urgencia más cercana.,Decimal,km,2.23,No,0.89 a 3.74,Pública · Métrica,Copiado de curated/infraestructura/distritos_infraestructura.csv (unión por codigo). Origen: Promedio por distrito de distancia_hospital_m / 1000.,¿Qué distritos tienen peor acceso a urgencias? (Wiki 1.8)
hko_estaciones; epd_aqhi,curated/atlas_zonas/atlas_distritos.csv,estaciones_meteorologicas,(calculado),Estaciones del Observatorio ubicadas en el distrito.,Entero,estaciones,4,No,1 a 17,Pública · Métrica,Copiado de curated/sensores/distritos_sensores.csv (unión por codigo). Origen: Conteo tras unión espacial.,¿Qué tan monitoreado está el clima en cada distrito?
hko_estaciones; epd_aqhi,curated/atlas_zonas/atlas_distritos.csv,estaciones_calidad_aire,(calculado),Estaciones de calidad del aire asignadas al distrito.,Entero,estaciones,2,No,0 a 2,Pública · Métrica,Copiado de curated/sensores/distritos_sensores.csv (unión por codigo). Origen: Conteo por distrito asignado.,¿Qué distritos tienen medición de calidad del aire?
hko_estaciones; epd_aqhi,curated/atlas_zonas/atlas_distritos.csv,aqhi_ultimo,(calculado de AQHI),AQHI promedio de las estaciones generales del distrito en la última captura.,Entero,índice 1–10+,2,Sí,2 a 3,Pública · Métrica,Copiado de curated/sensores/distritos_sensores.csv (unión por codigo). Origen: Promedio de estaciones tipo general; vacío si el distrito no tiene estación.,¿Qué distritos tienen peor aire ahora?
noticias_escucha; hkopendata_lugares,curated/atlas_zonas/atlas_distritos.csv,menciones_noticias,(calculado),Número de titulares que mencionan el distrito.,Entero,titulares,1,No,0 a 5,Pública · Métrica,Copiado de curated/escucha/menciones_por_distrito.csv (unión por codigo). Origen: Conteo de códigos en distritos_mencionados.,¿Qué distritos concentran la atención mediática?
wiki_distritos,curated/atlas_zonas/atlas_distritos.csv,area_km2_oficial,Area (km²),Superficie terrestre oficial del distrito.,Decimal,km²,12.55,No,6.99 a 182.7,Pública · Métrica,Copiado de curated/geo/distritos.csv (unión por codigo). Origen: Copiado; unido por nombre inglés del distrito.,"¿Cuál es la densidad real de cada distrito? (Wiki 1.2, 6.5)"
eac_dcca_2019,curated/atlas_zonas/atlas_distritos.csv,centro_lat,(calculado),Latitud de un punto representativo interior del distrito (para etiquetas en el mapa).,Decimal,grados decimales (WGS84),22.2749,No,22.23 a 22.52,Pública · Geoespacial,"Copiado de curated/geo/distritos.csv (unión por codigo). Origen: representative_point() del polígono disuelto, reproyectado a WGS84.",¿Dónde ubicar la etiqueta del distrito en el mapa?
eac_dcca_2019,curated/atlas_zonas/atlas_distritos.csv,centro_lon,(calculado),Longitud de un punto representativo interior del distrito.,Decimal,grados decimales (WGS84),114.149,No,113.9 a 114.4,Pública · Geoespacial,"Copiado de curated/geo/distritos.csv (unión por codigo). Origen: representative_point() del polígono disuelto, reproyectado a WGS84.",¿Dónde ubicar la etiqueta del distrito en el mapa?
eac_dcca_2019,curated/atlas_zonas/atlas_distritos.csv,n_circunscripciones,(calculado),Número de circunscripciones DCCA 2019 dentro del distrito.,Entero,conteo,15,No,10 a 41,Pública · Métrica,Copiado de curated/geo/distritos.csv (unión por codigo). Origen: Conteo de DCCA por código de distrito.,¿Con cuánto detalle territorial se puede analizar cada distrito?
derivado,curated/atlas_zonas/atlas_distritos.csv,cluster,(calculado),Número de grupo asignado por k-means.,Entero,—,2,No,0 a 3,Pública · Dimensión,"K-means (k=4, semilla 42) sobre 6 variables estandarizadas.",¿Qué distritos se parecen entre sí?
derivado,curated/atlas_zonas/atlas_distritos.csv,tipologia,(calculado),Nombre descriptivo del tipo de zona.,Texto,—,Centro financiero de ingreso alto,No,"Centro financiero de ingreso alto, Núcleo denso de vivienda pública e ingreso bajo, Núcleo urbano denso de clase media, Suburbano de baja densidad",Pública · Dimensión,"Nombre asignado según el perfil del centro del grupo (ingreso, vivienda pública, densidad).",¿Qué tipo de zona es cada distrito?
derivado,curated/atlas_zonas/atlas_distritos.csv,indice_prosperidad,(calculado),Índice 0–100 que combina ingreso 2025 (60 %) y % universitario (40 %).,Decimal,índice 0–100,100,No,0 a 100,Pública · Métrica,Combinación ponderada normalizada y reescalada min-max entre los 18 distritos.,"¿Qué distritos son más prósperos? (Wiki 1.6, 1.7)"
derivado,curated/atlas_zonas/atlas_distritos.csv,indice_conectividad,(calculado),Índice 0–100 que combina paradas por habitante y cercanía a urgencias.,Decimal,índice 0–100,54.9,No,0 a 100,Pública · Métrica,"Suma normalizada de paradas_por_10k_hab y (1 − distancia a urgencias relativa), reescalada min-max.",¿Qué distritos están mejor conectados y servidos?
derivado,curated/atlas_zonas/atlas_distritos.csv,indice_presion_demografica,(calculado),Índice 0–100 que combina densidad y % de 65+.,Decimal,índice 0–100,38.1,No,0 a 100,Pública · Métrica,"Suma normalizada de densidad y pct_65_mas, reescalada min-max.","¿Dónde hay más presión sobre servicios por densidad y envejecimiento? (Wiki 1.2, 1.3)"
derivado,curated/atlas_zonas/atlas_distritos.csv,rank_poblacion_2021,(calculado),Posición del distrito por población (1 = mayor).,Entero,posición 1–18,16,No,1 a 18,Pública · Métrica,"Ranking descendente, empates con el menor puesto.",¿Cuál es el distrito más poblado?
derivado,curated/atlas_zonas/atlas_distritos.csv,rank_ingreso_mediano_hogar_hkd_2025,(calculado),Posición del distrito por ingreso 2025 (1 = mayor).,Entero,posición 1–18,1,No,1 a 18,Pública · Métrica,Ranking descendente.,¿Cuál es el distrito más rico?
derivado,curated/atlas_zonas/atlas_distritos.csv,rank_densidad_hab_km2,(calculado),Posición del distrito por densidad (1 = mayor).,Entero,posición 1–18,8,No,1 a 18,Pública · Métrica,Ranking descendente.,¿Cuál es el distrito más denso?
derivado,curated/atlas_zonas/atlas_distritos.csv,rank_pct_65_mas,(calculado),Posición del distrito por % de 65+ (1 = mayor).,Entero,posición 1–18,11,No,1 a 18,Pública · Métrica,Ranking descendente.,¿Cuál es el distrito más envejecido?
derivado,curated/atlas_zonas/atlas_distritos.csv,rank_paradas_por_10k_hab,(calculado),Posición del distrito por paradas por habitante (1 = mayor).,Entero,posición 1–18,2,No,1 a 18,Pública · Métrica,Ranking descendente.,¿Qué distrito tiene más transporte por habitante?
census2021_dc; wiki_distritos,curated/atlas_zonas/tipologias_centros_estandarizados.csv,densidad_hab_km2,(calculado),Valor estandarizado (z) del centro de cada tipología para: habitantes por kilómetro cuadrado de tierra.,Decimal,desviaciones estándar,0.981,No,-0.836 a 1.223,Pública · Métrica,"Centro del k-means sobre variables estandarizadas (media 0, desvío 1).",¿Qué rasgo define a cada tipo de zona?
ghs_dc_2016_2025,curated/atlas_zonas/tipologias_centros_estandarizados.csv,ingreso_mediano_hogar_hkd_2025,(calculado),Valor estandarizado (z) del centro de cada tipología para: ingreso mensual mediano de los hogares domésticos en 2025.,Decimal,desviaciones estándar,-0.03,No,-1.1 a 2.069,Pública · Métrica,"Centro del k-means sobre variables estandarizadas (media 0, desvío 1).",¿Qué rasgo define a cada tipo de zona?
derivado,curated/atlas_zonas/tipologias_centros_estandarizados.csv,pct_65_mas,(calculado),Valor estandarizado (z) del centro de cada tipología para: porcentaje de la población con 65 años o más.,Decimal,desviaciones estándar,0.394,No,-0.626 a 0.955,Pública · Métrica,"Centro del k-means sobre variables estandarizadas (media 0, desvío 1).",¿Qué rasgo define a cada tipo de zona?
derivado,curated/atlas_zonas/tipologias_centros_estandarizados.csv,pct_vivienda_publica_alquiler,(calculado),Valor estandarizado (z) del centro de cada tipología para: porcentaje de la población en vivienda pública de alquiler.,Decimal,desviaciones estándar,-0.714,No,-1.409 a 1.48,Pública · Métrica,"Centro del k-means sobre variables estandarizadas (media 0, desvío 1).",¿Qué rasgo define a cada tipo de zona?
derivado,curated/atlas_zonas/tipologias_centros_estandarizados.csv,pct_titulo_universitario_15_mas,(calculado),Valor estandarizado (z) del centro de cada tipología para: porcentaje de la población de 15+ con título universitario.,Decimal,desviaciones estándar,0.505,No,-1.006 a 2.222,Pública · Métrica,"Centro del k-means sobre variables estandarizadas (media 0, desvío 1).",¿Qué rasgo define a cada tipo de zona?
hkbus_routefarelist; census2021_dc,curated/atlas_zonas/tipologias_centros_estandarizados.csv,paradas_por_10k_hab,(calculado),Valor estandarizado (z) del centro de cada tipología para: paradas de transporte por cada 10.000 habitantes.,Decimal,desviaciones estándar,-0.033,No,-0.895 a 2.026,Pública · Métrica,"Centro del k-means sobre variables estandarizadas (media 0, desvío 1).",¿Qué rasgo define a cada tipo de zona?
derivado,curated/atlas_zonas/tipologias_centros_estandarizados.csv,tipologia,(calculado),Nombre descriptivo del tipo de zona.,Texto,—,Núcleo urbano denso de clase media,No,"Centro financiero de ingreso alto, Núcleo denso de vivienda pública e ingreso bajo, Núcleo urbano denso de clase media, Suburbano de baja densidad",Pública · Dimensión,"Nombre asignado según el perfil del centro del grupo (ingreso, vivienda pública, densidad).",¿Qué tipo de zona es cada distrito?
derivado,curated/correlaciones/matriz_pearson.csv,variable,(calculado),Variable de la fila en la matriz de correlación.,Texto,—,densidad_hab_km2,No,Texto libre (17 valores distintos),Pública · Dimensión,Nombre del campo del atlas.,¿Con qué se relaciona esta variable?
census2021_dc; wiki_distritos,curated/correlaciones/matriz_pearson.csv,densidad_hab_km2,(calculado),Coeficiente de Pearson entre la variable de la fila y densidad_hab_km2.,Decimal,coeficiente −1 a 1,1,No,-0.6383 a 1,Pública · Métrica,Matriz Pearson sobre los 18 distritos del atlas.,¿Qué se relaciona con densidad_hab_km2?
derivado,curated/correlaciones/matriz_pearson.csv,edad_mediana,(calculado),Coeficiente de Pearson entre la variable de la fila y edad_mediana.,Decimal,coeficiente −1 a 1,0.4013,No,-0.8374 a 1,Pública · Métrica,Matriz Pearson sobre los 18 distritos del atlas.,¿Qué se relaciona con edad_mediana?
derivado,curated/correlaciones/matriz_pearson.csv,pct_65_mas,(calculado),Coeficiente de Pearson entre la variable de la fila y pct_65_mas.,Decimal,coeficiente −1 a 1,0.5553,No,-0.7653 a 1,Pública · Métrica,Matriz Pearson sobre los 18 distritos del atlas.,¿Qué se relaciona con pct_65_mas?
derivado,curated/correlaciones/matriz_pearson.csv,pct_0_14,(calculado),Coeficiente de Pearson entre la variable de la fila y pct_0_14.,Decimal,coeficiente −1 a 1,-0.2441,No,-0.8374 a 1,Pública · Métrica,Matriz Pearson sobre los 18 distritos del atlas.,¿Qué se relaciona con pct_0_14?
derivado,curated/correlaciones/matriz_pearson.csv,tamano_medio_hogar,(calculado),Coeficiente de Pearson entre la variable de la fila y tamano_medio_hogar.,Decimal,coeficiente −1 a 1,-0.4955,No,-0.5976 a 1,Pública · Métrica,Matriz Pearson sobre los 18 distritos del atlas.,¿Qué se relaciona con tamano_medio_hogar?
derivado,curated/correlaciones/matriz_pearson.csv,pct_titulo_universitario_15_mas,(calculado),Coeficiente de Pearson entre la variable de la fila y pct_titulo_universitario_15_mas.,Decimal,coeficiente −1 a 1,-0.1284,No,-0.7578 a 1,Pública · Métrica,Matriz Pearson sobre los 18 distritos del atlas.,¿Qué se relaciona con pct_titulo_universitario_15_mas?
derivado,curated/correlaciones/matriz_pearson.csv,pct_nacida_en_hk,(calculado),Coeficiente de Pearson entre la variable de la fila y pct_nacida_en_hk.,Decimal,coeficiente −1 a 1,-0.5773,No,-0.6964 a 1,Pública · Métrica,Matriz Pearson sobre los 18 distritos del atlas.,¿Qué se relaciona con pct_nacida_en_hk?
derivado,curated/correlaciones/matriz_pearson.csv,pct_vivienda_publica_alquiler,(calculado),Coeficiente de Pearson entre la variable de la fila y pct_vivienda_publica_alquiler.,Decimal,coeficiente −1 a 1,0.3342,No,-0.8954 a 1,Pública · Métrica,Matriz Pearson sobre los 18 distritos del atlas.,¿Qué se relaciona con pct_vivienda_publica_alquiler?
derivado,curated/correlaciones/matriz_pearson.csv,pct_vivienda_privada,(calculado),Coeficiente de Pearson entre la variable de la fila y pct_vivienda_privada.,Decimal,coeficiente −1 a 1,-0.1379,No,-0.8954 a 1,Pública · Métrica,Matriz Pearson sobre los 18 distritos del atlas.,¿Qué se relaciona con pct_vivienda_privada?
ghs_dc_2016_2025,curated/correlaciones/matriz_pearson.csv,ingreso_mediano_hogar_hkd_2025,(calculado),Coeficiente de Pearson entre la variable de la fila y ingreso_mediano_hogar_hkd_2025.,Decimal,coeficiente −1 a 1,-0.3692,No,-0.7054 a 1,Pública · Métrica,Matriz Pearson sobre los 18 distritos del atlas.,¿Qué se relaciona con ingreso_mediano_hogar_hkd_2025?
derivado,curated/correlaciones/matriz_pearson.csv,ingreso_mediano_mensual_empleo_hkd_2021,(calculado),Coeficiente de Pearson entre la variable de la fila y ingreso_mediano_mensual_empleo_hkd_2021.,Decimal,coeficiente −1 a 1,-0.3562,No,-0.7497 a 1,Pública · Métrica,Matriz Pearson sobre los 18 distritos del atlas.,¿Qué se relaciona con ingreso_mediano_mensual_empleo_hkd_2021?
ghs_dc_2016_2025,curated/correlaciones/matriz_pearson.csv,tasa_participacion_laboral_pct_2025,(calculado),Coeficiente de Pearson entre la variable de la fila y tasa_participacion_laboral_pct_2025.,Decimal,coeficiente −1 a 1,-0.3273,No,-0.7368 a 1,Pública · Métrica,Matriz Pearson sobre los 18 distritos del atlas.,¿Qué se relaciona con tasa_participacion_laboral_pct_2025?
ghs_dc_2016_2025,curated/correlaciones/matriz_pearson.csv,var_ingreso_2016_2025_pct,(calculado),Coeficiente de Pearson entre la variable de la fila y var_ingreso_2016_2025_pct.,Decimal,coeficiente −1 a 1,-0.1526,No,-0.5142 a 1,Pública · Métrica,Matriz Pearson sobre los 18 distritos del atlas.,¿Qué se relaciona con var_ingreso_2016_2025_pct?
ghs_dc_2016_2025,curated/correlaciones/matriz_pearson.csv,var_pob_2016_2025_pct,(calculado),Coeficiente de Pearson entre la variable de la fila y var_pob_2016_2025_pct.,Decimal,coeficiente −1 a 1,-0.3937,No,-0.637 a 1,Pública · Métrica,Matriz Pearson sobre los 18 distritos del atlas.,¿Qué se relaciona con var_pob_2016_2025_pct?
hkbus_routefarelist; census2021_dc,curated/correlaciones/matriz_pearson.csv,paradas_por_10k_hab,(calculado),Coeficiente de Pearson entre la variable de la fila y paradas_por_10k_hab.,Decimal,coeficiente −1 a 1,-0.2024,No,-0.6098 a 1,Pública · Métrica,Matriz Pearson sobre los 18 distritos del atlas.,¿Qué se relaciona con paradas_por_10k_hab?
hkbus_routefarelist; wiki_distritos,curated/correlaciones/matriz_pearson.csv,paradas_por_km2,(calculado),Coeficiente de Pearson entre la variable de la fila y paradas_por_km2.,Decimal,coeficiente −1 a 1,0.9408,No,-0.73 a 1,Pública · Métrica,Matriz Pearson sobre los 18 distritos del atlas.,¿Qué se relaciona con paradas_por_km2?
ha_hospitales; eac_dcca_2019,curated/correlaciones/matriz_pearson.csv,dist_media_hospital_km,(calculado),Coeficiente de Pearson entre la variable de la fila y dist_media_hospital_km.,Decimal,coeficiente −1 a 1,-0.6383,No,-0.73 a 1,Pública · Métrica,Matriz Pearson sobre los 18 distritos del atlas.,¿Qué se relaciona con dist_media_hospital_km?
derivado,curated/correlaciones/matriz_spearman.csv,variable,(calculado),Variable de la fila en la matriz de correlación.,Texto,—,densidad_hab_km2,No,Texto libre (17 valores distintos),Pública · Dimensión,Nombre del campo del atlas.,¿Con qué se relaciona esta variable?
census2021_dc; wiki_distritos,curated/correlaciones/matriz_spearman.csv,densidad_hab_km2,(calculado),Coeficiente de Spearman entre la variable de la fila y densidad_hab_km2.,Decimal,coeficiente −1 a 1,1,No,-0.7155 a 1,Pública · Métrica,Matriz Spearman sobre los 18 distritos del atlas.,¿Qué se relaciona con densidad_hab_km2?
derivado,curated/correlaciones/matriz_spearman.csv,edad_mediana,(calculado),Coeficiente de Spearman entre la variable de la fila y edad_mediana.,Decimal,coeficiente −1 a 1,0.4207,No,-0.768 a 1,Pública · Métrica,Matriz Spearman sobre los 18 distritos del atlas.,¿Qué se relaciona con edad_mediana?
derivado,curated/correlaciones/matriz_spearman.csv,pct_65_mas,(calculado),Coeficiente de Spearman entre la variable de la fila y pct_65_mas.,Decimal,coeficiente −1 a 1,0.6594,No,-0.7709 a 1,Pública · Métrica,Matriz Spearman sobre los 18 distritos del atlas.,¿Qué se relaciona con pct_65_mas?
derivado,curated/correlaciones/matriz_spearman.csv,pct_0_14,(calculado),Coeficiente de Spearman entre la variable de la fila y pct_0_14.,Decimal,coeficiente −1 a 1,-0.3271,No,-0.7709 a 1,Pública · Métrica,Matriz Spearman sobre los 18 distritos del atlas.,¿Qué se relaciona con pct_0_14?
derivado,curated/correlaciones/matriz_spearman.csv,tamano_medio_hogar,(calculado),Coeficiente de Spearman entre la variable de la fila y tamano_medio_hogar.,Decimal,coeficiente −1 a 1,-0.4851,No,-0.5352 a 1,Pública · Métrica,Matriz Spearman sobre los 18 distritos del atlas.,¿Qué se relaciona con tamano_medio_hogar?
derivado,curated/correlaciones/matriz_spearman.csv,pct_titulo_universitario_15_mas,(calculado),Coeficiente de Spearman entre la variable de la fila y pct_titulo_universitario_15_mas.,Decimal,coeficiente −1 a 1,-0.0836,No,-0.7317 a 1,Pública · Métrica,Matriz Spearman sobre los 18 distritos del atlas.,¿Qué se relaciona con pct_titulo_universitario_15_mas?
derivado,curated/correlaciones/matriz_spearman.csv,pct_nacida_en_hk,(calculado),Coeficiente de Spearman entre la variable de la fila y pct_nacida_en_hk.,Decimal,coeficiente −1 a 1,-0.5253,No,-0.581 a 1,Pública · Métrica,Matriz Spearman sobre los 18 distritos del atlas.,¿Qué se relaciona con pct_nacida_en_hk?
derivado,curated/correlaciones/matriz_spearman.csv,pct_vivienda_publica_alquiler,(calculado),Coeficiente de Spearman entre la variable de la fila y pct_vivienda_publica_alquiler.,Decimal,coeficiente −1 a 1,0.2136,No,-0.8287 a 1,Pública · Métrica,Matriz Spearman sobre los 18 distritos del atlas.,¿Qué se relaciona con pct_vivienda_publica_alquiler?
derivado,curated/correlaciones/matriz_spearman.csv,pct_vivienda_privada,(calculado),Coeficiente de Spearman entre la variable de la fila y pct_vivienda_privada.,Decimal,coeficiente −1 a 1,-0.1166,No,-0.8287 a 1,Pública · Métrica,Matriz Spearman sobre los 18 distritos del atlas.,¿Qué se relaciona con pct_vivienda_privada?
ghs_dc_2016_2025,curated/correlaciones/matriz_spearman.csv,ingreso_mediano_hogar_hkd_2025,(calculado),Coeficiente de Spearman entre la variable de la fila y ingreso_mediano_hogar_hkd_2025.,Decimal,coeficiente −1 a 1,-0.3748,No,-0.6701 a 1,Pública · Métrica,Matriz Spearman sobre los 18 distritos del atlas.,¿Qué se relaciona con ingreso_mediano_hogar_hkd_2025?
derivado,curated/correlaciones/matriz_spearman.csv,ingreso_mediano_mensual_empleo_hkd_2021,(calculado),Coeficiente de Spearman entre la variable de la fila y ingreso_mediano_mensual_empleo_hkd_2021.,Decimal,coeficiente −1 a 1,-0.2601,No,-0.7206 a 1,Pública · Métrica,Matriz Spearman sobre los 18 distritos del atlas.,¿Qué se relaciona con ingreso_mediano_mensual_empleo_hkd_2021?
ghs_dc_2016_2025,curated/correlaciones/matriz_spearman.csv,tasa_participacion_laboral_pct_2025,(calculado),Coeficiente de Spearman entre la variable de la fila y tasa_participacion_laboral_pct_2025.,Decimal,coeficiente −1 a 1,-0.2903,No,-0.7289 a 1,Pública · Métrica,Matriz Spearman sobre los 18 distritos del atlas.,¿Qué se relaciona con tasa_participacion_laboral_pct_2025?
ghs_dc_2016_2025,curated/correlaciones/matriz_spearman.csv,var_ingreso_2016_2025_pct,(calculado),Coeficiente de Spearman entre la variable de la fila y var_ingreso_2016_2025_pct.,Decimal,coeficiente −1 a 1,-0.1549,No,-0.54 a 1,Pública · Métrica,Matriz Spearman sobre los 18 distritos del atlas.,¿Qué se relaciona con var_ingreso_2016_2025_pct?
ghs_dc_2016_2025,curated/correlaciones/matriz_spearman.csv,var_pob_2016_2025_pct,(calculado),Coeficiente de Spearman entre la variable de la fila y var_pob_2016_2025_pct.,Decimal,coeficiente −1 a 1,-0.548,No,-0.5789 a 1,Pública · Métrica,Matriz Spearman sobre los 18 distritos del atlas.,¿Qué se relaciona con var_pob_2016_2025_pct?
hkbus_routefarelist; census2021_dc,curated/correlaciones/matriz_spearman.csv,paradas_por_10k_hab,(calculado),Coeficiente de Spearman entre la variable de la fila y paradas_por_10k_hab.,Decimal,coeficiente −1 a 1,-0.2632,No,-0.4923 a 1,Pública · Métrica,Matriz Spearman sobre los 18 distritos del atlas.,¿Qué se relaciona con paradas_por_10k_hab?
hkbus_routefarelist; wiki_distritos,curated/correlaciones/matriz_spearman.csv,paradas_por_km2,(calculado),Coeficiente de Spearman entre la variable de la fila y paradas_por_km2.,Decimal,coeficiente −1 a 1,0.9628,No,-0.7682 a 1,Pública · Métrica,Matriz Spearman sobre los 18 distritos del atlas.,¿Qué se relaciona con paradas_por_km2?
ha_hospitales; eac_dcca_2019,curated/correlaciones/matriz_spearman.csv,dist_media_hospital_km,(calculado),Coeficiente de Spearman entre la variable de la fila y dist_media_hospital_km.,Decimal,coeficiente −1 a 1,-0.7155,No,-0.7682 a 1,Pública · Métrica,Matriz Spearman sobre los 18 distritos del atlas.,¿Qué se relaciona con dist_media_hospital_km?
derivado,curated/correlaciones/pares.csv,var_x,(calculado),Primera variable del par.,Texto,—,densidad_hab_km2,No,Texto libre (16 valores distintos),Pública · Dimensión,Nombre del campo del atlas.,¿Qué pares de indicadores se mueven juntos?
derivado,curated/correlaciones/pares.csv,var_y,(calculado),Segunda variable del par.,Texto,—,paradas_por_km2,No,Texto libre (16 valores distintos),Pública · Dimensión,Nombre del campo del atlas.,¿Qué pares de indicadores se mueven juntos?
derivado,curated/correlaciones/pares.csv,etiqueta_x,(calculado),Etiqueta legible de la primera variable.,Texto,—,Densidad (hab/km²),No,Texto libre (16 valores distintos),Pública · Dimensión,Traducción para la interfaz.,¿Cómo mostrar la variable al usuario?
derivado,curated/correlaciones/pares.csv,etiqueta_y,(calculado),Etiqueta legible de la segunda variable.,Texto,—,Paradas por km²,No,Texto libre (16 valores distintos),Pública · Dimensión,Traducción para la interfaz.,¿Cómo mostrar la variable al usuario?
derivado,curated/correlaciones/pares.csv,pearson_r,(calculado),Correlación lineal de Pearson entre las dos variables.,Decimal,coeficiente −1 a 1,0.9408,No,-0.8954 a 0.9408,Pública · Métrica,scipy.stats.pearsonr sobre los 18 distritos.,¿Qué tan fuerte es la relación lineal?
derivado,curated/correlaciones/pares.csv,pearson_p,(calculado),Valor p de la correlación de Pearson.,Decimal,probabilidad 0–1,0,No,0 a 0.9862,Pública · Métrica,scipy.stats.pearsonr.,¿La relación es estadísticamente significativa?
derivado,curated/correlaciones/pares.csv,spearman_rho,(calculado),Correlación de rangos de Spearman.,Decimal,coeficiente −1 a 1,0.9628,No,-0.8287 a 0.9628,Pública · Métrica,scipy.stats.spearmanr.,¿Hay relación monótona aunque no sea lineal?
derivado,curated/correlaciones/pares.csv,spearman_p,(calculado),Valor p de la correlación de Spearman.,Decimal,probabilidad 0–1,0,No,0 a 0.9838,Pública · Métrica,scipy.stats.spearmanr.,¿La relación de rangos es significativa?
derivado,curated/correlaciones/pares.csv,n,(calculado),Número de observaciones usadas.,Entero,distritos,18,No,18 a 18,Pública · Metadato,Constante 18.,¿Con cuántos datos se calculó?
derivado,curated/correlaciones/pares.csv,significativo_5pct,(calculado),"Indica si el valor p de Pearson es menor que 0,05.",Booleano,booleano,True,No,True / False,Pública · Métrica,"pearson_p < 0,05.",¿Se puede confiar en la relación?
eac_dcca_2019,curated/demografia/distritos_censo2021.csv,codigo,dc_class / 1ª letra de CACODE,Código de letra del distrito (A–T) usado por el censo y la EAC.,Texto,—,A,No,Texto libre (18 valores distintos),Pública · Identificador,Derivado de la primera letra del código DCCA; se usa como llave de unión entre todas las tablas.,¿A qué distrito pertenece este registro?
eac_dcca_2019,curated/demografia/distritos_censo2021.csv,distrito_en,dc_eng,Nombre oficial del distrito en inglés.,Texto,—,Central and Western,No,Texto libre (18 valores distintos),Pública · Dimensión,Estandarizado contra la tabla maestra de 18 distritos.,¿Cómo se llama el distrito?
wiki_distritos,curated/demografia/distritos_censo2021.csv,distrito_zh,District (中文),Nombre del distrito en chino tradicional.,Texto,—,中西區,No,Texto libre (18 valores distintos),Pública · Dimensión,Tomado de la tabla de Wikipedia y unido por nombre inglés.,¿Cómo se llama el distrito en chino?
eac_dcca_2019,curated/demografia/distritos_censo2021.csv,distrito_es,(no existe en la fuente),Nombre del distrito en español para la interfaz.,Texto,—,Centro y Oeste,No,Texto libre (18 valores distintos),Pública · Dimensión,Traducción propia del nombre inglés.,¿Cómo mostrar el distrito al usuario?
eac_dcca_2019,curated/demografia/distritos_censo2021.csv,region,(no existe en la fuente),"Gran región a la que pertenece el distrito (Isla de HK, Kowloon o Nuevos Territorios).",Texto,—,Isla de Hong Kong,No,"Isla de Hong Kong, Kowloon, Nuevos Territorios",Pública · Dimensión,Asignada por tabla maestra según la división administrativa oficial; traducida al español.,¿Cómo se reparte la población entre las tres regiones? (Wiki 1.2)
census2021_dc,curated/demografia/distritos_censo2021.csv,poblacion_2021,t_pop,Población residente total del distrito en el Censo 2021.,Entero,personas,235953,No,166.695 a 692.806,Pública · Métrica,Renombrado; descarga vía WFS CSDI.,¿Cuánta gente vive en cada distrito? (Wiki 1)
census2021_dc,curated/demografia/distritos_censo2021.csv,hogares_2021,dh,Número de hogares domésticos en 2021.,Entero,hogares,88922,No,63.128 a 247.592,Pública · Métrica,Renombrado.,¿Cuántos hogares hay por distrito?
census2021_dc,curated/demografia/distritos_censo2021.csv,tamano_medio_hogar,adhz,Promedio de personas por hogar doméstico.,Decimal,personas/hogar,2.6,No,2.5 a 2.9,Pública · Métrica,Renombrado.,¿Dónde viven hogares más grandes o más pequeños? (Wiki 2.8)
census2021_dc,curated/demografia/distritos_censo2021.csv,edad_mediana,t_ma (Censo 2021 (DC_21C)) / lbnp_ma_t (Encuesta General de Hogares (DC_GHS)),Edad que divide a la población en dos mitades.,Decimal,años,44.8,No,42.7 a 50.1,Pública · Métrica,Renombrado; en el panel GHS la fuente la publica redondeada a entero.,¿Qué distritos están más envejecidos? (Wiki 1.3)
census2021_dc,curated/demografia/distritos_censo2021.csv,razon_sexos_hombres_por_1000_mujeres,sr,Hombres por cada 1.000 mujeres (incluye empleadas domésticas extranjeras).,Entero,hombres por 1.000 mujeres,714,No,673 a 902,Pública · Métrica,Renombrado.,¿Cuál es el balance entre hombres y mujeres? (Wiki 1.3)
census2021_dc,curated/demografia/distritos_censo2021.csv,pob_0_14,age_1,Población de 0 a 14 años.,Entero,personas,24382,No,16.917 a 78.886,Pública · Métrica,Renombrado; validado: la suma de los 5 grupos = t_pop.,"¿Cuántos niños hay por distrito? (Wiki 1.3, 1.10)"
census2021_dc,curated/demografia/distritos_censo2021.csv,pob_15_24,age_2,Población de 15 a 24 años.,Entero,personas,16779,No,9.907 a 60.321,Pública · Métrica,Renombrado.,¿Cuántos jóvenes hay por distrito?
census2021_dc,curated/demografia/distritos_censo2021.csv,pob_25_44,age_3,Población de 25 a 44 años.,Entero,personas,77767,No,53.860 a 211.376,Pública · Métrica,Renombrado.,¿Dónde se concentra la población adulta joven?
census2021_dc,curated/demografia/distritos_censo2021.csv,pob_45_64,age_4,Población de 45 a 64 años.,Entero,personas,71534,No,50.632 a 220.703,Pública · Métrica,Renombrado.,¿Dónde se concentra la población adulta mayor?
census2021_dc,curated/demografia/distritos_censo2021.csv,pob_65_mas,age_5,Población de 65 años o más.,Entero,personas,45491,No,27.296 a 147.741,Pública · Métrica,Renombrado.,¿Cuántas personas mayores hay por distrito? (Wiki 1.3)
census2021_dc,curated/demografia/distritos_censo2021.csv,pct_0_14,(calculado),Porcentaje de la población con 0–14 años.,Decimal,%,10.33,No,8.92 a 12.83,Pública · Métrica,"100 × age_1 / t_pop, 2 decimales.",¿Qué distritos tienen más peso de niños? (Wiki 1.10)
census2021_dc,curated/demografia/distritos_censo2021.csv,pct_15_24,(calculado),Porcentaje de la población con 15–24 años.,Decimal,%,7.11,No,5.94 a 9.07,Pública · Métrica,100 × age_2 / t_pop.,¿Qué peso tienen los jóvenes en cada distrito?
census2021_dc,curated/demografia/distritos_censo2021.csv,pct_25_44,(calculado),Porcentaje de la población con 25–44 años.,Decimal,%,32.96,No,25.41 a 32.96,Pública · Métrica,100 × age_3 / t_pop.,¿Qué peso tiene la población adulta joven?
census2021_dc,curated/demografia/distritos_censo2021.csv,pct_45_64,(calculado),Porcentaje de la población con 45–64 años.,Decimal,%,30.32,No,30.32 a 34.49,Pública · Métrica,100 × age_4 / t_pop.,¿Qué peso tiene la población adulta mayor?
census2021_dc,curated/demografia/distritos_censo2021.csv,pct_65_mas,(calculado),Porcentaje de la población con 65 años o más.,Decimal,%,19.28,No,14.73 a 23.36,Pública · Métrica,"100 × age_5 / t_pop, 2 decimales.",¿Qué distritos están más envejecidos? (Wiki 1.3)
census2021_dc,curated/demografia/distritos_censo2021.csv,indice_envejecimiento,(calculado),Personas de 65+ por cada 100 menores de 15 años.,Decimal,personas 65+ por 100 de 0–14,186.6,No,114.8 a 257.5,Pública · Métrica,100 × age_5 / age_1.,¿Dónde hay más mayores que niños? (Wiki 1.3)
census2021_dc,curated/demografia/distritos_censo2021.csv,pob_15_mas_con_titulo_universitario,edu_deg,Personas de 15+ cuyo nivel más alto es título universitario (grado).,Entero,personas,89251,No,43.705 a 154.778,Pública · Métrica,Renombrado. No incluye educación superior no universitaria.,¿Cuánta población tiene educación universitaria? (Wiki 1.6)
census2021_dc,curated/demografia/distritos_censo2021.csv,pct_titulo_universitario_15_mas,(calculado),Porcentaje de la población de 15+ con título universitario.,Decimal,%,42.18,No,16.42 a 42.43,Pública · Métrica,100 × edu_deg / (t_pop − age_1).,¿Qué distritos tienen más capital humano? (Wiki 1.6)
census2021_dc,curated/demografia/distritos_censo2021.csv,pob_nacida_en_hk,born_hk,Personas nacidas en Hong Kong.,Entero,personas,126335,No,91.997 a 453.024,Pública · Métrica,Renombrado.,¿Dónde vive más población local vs. migrante? (Wiki 1.9)
census2021_dc,curated/demografia/distritos_censo2021.csv,pct_nacida_en_hk,(calculado),Porcentaje de la población nacida en Hong Kong.,Decimal,%,53.54,No,52.55 a 68.56,Pública · Métrica,100 × born_hk / t_pop.,¿Qué distritos tienen más población nacida fuera? (Wiki 1.9)
census2021_dc,curated/demografia/distritos_censo2021.csv,pob_vivienda_publica_alquiler,pop_pub,Personas que viven en vivienda pública de alquiler (PRH).,Entero,personas,8194,No,6.221 a 387.749,Pública · Métrica,Renombrado; validado: suma de tipos = t_pop.,¿Cuánta gente depende de vivienda pública? (Wiki 2.4)
census2021_dc,curated/demografia/distritos_censo2021.csv,pob_vivienda_subsidiada_venta,pop_s,Personas que viven en vivienda subsidiada en propiedad (HOS y similares).,Entero,personas,0,No,0 a 172.809,Pública · Métrica,Renombrado; el guion '-' de la fuente se convirtió en 0.,¿Cuánta gente vive en vivienda subsidiada? (Wiki 2.4)
census2021_dc,curated/demografia/distritos_censo2021.csv,pob_vivienda_privada,pop_pri,Personas que viven en vivienda privada permanente.,Entero,personas,222924,No,76.904 a 375.243,Pública · Métrica,Renombrado.,¿Cuánta gente vive en vivienda privada? (Wiki 2.4)
census2021_dc,curated/demografia/distritos_censo2021.csv,pob_vivienda_temporal,pop_tem,Personas que viven en vivienda temporal.,Entero,personas,138,No,116 a 16.408,Pública · Métrica,Renombrado.,¿Dónde persiste la vivienda temporal? (Wiki 2.7)
census2021_dc,curated/demografia/distritos_censo2021.csv,pob_no_domestica,pop_non,"Personas en alojamientos no domésticos (residencias, instituciones).",Entero,personas,4697,No,1.632 a 9.894,Pública · Métrica,Renombrado.,¿Cuánta población vive fuera de hogares domésticos? (Wiki 2.4)
census2021_dc,curated/demografia/distritos_censo2021.csv,pct_vivienda_publica_alquiler,(calculado),Porcentaje de la población en vivienda pública de alquiler.,Decimal,%,3.47,No,2.98 a 57.6,Pública · Métrica,100 × pop_pub / t_pop.,"¿Qué distritos dependen más de la vivienda pública? (Wiki 2.4, 2.5)"
census2021_dc,curated/demografia/distritos_censo2021.csv,pct_vivienda_subsidiada_venta,(calculado),Porcentaje de la población en vivienda subsidiada en propiedad.,Decimal,%,0,No,0 a 30.96,Pública · Métrica,100 × pop_s / t_pop.,¿Dónde pesa más la vivienda subsidiada? (Wiki 2.4)
census2021_dc,curated/demografia/distritos_censo2021.csv,pct_vivienda_privada,(calculado),Porcentaje de la población en vivienda privada permanente.,Decimal,%,94.48,No,18.9 a 95.22,Pública · Métrica,100 × pop_pri / t_pop.,¿Dónde domina el mercado privado de vivienda? (Wiki 2.4)
census2021_dc; wiki_distritos,curated/demografia/distritos_censo2021.csv,densidad_hab_km2,(calculado),Habitantes por kilómetro cuadrado de tierra.,Decimal,hab/km²,18801,No,"1,014 a 5.968e+04",Pública · Métrica,"poblacion_2021 / area_km2_oficial, redondeado a entero.",¿Qué tan denso es cada distrito? (Wiki 1.2)
ghs_dc_2016_2025,curated/demografia/distritos_censo2021.csv,poblacion_2025,my_lp (year=2025),Población terrestre a mitad de 2025 según la Encuesta General de Hogares.,Entero,personas,231900,No,163.000 a 692.400,Pública · Métrica,Filtrado al último año y unido por código.,¿Cuánta gente vive hoy en cada distrito? (Wiki 1)
ghs_dc_2016_2025,curated/demografia/distritos_censo2021.csv,var_pob_2016_2025_pct,(calculado de my_lp),Variación porcentual de la población terrestre entre 2016 y 2025.,Decimal,%,-4.69,No,-12.07 a 26.53,Pública · Métrica,100 × (my_lp 2025 / my_lp 2016 − 1).,"¿Qué distritos crecen y cuáles pierden población? (Wiki 1.1, 1.9)"
ghs_dc_2016_2025,curated/demografia/panel_poblacion_2016_2025.csv,anio,year,Año de referencia de la observación.,Entero,año,2016,No,2.016 a 2.025,Pública · Dimensión,Convertido a entero.,¿Cómo evoluciona el indicador en el tiempo?
eac_dcca_2019,curated/demografia/panel_poblacion_2016_2025.csv,codigo,dc_class / 1ª letra de CACODE,Código de letra del distrito (A–T) usado por el censo y la EAC.,Texto,—,A,No,Texto libre (18 valores distintos),Pública · Identificador,Derivado de la primera letra del código DCCA; se usa como llave de unión entre todas las tablas.,¿A qué distrito pertenece este registro?
ghs_dc_2016_2025,curated/demografia/panel_poblacion_2016_2025.csv,poblacion_mitad_anio,my_lp,Población terrestre a mitad de año del distrito.,Entero,personas,243300,No,156.800 a 705.000,Pública · Métrica,Renombrado; convertido a entero.,¿Cómo cambió la población de cada distrito entre 2016 y 2025? (Wiki 1.1)
ghs_dc_2016_2025,curated/demografia/panel_poblacion_2016_2025.csv,edad_mediana,t_ma (Censo 2021 (DC_21C)) / lbnp_ma_t (Encuesta General de Hogares (DC_GHS)),Edad que divide a la población en dos mitades.,Entero,años,43,No,40 a 51,Pública · Métrica,Renombrado; en el panel GHS la fuente la publica redondeada a entero.,¿Qué distritos están más envejecidos? (Wiki 1.3)
eac_dcca_2019,curated/economia/distritos_economia.csv,codigo,dc_class / 1ª letra de CACODE,Código de letra del distrito (A–T) usado por el censo y la EAC.,Texto,—,A,No,Texto libre (18 valores distintos),Pública · Identificador,Derivado de la primera letra del código DCCA; se usa como llave de unión entre todas las tablas.,¿A qué distrito pertenece este registro?
eac_dcca_2019,curated/economia/distritos_economia.csv,distrito_en,dc_eng,Nombre oficial del distrito en inglés.,Texto,—,Central and Western,No,Texto libre (18 valores distintos),Pública · Dimensión,Estandarizado contra la tabla maestra de 18 distritos.,¿Cómo se llama el distrito?
wiki_distritos,curated/economia/distritos_economia.csv,distrito_zh,District (中文),Nombre del distrito en chino tradicional.,Texto,—,中西區,No,Texto libre (18 valores distintos),Pública · Dimensión,Tomado de la tabla de Wikipedia y unido por nombre inglés.,¿Cómo se llama el distrito en chino?
eac_dcca_2019,curated/economia/distritos_economia.csv,distrito_es,(no existe en la fuente),Nombre del distrito en español para la interfaz.,Texto,—,Centro y Oeste,No,Texto libre (18 valores distintos),Pública · Dimensión,Traducción propia del nombre inglés.,¿Cómo mostrar el distrito al usuario?
eac_dcca_2019,curated/economia/distritos_economia.csv,region,(no existe en la fuente),"Gran región a la que pertenece el distrito (Isla de HK, Kowloon o Nuevos Territorios).",Texto,—,Isla de Hong Kong,No,"Isla de Hong Kong, Kowloon, Nuevos Territorios",Pública · Dimensión,Asignada por tabla maestra según la división administrativa oficial; traducida al español.,¿Cómo se reparte la población entre las tres regiones? (Wiki 1.2)
census2021_dc,curated/economia/distritos_economia.csv,ingreso_mediano_hogar_hkd_2021,ma_hh,Ingreso mensual mediano de los hogares domésticos en 2021.,Entero,HK$ por mes,45040,No,21.490 a 45.040,Pública · Métrica,Renombrado.,¿Qué distritos son más ricos o más pobres? (Wiki 1.7)
census2021_dc,curated/economia/distritos_economia.csv,ingreso_mediano_hogar_econ_activo_hkd_2021,ma_econhh,Ingreso mensual mediano de hogares con al menos un miembro económicamente activo (2021).,Entero,HK$ por mes,57350,No,28.540 a 60.070,Pública · Métrica,Renombrado.,¿Cómo cambia la brecha de ingreso al excluir hogares sin trabajadores? (Wiki 1.7)
census2021_dc,curated/economia/distritos_economia.csv,ingreso_mediano_mensual_empleo_hkd_2021,t_mmearn,Ingreso mensual mediano por empleo principal de la población ocupada (2021).,Entero,HK$ por mes,21250,No,16.000 a 21.250,Pública · Métrica,Renombrado.,¿Cuánto gana un trabajador típico de cada distrito? (Wiki 1.7)
census2021_dc,curated/economia/distritos_economia.csv,tasa_participacion_laboral_pct_2021,lfpr_t,Porcentaje de la población de 15+ que trabaja o busca trabajo (2021).,Decimal,%,65.3,No,56.4 a 65.3,Pública · Métrica,Renombrado.,¿Qué tan activa es la población en el mercado laboral?
census2021_dc,curated/economia/distritos_economia.csv,fuerza_laboral_2021,t_lf,Personas en la fuerza laboral (ocupadas + desocupadas) en 2021.,Entero,personas,138216,No,95.914 a 363.268,Pública · Métrica,Renombrado.,¿Cuánta fuerza laboral tiene cada distrito?
census2021_dc,curated/economia/distritos_economia.csv,poblacion_ocupada_2021,t_wp,Personas ocupadas residentes en el distrito en 2021.,Entero,personas,132881,No,92.238 a 340.605,Pública · Métrica,Renombrado.,¿Cuántos trabajadores residen en cada distrito?
census2021_dc,curated/economia/distritos_economia.csv,tasa_ocupacion_sobre_fuerza_laboral_pct,(calculado),Porcentaje de la fuerza laboral que está ocupada (100 − desempleo aproximado).,Decimal,%,96.14,No,91.68 a 96.17,Pública · Métrica,100 × t_wp / t_lf.,¿Dónde es mayor el desempleo relativo?
ghs_dc_2016_2025,curated/economia/distritos_economia.csv,ingreso_mediano_hogar_hkd_2025,ma_hh (year=2025),Ingreso mensual mediano de los hogares domésticos en 2025.,Entero,HK$ por mes,45000,No,24.900 a 45.000,Pública · Métrica,Filtrado al último año del panel GHS.,¿Qué distritos tienen menor ingreso hoy? (Wiki 1.7)
ghs_dc_2016_2025,curated/economia/distritos_economia.csv,tasa_participacion_laboral_pct_2025,t_lfpr (year=2025),Tasa de participación laboral en 2025.,Decimal,%,60.1,No,52.7 a 62.7,Pública · Métrica,Filtrado al último año del panel GHS.,¿Cómo está hoy la participación laboral por distrito?
ghs_dc_2016_2025,curated/economia/distritos_economia.csv,var_ingreso_2016_2025_pct,(calculado de ma_hh),Variación porcentual nominal del ingreso mediano del hogar entre 2016 y 2025.,Decimal,%,13.92,No,6.71 a 31.58,Pública · Métrica,100 × (ma_hh 2025 / ma_hh 2016 − 1); no ajustado por inflación.,¿Dónde creció más el ingreso? (Wiki 1.7)
ghs_dc_2016_2025,curated/economia/distritos_economia.csv,indice_ingreso_vs_mediana_distritos,(calculado),Ingreso mediano del hogar 2025 relativo a la mediana de los 18 distritos (=100).,Decimal,índice (mediana = 100),145.2,No,80.3 a 145.2,Pública · Métrica,100 × ingreso 2025 / mediana de los 18 valores.,¿Qué tan por encima o debajo del típico está cada distrito?
hkpf_delitos; unemployment_recent,curated/economia/indicadores_recientes.csv,indicador,(rotulado al capturar),Nombre del indicador puntual reciente.,Texto,—,tasa_desempleo_desestacionalizada,No,"delitos_totales, delitos_violentos, tasa_desempleo_desestacionalizada, tasa_esclarecimiento_delitos, tasa_esclarecimiento_delitos_violentos",Pública · Dimensión,Nombre normalizado en español y snake_case.,"¿Cuál es el último dato de desempleo y delitos? (Wiki 4.1, 4.2)"
hkpf_delitos; unemployment_recent,curated/economia/indicadores_recientes.csv,periodo,Year/Month o periodo publicado,"Periodo al que corresponde el valor (año, mes o ventana móvil).",Texto,—,2026-06/2026-08,No,"2024, 2025, 2026-05/2026-07, 2026-06/2026-08",Pública · Dimensión,En delitos: año y mes en inglés convertidos a AAAA-MM.,¿A qué fecha corresponde el dato?
hkpf_delitos; unemployment_recent,curated/economia/indicadores_recientes.csv,valor,(valor publicado),Valor numérico del indicador.,Decimal,según columna unidad,3.8,No,3.7 a 9.475e+04,Pública · Métrica,Copiado tal cual.,¿Cuál es el valor del indicador?
hkpf_delitos; unemployment_recent,curated/economia/indicadores_recientes.csv,unidad,(rotulado),Unidad del valor del indicador.,Texto,—,%,No,"%, casos",Pública · Metadato,Escrito al capturar.,¿En qué unidad está el valor?
hkpf_delitos; unemployment_recent,curated/economia/indicadores_recientes.csv,fuente,(rotulado / dominio de la URL),Organismo o medio de origen del dato.,Texto,—,Census and Statistics Department (via Moody's Analytics),No,"Census and Statistics Department (via Moody's Analytics), Hong Kong Police Force - Police in Figures 2025",Pública · Metadato,En noticias se extrae el dominio de la URL con expresión regular.,¿De dónde viene este dato y qué tan confiable es?
hkpf_delitos; unemployment_recent,curated/economia/indicadores_recientes.csv,url,link / url,Enlace a la fuente original.,Texto,URL,https://www.economy.com/hong-kong/unemployment-rate,No,"https://www.economy.com/hong-kong/unemployment-rate, https://www.police.gov.hk/info/doc/police_in_figure/2025/2025_en.html",Pública · Metadato,Copiado tal cual.,¿Dónde verificar el dato?
fred_worldbank,curated/economia/macro_anual_2000_2025.csv,anio,year,Año de referencia de la observación.,Entero,año,2000,No,2.000 a 2.025,Pública · Dimensión,Convertido a entero.,¿Cómo evoluciona el indicador en el tiempo?
fred_worldbank,curated/economia/macro_anual_2000_2025.csv,pib_per_capita_usd_corrientes,PCAGDPHKA646NWDB (NY.GDP.PCAP.CD),PIB por habitante a precios corrientes.,Decimal,US$ corrientes,25756.8,No,2.398e+04 a 5.698e+04,Pública · Métrica,Fecha anual convertida a año; filtrado 2000–2025.,¿Qué tan rica es la economía de Hong Kong? (Wiki 3.1)
fred_worldbank,curated/economia/macro_anual_2000_2025.csv,pib_per_capita_usd_constantes_2015,NYGDPPCAPKDHKG (NY.GDP.PCAP.KD),PIB por habitante a precios constantes (base 2015).,Decimal,US$ constantes de 2015,26933.2,No,2.689e+04 a 4.645e+04,Pública · Métrica,Fecha anual convertida a año; filtrado 2000–2025.,¿Cuánto creció la economía en términos reales? (Wiki 3.1)
fred_worldbank,curated/economia/macro_anual_2000_2025.csv,inflacion_ipc_pct,FPCPITOTLZGHKG (FP.CPI.TOTL.ZG),Variación anual del índice de precios al consumidor.,Decimal,%,-3.6855,No,-3.686 a 5.305,Pública · Métrica,Fecha anual convertida a año.,"¿Cómo ha evolucionado el costo de vida? (Wiki 2.1, 2.2)"
fred_worldbank,curated/economia/macro_anual_2000_2025.csv,crecimiento_real_pib_pc_pct,(calculado),Crecimiento anual del PIB per cápita real.,Decimal,%,-0.18,Sí,-6.21 a 7.86,Pública · Métrica,Variación porcentual año contra año del PIB per cápita constante.,¿En qué años creció o se contrajo la economía?
ghs_dc_2016_2025,curated/economia/panel_ingreso_empleo_2016_2025.csv,anio,year,Año de referencia de la observación.,Entero,año,2016,No,2.016 a 2.025,Pública · Dimensión,Convertido a entero.,¿Cómo evoluciona el indicador en el tiempo?
eac_dcca_2019,curated/economia/panel_ingreso_empleo_2016_2025.csv,codigo,dc_class / 1ª letra de CACODE,Código de letra del distrito (A–T) usado por el censo y la EAC.,Texto,—,A,No,Texto libre (18 valores distintos),Pública · Identificador,Derivado de la primera letra del código DCCA; se usa como llave de unión entre todas las tablas.,¿A qué distrito pertenece este registro?
ghs_dc_2016_2025,curated/economia/panel_ingreso_empleo_2016_2025.csv,ingreso_mediano_hogar_hkd,ma_hh,Ingreso mensual mediano de los hogares domésticos del distrito en el año.,Entero,HK$ por mes,39500,No,20.600 a 45.000,Pública · Métrica,Renombrado; convertido a entero.,¿Cómo evolucionó el ingreso de cada distrito 2016–2025? (Wiki 1.7)
ghs_dc_2016_2025,curated/economia/panel_ingreso_empleo_2016_2025.csv,tasa_participacion_laboral_pct,t_lfpr,Tasa de participación laboral del distrito en el año.,Decimal,%,64.3,No,52.7 a 65.4,Pública · Métrica,Renombrado.,¿Cómo evolucionó la participación laboral 2016–2025?
hkpf_delitos,curated/escucha/delitos_mensuales.csv,periodo,Year/Month o periodo publicado,"Periodo al que corresponde el valor (año, mes o ventana móvil).",Texto,—,2022-01,No,Texto libre (36 valores distintos),Pública · Dimensión,En delitos: año y mes en inglés convertidos a AAAA-MM.,¿A qué fecha corresponde el dato?
hkpf_delitos,curated/escucha/delitos_mensuales.csv,delitos_totales,Overall,Delitos totales registrados en el mes.,Entero,casos,5815,No,3.297 a 8.879,Pública · Métrica,Renombrado.,¿Cómo evoluciona la criminalidad mes a mes? (Wiki 4.1)
hkpf_delitos,curated/escucha/delitos_mensuales.csv,delitos_violentos,Violent,Delitos violentos registrados en el mes.,Entero,casos,775,No,464 a 994,Pública · Métrica,Renombrado.,¿Cómo evolucionan los delitos violentos? (Wiki 4.2)
hkpf_delitos,curated/escucha/delitos_mensuales.csv,pct_violentos,(calculado),Porcentaje de delitos que son violentos en el mes.,Decimal,%,13.33,No,9.7 a 14.07,Pública · Métrica,100 × delitos_violentos / delitos_totales.,"¿Está cambiando la composición del delito? (Wiki 4.2, 4.4)"
eac_dcca_2019,curated/escucha/menciones_por_distrito.csv,codigo,dc_class / 1ª letra de CACODE,Código de letra del distrito (A–T) usado por el censo y la EAC.,Texto,—,A,No,Texto libre (18 valores distintos),Pública · Identificador,Derivado de la primera letra del código DCCA; se usa como llave de unión entre todas las tablas.,¿A qué distrito pertenece este registro?
eac_dcca_2019,curated/escucha/menciones_por_distrito.csv,distrito_en,dc_eng,Nombre oficial del distrito en inglés.,Texto,—,Central and Western,No,Texto libre (18 valores distintos),Pública · Dimensión,Estandarizado contra la tabla maestra de 18 distritos.,¿Cómo se llama el distrito?
eac_dcca_2019,curated/escucha/menciones_por_distrito.csv,distrito_es,(no existe en la fuente),Nombre del distrito en español para la interfaz.,Texto,—,Centro y Oeste,No,Texto libre (18 valores distintos),Pública · Dimensión,Traducción propia del nombre inglés.,¿Cómo mostrar el distrito al usuario?
noticias_escucha; hkopendata_lugares,curated/escucha/menciones_por_distrito.csv,menciones_noticias,(calculado),Número de titulares que mencionan el distrito.,Entero,titulares,1,No,0 a 5,Pública · Métrica,Conteo de códigos en distritos_mencionados.,¿Qué distritos concentran la atención mediática?
noticias_escucha,curated/escucha/noticias.csv,tema,(rotulado),Tema de la conversación pública al que pertenece el titular.,Texto,—,vivienda,No,"ambiente, comercio, desarrollo, salud, transporte, turismo, vivienda",Pública · Dimensión,Asignado según la consulta de búsqueda.,¿De qué se está hablando en Hong Kong?
noticias_escucha,curated/escucha/noticias.csv,consulta,(consulta),Consulta de búsqueda con la que se obtuvo el titular.,Texto,—,Hong Kong housing news October 2026,No,"Hong Kong MTR transport news 2026, Hong Kong Northern Metropolis Yuen Long North district news 2026, Hong Kong air pollution weather typhoon news September 2026, Hong Kong hospital authority healthcare news 2026, Hong Kong housing news October 2026, Hong Kong retail sales economy news September 2026, Hong Kong tourism visitors arrivals 2026 news, Sham Shui Po subdivided units news 2026",Pública · Metadato,Copiado.,¿Cómo se capturó el titular? (reproducibilidad)
noticias_escucha,curated/escucha/noticias.csv,titular,title,Titular de la noticia.,Texto,—,Hong Kong home prices rise,No,Texto libre (32 valores distintos),Pública · Texto,Copiado; sin texto del artículo.,¿Qué dice la prensa?
noticias_escucha,curated/escucha/noticias.csv,url,link / url,Enlace a la fuente original.,Texto,URL,https://finance.yahoo.com/news/hong-kong-home-prices-rise-093000178.html,No,Texto libre (32 valores distintos),Pública · Metadato,Copiado tal cual.,¿Dónde verificar el dato?
noticias_escucha,curated/escucha/noticias.csv,fuente,(rotulado / dominio de la URL),Organismo o medio de origen del dato.,Texto,—,finance.yahoo.com,No,Texto libre (15 valores distintos),Pública · Metadato,En noticias se extrae el dominio de la URL con expresión regular.,¿De dónde viene este dato y qué tan confiable es?
noticias_escucha,curated/escucha/noticias.csv,distritos_mencionados,(calculado),"Códigos de distrito mencionados en el titular o la URL, separados por '|'.",Texto,—,A|B|C,Sí,"A|B|C, F, G, H|J, L|M|R, M|N",Pública · Dimensión,Búsqueda por diccionario de distritos y barrios (hkopendata) más lugares clave.,¿Qué distritos aparecen en la conversación pública?
noticias_escucha,curated/escucha/noticias.csv,puntaje_tono,(calculado),Palabras positivas menos negativas en el titular.,Entero,puntos,1,No,-1 a 2,Pública · Métrica,Léxico heurístico v1 sobre el titular en minúsculas.,¿La cobertura es favorable o desfavorable?
noticias_escucha,curated/escucha/noticias.csv,tono,(calculado),Clasificación del tono del titular.,Texto,—,positivo,No,"negativo, neutral, positivo",Pública · Dimensión,"positivo si puntaje > 0, negativo si < 0, neutral si = 0.",¿Predomina la conversación positiva o negativa por tema?
noticias_escucha,curated/escucha/noticias.csv,fecha_captura,(no existe en la fuente),Fecha en que se capturó el titular.,Texto,fecha (AAAA-MM-DD),2026-10-06,No,2026-10-06,Pública · Metadato,Constante de la captura.,¿De cuándo es esta foto de la conversación?
noticias_escucha,curated/escucha/noticias.csv,metodo_tono,(no existe en la fuente),Versión del método usado para calcular el tono.,Texto,—,lexico_heuristico_v1,No,lexico_heuristico_v1,Pública · Metadato,Constante 'lexico_heuristico_v1'.,¿Con qué método se calculó el tono?
noticias_escucha,curated/escucha/temas_resumen.csv,tema,(rotulado),Tema de la conversación pública al que pertenece el titular.,Texto,—,ambiente,No,"ambiente, comercio, desarrollo, salud, transporte, turismo, vivienda",Pública · Dimensión,Asignado según la consulta de búsqueda.,¿De qué se está hablando en Hong Kong?
noticias_escucha,curated/escucha/temas_resumen.csv,menciones,(calculado),Número de titulares del tema.,Entero,titulares,2,No,2 a 9,Pública · Métrica,Conteo por tema.,¿Qué temas tienen más cobertura?
noticias_escucha,curated/escucha/temas_resumen.csv,tono_medio,(calculado),Promedio del puntaje de tono de los titulares del tema.,Decimal,puntos,0,No,0 a 1,Pública · Métrica,Media de puntaje_tono por tema.,¿Qué temas tienen la cobertura más favorable?
noticias_escucha,curated/escucha/temas_resumen.csv,positivas,(calculado),Titulares con tono positivo en el tema.,Entero,titulares,0,No,0 a 5,Pública · Métrica,Conteo de tono = positivo.,¿Cuántas noticias favorables hay por tema?
noticias_escucha,curated/escucha/temas_resumen.csv,negativas,(calculado),Titulares con tono negativo en el tema.,Entero,titulares,0,No,0 a 2,Pública · Métrica,Conteo de tono = negativo.,¿Cuántas noticias desfavorables hay por tema?
eac_dcca_2019,curated/geo/circunscripciones_dcca_2019.csv,codigo_dcca,CACODE,Código de la circunscripción del Consejo de Distrito (DCCA 2019).,Texto,—,B11,No,Letra A–T + 2 dígitos (452 valores),Pública · Identificador,Renombrado; para puntos se asigna por unión espacial punto-en-polígono (o polígono más cercano ≤1 km).,¿En qué circunscripción cae este punto o zona?
eac_dcca_2019,curated/geo/circunscripciones_dcca_2019.csv,nombre_en,ENAME / name.en,"Nombre en inglés del lugar (circunscripción, parada o estación).",Texto,—,Stubbs Road,No,Texto libre (452 valores distintos),Pública · Dimensión,Renombrado.,¿Cómo se llama este lugar?
eac_dcca_2019,curated/geo/circunscripciones_dcca_2019.csv,nombre_zh,CNAME / name.zh,"Nombre en chino del lugar (circunscripción, parada o estación).",Texto,—,司徒拔道,No,Texto libre (452 valores distintos),Pública · Dimensión,Renombrado.,¿Cómo se llama este lugar en chino?
eac_dcca_2019,curated/geo/circunscripciones_dcca_2019.csv,codigo,dc_class / 1ª letra de CACODE,Código de letra del distrito (A–T) usado por el censo y la EAC.,Texto,—,B,No,Texto libre (18 valores distintos),Pública · Identificador,Derivado de la primera letra del código DCCA; se usa como llave de unión entre todas las tablas.,¿A qué distrito pertenece este registro?
eac_dcca_2019,curated/geo/circunscripciones_dcca_2019.csv,distrito_en,dc_eng,Nombre oficial del distrito en inglés.,Texto,—,Wan Chai,No,Texto libre (18 valores distintos),Pública · Dimensión,Estandarizado contra la tabla maestra de 18 distritos.,¿Cómo se llama el distrito?
eac_dcca_2019,curated/geo/circunscripciones_dcca_2019.csv,distrito_es,(no existe en la fuente),Nombre del distrito en español para la interfaz.,Texto,—,Wan Chai,No,Texto libre (18 valores distintos),Pública · Dimensión,Traducción propia del nombre inglés.,¿Cómo mostrar el distrito al usuario?
eac_dcca_2019,curated/geo/circunscripciones_dcca_2019.csv,region,(no existe en la fuente),"Gran región a la que pertenece el distrito (Isla de HK, Kowloon o Nuevos Territorios).",Texto,—,Isla de Hong Kong,No,"Isla de Hong Kong, Kowloon, Nuevos Territorios",Pública · Dimensión,Asignada por tabla maestra según la división administrativa oficial; traducida al español.,¿Cómo se reparte la población entre las tres regiones? (Wiki 1.2)
eac_dcca_2019,curated/geo/circunscripciones_dcca_2019.csv,area_km2_poligono,Shape_Area (recalculado),Área del polígono de la circunscripción calculada en SIG (incluye mar).,Decimal,km²,4.2032,No,0.0458 a 388.9,Pública · Métrica,Área recalculada en EPSG:2326 tras reparar geometrías (buffer 0).,¿Qué tan grande es cada circunscripción?
eac_dcca_2019,curated/geo/distritos.csv,codigo,dc_class / 1ª letra de CACODE,Código de letra del distrito (A–T) usado por el censo y la EAC.,Texto,—,A,No,Texto libre (18 valores distintos),Pública · Identificador,Derivado de la primera letra del código DCCA; se usa como llave de unión entre todas las tablas.,¿A qué distrito pertenece este registro?
eac_dcca_2019,curated/geo/distritos.csv,distrito_en,dc_eng,Nombre oficial del distrito en inglés.,Texto,—,Central and Western,No,Texto libre (18 valores distintos),Pública · Dimensión,Estandarizado contra la tabla maestra de 18 distritos.,¿Cómo se llama el distrito?
wiki_distritos,curated/geo/distritos.csv,distrito_zh,District (中文),Nombre del distrito en chino tradicional.,Texto,—,中西區,No,Texto libre (18 valores distintos),Pública · Dimensión,Tomado de la tabla de Wikipedia y unido por nombre inglés.,¿Cómo se llama el distrito en chino?
eac_dcca_2019,curated/geo/distritos.csv,distrito_es,(no existe en la fuente),Nombre del distrito en español para la interfaz.,Texto,—,Centro y Oeste,No,Texto libre (18 valores distintos),Pública · Dimensión,Traducción propia del nombre inglés.,¿Cómo mostrar el distrito al usuario?
eac_dcca_2019,curated/geo/distritos.csv,region,(no existe en la fuente),"Gran región a la que pertenece el distrito (Isla de HK, Kowloon o Nuevos Territorios).",Texto,—,Isla de Hong Kong,No,"Isla de Hong Kong, Kowloon, Nuevos Territorios",Pública · Dimensión,Asignada por tabla maestra según la división administrativa oficial; traducida al español.,¿Cómo se reparte la población entre las tres regiones? (Wiki 1.2)
wiki_distritos,curated/geo/distritos.csv,area_km2_oficial,Area (km²),Superficie terrestre oficial del distrito.,Decimal,km²,12.55,No,6.99 a 182.7,Pública · Métrica,Copiado; unido por nombre inglés del distrito.,"¿Cuál es la densidad real de cada distrito? (Wiki 1.2, 6.5)"
eac_dcca_2019,curated/geo/distritos.csv,area_km2_poligono_incluye_mar,(calculado),"Área del polígono del distrito calculada en SIG, incluye superficie marina.",Decimal,km²,19.755,No,9.303 a 766.5,Pública · Métrica,Disolución de DCCA por distrito y cálculo de área en EPSG:2326.,¿Cuánto mar incluyen los límites administrativos?
eac_dcca_2019,curated/geo/distritos.csv,centro_lat,(calculado),Latitud de un punto representativo interior del distrito (para etiquetas en el mapa).,Decimal,grados decimales (WGS84),22.2749,No,22.23 a 22.52,Pública · Geoespacial,"representative_point() del polígono disuelto, reproyectado a WGS84.",¿Dónde ubicar la etiqueta del distrito en el mapa?
eac_dcca_2019,curated/geo/distritos.csv,centro_lon,(calculado),Longitud de un punto representativo interior del distrito.,Decimal,grados decimales (WGS84),114.149,No,113.9 a 114.4,Pública · Geoespacial,"representative_point() del polígono disuelto, reproyectado a WGS84.",¿Dónde ubicar la etiqueta del distrito en el mapa?
eac_dcca_2019,curated/geo/distritos.csv,n_circunscripciones,(calculado),Número de circunscripciones DCCA 2019 dentro del distrito.,Entero,conteo,15,No,10 a 41,Pública · Métrica,Conteo de DCCA por código de distrito.,¿Con cuánto detalle territorial se puede analizar cada distrito?
eac_dcca_2019,curated/infraestructura/acceso_hospital_por_circunscripcion.csv,codigo_dcca,CACODE,Código de la circunscripción del Consejo de Distrito (DCCA 2019).,Texto,—,B11,No,Letra A–T + 2 dígitos (452 valores),Pública · Identificador,Renombrado; para puntos se asigna por unión espacial punto-en-polígono (o polígono más cercano ≤1 km).,¿En qué circunscripción cae este punto o zona?
eac_dcca_2019,curated/infraestructura/acceso_hospital_por_circunscripcion.csv,codigo,dc_class / 1ª letra de CACODE,Código de letra del distrito (A–T) usado por el censo y la EAC.,Texto,—,B,No,Texto libre (18 valores distintos),Pública · Identificador,Derivado de la primera letra del código DCCA; se usa como llave de unión entre todas las tablas.,¿A qué distrito pertenece este registro?
ha_hospitales; eac_dcca_2019,curated/infraestructura/acceso_hospital_por_circunscripcion.csv,hospital_urgencias_mas_cercano,(calculado),Hospital con urgencias más cercano al centro de la circunscripción.,Texto,—,Ruttonjee Hospital,No,Texto libre (18 valores distintos),Pública · Dimensión,Vecino más cercano en EPSG:2326 desde el punto representativo de la DCCA.,¿A qué hospital iría alguien de esta zona? (Wiki 1.8)
ha_hospitales; eac_dcca_2019,curated/infraestructura/acceso_hospital_por_circunscripcion.csv,distancia_hospital_m,(calculado),Distancia en línea recta al hospital con urgencias más cercano.,Decimal,metros,1373,No,74 a 2.185e+04,Pública · Métrica,"Distancia euclidiana en EPSG:2326, redondeada.",¿Qué zonas están más lejos de una urgencia? (Wiki 1.8)
eac_dcca_2019,curated/infraestructura/distritos_infraestructura.csv,codigo,dc_class / 1ª letra de CACODE,Código de letra del distrito (A–T) usado por el censo y la EAC.,Texto,—,A,No,Texto libre (18 valores distintos),Pública · Identificador,Derivado de la primera letra del código DCCA; se usa como llave de unión entre todas las tablas.,¿A qué distrito pertenece este registro?
eac_dcca_2019,curated/infraestructura/distritos_infraestructura.csv,distrito_en,dc_eng,Nombre oficial del distrito en inglés.,Texto,—,Central and Western,No,Texto libre (18 valores distintos),Pública · Dimensión,Estandarizado contra la tabla maestra de 18 distritos.,¿Cómo se llama el distrito?
wiki_distritos,curated/infraestructura/distritos_infraestructura.csv,distrito_zh,District (中文),Nombre del distrito en chino tradicional.,Texto,—,中西區,No,Texto libre (18 valores distintos),Pública · Dimensión,Tomado de la tabla de Wikipedia y unido por nombre inglés.,¿Cómo se llama el distrito en chino?
eac_dcca_2019,curated/infraestructura/distritos_infraestructura.csv,distrito_es,(no existe en la fuente),Nombre del distrito en español para la interfaz.,Texto,—,Centro y Oeste,No,Texto libre (18 valores distintos),Pública · Dimensión,Traducción propia del nombre inglés.,¿Cómo mostrar el distrito al usuario?
eac_dcca_2019,curated/infraestructura/distritos_infraestructura.csv,region,(no existe en la fuente),"Gran región a la que pertenece el distrito (Isla de HK, Kowloon o Nuevos Territorios).",Texto,—,Isla de Hong Kong,No,"Isla de Hong Kong, Kowloon, Nuevos Territorios",Pública · Dimensión,Asignada por tabla maestra según la división administrativa oficial; traducida al español.,¿Cómo se reparte la población entre las tres regiones? (Wiki 1.2)
hkbus_routefarelist,curated/infraestructura/distritos_infraestructura.csv,paradas_transporte,(calculado),Número de paradas de transporte público con rutas activas.,Entero,paradas,676,No,461 a 1.446,Pública · Métrica,Conteo de paradas por código de distrito o DCCA.,¿Qué zonas tienen más oferta de transporte?
hkbus_routefarelist,curated/infraestructura/distritos_infraestructura.csv,paradas_bus,(calculado),Paradas servidas por bus.,Entero,paradas,664,No,448 a 1.416,Pública · Métrica,Conteo de paradas cuyo campo modos contiene 'bus'.,¿Dónde hay más cobertura de bus?
hkbus_routefarelist,curated/infraestructura/distritos_infraestructura.csv,paradas_minibus,(calculado),Paradas servidas por minibús verde (GMB).,Entero,paradas,198,No,18 a 580,Pública · Métrica,Conteo de paradas con modo 'minibus'.,¿Dónde depende la gente del minibús?
hkbus_routefarelist,curated/infraestructura/distritos_infraestructura.csv,paradas_metro_mtr,(calculado),Estaciones del MTR (ferrocarril pesado).,Entero,estaciones,7,No,2 a 13,Pública · Métrica,Conteo de paradas con modo 'metro_mtr'.,¿Qué distritos tienen más acceso al metro?
hkbus_routefarelist,curated/infraestructura/distritos_infraestructura.csv,paradas_tren_ligero,(calculado),Paradas del tren ligero (Light Rail).,Entero,paradas,0,No,0 a 55,Pública · Métrica,Conteo de paradas con modo 'tren_ligero'.,¿Dónde opera el tren ligero?
hkbus_routefarelist,curated/infraestructura/distritos_infraestructura.csv,paradas_ferry,(calculado),Muelles servidos por ferris.,Entero,muelles,5,No,0 a 10,Pública · Métrica,Conteo de paradas con modo 'ferry'.,¿Qué zonas dependen del ferry?
ha_hospitales,curated/infraestructura/distritos_infraestructura.csv,hospitales_urgencias,(calculado),Hospitales públicos con urgencias ubicados en el distrito.,Entero,hospitales,0,No,0 a 2,Pública · Métrica,Conteo tras unión espacial de hospitales a distritos.,¿Cuántas urgencias hay en cada distrito? (Wiki 1.8)
hkbus_routefarelist,curated/infraestructura/distritos_infraestructura.csv,rutas_distintas,(calculado),Número de rutas distintas que tocan al menos una parada del distrito.,Entero,rutas,333,No,135 a 492,Pública · Métrica,Conteo de pares operador:ruta únicos por distrito.,¿Qué tan conectado está el distrito con el resto de la ciudad?
hkbus_routefarelist; wiki_distritos,curated/infraestructura/distritos_infraestructura.csv,paradas_por_km2,(calculado),Paradas de transporte por km² de tierra.,Decimal,paradas/km²,53.86,No,2.52 a 122.8,Pública · Métrica,paradas_transporte / area_km2_oficial.,¿Dónde es más densa la red de transporte?
hkbus_routefarelist; census2021_dc,curated/infraestructura/distritos_infraestructura.csv,paradas_por_10k_hab,(calculado),Paradas de transporte por cada 10.000 habitantes.,Decimal,paradas por 10.000 hab,28.65,No,15.41 a 37.61,Pública · Métrica,10.000 × paradas_transporte / poblacion_2021.,¿Qué distritos tienen menos transporte por habitante?
ha_hospitales; census2021_dc,curated/infraestructura/distritos_infraestructura.csv,hab_por_hospital_urgencias,(calculado),Habitantes por cada hospital con urgencias dentro del distrito.,Entero,hab/hospital,166695,Sí,92.641 a 692.806,Pública · Métrica,poblacion_2021 / hospitales_urgencias; vacío si el distrito no tiene ninguno.,¿Qué distritos están más presionados en urgencias? (Wiki 1.8)
ha_hospitales; eac_dcca_2019,curated/infraestructura/distritos_infraestructura.csv,dist_media_hospital_km,(calculado),Distancia media de las circunscripciones del distrito a la urgencia más cercana.,Decimal,km,2.23,No,0.89 a 3.74,Pública · Métrica,Promedio por distrito de distancia_hospital_m / 1000.,¿Qué distritos tienen peor acceso a urgencias? (Wiki 1.8)
hkbus_routefarelist,curated/infraestructura/estaciones_mtr.csv,codigo_estacion,stop id MTR / code HKO,Código de la estación (MTR de 3 letras u HKO).,Texto,—,ADM,No,Texto libre (97 valores distintos),Pública · Identificador,Renombrado.,¿Qué estación es?
hkbus_routefarelist,curated/infraestructura/estaciones_mtr.csv,nombre_en,ENAME / name.en,"Nombre en inglés del lugar (circunscripción, parada o estación).",Texto,—,Admiralty,No,Texto libre (97 valores distintos),Pública · Dimensión,Renombrado.,¿Cómo se llama este lugar?
hkbus_routefarelist,curated/infraestructura/estaciones_mtr.csv,nombre_zh,CNAME / name.zh,"Nombre en chino del lugar (circunscripción, parada o estación).",Texto,—,金鐘,No,Texto libre (97 valores distintos),Pública · Dimensión,Renombrado.,¿Cómo se llama este lugar en chino?
hkbus_routefarelist,curated/infraestructura/estaciones_mtr.csv,lat,location.lat / Latitude / lat,Latitud del punto.,Decimal,grados decimales (WGS84),22.2794,No,22.24 a 22.53,Pública · Geoespacial,En estaciones HKO se convirtió de grados-minutos-segundos a decimal.,¿Dónde está ubicado en el mapa?
hkbus_routefarelist,curated/infraestructura/estaciones_mtr.csv,lon,location.lng / Longitude / long,Longitud del punto.,Decimal,grados decimales (WGS84),114.164,No,113.9 a 114.3,Pública · Geoespacial,En estaciones HKO se convirtió de grados-minutos-segundos a decimal.,¿Dónde está ubicado en el mapa?
hkbus_routefarelist,curated/infraestructura/estaciones_mtr.csv,n_rutas,(calculado),Número de rutas distintas que pasan por la parada o estación.,Entero,rutas,4,No,1 a 4,Pública · Métrica,Conteo de pares operador:ruta que incluyen la parada.,¿Qué tan bien servida está la parada?
eac_dcca_2019,curated/infraestructura/estaciones_mtr.csv,codigo,dc_class / 1ª letra de CACODE,Código de letra del distrito (A–T) usado por el censo y la EAC.,Texto,—,A,No,Texto libre (18 valores distintos),Pública · Identificador,Derivado de la primera letra del código DCCA; se usa como llave de unión entre todas las tablas.,¿A qué distrito pertenece este registro?
eac_dcca_2019,curated/infraestructura/estaciones_mtr.csv,codigo_dcca,CACODE,Código de la circunscripción del Consejo de Distrito (DCCA 2019).,Texto,—,A01,No,Letra A–T + 2 dígitos (452 valores),Pública · Identificador,Renombrado; para puntos se asigna por unión espacial punto-en-polígono (o polígono más cercano ≤1 km).,¿En qué circunscripción cae este punto o zona?
ha_hospitales,curated/infraestructura/hospitales_urgencias.csv,hospital_en,Hospital,Nombre del hospital en inglés.,Texto,—,Alice Ho Miu Ling Nethersole Hospital,No,Texto libre (18 valores distintos),Pública · Identificador,Copiado.,¿Qué hospital es?
ha_hospitales,curated/infraestructura/hospitales_urgencias.csv,hospital_zh,HospitalZh,Nombre del hospital en chino.,Texto,—,雅麗氏何妙齡那打素醫院,No,Texto libre (18 valores distintos),Pública · Dimensión,Copiado.,¿Cómo se llama el hospital en chino?
ha_hospitales,curated/infraestructura/hospitales_urgencias.csv,lat,location.lat / Latitude / lat,Latitud del punto.,Decimal,grados decimales (WGS84),22.4586,No,22.21 a 22.5,Pública · Geoespacial,En estaciones HKO se convirtió de grados-minutos-segundos a decimal.,¿Dónde está ubicado en el mapa?
ha_hospitales,curated/infraestructura/hospitales_urgencias.csv,lon,location.lng / Longitude / long,Longitud del punto.,Decimal,grados decimales (WGS84),114.173,No,113.9 a 114.3,Pública · Geoespacial,En estaciones HKO se convirtió de grados-minutos-segundos a decimal.,¿Dónde está ubicado en el mapa?
ha_hospitales,curated/infraestructura/hospitales_urgencias.csv,servicio,(rotulado),Tipo de servicio del hospital incluido en la tabla.,Texto,—,A&E (urgencias),No,A&E (urgencias),Pública · Dimensión,Constante 'A&E (urgencias)'.,¿Qué servicio ofrece?
eac_dcca_2019,curated/infraestructura/hospitales_urgencias.csv,codigo_dcca,CACODE,Código de la circunscripción del Consejo de Distrito (DCCA 2019).,Texto,—,P05,No,Letra A–T + 2 dígitos (452 valores),Pública · Identificador,Renombrado; para puntos se asigna por unión espacial punto-en-polígono (o polígono más cercano ≤1 km).,¿En qué circunscripción cae este punto o zona?
eac_dcca_2019,curated/infraestructura/hospitales_urgencias.csv,codigo,dc_class / 1ª letra de CACODE,Código de letra del distrito (A–T) usado por el censo y la EAC.,Texto,—,P,No,Texto libre (15 valores distintos),Pública · Identificador,Derivado de la primera letra del código DCCA; se usa como llave de unión entre todas las tablas.,¿A qué distrito pertenece este registro?
ha_hospitales,curated/infraestructura/hospitales_urgencias.csv,ubicacion_en_tierra,(calculado),Indica si el punto cae dentro de un polígono DCCA (Verdadero) o se asignó al más cercano (Falso).,Booleano,booleano,True,No,True / False,Pública · Metadato,Unión espacial: distancia 0 = dentro; >0 y ≤1 km = asignado al más cercano.,¿Es confiable la asignación territorial del punto?
hkbus_routefarelist,curated/infraestructura/paradas_transporte.csv,id_parada,stopList key,Identificador único de la parada en la base consolidada de transporte.,Texto,—,00040ED8B61CA94B,No,Texto libre (15285 valores distintos),Pública · Identificador,Copiado; se excluyen paradas sin rutas activas.,¿Qué parada es?
hkbus_routefarelist,curated/infraestructura/paradas_transporte.csv,nombre_en,ENAME / name.en,"Nombre en inglés del lugar (circunscripción, parada o estación).",Texto,—,PUBLIC SQUARE STREET YAU MA TEI (YT545),No,Texto libre (13109 valores distintos),Pública · Dimensión,Renombrado.,¿Cómo se llama este lugar?
hkbus_routefarelist,curated/infraestructura/paradas_transporte.csv,nombre_zh,CNAME / name.zh,"Nombre en chino del lugar (circunscripción, parada o estación).",Texto,—,油麻地眾坊街 (YT545),No,Texto libre (13114 valores distintos),Pública · Dimensión,Renombrado.,¿Cómo se llama este lugar en chino?
hkbus_routefarelist,curated/infraestructura/paradas_transporte.csv,lat,location.lat / Latitude / lat,Latitud del punto.,Decimal,grados decimales (WGS84),22.3097,No,22.21 a 22.55,Pública · Geoespacial,En estaciones HKO se convirtió de grados-minutos-segundos a decimal.,¿Dónde está ubicado en el mapa?
hkbus_routefarelist,curated/infraestructura/paradas_transporte.csv,lon,location.lng / Longitude / long,Longitud del punto.,Decimal,grados decimales (WGS84),114.171,No,113.9 a 114.4,Pública · Geoespacial,En estaciones HKO se convirtió de grados-minutos-segundos a decimal.,¿Dónde está ubicado en el mapa?
hkbus_routefarelist,curated/infraestructura/paradas_transporte.csv,operadores,routeList[].co,"Operadores que atienden la parada, separados por '|'.",Texto,—,kmb,No,"ctb, fortuneferry, gmb, hkkf, kmb, lightRail, lrtfeeder, mtr, nlb, sunferry",Pública · Dimensión,Agregados a partir de todas las rutas que pasan por la parada.,¿Qué empresas sirven esta parada?
hkbus_routefarelist,curated/infraestructura/paradas_transporte.csv,modos,(derivado de co),"Modos de transporte presentes en la parada, separados por '|'.",Texto,—,bus,No,"bus, ferry, metro_mtr, minibus, tren_ligero",Pública · Dimensión,"Operador → modo (kmb/ctb/nlb/lrtfeeder=bus, gmb=minibús, mtr=metro, lightRail=tren ligero, ferris=ferry).",¿Qué tipo de transporte hay en cada zona?
hkbus_routefarelist,curated/infraestructura/paradas_transporte.csv,n_rutas,(calculado),Número de rutas distintas que pasan por la parada o estación.,Entero,rutas,3,No,1 a 66,Pública · Métrica,Conteo de pares operador:ruta que incluyen la parada.,¿Qué tan bien servida está la parada?
eac_dcca_2019,curated/infraestructura/paradas_transporte.csv,codigo,dc_class / 1ª letra de CACODE,Código de letra del distrito (A–T) usado por el censo y la EAC.,Texto,—,E,Sí,Texto libre (18 valores distintos),Pública · Identificador,Derivado de la primera letra del código DCCA; se usa como llave de unión entre todas las tablas.,¿A qué distrito pertenece este registro?
eac_dcca_2019,curated/infraestructura/paradas_transporte.csv,codigo_dcca,CACODE,Código de la circunscripción del Consejo de Distrito (DCCA 2019).,Texto,—,E17,Sí,Letra A–T + 2 dígitos (452 valores),Pública · Identificador,Renombrado; para puntos se asigna por unión espacial punto-en-polígono (o polígono más cercano ≤1 km).,¿En qué circunscripción cae este punto o zona?
hkbus_routefarelist,curated/infraestructura/paradas_transporte.csv,ubicacion_en_tierra,(calculado),Indica si el punto cae dentro de un polígono DCCA (Verdadero) o se asignó al más cercano (Falso).,Booleano,booleano,True,No,True / False,Pública · Metadato,Unión espacial: distancia 0 = dentro; >0 y ≤1 km = asignado al más cercano.,¿Es confiable la asignación territorial del punto?
epd_aqhi,curated/sensores/aqhi_estaciones_snapshot.csv,estacion,Station / station_name,Nombre de la estación de monitoreo.,Texto,—,Central/Western,No,Texto libre (18 valores distintos),Pública · Identificador,Renombrado.,¿Qué estación es?
epd_aqhi,curated/sensores/aqhi_estaciones_snapshot.csv,tipo,type / station_type,Tipo de estación de monitoreo.,Texto,—,general,No,"borde_de_via, general",Pública · Dimensión,"Traducido al español (tripulada, automática, boya, viento, pluviómetro, mareógrafo; general, borde de vía).",¿Qué mide o qué tipo de estación es?
epd_aqhi,curated/sensores/aqhi_estaciones_snapshot.csv,aqhi,AQHI,Índice de Salud de la Calidad del Aire de la estación en la hora publicada.,Entero,índice 1–10+,2,No,2 a 3,Pública · Métrica,Convertido a entero.,"¿Cómo está el aire ahora por zona? (Wiki 6, ambiente)"
epd_aqhi,curated/sensores/aqhi_estaciones_snapshot.csv,riesgo_salud,Health Risk,Categoría de riesgo para la salud asociada al AQHI.,Texto,—,Low,No,Low,Pública · Dimensión,"Copiado (Low, Moderate, High, Very High, Serious).",¿Hay riesgo para la salud por contaminación?
epd_aqhi,curated/sensores/aqhi_estaciones_snapshot.csv,publicado_hkt,pubDate,Fecha y hora de publicación del dato AQHI.,Texto,fecha-hora ISO 8601 (+08:00),2026-10-06T07:30:00+08:00,No,2026-10-06T07:30:00+08:00,Pública · Metadato,Convertido a ISO 8601 con zona horaria de HK.,¿Qué tan reciente es la lectura?
eac_dcca_2019,curated/sensores/aqhi_estaciones_snapshot.csv,codigo,dc_class / 1ª letra de CACODE,Código de letra del distrito (A–T) usado por el censo y la EAC.,Texto,—,A,No,Texto libre (16 valores distintos),Pública · Identificador,Derivado de la primera letra del código DCCA; se usa como llave de unión entre todas las tablas.,¿A qué distrito pertenece este registro?
epd_aqhi,curated/sensores/aqhi_estaciones_snapshot.csv,ubicacion,(no existe en la fuente),Cómo se ubicó la estación en el territorio.,Texto,—,asignada al distrito (sin coordenada exacta),No,asignada al distrito (sin coordenada exacta),Pública · Metadato,"Constante: asignada al distrito por nombre, sin coordenada.",¿Se puede ubicar la estación con precisión?
eac_dcca_2019,curated/sensores/distritos_sensores.csv,codigo,dc_class / 1ª letra de CACODE,Código de letra del distrito (A–T) usado por el censo y la EAC.,Texto,—,A,No,Texto libre (18 valores distintos),Pública · Identificador,Derivado de la primera letra del código DCCA; se usa como llave de unión entre todas las tablas.,¿A qué distrito pertenece este registro?
eac_dcca_2019,curated/sensores/distritos_sensores.csv,distrito_en,dc_eng,Nombre oficial del distrito en inglés.,Texto,—,Central and Western,No,Texto libre (18 valores distintos),Pública · Dimensión,Estandarizado contra la tabla maestra de 18 distritos.,¿Cómo se llama el distrito?
wiki_distritos,curated/sensores/distritos_sensores.csv,distrito_zh,District (中文),Nombre del distrito en chino tradicional.,Texto,—,中西區,No,Texto libre (18 valores distintos),Pública · Dimensión,Tomado de la tabla de Wikipedia y unido por nombre inglés.,¿Cómo se llama el distrito en chino?
eac_dcca_2019,curated/sensores/distritos_sensores.csv,distrito_es,(no existe en la fuente),Nombre del distrito en español para la interfaz.,Texto,—,Centro y Oeste,No,Texto libre (18 valores distintos),Pública · Dimensión,Traducción propia del nombre inglés.,¿Cómo mostrar el distrito al usuario?
eac_dcca_2019,curated/sensores/distritos_sensores.csv,region,(no existe en la fuente),"Gran región a la que pertenece el distrito (Isla de HK, Kowloon o Nuevos Territorios).",Texto,—,Isla de Hong Kong,No,"Isla de Hong Kong, Kowloon, Nuevos Territorios",Pública · Dimensión,Asignada por tabla maestra según la división administrativa oficial; traducida al español.,¿Cómo se reparte la población entre las tres regiones? (Wiki 1.2)
hko_estaciones; epd_aqhi,curated/sensores/distritos_sensores.csv,estaciones_meteorologicas,(calculado),Estaciones del Observatorio ubicadas en el distrito.,Entero,estaciones,4,No,1 a 17,Pública · Métrica,Conteo tras unión espacial.,¿Qué tan monitoreado está el clima en cada distrito?
hko_estaciones; epd_aqhi,curated/sensores/distritos_sensores.csv,estaciones_calidad_aire,(calculado),Estaciones de calidad del aire asignadas al distrito.,Entero,estaciones,2,No,0 a 2,Pública · Métrica,Conteo por distrito asignado.,¿Qué distritos tienen medición de calidad del aire?
hko_estaciones; epd_aqhi,curated/sensores/distritos_sensores.csv,aqhi_ultimo,(calculado de AQHI),AQHI promedio de las estaciones generales del distrito en la última captura.,Entero,índice 1–10+,2,Sí,2 a 3,Pública · Métrica,Promedio de estaciones tipo general; vacío si el distrito no tiene estación.,¿Qué distritos tienen peor aire ahora?
hko_estaciones,curated/sensores/estaciones_hko.csv,estacion,Station / station_name,Nombre de la estación de monitoreo.,Texto,—,Hong Kong Observatory,No,Texto libre (82 valores distintos),Pública · Identificador,Renombrado.,¿Qué estación es?
hko_estaciones,curated/sensores/estaciones_hko.csv,codigo_estacion,stop id MTR / code HKO,Código de la estación (MTR de 3 letras u HKO).,Texto,—,HKO,No,Texto libre (84 valores distintos),Pública · Identificador,Renombrado.,¿Qué estación es?
hko_estaciones,curated/sensores/estaciones_hko.csv,tipo,type / station_type,Tipo de estación de monitoreo.,Texto,—,tripulada,No,"automatica, boya, mareografo, pluviometro, tripulada, viento",Pública · Dimensión,"Traducido al español (tripulada, automática, boya, viento, pluviómetro, mareógrafo; general, borde de vía).",¿Qué mide o qué tipo de estación es?
hko_estaciones,curated/sensores/estaciones_hko.csv,lat,location.lat / Latitude / lat,Latitud del punto.,Decimal,grados decimales (WGS84),22.3019,No,22.18 a 22.55,Pública · Geoespacial,En estaciones HKO se convirtió de grados-minutos-segundos a decimal.,¿Dónde está ubicado en el mapa?
hko_estaciones,curated/sensores/estaciones_hko.csv,lon,location.lng / Longitude / long,Longitud del punto.,Decimal,grados decimales (WGS84),114.174,No,113.9 a 114.4,Pública · Geoespacial,En estaciones HKO se convirtió de grados-minutos-segundos a decimal.,¿Dónde está ubicado en el mapa?
hko_estaciones,curated/sensores/estaciones_hko.csv,elevacion_m,Elevation (m),Altura de la estación sobre el nivel medio del mar.,Entero,metros,32,Sí,3 a 955,Pública · Métrica,Copiado; vacío en mareógrafos.,¿A qué altura mide la estación? (Wiki 6.1)
hko_estaciones,curated/sensores/estaciones_hko.csv,inicio_operacion,First operation,Fecha de inicio de operación de la estación.,Texto,fecha (DD/MM/AAAA),01/01/1884,No,Texto libre (75 valores distintos),Pública · Metadato,Copiado como texto.,¿Desde cuándo hay datos de la estación?
eac_dcca_2019,curated/sensores/estaciones_hko.csv,codigo_dcca,CACODE,Código de la circunscripción del Consejo de Distrito (DCCA 2019).,Texto,—,E20,No,Letra A–T + 2 dígitos (452 valores),Pública · Identificador,Renombrado; para puntos se asigna por unión espacial punto-en-polígono (o polígono más cercano ≤1 km).,¿En qué circunscripción cae este punto o zona?
eac_dcca_2019,curated/sensores/estaciones_hko.csv,codigo,dc_class / 1ª letra de CACODE,Código de letra del distrito (A–T) usado por el censo y la EAC.,Texto,—,E,No,Texto libre (18 valores distintos),Pública · Identificador,Derivado de la primera letra del código DCCA; se usa como llave de unión entre todas las tablas.,¿A qué distrito pertenece este registro?
hko_estaciones,curated/sensores/estaciones_hko.csv,ubicacion_en_tierra,(calculado),Indica si el punto cae dentro de un polígono DCCA (Verdadero) o se asignó al más cercano (Falso).,Booleano,booleano,True,No,True / False,Pública · Metadato,Unión espacial: distancia 0 = dentro; >0 y ≤1 km = asignado al más cercano.,¿Es confiable la asignación territorial del punto?
hko_csdi_humedad; hko_estaciones,curated/sensores/estaciones_hko_csdi_control_calidad.csv,station_en,AutomaticWeatherStation_en,Nombre de la estación en la capa espacial CSDI.,Texto,—,Chek Lap Kok,No,Texto libre (26 valores distintos),Pública · Identificador,Copiado.,¿Coinciden las estaciones de las dos fuentes?
hko_csdi_humedad; hko_estaciones,curated/sensores/estaciones_hko_csdi_control_calidad.csv,estacion,Station / station_name,Nombre de la estación de monitoreo.,Texto,—,Hong Kong International Airport,No,Texto libre (26 valores distintos),Pública · Identificador,Renombrado.,¿Qué estación es?
hko_csdi_humedad; hko_estaciones,curated/sensores/estaciones_hko_csdi_control_calidad.csv,dist_m,(calculado),Distancia entre la coordenada CSDI y la de la lista HKO para la misma estación.,Decimal,metros,0.1,No,0 a 300,Pública · Métrica,Vecino más cercano en EPSG:2326.,¿Son confiables las coordenadas de las estaciones?
