{
"type": "FeatureCollection",
"name": "circunscripciones_dcca_2019",
"crs": { "type": "name", "properties": { "name": "urn:ogc:def:crs:OGC:1.3:CRS84" } },
"features": [
{ "type": "Feature", "properties": { "codigo_dcca": "B11", "nombre_en": "Stubbs Road", "nombre_zh": "司徒拔道", "codigo": "B", "distrito_en": "Wan Chai", "distrito_es": "Wan Chai", "region": "Isla de Hong Kong", "area_km2_poligono": 4.2032 }, "geometry": { "type": "Polygon", "coordinates": [ [ [ 114.17947207364378, 22.274215035502376 ], [ 114.180185428691217, 22.271844839003183 ], [ 114.181688572916215, 22.270845288874888 ], [ 114.180993077881595, 22.269801040091554 ], [ 114.181463637074486, 22.269370382748971 ], [ 114.181823856168549, 22.269743446267313 ], [ 114.18262672709497, 22.269397437332319 ], [ 114.182843806991883, 22.269072326033903 ], [ 114.182630306362014, 22.267962692578649 ], [ 114.182911667992741, 22.267766825511181 ], [ 114.182914079212509, 22.267434389064288 ], [ 114.182613897924696, 22.267214837789702 ], [ 114.183035938454594, 22.26693431207935 ], [ 114.183056544196617, 22.266669035865824 ], [ 114.184475529521478, 22.267034147751779 ], [ 114.184992914370397, 22.266316438521194 ], [ 114.1862874390456, 22.266960678279158 ], [ 114.186735699410036, 22.266440449828998 ], [ 114.187351430204885, 22.266994857061945 ], [ 114.187140739169649, 22.267330666351175 ], [ 114.187865247488148, 22.267739625987822 ], [ 114.186430372620251, 22.269471983014373 ], [ 114.187112577591193, 22.269912955608103 ], [ 114.187759650668696, 22.269665834776259 ], [ 114.188122489254141, 22.268973050734271 ], [ 114.189780262756358, 22.268517773176359 ], [ 114.190568587194292, 22.266927419679881 ], [ 114.190587423848015, 22.265781726215071 ], [ 114.190309378659123, 22.265097569110186 ], [ 114.190854691590232, 22.264218271274412 ], [ 114.191120905588889, 22.2628459495469 ], [ 114.190901871354356, 22.262647619317793 ], [ 114.189991558772817, 22.262562419135605 ], [ 114.188827291996716, 22.262880514868858 ], [ 114.187454055475584, 22.262801312301537 ], [ 114.187284823074563, 22.262418414381671 ], [ 114.188505826380307, 22.262444944543439 ], [ 114.190528528183563, 22.261267098422667 ], [ 114.191616383223419, 22.260288151817857 ], [ 114.192652129674229, 22.258666066300762 ], [ 114.192647635865853, 22.257699641400592 ], [ 114.192358120444908, 22.257111231330846 ], [ 114.191961248140828, 22.257234763100058 ], [ 114.191367521385047, 22.25701315065298 ], [ 114.190899826500583, 22.257235851867193 ], [ 114.18964953800527, 22.257296551092551 ], [ 114.18893315996354, 22.256777315803756 ], [ 114.188352085687086, 22.255663344328415 ], [ 114.188229731972029, 22.254496067178561 ], [ 114.187113571208357, 22.254036860027075 ], [ 114.185578619368357, 22.254398221764177 ], [ 114.184979902350676, 22.255072933970787 ], [ 114.184571321212616, 22.255050214741477 ], [ 114.184396550145522, 22.255266868645702 ], [ 114.18336319520111, 22.255161886859188 ], [ 114.182999265232169, 22.255689138426554 ], [ 114.18032287015329, 22.255951423414761 ], [ 114.178633991093847, 22.256919583342455 ], [ 114.178266479360019, 22.256597363897765 ], [ 114.177879450426801, 22.25508081118738 ], [ 114.176385611955823, 22.254109484572673 ], [ 114.174740234761501, 22.254727512539183 ], [ 114.174384910874082, 22.255088923871668 ], [ 114.173950719415032, 22.255063676059546 ], [ 114.172950296212349, 22.255827270278719 ], [ 114.17216269507891, 22.255464722568394 ], [ 114.171270545883104, 22.255561602588397 ], [ 114.170761470841484, 22.256127147835549 ], [ 114.1696400393311, 22.256775756661192 ], [ 114.167680214406104, 22.257451648487013 ], [ 114.167591212220586, 22.257138369748041 ], [ 114.166013224114181, 22.257411964719811 ], [ 114.16522915601773, 22.257256818048795 ], [ 114.165303186117384, 22.256942881335 ], [ 114.165880977355116, 22.256577188427727 ], [ 114.165699678357299, 22.256266981834944 ], [ 114.16527334293653, 22.256244140628159 ], [ 114.164582343185685, 22.256609019170671 ], [ 114.163340412867015, 22.256455309261295 ], [ 114.163156320042063, 22.257700974544246 ], [ 114.163614778172715, 22.259624543374823 ], [ 114.163539416030986, 22.260325397729456 ], [ 114.164645554366842, 22.261260789792665 ], [ 114.164512307208682, 22.261599330105799 ], [ 114.164854015317459, 22.261661333052309 ], [ 114.164726482778633, 22.262112558493907 ], [ 114.165114490540205, 22.262287781685618 ], [ 114.165230240718543, 22.263169164059672 ], [ 114.166067138071512, 22.263864537015724 ], [ 114.165899148269233, 22.264205225350008 ], [ 114.166240841857658, 22.264423546005531 ], [ 114.166045975929904, 22.264647917879234 ], [ 114.16631238657736, 22.26493110055268 ], [ 114.166248852244095, 22.265762575854762 ], [ 114.165837106695761, 22.266145701091496 ], [ 114.165765967053431, 22.26667055781796 ], [ 114.166478045088041, 22.267397292306047 ], [ 114.166606228699976, 22.267989629892941 ], [ 114.167190494344339, 22.26833618071797 ], [ 114.167069489483524, 22.267718630468305 ], [ 114.167610235581094, 22.267388411112126 ], [ 114.167644089330153, 22.266909291773576 ], [ 114.168357989943047, 22.266874354842152 ], [ 114.169821430095254, 22.267517858515539 ], [ 114.170045727005814, 22.267979975508712 ], [ 114.170847194171188, 22.268234373342601 ], [ 114.171304471515327, 22.268689705918323 ], [ 114.172041536012571, 22.269058577190016 ], [ 114.172406925464813, 22.268954265471251 ], [ 114.172149733094315, 22.269212570987673 ], [ 114.171156283693279, 22.269462661254675 ], [ 114.171272114908746, 22.270136125935583 ], [ 114.17231539432079, 22.271309754235602 ], [ 114.172471371107264, 22.272033041099689 ], [ 114.173178386965276, 22.27316844555989 ], [ 114.173473140855791, 22.272637431869246 ], [ 114.174398080285158, 22.272830451306028 ], [ 114.175014129871897, 22.273397448445266 ], [ 114.175322589166413, 22.274507661010539 ], [ 114.175604494313006, 22.274737610668168 ], [ 114.177564983618126, 22.275136217179565 ], [ 114.177804877981785, 22.27507410314605 ], [ 114.177523276919302, 22.274412528650586 ], [ 114.177733651502436, 22.273967045915217 ], [ 114.178405394002866, 22.274482528028326 ], [ 114.17947207364378, 22.274215035502376 ] ] ] } },
{ "type": "Feature", "properties": { "codigo_dcca": "B10", "nombre_en": "Happy Valley", "nombre_zh": "跑馬地", "codigo": "B", "distrito_en": "Wan Chai", "distrito_es": "Wan Chai", "region": "Isla de Hong Kong", "area_km2_poligono": 0.445 }, "geometry": { "type": "Polygon", "coordinates": [ [ [ 114.184843487714289, 22.270548064498044 ], [ 114.186599806285074, 22.269337599431871 ], [ 114.187618144196776, 22.26821281260197 ], [ 114.187865247488148, 22.267739625987822 ], [ 114.187140739169649, 22.267330666351175 ], [ 114.187351430204885, 22.266994857061945 ], [ 114.186735699410036, 22.266440449828998 ], [ 114.1862874390456, 22.266960678279158 ], [ 114.184992914370397, 22.266316438521194 ], [ 114.184475529521478, 22.267034147751779 ], [ 114.183056544196617, 22.266669035865824 ], [ 114.183035938454594, 22.26693431207935 ], [ 114.182613897924696, 22.267214837789702 ], [ 114.182914079212509, 22.267434389064288 ], [ 114.182911667992741, 22.267766825511181 ], [ 114.182630306362014, 22.267962692578649 ], [ 114.182843806991883, 22.269072326033903 ], [ 114.18262672709497, 22.269397437332319 ], [ 114.181823856168549, 22.269743446267313 ], [ 114.181463637074486, 22.269370382748971 ], [ 114.180993077881595, 22.269801040091554 ], [ 114.181688572916215, 22.270845288874888 ], [ 114.180185428691217, 22.271844839003183 ], [ 114.1794615779624, 22.273846513121565 ], [ 114.179567257145592, 22.274639122012324 ], [ 114.180700908315089, 22.275904969364287 ], [ 114.180859228225046, 22.276464377682977 ], [ 114.182159995797292, 22.277037380451421 ], [ 114.18469238724532, 22.271728097620059 ], [ 114.184843487714289, 22.270548064498044 ] ] ] } },
{ "type": "Feature", "properties": { "codigo_dcca": "B09", "nombre_en": "Broadwood", "nombre_zh": "樂活", "codigo": "B", "distrito_en": "Wan Chai", "distrito_es": "Wan Chai", "region": "Isla de Hong Kong", "area_km2_poligono": 0.5285 }, "geometry": { "type": "Polygon", "coordinates": [ [ [ 114.182889924866814, 22.277370137944946 ], [ 114.183098309421993, 22.277095968514285 ], [ 114.183690752432582, 22.277371378250987 ], [ 114.184380515666618, 22.276913352633304 ], [ 114.184699740914027, 22.277384494045759 ], [ 114.185359072665719, 22.277086342578777 ], [ 114.185419069034168, 22.276331919603621 ], [ 114.185804861455125, 22.275897208761663 ], [ 114.187032634696337, 22.274812646300113 ], [ 114.187922479807469, 22.274725270647419 ], [ 114.188447214835122, 22.274175312870511 ], [ 114.189046703115011, 22.274263588572921 ], [ 114.189747633309167, 22.274750313130486 ], [ 114.190267419186895, 22.274066733955149 ], [ 114.190686974139282, 22.274402185629341 ], [ 114.192357089044549, 22.274483310306792 ], [ 114.192401929713569, 22.27417513527767 ], [ 114.191890567431187, 22.273241712836743 ], [ 114.1921218992169, 22.27161753849861 ], [ 114.191528560544199, 22.2711432043439 ], [ 114.191063192736138, 22.270277622039032 ], [ 114.190978541256897, 22.269540692340769 ], [ 114.190456468606129, 22.268948615332885 ], [ 114.189780262756358, 22.268517773176359 ], [ 114.189301005972013, 22.268582117951695 ], [ 114.187969041324635, 22.269056432295635 ], [ 114.187626159922644, 22.269749584918994 ], [ 114.187112577591193, 22.269912955608103 ], [ 114.186430372620251, 22.269471983014373 ], [ 114.184913834959247, 22.2704388894993 ], [ 114.18469238724532, 22.271728097620059 ], [ 114.182159995797292, 22.277037380451421 ], [ 114.182889924866814, 22.277370137944946 ] ] ] } },
{ "type": "Feature", "properties": { "codigo_dcca": "B08", "nombre_en": "Jardine's Lookout", "nombre_zh": "渣甸山", "codigo": "B", "distrito_en": "Wan Chai", "distrito_es": "Wan Chai", "region": "Isla de Hong Kong", "area_km2_poligono": 2.1935 }, "geometry": { "type": "Polygon", "coordinates": [ [ [ 114.195280052706863, 22.27600190448317 ], [ 114.19732896411459, 22.273957717101869 ], [ 114.197786887154891, 22.273162546485125 ], [ 114.200726519066038, 22.274370503964359 ], [ 114.202200006906622, 22.277663114408497 ], [ 114.202549947442336, 22.277762396394106 ], [ 114.20458103133366, 22.275222753965895 ], [ 114.20716461697107, 22.2704512936036 ], [ 114.203139305950202, 22.267502919491331 ], [ 114.198371746119591, 22.266350073361295 ], [ 114.197373666138873, 22.259146077388735 ], [ 114.197718360592802, 22.257896325331505 ], [ 114.196549686249995, 22.258139215585878 ], [ 114.195693868588251, 22.257501969179412 ], [ 114.194415836699335, 22.257049071272281 ], [ 114.193283027537177, 22.257098100016648 ], [ 114.19256275292085, 22.257502004557701 ], [ 114.192652129674229, 22.258666066300762 ], [ 114.191711003984437, 22.260179811381441 ], [ 114.190676412743883, 22.261144621119442 ], [ 114.188407877710489, 22.262482546182213 ], [ 114.187284823074563, 22.262418414381671 ], [ 114.187454055475584, 22.262801312301537 ], [ 114.188827291996716, 22.262880514868858 ], [ 114.189991558772817, 22.262562419135605 ], [ 114.190901871354356, 22.262647619317793 ], [ 114.191120905588889, 22.2628459495469 ], [ 114.190854691590232, 22.264218271274412 ], [ 114.190309378659123, 22.265097569110186 ], [ 114.190587423848015, 22.265781726215071 ], [ 114.190568587194292, 22.266927419679881 ], [ 114.189780262756358, 22.268517773176359 ], [ 114.190978541256897, 22.269540692340769 ], [ 114.191146822130463, 22.270485092748636 ], [ 114.1921218992169, 22.27161753849861 ], [ 114.191890567431187, 22.273241712836743 ], [ 114.192426201534175, 22.274307766021625 ], [ 114.192340274864648, 22.274500163095645 ], [ 114.190686974139282, 22.274402185629341 ], [ 114.190267419186895, 22.274066733955149 ], [ 114.189747633309167, 22.274750313130486 ], [ 114.190118816621819, 22.275052439481712 ], [ 114.19015644763158, 22.275392774252019 ], [ 114.188716833398601, 22.277226151539899 ], [ 114.1886602157509, 22.27826041687662 ], [ 114.188427476808968, 22.278616647256133 ], [ 114.190086999336046, 22.278536571969685 ], [ 114.190962650884956, 22.277965310128092 ], [ 114.190730880999851, 22.277459623298405 ], [ 114.191323178919248, 22.27654716065997 ], [ 114.191453752756658, 22.276831361305938 ], [ 114.191751520137714, 22.276839236024085 ], [ 114.193819903278651, 22.275377757445135 ], [ 114.195280052706863, 22.27600190448317 ] ] ] } },
{ "type": "Feature", "properties": { "codigo_dcca": "B07", "nombre_en": "Tai Hang", "nombre_zh": "大坑", "codigo": "B", "distrito_en": "Wan Chai", "distrito_es": "Wan Chai", "region": "Isla de Hong Kong", "area_km2_poligono": 0.4049 }, "geometry": { "type": "Polygon", "coordinates": [ [ [ 114.191827224830178, 22.282213417110366 ], [ 114.192255574511236, 22.280461074073827 ], [ 114.192979756479559, 22.280723407778588 ], [ 114.193484620270794, 22.279980167810052 ], [ 114.193604889997076, 22.278824594912852 ], [ 114.194564262208615, 22.277445694841887 ], [ 114.194605510602088, 22.276990139646731 ], [ 114.19521733431597, 22.276459567379082 ], [ 114.195117726513345, 22.275812785072429 ], [ 114.193819903278651, 22.275377757445135 ], [ 114.191751520137714, 22.276839236024085 ], [ 114.191453752756658, 22.276831361305938 ], [ 114.191323178919248, 22.27654716065997 ], [ 114.190730880999851, 22.277459623298405 ], [ 114.190962650884956, 22.277965310128092 ], [ 114.190086999336046, 22.278536571969685 ], [ 114.188695181897813, 22.278673882165798 ], [ 114.188427476808968, 22.278616647256133 ], [ 114.1886602157509, 22.27826041687662 ], [ 114.188689476551474, 22.277294578708073 ], [ 114.190121281500424, 22.275466720040161 ], [ 114.190027230796588, 22.274948025620304 ], [ 114.189046703115011, 22.274263588572921 ], [ 114.188447214835122, 22.274175312870511 ], [ 114.18792247982104, 22.274725270525789 ], [ 114.187032634696337, 22.274812646300113 ], [ 114.185419069034168, 22.276331919603621 ], [ 114.185308865471967, 22.277026120764649 ], [ 114.186088041593649, 22.277799732306764 ], [ 114.186988418317299, 22.277212651587813 ], [ 114.187244734253994, 22.277463808056293 ], [ 114.186448167896714, 22.278165470364002 ], [ 114.187545692539231, 22.279372292405391 ], [ 114.191827224830178, 22.282213417110366 ] ] ] } },
{ "type": "Feature", "properties": { "codigo_dcca": "B04", "nombre_en": "Causeway Bay", "nombre_zh": "銅鑼灣", "codigo": "B", "distrito_en": "Wan Chai", "distrito_es": "Wan Chai", "region": "Isla de Hong Kong", "area_km2_poligono": 0.2374 }, "geometry": { "type": "Polygon", "coordinates": [ [ [ 114.182025252939383, 22.28132728062748 ], [ 114.181974260341718, 22.282144877564914 ], [ 114.18247429334761, 22.282026968360949 ], [ 114.183871368032541, 22.282422058255523 ], [ 114.185586800892835, 22.28374868337329 ], [ 114.185923085709092, 22.283750362640998 ], [ 114.187275190651746, 22.279818477762802 ], [ 114.187658980736771, 22.279666981717337 ], [ 114.188355096386928, 22.279862582567969 ], [ 114.187545692539231, 22.279372292405391 ], [ 114.186448167896714, 22.278165470364002 ], [ 114.187244734253994, 22.277463808056293 ], [ 114.186988418317299, 22.277212651587813 ], [ 114.186088041593649, 22.277799732306764 ], [ 114.185359072665719, 22.277086342578777 ], [ 114.184877604483233, 22.278203349953756 ], [ 114.184070976830895, 22.277897970782409 ], [ 114.18350504788279, 22.279218978958884 ], [ 114.183069124530164, 22.279052679020737 ], [ 114.182025252939383, 22.28132728062748 ] ] ] } },
{ "type": "Feature", "properties": { "codigo_dcca": "B06", "nombre_en": "Tin Hau", "nombre_zh": "天后", "codigo": "B", "distrito_en": "Wan Chai", "distrito_es": "Wan Chai", "region": "Isla de Hong Kong", "area_km2_poligono": 0.16 }, "geometry": { "type": "Polygon", "coordinates": [ [ [ 114.195274102826346, 22.276282920681734 ], [ 114.194605510602088, 22.276990139646731 ], [ 114.194564262208615, 22.277445694841887 ], [ 114.193604889997076, 22.278824594912852 ], [ 114.193645763342388, 22.279666201064387 ], [ 114.192979748716482, 22.280723404167084 ], [ 114.192255574511236, 22.280461074073827 ], [ 114.191827224830178, 22.282213417110366 ], [ 114.192390784434949, 22.283061285611009 ], [ 114.193140995641301, 22.283127812892275 ], [ 114.193449930414118, 22.28522740380032 ], [ 114.193981912951216, 22.286036149893349 ], [ 114.194903146255172, 22.286009526968893 ], [ 114.195441181619941, 22.286642170229559 ], [ 114.195889322889727, 22.286319273179753 ], [ 114.195724300954836, 22.285877920377526 ], [ 114.194787841657998, 22.285433268075025 ], [ 114.194608894293665, 22.285103669703474 ], [ 114.194751967052198, 22.284669623711455 ], [ 114.195223176055109, 22.28454934618787 ], [ 114.194811139883853, 22.282624738498889 ], [ 114.19379639295758, 22.281569392191226 ], [ 114.193440314678426, 22.280796749684423 ], [ 114.194010650990677, 22.279966693465941 ], [ 114.194713714794815, 22.279552075126482 ], [ 114.194813128586915, 22.279206642219268 ], [ 114.19428307545202, 22.279075755802751 ], [ 114.19530362387728, 22.278311993962227 ], [ 114.195181662442849, 22.277770169390454 ], [ 114.196016578819695, 22.276661561697178 ], [ 114.195274102826346, 22.276282920681734 ] ] ] } },
{ "type": "Feature", "properties": { "codigo_dcca": "B01", "nombre_en": "Hennessy", "nombre_zh": "軒尼詩", "codigo": "B", "distrito_en": "Wan Chai", "distrito_es": "Wan Chai", "region": "Isla de Hong Kong", "area_km2_poligono": 0.3263 }, "geometry": { "type": "Polygon", "coordinates": [ [ [ 114.175823449095915, 22.274808836857702 ], [ 114.175322589166399, 22.274507661010539 ], [ 114.174957757670015, 22.273320678288869 ], [ 114.174136214780859, 22.27272093253292 ], [ 114.174381596640529, 22.273312073460723 ], [ 114.173834306498023, 22.273523200787565 ], [ 114.174127600749642, 22.275650681192747 ], [ 114.172908729258154, 22.275540771492224 ], [ 114.172858750794163, 22.275835855565671 ], [ 114.172785812615686, 22.276547107156961 ], [ 114.17346801009559, 22.276618085486326 ], [ 114.173051295326886, 22.279126752132047 ], [ 114.174581242795497, 22.279288103839868 ], [ 114.174284821431897, 22.281881021255224 ], [ 114.174301633329605, 22.288048609468238 ], [ 114.177569879122586, 22.279801780406231 ], [ 114.176630412379495, 22.27954793976588 ], [ 114.176957186169645, 22.278007782328434 ], [ 114.175709105307348, 22.277872707240789 ], [ 114.175766260121293, 22.277401859045906 ], [ 114.175378390088369, 22.277361371684393 ], [ 114.17532092350973, 22.277830693563811 ], [ 114.174760871297067, 22.277770073742758 ], [ 114.174918899069013, 22.276819681973727 ], [ 114.175798294252104, 22.276813503937877 ], [ 114.175832897297241, 22.276523611520055 ], [ 114.1756602615188, 22.276507472613904 ], [ 114.1758931367293, 22.276047480295496 ], [ 114.175502766927195, 22.274986774364333 ], [ 114.175823449095915, 22.274808836857702 ] ] ] } },
{ "type": "Feature", "properties": { "codigo_dcca": "B12", "nombre_en": "Southorn", "nombre_zh": "修頓", "codigo": "B", "distrito_en": "Wan Chai", "distrito_es": "Wan Chai", "region": "Isla de Hong Kong", "area_km2_poligono": 0.9126 }, "geometry": { "type": "Polygon", "coordinates": [ [ [ 114.174301633329605, 22.288048609468238 ], [ 114.174284821431897, 22.281881021255224 ], [ 114.174581242795497, 22.279288103839868 ], [ 114.173051295326886, 22.279126752132047 ], [ 114.17346801009559, 22.276618085486326 ], [ 114.172785812615686, 22.276547107156961 ], [ 114.172908729258154, 22.275540771492224 ], [ 114.174127600749642, 22.275650681192747 ], [ 114.173834306498023, 22.273523200787565 ], [ 114.174381596640529, 22.273312073460723 ], [ 114.174136214780859, 22.27272093253292 ], [ 114.173657464234239, 22.272618155141153 ], [ 114.173266206851139, 22.272782739592046 ], [ 114.173178386965276, 22.27316844555989 ], [ 114.172471371107264, 22.272033041099686 ], [ 114.17231539432079, 22.271309754235602 ], [ 114.171272114908717, 22.270136125935569 ], [ 114.171156283693279, 22.269462661254675 ], [ 114.172149733094301, 22.269212570987658 ], [ 114.172406925464813, 22.268954265471255 ], [ 114.172041536012571, 22.269058577190016 ], [ 114.171304471515285, 22.268689705918302 ], [ 114.170847194171188, 22.268234373342587 ], [ 114.170045727005814, 22.267979975508702 ], [ 114.16982143009524, 22.267517858515561 ], [ 114.168455748996422, 22.266903709529977 ], [ 114.167726746316262, 22.266867330982507 ], [ 114.167610235581094, 22.267388411112101 ], [ 114.167087947425841, 22.267661160508883 ], [ 114.167190494344339, 22.268336180717938 ], [ 114.165569198173017, 22.269167212359747 ], [ 114.165468252400728, 22.272784928062162 ], [ 114.16611850811978, 22.272953863377651 ], [ 114.166065257824158, 22.273735100988112 ], [ 114.166411596186705, 22.274570422060325 ], [ 114.166275281863378, 22.275199415652878 ], [ 114.166507658507314, 22.275575719422562 ], [ 114.167142962075019, 22.275384923002544 ], [ 114.16760046324076, 22.274966090339706 ], [ 114.168370117569111, 22.274951358111 ], [ 114.169895455806028, 22.274285808701272 ], [ 114.169848719693888, 22.275017207587545 ], [ 114.170617819146457, 22.27570407341646 ], [ 114.171061700435644, 22.275457887362617 ], [ 114.17166316901843, 22.276430643269393 ], [ 114.171484196443927, 22.276449529582454 ], [ 114.171773653426072, 22.279233495668368 ], [ 114.170494417146742, 22.279365036252351 ], [ 114.170786668065432, 22.281621180594922 ], [ 114.173530795255431, 22.288341847461677 ], [ 114.174301633329605, 22.288048609468238 ] ] ] } },
{ "type": "Feature", "properties": { "codigo_dcca": "B02", "nombre_en": "Oi Kwan", "nombre_zh": "愛群", "codigo": "B", "distrito_en": "Wan Chai", "distrito_es": "Wan Chai", "region": "Isla de Hong Kong", "area_km2_poligono": 0.3744 }, "geometry": { "type": "Polygon", "coordinates": [ [ [ 114.1795558582631, 22.278743232836103 ], [ 114.180026335784277, 22.277479503545933 ], [ 114.180616771964154, 22.277633562604514 ], [ 114.180591303615529, 22.277028672794554 ], [ 114.180981909702339, 22.277009627581812 ], [ 114.180963926980667, 22.276578180103211 ], [ 114.180678660992655, 22.2763168845877 ], [ 114.180700908315089, 22.275904969364287 ], [ 114.179567257145592, 22.274639122012324 ], [ 114.17947207364378, 22.274215035502376 ], [ 114.178405394002866, 22.274482528028326 ], [ 114.177733651502436, 22.273967045915217 ], [ 114.177523276919302, 22.274412528650586 ], [ 114.177804877981785, 22.27507410314605 ], [ 114.17713099175225, 22.275127269203566 ], [ 114.175823449095915, 22.274808836857694 ], [ 114.175504038069562, 22.274980154912871 ], [ 114.1758931367293, 22.276047480295496 ], [ 114.1756602615188, 22.276507472613911 ], [ 114.175832897297241, 22.276523611520062 ], [ 114.175798294252118, 22.276813503937856 ], [ 114.174918899069013, 22.276819681973727 ], [ 114.174760871297096, 22.277770073742783 ], [ 114.17532092350973, 22.277830693563804 ], [ 114.175378390088369, 22.277361371684393 ], [ 114.175766260121307, 22.277401859045895 ], [ 114.175709105307348, 22.277872707240803 ], [ 114.176957186169645, 22.278007782328451 ], [ 114.176630412379524, 22.27954793976587 ], [ 114.177569879122586, 22.279801780406217 ], [ 114.174301633329605, 22.288048609468252 ], [ 114.174939401132519, 22.288357241309996 ], [ 114.178181462910757, 22.282685918015336 ], [ 114.179775005877005, 22.278825651652564 ], [ 114.1795558582631, 22.278743232836103 ] ] ] } },
{ "type": "Feature", "properties": { "codigo_dcca": "B13", "nombre_en": "Tai Fat Hau", "nombre_zh": "大佛口", "codigo": "B", "distrito_en": "Wan Chai", "distrito_es": "Wan Chai", "region": "Isla de Hong Kong", "area_km2_poligono": 0.7287 }, "geometry": { "type": "Polygon", "coordinates": [ [ [ 114.173530795255431, 22.288341847461677 ], [ 114.170786668065432, 22.281621180594922 ], [ 114.170494417146742, 22.279365036252351 ], [ 114.171773653426072, 22.279233495668368 ], [ 114.171484196443927, 22.276449529582454 ], [ 114.17166316901843, 22.276430643269393 ], [ 114.171061700435644, 22.275457887362617 ], [ 114.170617819146457, 22.27570407341646 ], [ 114.169848719693888, 22.275017207587545 ], [ 114.169895455806028, 22.274285808701272 ], [ 114.168370117569111, 22.274951358111 ], [ 114.16760046324076, 22.274966090339706 ], [ 114.167005489844414, 22.27554012440833 ], [ 114.167405026925877, 22.276132522115152 ], [ 114.167100710949427, 22.276152732811841 ], [ 114.167039711239127, 22.27638943130799 ], [ 114.167173491408349, 22.276741724653473 ], [ 114.168070318811914, 22.277422487169833 ], [ 114.167178347846615, 22.2779429717719 ], [ 114.167225076803533, 22.278529072106636 ], [ 114.168200258325854, 22.279702387467502 ], [ 114.166552166377087, 22.279554143912438 ], [ 114.167708762536265, 22.280872523551427 ], [ 114.167436236027527, 22.282462089626772 ], [ 114.167440016473748, 22.290658696693349 ], [ 114.173530795255431, 22.288341847461677 ] ] ] } },
{ "type": "Feature", "properties": { "codigo_dcca": "B03", "nombre_en": "Canal Road", "nombre_zh": "鵝頸", "codigo": "B", "distrito_en": "Wan Chai", "distrito_es": "Wan Chai", "region": "Isla de Hong Kong", "area_km2_poligono": 0.6797 }, "geometry": { "type": "Polygon", "coordinates": [ [ [ 114.181769328170247, 22.284387120605359 ], [ 114.182025252939383, 22.28132728062748 ], [ 114.183069124530164, 22.279052679020737 ], [ 114.18350504788279, 22.279218978958884 ], [ 114.184070976830895, 22.277897970782409 ], [ 114.184877604483233, 22.278203349953756 ], [ 114.185359072665719, 22.277086342578777 ], [ 114.184699740914027, 22.277384494045759 ], [ 114.184380515666618, 22.276913352633304 ], [ 114.183690752432582, 22.277371378250987 ], [ 114.183098309421993, 22.277095968514285 ], [ 114.182889924866814, 22.277370137944946 ], [ 114.180957098007127, 22.276516388221321 ], [ 114.180981909702339, 22.277009627581812 ], [ 114.180591303615529, 22.277028672794554 ], [ 114.180616771964154, 22.277633562604514 ], [ 114.180026335784277, 22.277479503545933 ], [ 114.1795558582631, 22.278743232836103 ], [ 114.179775005877005, 22.278825651652564 ], [ 114.178181462910757, 22.282685918015336 ], [ 114.174939401132519, 22.288357241309996 ], [ 114.181365112686123, 22.291466594953452 ], [ 114.181353419247344, 22.284531460311932 ], [ 114.181769328170247, 22.284387120605359 ] ] ] } },
{ "type": "Feature", "properties": { "codigo_dcca": "B05", "nombre_en": "Victoria Park", "nombre_zh": "維園", "codigo": "B", "distrito_en": "Wan Chai", "distrito_es": "Wan Chai", "region": "Isla de Hong Kong", "area_km2_poligono": 1.1484 }, "geometry": { "type": "Polygon", "coordinates": [ [ [ 114.189491465665611, 22.28819944336556 ], [ 114.191492381109612, 22.28670014524609 ], [ 114.191945504981476, 22.287416909948853 ], [ 114.192486430077736, 22.286882922670475 ], [ 114.192908544315443, 22.286903200322655 ], [ 114.192928986391593, 22.285345983350243 ], [ 114.192390784434949, 22.283061285611009 ], [ 114.19191523067353, 22.282275665254001 ], [ 114.188355096386928, 22.279862582567969 ], [ 114.187658980736771, 22.279666981717337 ], [ 114.187275190651746, 22.279818477762802 ], [ 114.185840841300063, 22.283789515025827 ], [ 114.183871368032541, 22.282422058255523 ], [ 114.182092038558665, 22.28203903710423 ], [ 114.181794924731918, 22.284347385037723 ], [ 114.181353419247344, 22.284531460311932 ], [ 114.181365112686123, 22.291466594953452 ], [ 114.186327134337503, 22.293867406683674 ], [ 114.189491465665611, 22.28819944336556 ] ] ] } },
{ "type": "Feature", "properties": { "codigo_dcca": "K04", "nombre_en": "Hoi Bun", "nombre_zh": "海濱", "codigo": "K", "distrito_en": "Tsuen Wan", "distrito_es": "Tsuen Wan", "region": "Nuevos Territorios", "area_km2_poligono": 0.2265 }, "geometry": { "type": "Polygon", "coordinates": [ [ [ 114.116210745945452, 22.362534149201963 ], [ 114.11352426757783, 22.360692956657097 ], [ 114.110081593762501, 22.360006336208997 ], [ 114.110092736048173, 22.364239886148738 ], [ 114.112364195440847, 22.364244734949619 ], [ 114.112713505359437, 22.365078275115447 ], [ 114.11332327237605, 22.365003652314847 ], [ 114.116210745945452, 22.362534149201963 ] ] ] } },
{ "type": "Feature", "properties": { "codigo_dcca": "K11", "nombre_en": "Ma Wan", "nombre_zh": "馬灣", "codigo": "K", "distrito_en": "Tsuen Wan", "distrito_es": "Tsuen Wan", "region": "Nuevos Territorios", "area_km2_poligono": 33.3634 }, "geometry": { "type": "Polygon", "coordinates": [ [ [ 114.072437782188587, 22.359698881401538 ], [ 114.072692945212637, 22.312530003529929 ], [ 114.01046456583903, 22.313855144848265 ], [ 114.01009213460523, 22.314018558890822 ], [ 114.010113563282601, 22.314747022979457 ], [ 114.009809899779484, 22.315011342381418 ], [ 114.009233058101401, 22.314431535444065 ], [ 114.0078727819281, 22.314526868469283 ], [ 114.006966157843038, 22.313928928381628 ], [ 113.994600047508456, 22.314189148761304 ], [ 113.994581127449905, 22.32463511154652 ], [ 114.029036652607559, 22.353573879768501 ], [ 114.028836856199433, 22.355295558507585 ], [ 114.031851631014021, 22.355820809991378 ], [ 114.033709782844156, 22.356495869773603 ], [ 114.034299116295401, 22.357042285266093 ], [ 114.036340681178473, 22.357340559874384 ], [ 114.037500047995906, 22.358035621240926 ], [ 114.039372184088734, 22.358220577295011 ], [ 114.04040018944886, 22.359470026126356 ], [ 114.042604254242491, 22.360695758122397 ], [ 114.042721655450748, 22.360581808841445 ], [ 114.044958080601262, 22.361331509258175 ], [ 114.045076868274151, 22.360753642979379 ], [ 114.045185509950628, 22.360774239688407 ], [ 114.045173964371443, 22.361364926338727 ], [ 114.047226340943581, 22.360890393369417 ], [ 114.046943127653194, 22.360520935068269 ], [ 114.047139419716544, 22.360385047460692 ], [ 114.050051893642873, 22.361454988876169 ], [ 114.050483831782401, 22.361906446727254 ], [ 114.051166545762968, 22.362237513581839 ], [ 114.051530253391306, 22.362192010691786 ], [ 114.051631570987936, 22.362392702319678 ], [ 114.052389789464442, 22.362141687272263 ], [ 114.052947815491748, 22.36222231538288 ], [ 114.053113722605303, 22.362803574983623 ], [ 114.053817958054339, 22.362973677898669 ], [ 114.055830782087199, 22.364705065131051 ], [ 114.056874371537376, 22.365194546958534 ], [ 114.057058310382104, 22.364797809457979 ], [ 114.056892191406263, 22.365201649127744 ], [ 114.057702061713087, 22.36555181892362 ], [ 114.057931383355395, 22.36498999963386 ], [ 114.058143399159547, 22.365084045633282 ], [ 114.057766309735115, 22.365605877784926 ], [ 114.060064424375398, 22.366319798638603 ], [ 114.060081653884467, 22.359686018252177 ], [ 114.072437782188587, 22.359698881401538 ] ] ] } },
{ "type": "Feature", "properties": { "codigo_dcca": "K02", "nombre_en": "Yeung Uk Road", "nombre_zh": "楊屋道", "codigo": "K", "distrito_en": "Tsuen Wan", "distrito_es": "Tsuen Wan", "region": "Nuevos Territorios", "area_km2_poligono": 0.2138 }, "geometry": { "type": "Polygon", "coordinates": [ [ [ 114.120812200877509, 22.365381693618207 ], [ 114.115695853448997, 22.36802414292551 ], [ 114.115980042236373, 22.368478675633927 ], [ 114.115086639475678, 22.368975359912376 ], [ 114.115858969917412, 22.370181809114602 ], [ 114.11902011754681, 22.368464934784289 ], [ 114.121019790272229, 22.369608893495517 ], [ 114.121418566094718, 22.370223910621391 ], [ 114.123389020372571, 22.370372123176114 ], [ 114.121203386384323, 22.366675522192956 ], [ 114.120812200877509, 22.365381693618207 ] ] ] } },
{ "type": "Feature", "properties": { "codigo_dcca": "K01", "nombre_en": "Tak Wah", "nombre_zh": "德華", "codigo": "K", "distrito_en": "Tsuen Wan", "distrito_es": "Tsuen Wan", "region": "Nuevos Territorios", "area_km2_poligono": 0.2113 }, "geometry": { "type": "Polygon", "coordinates": [ [ [ 114.11902011754681, 22.368464934784289 ], [ 114.114317154704054, 22.371009580677391 ], [ 114.11666379170957, 22.372507903957416 ], [ 114.117524734826048, 22.373519135540626 ], [ 114.119256646170086, 22.37276481759746 ], [ 114.119919382558379, 22.371705373229926 ], [ 114.120818674485747, 22.370856889067486 ], [ 114.121782874493647, 22.370696106136361 ], [ 114.121019790272229, 22.369608893495517 ], [ 114.11902011754681, 22.368464934784289 ] ] ] } },
{ "type": "Feature", "properties": { "codigo_dcca": "K03", "nombre_en": "Tsuen Wan South", "nombre_zh": "荃灣南", "codigo": "K", "distrito_en": "Tsuen Wan", "distrito_es": "Tsuen Wan", "region": "Nuevos Territorios", "area_km2_poligono": 0.414 }, "geometry": { "type": "Polygon", "coordinates": [ [ [ 114.111586812119938, 22.367719654583571 ], [ 114.113253779929792, 22.370508658169033 ], [ 114.114317154704054, 22.371009580677391 ], [ 114.115858969917412, 22.370181809114602 ], [ 114.115086639475678, 22.368975359912376 ], [ 114.115980042236373, 22.368478675633927 ], [ 114.115695853448997, 22.36802414292551 ], [ 114.120812200877509, 22.365381693618207 ], [ 114.120098245969459, 22.364269122846608 ], [ 114.11947912849574, 22.363792733267928 ], [ 114.116210745945452, 22.362534149201998 ], [ 114.113168482729279, 22.365018667999745 ], [ 114.113669032507204, 22.365738033647791 ], [ 114.111586812119938, 22.367719654583571 ] ] ] } },
{ "type": "Feature", "properties": { "codigo_dcca": "K09", "nombre_en": "Fuk Loi", "nombre_zh": "福來", "codigo": "K", "distrito_en": "Tsuen Wan", "distrito_es": "Tsuen Wan", "region": "Nuevos Territorios", "area_km2_poligono": 0.1621 }, "geometry": { "type": "Polygon", "coordinates": [ [ [ 114.117697721817521, 22.373843891568455 ], [ 114.116851229690752, 22.372659442642391 ], [ 114.114317154704054, 22.371009580677388 ], [ 114.112504672651298, 22.37198712993321 ], [ 114.113247946005956, 22.373199004872834 ], [ 114.112439771302107, 22.373638706933498 ], [ 114.112201760945354, 22.373251446137967 ], [ 114.111146107147846, 22.373823358022133 ], [ 114.111985291879463, 22.375140302429525 ], [ 114.114276009456034, 22.374260411538035 ], [ 114.114557334259402, 22.374775639489179 ], [ 114.114994021472825, 22.374932477596683 ], [ 114.116669716839041, 22.373948591904334 ], [ 114.11682567471, 22.374243081207357 ], [ 114.117697721817521, 22.373843891568455 ] ] ] } },
{ "type": "Feature", "properties": { "codigo_dcca": "K05", "nombre_en": "Tsuen Wan West", "nombre_zh": "荃灣西", "codigo": "K", "distrito_en": "Tsuen Wan", "distrito_es": "Tsuen Wan", "region": "Nuevos Territorios", "area_km2_poligono": 1.2979 }, "geometry": { "type": "Polygon", "coordinates": [ [ [ 114.108711101173284, 22.370449357683469 ], [ 114.113669032507204, 22.365738033647791 ], [ 114.113168482729279, 22.365018667999745 ], [ 114.112713505359437, 22.365078275115479 ], [ 114.112364195440861, 22.364244734949605 ], [ 114.110092736048188, 22.364239886148773 ], [ 114.11009405667572, 22.364740214728354 ], [ 114.09869072568253, 22.364775172894849 ], [ 114.098575270317951, 22.368223073535265 ], [ 114.098276935268984, 22.368579508674337 ], [ 114.096552225236735, 22.368572749042084 ], [ 114.098148489417525, 22.368770685889643 ], [ 114.099813401780239, 22.370771966336417 ], [ 114.103573833271724, 22.373606381778934 ], [ 114.105314815807589, 22.37453540854769 ], [ 114.106091875880679, 22.375369574829179 ], [ 114.110556075341265, 22.375526410585003 ], [ 114.111985291879463, 22.375140302429525 ], [ 114.109518015699834, 22.371223160415024 ], [ 114.108711101173284, 22.370449357683469 ] ] ] } },
{ "type": "Feature", "properties": { "codigo_dcca": "K08", "nombre_en": "Discovery Park", "nombre_zh": "愉景", "codigo": "K", "distrito_en": "Tsuen Wan", "distrito_es": "Tsuen Wan", "region": "Nuevos Territorios", "area_km2_poligono": 0.1687 }, "geometry": { "type": "Polygon", "coordinates": [ [ [ 114.118364703927739, 22.37460873083084 ], [ 114.117697721817521, 22.373843891568455 ], [ 114.11682567471, 22.374243081207357 ], [ 114.116669716839041, 22.373948591904334 ], [ 114.115109822588849, 22.374906116540807 ], [ 114.114624344104485, 22.374835519608251 ], [ 114.114276009456034, 22.374260411538035 ], [ 114.110556075341265, 22.375526410585003 ], [ 114.110617240546972, 22.376464526772644 ], [ 114.110402724571287, 22.377169587479003 ], [ 114.10874622061182, 22.37747584649253 ], [ 114.108536460848626, 22.378579739711849 ], [ 114.108997658737152, 22.378421466088639 ], [ 114.109250350779377, 22.379109977687804 ], [ 114.110012859853612, 22.378877740340737 ], [ 114.113315437707527, 22.376473663622573 ], [ 114.117311454251194, 22.374768060802964 ], [ 114.118364703927739, 22.37460873083084 ] ] ] } },
{ "type": "Feature", "properties": { "codigo_dcca": "K07", "nombre_en": "Tsuen Wan Centre", "nombre_zh": "荃灣中心", "codigo": "K", "distrito_en": "Tsuen Wan", "distrito_es": "Tsuen Wan", "region": "Nuevos Territorios", "area_km2_poligono": 0.1415 }, "geometry": { "type": "Polygon", "coordinates": [ [ [ 114.109250350779377, 22.379109977687804 ], [ 114.108997658737152, 22.378421466088639 ], [ 114.108536460848626, 22.378579739711849 ], [ 114.10870432306524, 22.377553491373028 ], [ 114.110402724571287, 22.377169587479003 ], [ 114.110617240546972, 22.376464526772644 ], [ 114.110556075341265, 22.375526410585003 ], [ 114.106664372531384, 22.37551554970101 ], [ 114.106050967196808, 22.376850265241458 ], [ 114.105415750923001, 22.376643990815953 ], [ 114.105521279000413, 22.377347975827035 ], [ 114.106729301448681, 22.378018035831719 ], [ 114.106912420694243, 22.378508102267151 ], [ 114.106743713385868, 22.378944167436465 ], [ 114.107929457644886, 22.379463263552893 ], [ 114.109250350779377, 22.379109977687804 ] ] ] } },
{ "type": "Feature", "properties": { "codigo_dcca": "K18", "nombre_en": "Lei Muk Shue West", "nombre_zh": "梨木樹西", "codigo": "K", "distrito_en": "Tsuen Wan", "distrito_es": "Tsuen Wan", "region": "Nuevos Territorios", "area_km2_poligono": 0.0914 }, "geometry": { "type": "Polygon", "coordinates": [ [ [ 114.133454999072526, 22.377646012485339 ], [ 114.132746959505141, 22.377910758738501 ], [ 114.133632537429861, 22.380034372339388 ], [ 114.135529357402604, 22.380373033765103 ], [ 114.135691061969965, 22.379610790261733 ], [ 114.13552200118697, 22.377267054500443 ], [ 114.136133866273198, 22.376997431547231 ], [ 114.136198892808565, 22.376399003761186 ], [ 114.135230073576011, 22.376441029482656 ], [ 114.134652648080817, 22.376975875617624 ], [ 114.134587425238237, 22.377365471718523 ], [ 114.134284223343613, 22.377550554220104 ], [ 114.133767042564401, 22.377131698899269 ], [ 114.133454999072526, 22.377646012485339 ] ] ] } },
{ "type": "Feature", "properties": { "codigo_dcca": "K12", "nombre_en": "Tsuen Wan Rural", "nombre_zh": "荃灣郊區", "codigo": "K", "distrito_en": "Tsuen Wan", "distrito_es": "Tsuen Wan", "region": "Nuevos Territorios", "area_km2_poligono": 4.229 }, "geometry": { "type": "Polygon", "coordinates": [ [ [ 114.047337285776493, 22.380203731573591 ], [ 114.04792824003917, 22.38090620820633 ], [ 114.048233960008645, 22.380500692637625 ], [ 114.048890112982008, 22.378485945917788 ], [ 114.048450853637519, 22.377307043828239 ], [ 114.048757078829112, 22.376020763319563 ], [ 114.049325756888663, 22.376074113171242 ], [ 114.05037594178701, 22.374178646232203 ], [ 114.049272525276493, 22.371974098971041 ], [ 114.049753014287163, 22.371535385996236 ], [ 114.051321875088348, 22.372088293765216 ], [ 114.051830258422086, 22.372024886601093 ], [ 114.051512676942011, 22.370755798645138 ], [ 114.051024919582204, 22.370323833551293 ], [ 114.051089218483042, 22.36999645484984 ], [ 114.05074789470423, 22.369551716035907 ], [ 114.050786686577311, 22.368890775179018 ], [ 114.050547285193872, 22.368736997430133 ], [ 114.051340630070953, 22.367434582031485 ], [ 114.052271418464855, 22.367053950903525 ], [ 114.052331590619701, 22.366689163944677 ], [ 114.051567600308815, 22.366027540003749 ], [ 114.05161276062563, 22.365785394273409 ], [ 114.054064656523281, 22.36684639062744 ], [ 114.057064379642242, 22.367225969440632 ], [ 114.057227980677311, 22.366623582666616 ], [ 114.057939115402974, 22.366449582567274 ], [ 114.05823171571565, 22.366021253498744 ], [ 114.059603432392905, 22.367339264891488 ], [ 114.060064424375398, 22.366319798638603 ], [ 114.057766309735115, 22.365605877784926 ], [ 114.058143399159547, 22.365084045633282 ], [ 114.057931383355395, 22.36498999963386 ], [ 114.057702061713087, 22.36555181892362 ], [ 114.056892191406263, 22.365201649127744 ], [ 114.057100072214624, 22.364817003134782 ], [ 114.057058310382104, 22.364797809457979 ], [ 114.056874371537376, 22.365194546958534 ], [ 114.055830782087199, 22.364705065131051 ], [ 114.053817958054339, 22.362973677898669 ], [ 114.053113722605303, 22.362803574983623 ], [ 114.052947815491748, 22.36222231538288 ], [ 114.052389789464442, 22.362141687272263 ], [ 114.051631570987936, 22.362392702319678 ], [ 114.051530253391306, 22.362192010691786 ], [ 114.051166545762968, 22.362237513581839 ], [ 114.050483831782401, 22.361906446727254 ], [ 114.050051893642873, 22.361454988876169 ], [ 114.047139419716544, 22.360385047460692 ], [ 114.046943127653194, 22.360520935068269 ], [ 114.047226340943581, 22.360890393369417 ], [ 114.045173964371443, 22.361364926338727 ], [ 114.045185509950628, 22.360774239688407 ], [ 114.044958080601262, 22.361331509258175 ], [ 114.042721655450748, 22.360581808841445 ], [ 114.042604254242491, 22.360695758122397 ], [ 114.04040018944886, 22.359470026126356 ], [ 114.039372184088734, 22.358220577295011 ], [ 114.037500047995906, 22.358035621240926 ], [ 114.036340681178473, 22.357340559874384 ], [ 114.034299116295401, 22.357042285266093 ], [ 114.033709782844156, 22.356495869773603 ], [ 114.031851631014021, 22.355820809991378 ], [ 114.028836856199433, 22.355295558507585 ], [ 114.028442528199776, 22.358693512335858 ], [ 114.028618936562111, 22.359196403422054 ], [ 114.029841853032778, 22.360391028900725 ], [ 114.030500479045443, 22.360742687241622 ], [ 114.031553521607805, 22.362047571340604 ], [ 114.033546030150191, 22.362370472546868 ], [ 114.034003260912797, 22.362666788844351 ], [ 114.034938892141213, 22.364104413301227 ], [ 114.034947782502456, 22.364625003720136 ], [ 114.03452859054994, 22.365152993641654 ], [ 114.035006269420322, 22.3660348641172 ], [ 114.036212593704121, 22.36661701258048 ], [ 114.039835216672174, 22.367651702701512 ], [ 114.040314383567164, 22.368295180015174 ], [ 114.040236174592593, 22.369818210639465 ], [ 114.037386186617297, 22.36937510905053 ], [ 114.035541938120289, 22.369957052724821 ], [ 114.034600772848336, 22.370663679136133 ], [ 114.033970445639426, 22.374741873314516 ], [ 114.030487085146646, 22.374766574653378 ], [ 114.032044065358249, 22.377434775194089 ], [ 114.03232077940568, 22.378638997010054 ], [ 114.033629579785909, 22.378323677455985 ], [ 114.033427112959728, 22.377786489920069 ], [ 114.033554748723063, 22.377589322489666 ], [ 114.034454979529826, 22.377828522554783 ], [ 114.036018340289601, 22.377854327182362 ], [ 114.036644534529984, 22.378672005573495 ], [ 114.036235436497506, 22.379767936224567 ], [ 114.035421180582048, 22.380626461265038 ], [ 114.036183873979297, 22.38059085956932 ], [ 114.036729538301273, 22.380173401144411 ], [ 114.038238949044867, 22.380687363041119 ], [ 114.038863681139517, 22.381191997943017 ], [ 114.040377664514551, 22.381108900879571 ], [ 114.040633758013655, 22.380624088115194 ], [ 114.0410259005901, 22.380457533964382 ], [ 114.042497871828559, 22.380340752131456 ], [ 114.043166557772921, 22.38066107625319 ], [ 114.04375373690992, 22.380146586497556 ], [ 114.044641658962135, 22.379955388973105 ], [ 114.045265289842007, 22.379493968646898 ], [ 114.046499997090407, 22.379683308265935 ], [ 114.047337285776493, 22.380203731573591 ] ] ] } },
{ "type": "Feature", "properties": { "codigo_dcca": "K19", "nombre_en": "Lei Muk Shue East", "nombre_zh": "梨木樹東", "codigo": "K", "distrito_en": "Tsuen Wan", "distrito_es": "Tsuen Wan", "region": "Nuevos Territorios", "area_km2_poligono": 0.6809 }, "geometry": { "type": "Polygon", "coordinates": [ [ [ 114.136562511438726, 22.376595436430854 ], [ 114.136355982112349, 22.372563099108866 ], [ 114.136039414432972, 22.372043700709174 ], [ 114.134680198905656, 22.370933960239501 ], [ 114.134467446105646, 22.36980249593417 ], [ 114.133941956602541, 22.370005652968398 ], [ 114.132779938511106, 22.369506521119234 ], [ 114.130782765954294, 22.370716156360039 ], [ 114.129862362472622, 22.370945420971317 ], [ 114.123389020372557, 22.370372123176068 ], [ 114.123247102729167, 22.37228425565236 ], [ 114.124180512573659, 22.372996782046307 ], [ 114.124954534106735, 22.373114627608047 ], [ 114.125238360836434, 22.373976104621999 ], [ 114.125615968433877, 22.3742269933839 ], [ 114.127069420132159, 22.372869029131049 ], [ 114.127628018177859, 22.373060159570567 ], [ 114.127870492558628, 22.372826080436159 ], [ 114.130028399530076, 22.373140674407583 ], [ 114.130405406784718, 22.373434997746589 ], [ 114.132338755004795, 22.37707128653409 ], [ 114.133285305907648, 22.37696327704024 ], [ 114.133454999072526, 22.377646012485339 ], [ 114.133767042564401, 22.377131698899269 ], [ 114.134284223343613, 22.377550554220104 ], [ 114.135138817069844, 22.376482690917399 ], [ 114.136198892808565, 22.376399003761186 ], [ 114.136133866273198, 22.376997431547231 ], [ 114.13552200118697, 22.377267054500443 ], [ 114.135691061969965, 22.379610790261733 ], [ 114.135529357402604, 22.380373033765103 ], [ 114.134346359926283, 22.380229539429671 ], [ 114.133940316592145, 22.380427552976528 ], [ 114.133630881201384, 22.380932845881699 ], [ 114.134383286341091, 22.381322468331405 ], [ 114.135042996357626, 22.381533593116384 ], [ 114.135234613132624, 22.381193507821337 ], [ 114.136043020379191, 22.380893629340616 ], [ 114.135994683544396, 22.380425510872787 ], [ 114.136841144152854, 22.380311106894691 ], [ 114.137380747811051, 22.379763944382365 ], [ 114.137466203327548, 22.379086025541476 ], [ 114.136562511438726, 22.376595436430854 ] ] ] } },
{ "type": "Feature", "properties": { "codigo_dcca": "K16", "nombre_en": "Cheung Shek", "nombre_zh": "象石", "codigo": "K", "distrito_en": "Tsuen Wan", "distrito_es": "Tsuen Wan", "region": "Nuevos Territorios", "area_km2_poligono": 1.0016 }, "geometry": { "type": "Polygon", "coordinates": [ [ [ 114.12415410579159, 22.388128436171623 ], [ 114.124740939100562, 22.387256278413325 ], [ 114.125231257986286, 22.38739285055502 ], [ 114.125694187458691, 22.38704179176532 ], [ 114.126334734940059, 22.387031472457387 ], [ 114.126134116806085, 22.386082835151196 ], [ 114.126294143440276, 22.385313882428772 ], [ 114.126505538569262, 22.385025739331361 ], [ 114.127285147029298, 22.384888734173391 ], [ 114.127341799787942, 22.383264359637167 ], [ 114.12766940544472, 22.383163751158648 ], [ 114.129036949206736, 22.383643058531828 ], [ 114.130228194690488, 22.383057957419901 ], [ 114.130572106487023, 22.383265351747145 ], [ 114.130867073194949, 22.382219006047549 ], [ 114.131562362948245, 22.381402942165003 ], [ 114.132222487172726, 22.380058913945369 ], [ 114.131849577652687, 22.37984813757631 ], [ 114.131997107045677, 22.379262846955772 ], [ 114.131599187671881, 22.378718827612872 ], [ 114.128785316810493, 22.377581389238195 ], [ 114.127722711577221, 22.377779452837149 ], [ 114.12657038038455, 22.37733515827173 ], [ 114.126359439443888, 22.376961987331107 ], [ 114.126751740610374, 22.376393095644509 ], [ 114.125705431051941, 22.375990061039598 ], [ 114.125367191282294, 22.376295835882328 ], [ 114.124933928249419, 22.376262356791283 ], [ 114.124425217023756, 22.375613078426184 ], [ 114.123974694139974, 22.376731498296895 ], [ 114.123401658428463, 22.376512554585641 ], [ 114.123348062294767, 22.377090084277203 ], [ 114.123940317345088, 22.377588962726826 ], [ 114.12426962002769, 22.379836333504912 ], [ 114.123906366865356, 22.379936870210283 ], [ 114.123565257897326, 22.3795818225346 ], [ 114.122811788813351, 22.379736653914506 ], [ 114.122366577414127, 22.379215958123016 ], [ 114.121239936639242, 22.379152830852735 ], [ 114.119596285373106, 22.378719770569184 ], [ 114.119388129276729, 22.378386381723836 ], [ 114.119257050027301, 22.379076931188123 ], [ 114.119805515478248, 22.379981830439064 ], [ 114.118670496910838, 22.381868814646321 ], [ 114.119583976663108, 22.381979141254039 ], [ 114.120183042474949, 22.381814825058246 ], [ 114.120661796520494, 22.382206916626672 ], [ 114.120405543103402, 22.383285911466515 ], [ 114.120811004459014, 22.384367276494295 ], [ 114.120821949154632, 22.385068174954611 ], [ 114.120578698120696, 22.385533586653256 ], [ 114.120820859356527, 22.38628640042268 ], [ 114.121857690666602, 22.38707332314652 ], [ 114.121923737200405, 22.387631169571435 ], [ 114.122382636264803, 22.388078010111577 ], [ 114.123329242181356, 22.388370752142858 ], [ 114.12415410579159, 22.388128436171623 ] ] ] } },
{ "type": "Feature", "properties": { "codigo_dcca": "K13", "nombre_en": "Ting Sham", "nombre_zh": "汀深", "codigo": "K", "distrito_en": "Tsuen Wan", "distrito_es": "Tsuen Wan", "region": "Nuevos Territorios", "area_km2_poligono": 9.8798 }, "geometry": { "type": "Polygon", "coordinates": [ [ [ 114.091435853918327, 22.399280175161039 ], [ 114.09146917096372, 22.398839910802732 ], [ 114.091142904011178, 22.398397117345386 ], [ 114.090212269652341, 22.398235860515861 ], [ 114.089400770254187, 22.397433253505881 ], [ 114.088690682573386, 22.39728260949791 ], [ 114.08905227356189, 22.397130642274902 ], [ 114.088382283760268, 22.396722414621649 ], [ 114.086125188443546, 22.393474364650789 ], [ 114.085504681383128, 22.39308371704151 ], [ 114.085605273782022, 22.391780599733369 ], [ 114.085091003295048, 22.390058200289975 ], [ 114.08391358445617, 22.389366748499846 ], [ 114.082381228583287, 22.389309591820926 ], [ 114.082250089192385, 22.38891444852943 ], [ 114.082446179403632, 22.388366808559542 ], [ 114.082119774987689, 22.387301658833803 ], [ 114.081725892600673, 22.386799484880715 ], [ 114.081220052262836, 22.386478549371404 ], [ 114.080663118617665, 22.38728552875325 ], [ 114.0800423279955, 22.387422575735599 ], [ 114.076964320311163, 22.387023732474141 ], [ 114.074654817955334, 22.387144436747928 ], [ 114.072856081596157, 22.38469272629224 ], [ 114.072220077576873, 22.382116814173365 ], [ 114.071522714635265, 22.380579070194379 ], [ 114.070798677168256, 22.379613740895849 ], [ 114.070781703394701, 22.379089011616053 ], [ 114.069457103690141, 22.377807728067399 ], [ 114.068311391586278, 22.376104440062555 ], [ 114.069116203150784, 22.375791392996224 ], [ 114.070201702459059, 22.375938153495746 ], [ 114.070034929770088, 22.375576488576289 ], [ 114.070583953042231, 22.375027252486195 ], [ 114.072010425972366, 22.374216871655523 ], [ 114.072678312175512, 22.374202718595832 ], [ 114.073577475037226, 22.373701233848937 ], [ 114.074183560670576, 22.373747322898794 ], [ 114.074877041373796, 22.374156880109346 ], [ 114.075086168215734, 22.373250888993102 ], [ 114.07708600633147, 22.371953743095471 ], [ 114.077937164003401, 22.372455721510619 ], [ 114.079120257047876, 22.372548154160576 ], [ 114.079829014214596, 22.373455985773255 ], [ 114.079989104299983, 22.372703107427693 ], [ 114.080380544135792, 22.372258967068923 ], [ 114.081627260105094, 22.372015014124134 ], [ 114.081699156666772, 22.371748014691217 ], [ 114.082204422664645, 22.371606351016077 ], [ 114.083088479412041, 22.370721819574978 ], [ 114.083975978567011, 22.370383460593622 ], [ 114.08596649227357, 22.370143682908324 ], [ 114.086811175037852, 22.369679615424378 ], [ 114.087416692036712, 22.369896575431774 ], [ 114.088174765259566, 22.369348252260451 ], [ 114.088704086930065, 22.369420641092148 ], [ 114.089065845680054, 22.367538323921519 ], [ 114.09106716599095, 22.367582887740983 ], [ 114.092530556011724, 22.368397488153811 ], [ 114.094170198922967, 22.368158961474531 ], [ 114.095986766797409, 22.368530085700968 ], [ 114.098276935268998, 22.368579508674301 ], [ 114.098575270317951, 22.368223073535265 ], [ 114.098690725682488, 22.364775172894845 ], [ 114.078986178854336, 22.364833688785509 ], [ 114.072425482552191, 22.361972022249596 ], [ 114.072437782188587, 22.359698881401538 ], [ 114.060081653884467, 22.359686018252177 ], [ 114.060064424375398, 22.366319798638603 ], [ 114.059603432392905, 22.367339264891488 ], [ 114.05823171571565, 22.366021253498744 ], [ 114.057939115402974, 22.366449582567274 ], [ 114.057227980677311, 22.366623582666616 ], [ 114.057064379642242, 22.367225969440632 ], [ 114.054064656523281, 22.36684639062744 ], [ 114.05161276062563, 22.365785394273409 ], [ 114.051567600308815, 22.366027540003749 ], [ 114.052331590619701, 22.366689163944677 ], [ 114.052271418464855, 22.367053950903525 ], [ 114.051340630070953, 22.367434582031485 ], [ 114.050547285193872, 22.368736997430133 ], [ 114.050786686577311, 22.368890775179018 ], [ 114.05074789470423, 22.369551716035907 ], [ 114.051089218483042, 22.36999645484984 ], [ 114.051024919582204, 22.370323833551293 ], [ 114.051512676942011, 22.370755798645138 ], [ 114.051830258422086, 22.372024886601093 ], [ 114.051321875088348, 22.372088293765216 ], [ 114.049753014287163, 22.371535385996236 ], [ 114.049272525276493, 22.371974098971041 ], [ 114.05037594178701, 22.374178646232203 ], [ 114.049325756888663, 22.376074113171242 ], [ 114.048757078829112, 22.376020763319563 ], [ 114.048450853637519, 22.377307043828239 ], [ 114.048890112982008, 22.378485945917788 ], [ 114.048233960008645, 22.380500692637625 ], [ 114.04792824003917, 22.38090620820633 ], [ 114.047568119930702, 22.380630201373702 ], [ 114.047226465946977, 22.381910174237522 ], [ 114.046116966040074, 22.383670257517259 ], [ 114.045930630566701, 22.38433723543109 ], [ 114.046242071702579, 22.384880446241162 ], [ 114.048374618795691, 22.386331549649718 ], [ 114.049975925508264, 22.385365989513804 ], [ 114.051934285160257, 22.38550748624295 ], [ 114.051860093101766, 22.385000591823079 ], [ 114.05323681026303, 22.384108216372773 ], [ 114.054664153080225, 22.384045789022338 ], [ 114.055579503403706, 22.384912530428274 ], [ 114.058526715410977, 22.385279906380823 ], [ 114.060057673103174, 22.384875774760012 ], [ 114.063469542411312, 22.38506614464297 ], [ 114.06466814436412, 22.384877863245432 ], [ 114.064987129146388, 22.386183597592716 ], [ 114.064896895655892, 22.388213710410255 ], [ 114.064581966626619, 22.389654417502605 ], [ 114.065154364516587, 22.390222100937777 ], [ 114.066145919104443, 22.390543871129974 ], [ 114.065830609748716, 22.391702385866989 ], [ 114.066047944811686, 22.391832619263731 ], [ 114.066936870199029, 22.391236598534896 ], [ 114.067432053661705, 22.392014171501415 ], [ 114.068185551768963, 22.392585100107688 ], [ 114.069227680976852, 22.392673410786045 ], [ 114.069121611081741, 22.393160309939965 ], [ 114.069329633804628, 22.393385163333772 ], [ 114.070288974889493, 22.392846379299083 ], [ 114.070587191935886, 22.392372708950703 ], [ 114.070951331104865, 22.392814620571738 ], [ 114.071586437684786, 22.39296373137541 ], [ 114.071925861997329, 22.392505906802931 ], [ 114.072393135667596, 22.392962791413002 ], [ 114.073636202657298, 22.393326579455081 ], [ 114.073641053012423, 22.393702097883558 ], [ 114.073983474560166, 22.39321593321662 ], [ 114.074183046660224, 22.393613031830281 ], [ 114.07333212172378, 22.394793263519851 ], [ 114.0742423730741, 22.396324784065129 ], [ 114.07548183414228, 22.396660244980865 ], [ 114.077077296996606, 22.396427265936172 ], [ 114.078259266868201, 22.396898010185851 ], [ 114.078424924688832, 22.397253957872199 ], [ 114.079349497994727, 22.396955897401618 ], [ 114.080771901247701, 22.397473527986183 ], [ 114.081084381934602, 22.397660870401229 ], [ 114.081232606016613, 22.398215873167505 ], [ 114.082428283963566, 22.398707744455876 ], [ 114.082639611046233, 22.399780175969976 ], [ 114.083249018884644, 22.400448091195429 ], [ 114.084500534859643, 22.400808847591719 ], [ 114.084854943411742, 22.401542190335441 ], [ 114.085307058031177, 22.401782062060789 ], [ 114.086422861208462, 22.402006817739935 ], [ 114.087978677776306, 22.401357981359389 ], [ 114.088382154163071, 22.401532247340199 ], [ 114.089214905852927, 22.401397785196338 ], [ 114.089433010587015, 22.400604565152435 ], [ 114.090347538061408, 22.399479342261756 ], [ 114.091435853918327, 22.399280175161039 ] ] ] } },
{ "type": "Feature", "properties": { "codigo_dcca": "K14", "nombre_en": "Lai To", "nombre_zh": "麗濤", "codigo": "K", "distrito_en": "Tsuen Wan", "distrito_es": "Tsuen Wan", "region": "Nuevos Territorios", "area_km2_poligono": 9.4037 }, "geometry": { "type": "Polygon", "coordinates": [ [ [ 114.105263331622609, 22.405626937172471 ], [ 114.104726292111792, 22.405002546907546 ], [ 114.105155319833614, 22.404614679316087 ], [ 114.105051241357785, 22.404172671693782 ], [ 114.104726775933898, 22.404064739303582 ], [ 114.104008061367594, 22.404344678527163 ], [ 114.103776411091275, 22.404053530189035 ], [ 114.103950521091647, 22.403557753321671 ], [ 114.104924536011083, 22.402652710703965 ], [ 114.106385051244828, 22.402254512818679 ], [ 114.10664046076262, 22.401381492178015 ], [ 114.108599765571526, 22.400088784205952 ], [ 114.109040943963365, 22.398482831994336 ], [ 114.109829208346824, 22.398105875227504 ], [ 114.110014880262284, 22.397599313773377 ], [ 114.109655877026555, 22.397038632656074 ], [ 114.109552023290874, 22.396111554057601 ], [ 114.109007656834024, 22.3954322236469 ], [ 114.107756243218546, 22.394989731954865 ], [ 114.104557075065287, 22.396055504554639 ], [ 114.103537893060505, 22.394783063127072 ], [ 114.102529667706207, 22.394728699918915 ], [ 114.102182189433009, 22.394351263437553 ], [ 114.102380196433828, 22.39249728337602 ], [ 114.102160534194567, 22.391494687342309 ], [ 114.102346072205663, 22.391311516788122 ], [ 114.102821150485852, 22.391441096933654 ], [ 114.102832376326859, 22.392120205330762 ], [ 114.103295719541308, 22.392540813910735 ], [ 114.10411857984316, 22.392454953664352 ], [ 114.104830144952416, 22.390928167850703 ], [ 114.104405633707159, 22.390137483578386 ], [ 114.104823158730255, 22.389483716537761 ], [ 114.104839058507991, 22.388628552218933 ], [ 114.105619104489719, 22.388285060779928 ], [ 114.10604269367002, 22.387292838465832 ], [ 114.106471230955378, 22.38697291178266 ], [ 114.105785497535862, 22.386966633840899 ], [ 114.105428550646963, 22.387391091427531 ], [ 114.104753471802752, 22.387207517735238 ], [ 114.104300363735703, 22.38621281174866 ], [ 114.104505818279918, 22.385672291956542 ], [ 114.103424911891963, 22.38533053284085 ], [ 114.10274519328442, 22.385405582610577 ], [ 114.102355294492583, 22.384715002575046 ], [ 114.102002247523416, 22.384919895574178 ], [ 114.101616579530372, 22.385652976501031 ], [ 114.101238199014432, 22.384770771614988 ], [ 114.099848151565027, 22.385371412933715 ], [ 114.099622690030841, 22.384847878749689 ], [ 114.100383359505173, 22.384478828708531 ], [ 114.101047600190668, 22.383697568098647 ], [ 114.101403859328556, 22.383637284319263 ], [ 114.101701923002864, 22.382854919631615 ], [ 114.102895756004202, 22.382941702069147 ], [ 114.10412831853111, 22.382200331325794 ], [ 114.103689970302085, 22.381095818568262 ], [ 114.102999475770616, 22.381131888895897 ], [ 114.103001907319353, 22.38025933400143 ], [ 114.102549777859466, 22.379754925947651 ], [ 114.102606937930176, 22.378827932951776 ], [ 114.102295883447894, 22.377409248237289 ], [ 114.102626522035564, 22.377053669784388 ], [ 114.102203215562255, 22.375726069146335 ], [ 114.102993174345428, 22.374376521271191 ], [ 114.105098501065854, 22.374839000421098 ], [ 114.105314815807589, 22.374535408547676 ], [ 114.103573833271724, 22.373606381778913 ], [ 114.09981340178021, 22.370771966336381 ], [ 114.098255537243617, 22.368853800737163 ], [ 114.094170198922967, 22.368158961474531 ], [ 114.092530556011724, 22.368397488153811 ], [ 114.09106716599095, 22.367582887740983 ], [ 114.089065845680054, 22.367538323921519 ], [ 114.088704086930065, 22.369420641092148 ], [ 114.088174765259566, 22.369348252260451 ], [ 114.087416692036712, 22.369896575431774 ], [ 114.086811175037852, 22.369679615424378 ], [ 114.08596649227357, 22.370143682908324 ], [ 114.083975978567011, 22.370383460593622 ], [ 114.083088479412041, 22.370721819574978 ], [ 114.082204422664645, 22.371606351016077 ], [ 114.081699156666772, 22.371748014691217 ], [ 114.081627260105094, 22.372015014124134 ], [ 114.080380544135792, 22.372258967068923 ], [ 114.079989104299983, 22.372703107427693 ], [ 114.079829014214596, 22.373455985773255 ], [ 114.079120257047876, 22.372548154160576 ], [ 114.077937164003401, 22.372455721510619 ], [ 114.07708600633147, 22.371953743095471 ], [ 114.075086168215734, 22.373250888993102 ], [ 114.074877041373796, 22.374156880109346 ], [ 114.074183560670576, 22.373747322898794 ], [ 114.073577475037226, 22.373701233848937 ], [ 114.072678312175512, 22.374202718595832 ], [ 114.072010425972366, 22.374216871655523 ], [ 114.070583953042231, 22.375027252486195 ], [ 114.070034929770088, 22.375576488576289 ], [ 114.070201702459059, 22.375938153495746 ], [ 114.069116203150784, 22.375791392996224 ], [ 114.068311391586278, 22.376104440062555 ], [ 114.069457103690141, 22.377807728067399 ], [ 114.070781703394701, 22.379089011616053 ], [ 114.070798677168256, 22.379613740895849 ], [ 114.071522714635265, 22.380579070194379 ], [ 114.072220077576873, 22.382116814173365 ], [ 114.072856081596157, 22.38469272629224 ], [ 114.074654817955334, 22.387144436747928 ], [ 114.076964320311163, 22.387023732474141 ], [ 114.0800423279955, 22.387422575735599 ], [ 114.080663118617665, 22.38728552875325 ], [ 114.081220052262836, 22.386478549371404 ], [ 114.082119774987689, 22.387301658833803 ], [ 114.082479596100782, 22.388565318635525 ], [ 114.082250089192385, 22.38891444852943 ], [ 114.082381228583287, 22.389309591820926 ], [ 114.08391358445617, 22.389366748499846 ], [ 114.085091003295048, 22.390058200289975 ], [ 114.085605273782022, 22.391780599733369 ], [ 114.085684628646675, 22.392485854683354 ], [ 114.085483254534353, 22.39304560524306 ], [ 114.086125188443546, 22.393474364650789 ], [ 114.088382283760268, 22.396722414621649 ], [ 114.08905227356189, 22.397130642274902 ], [ 114.088690682573386, 22.39728260949791 ], [ 114.089400770254187, 22.397433253505881 ], [ 114.090212269652341, 22.398235860515861 ], [ 114.091142904011178, 22.398397117345386 ], [ 114.091576959788213, 22.399458927063829 ], [ 114.092225385823426, 22.399365522079766 ], [ 114.093284424741142, 22.39977261679654 ], [ 114.093623969046845, 22.40021310994079 ], [ 114.094959744362583, 22.400845827373296 ], [ 114.095152669845447, 22.401370127235065 ], [ 114.096011215044769, 22.402114174925167 ], [ 114.096100368693925, 22.402668565468954 ], [ 114.096838283906308, 22.402943062000897 ], [ 114.096848402912187, 22.403521217339797 ], [ 114.097438743758616, 22.403743802996296 ], [ 114.097640959938317, 22.404366328976771 ], [ 114.099415620828822, 22.405813376926911 ], [ 114.100243980353071, 22.406986705980803 ], [ 114.100650635981054, 22.407052369215002 ], [ 114.10078125500992, 22.407334561322092 ], [ 114.101537287376161, 22.407177549940332 ], [ 114.102076825917507, 22.407549152221758 ], [ 114.103181732562291, 22.407304093322384 ], [ 114.104443605979384, 22.407406301562077 ], [ 114.105340434158393, 22.406577286171988 ], [ 114.105263331622609, 22.405626937172471 ] ] ] } },
{ "type": "Feature", "properties": { "codigo_dcca": "K15", "nombre_en": "Allway", "nombre_zh": "荃威", "codigo": "K", "distrito_en": "Tsuen Wan", "distrito_es": "Tsuen Wan", "region": "Nuevos Territorios", "area_km2_poligono": 8.1852 }, "geometry": { "type": "Polygon", "coordinates": [ [ [ 114.124628810086264, 22.412378467305981 ], [ 114.124998676213679, 22.411415132542341 ], [ 114.125376284519277, 22.411330493041017 ], [ 114.125714948985106, 22.410918900489662 ], [ 114.125793441067771, 22.409889684166366 ], [ 114.125494028934611, 22.409792719254867 ], [ 114.125338288056284, 22.408436497518256 ], [ 114.126458089075868, 22.408109910442771 ], [ 114.127135036564113, 22.408291750319307 ], [ 114.126627716225002, 22.407068611831242 ], [ 114.126159153574505, 22.40668098515247 ], [ 114.127305021411132, 22.406172769930961 ], [ 114.128672401116233, 22.405156051256366 ], [ 114.128828767618316, 22.404774667639604 ], [ 114.128379823124277, 22.40413882279551 ], [ 114.128536242326831, 22.403575818046551 ], [ 114.130665566836598, 22.401451355881093 ], [ 114.132091998683975, 22.398709121033008 ], [ 114.131643962781368, 22.395276157917305 ], [ 114.131214630240095, 22.394440534730347 ], [ 114.130493030674828, 22.391661361577093 ], [ 114.128247887181942, 22.390334797694074 ], [ 114.12668586369422, 22.390007380214772 ], [ 114.127857748739828, 22.389208565931735 ], [ 114.128306876220975, 22.389172371546056 ], [ 114.128502316701741, 22.388663858566417 ], [ 114.129908249721097, 22.388609782437953 ], [ 114.130240452799626, 22.387828865295571 ], [ 114.129576714336324, 22.3873745912869 ], [ 114.129323391913474, 22.385830650793579 ], [ 114.129928925460874, 22.385158794369097 ], [ 114.130436589168994, 22.385195261520192 ], [ 114.131276582206311, 22.384051225040917 ], [ 114.132172754192439, 22.383884401271082 ], [ 114.13213155034164, 22.383679415129446 ], [ 114.131513319367798, 22.383042744889021 ], [ 114.130725370151225, 22.383310421680598 ], [ 114.130228194690488, 22.383057957419911 ], [ 114.129036949206736, 22.383643058531845 ], [ 114.127455226220434, 22.383183616287507 ], [ 114.127278589811752, 22.383415691816175 ], [ 114.12744778046256, 22.384333081861932 ], [ 114.127285147029298, 22.384888734173391 ], [ 114.126505538569262, 22.385025739331361 ], [ 114.126294143440276, 22.385313882428761 ], [ 114.126134116806085, 22.386082835151175 ], [ 114.126334734940031, 22.387031472457387 ], [ 114.125694187458691, 22.38704179176532 ], [ 114.125231257986286, 22.38739285055501 ], [ 114.124740939100533, 22.387256278413297 ], [ 114.124202497429351, 22.388094433974207 ], [ 114.123470475458475, 22.388370193755389 ], [ 114.122456745389741, 22.388111014483538 ], [ 114.121892739113505, 22.387585681369437 ], [ 114.121857690666587, 22.387073323146506 ], [ 114.120820859356513, 22.386286400422673 ], [ 114.120599968000704, 22.385620810787817 ], [ 114.120826173294958, 22.384461587455931 ], [ 114.120407631245911, 22.383164505881133 ], [ 114.12066179652048, 22.382206916626664 ], [ 114.120183042474949, 22.381814825058225 ], [ 114.119583976663094, 22.381979141254032 ], [ 114.118670496910823, 22.38186881464631 ], [ 114.119805515478262, 22.379981830439046 ], [ 114.119256027336732, 22.378919330105798 ], [ 114.119488982677225, 22.378206877298709 ], [ 114.120054240485331, 22.378116979083984 ], [ 114.120024994433635, 22.376871623086981 ], [ 114.11975042292012, 22.376618012465588 ], [ 114.119003512536537, 22.376531975307675 ], [ 114.118371314681994, 22.376960580781532 ], [ 114.117608397441941, 22.376998493444361 ], [ 114.117119201898348, 22.376562175323937 ], [ 114.117662858646355, 22.3759005728141 ], [ 114.118818021866304, 22.375763808330067 ], [ 114.120228922833405, 22.376199064732287 ], [ 114.120396886830108, 22.375904728180707 ], [ 114.119922361911023, 22.375434839046029 ], [ 114.119999985969116, 22.374923900928863 ], [ 114.118364703927739, 22.37460873083084 ], [ 114.117311454251194, 22.374768060802964 ], [ 114.113315437707527, 22.376473663622573 ], [ 114.110233226732745, 22.378783010696672 ], [ 114.107929457644886, 22.379463263552893 ], [ 114.106743713385868, 22.378944167436465 ], [ 114.106912420694243, 22.378508102267151 ], [ 114.106729301448681, 22.378018035831719 ], [ 114.10567504717848, 22.377479726633386 ], [ 114.105360026365602, 22.377041887281496 ], [ 114.105415750923001, 22.376643990815953 ], [ 114.106050967196808, 22.376850265241458 ], [ 114.106664372531384, 22.37551554970101 ], [ 114.105850886057695, 22.375218984595897 ], [ 114.105314815807589, 22.374535408547676 ], [ 114.105098501065854, 22.374839000421098 ], [ 114.102993174345428, 22.374376521271191 ], [ 114.102203215562255, 22.375726069146335 ], [ 114.102626522035564, 22.377053669784388 ], [ 114.102295883447894, 22.377409248237289 ], [ 114.102606937930176, 22.378827932951776 ], [ 114.102543313345706, 22.379713743800522 ], [ 114.103001907319353, 22.38025933400143 ], [ 114.102999475770616, 22.381131888895897 ], [ 114.103689970302085, 22.381095818568262 ], [ 114.10412831853111, 22.382200331325794 ], [ 114.102895756004202, 22.382941702069147 ], [ 114.101701923002864, 22.382854919631615 ], [ 114.101403859328556, 22.383637284319263 ], [ 114.100637636060313, 22.383982947560416 ], [ 114.10009905183675, 22.384664090592409 ], [ 114.099675551853608, 22.384746075877036 ], [ 114.099658766133473, 22.385249844203933 ], [ 114.100132301607175, 22.385299773379096 ], [ 114.101172832446309, 22.384744570620498 ], [ 114.101442195238334, 22.385566942879692 ], [ 114.101672088853007, 22.385645895286945 ], [ 114.102002247523416, 22.384919895574178 ], [ 114.102355294492583, 22.384715002575046 ], [ 114.10274519328442, 22.385405582610577 ], [ 114.103424911891963, 22.38533053284085 ], [ 114.104505818279918, 22.385672291956542 ], [ 114.104300363735703, 22.38621281174866 ], [ 114.104753471802752, 22.387207517735238 ], [ 114.105428550646963, 22.387391091427531 ], [ 114.105785497535862, 22.386966633840899 ], [ 114.106471230955378, 22.38697291178266 ], [ 114.10604269367002, 22.387292838465832 ], [ 114.105619104489719, 22.388285060779928 ], [ 114.104839058507991, 22.388628552218933 ], [ 114.104823158730255, 22.389483716537761 ], [ 114.104405633707159, 22.390137483578386 ], [ 114.104830144952416, 22.390928167850703 ], [ 114.10411857984316, 22.392454953664352 ], [ 114.103295719541308, 22.392540813910735 ], [ 114.102832376326859, 22.392120205330762 ], [ 114.102821150485852, 22.391441096933654 ], [ 114.102346072205663, 22.391311516788122 ], [ 114.102160534194567, 22.391494687342309 ], [ 114.102380196433828, 22.39249728337602 ], [ 114.102182189433009, 22.394351263437553 ], [ 114.102529667706207, 22.394728699918915 ], [ 114.103537893060505, 22.394783063127072 ], [ 114.104557075065287, 22.396055504554639 ], [ 114.107756243218546, 22.394989731954865 ], [ 114.109007656834024, 22.3954322236469 ], [ 114.109552023290874, 22.396111554057601 ], [ 114.109655877026555, 22.397038632656074 ], [ 114.110026393239721, 22.397771792104145 ], [ 114.109829208346824, 22.398105875227504 ], [ 114.109040943963365, 22.398482831994336 ], [ 114.108599765571526, 22.400088784205952 ], [ 114.10664046076262, 22.401381492178015 ], [ 114.106269108233789, 22.402340703501363 ], [ 114.104808591771686, 22.402738900331705 ], [ 114.103950521091647, 22.403557753321671 ], [ 114.103811111857198, 22.404182898674989 ], [ 114.104100774776313, 22.404355502678523 ], [ 114.104726775933898, 22.404064739303582 ], [ 114.105051241357785, 22.404172671693782 ], [ 114.105155319833614, 22.404614679316087 ], [ 114.104726292111792, 22.405002546907546 ], [ 114.105263331622609, 22.405626937172471 ], [ 114.106792860644163, 22.404802536059748 ], [ 114.10748664297094, 22.406144558853295 ], [ 114.107892619370958, 22.406112574925501 ], [ 114.109091534560321, 22.405369005252766 ], [ 114.110127437058964, 22.405654600993572 ], [ 114.110927291106918, 22.406318191759564 ], [ 114.112450499114047, 22.406784074713212 ], [ 114.112821641214893, 22.408104778103983 ], [ 114.114593625987126, 22.408453857496127 ], [ 114.115710782798246, 22.410122070963371 ], [ 114.116968897895902, 22.410418182043873 ], [ 114.11680448314786, 22.4113574996178 ], [ 114.117411638834241, 22.411817872529827 ], [ 114.118310618475746, 22.411487386694198 ], [ 114.118685829020635, 22.411643388361519 ], [ 114.120478404390468, 22.410959611662562 ], [ 114.123145989160221, 22.41095744044258 ], [ 114.123367494356941, 22.410992046466568 ], [ 114.123169251329045, 22.412092255542657 ], [ 114.124086174433856, 22.41279850679847 ], [ 114.124628810086264, 22.412378467305981 ] ] ] } },
{ "type": "Feature", "properties": { "codigo_dcca": "K17", "nombre_en": "Shek Wai Kok", "nombre_zh": "石圍角", "codigo": "K", "distrito_en": "Tsuen Wan", "distrito_es": "Tsuen Wan", "region": "Nuevos Territorios", "area_km2_poligono": 14.0476 }, "geometry": { "type": "Polygon", "coordinates": [ [ [ 114.137522344679823, 22.417535834850572 ], [ 114.138643079509876, 22.417154276720012 ], [ 114.139453545951142, 22.417314025879882 ], [ 114.140841075758956, 22.416807649475988 ], [ 114.141875192216276, 22.416019596436193 ], [ 114.143159652055033, 22.41578416451695 ], [ 114.143876801051903, 22.415883412937099 ], [ 114.146165403860564, 22.416858587059409 ], [ 114.146943143528915, 22.415892019320054 ], [ 114.146777091838771, 22.415053372371585 ], [ 114.147281152494756, 22.413832082835341 ], [ 114.147048290131394, 22.41289803466012 ], [ 114.147327437012905, 22.411833978062894 ], [ 114.148246812562533, 22.412298843326841 ], [ 114.149303540600769, 22.412503386802456 ], [ 114.152620778197587, 22.412400898060685 ], [ 114.155144297201019, 22.412900100759284 ], [ 114.15656243819042, 22.412319136709922 ], [ 114.157824559645974, 22.412151332012723 ], [ 114.158235297634192, 22.411854746236472 ], [ 114.15889653403724, 22.412397815383052 ], [ 114.158745385846956, 22.41302545373599 ], [ 114.160092844177555, 22.412051082595312 ], [ 114.15997356484516, 22.412706837342423 ], [ 114.160472041410173, 22.413077689545261 ], [ 114.160784759373911, 22.412858334180829 ], [ 114.161478532471989, 22.41309423285082 ], [ 114.169194774343595, 22.412927753984608 ], [ 114.167838378087907, 22.412078628371827 ], [ 114.165216654599391, 22.411244757109277 ], [ 114.165644634302581, 22.410810980516093 ], [ 114.165681039559686, 22.410158430573627 ], [ 114.165211543159373, 22.409643415522705 ], [ 114.16527781808341, 22.408954601256482 ], [ 114.165989775096719, 22.407752727779794 ], [ 114.166489356726032, 22.407342315441518 ], [ 114.166662090580445, 22.406209387316807 ], [ 114.16772128101006, 22.404999571408414 ], [ 114.167214886410321, 22.404526786384679 ], [ 114.167086158948706, 22.403921581649119 ], [ 114.167346245848279, 22.403144992114527 ], [ 114.167187663065818, 22.402571076290933 ], [ 114.16769176183017, 22.402547779802838 ], [ 114.167275579235493, 22.401921788400443 ], [ 114.167892037787624, 22.401020091817394 ], [ 114.167255650899051, 22.400362192174697 ], [ 114.166961532003455, 22.399451953771983 ], [ 114.166122000387986, 22.399073332498382 ], [ 114.165959588034269, 22.398665205997581 ], [ 114.166444362886722, 22.398560312426415 ], [ 114.166214544703394, 22.3982599157553 ], [ 114.166727352323818, 22.398189944138579 ], [ 114.167693687864968, 22.397450628884059 ], [ 114.167634759281071, 22.395678677204756 ], [ 114.168143304863179, 22.394800732057703 ], [ 114.167286480442243, 22.393605540725535 ], [ 114.165472535986282, 22.392843645554073 ], [ 114.165159284749933, 22.392281726662151 ], [ 114.1646538253123, 22.392180665027666 ], [ 114.164302671864334, 22.391783575544263 ], [ 114.163721743689649, 22.39165524200429 ], [ 114.162903222913712, 22.391091317286538 ], [ 114.16233937166632, 22.389548214535171 ], [ 114.160600972212308, 22.386836049468094 ], [ 114.157322624794944, 22.384999502551437 ], [ 114.157009980260028, 22.384622611853406 ], [ 114.157149958132237, 22.383647766026165 ], [ 114.156989274906508, 22.383203209875845 ], [ 114.155844044995419, 22.382726298858778 ], [ 114.154511608287081, 22.381699069956792 ], [ 114.153169711477901, 22.381720155158291 ], [ 114.15186219259391, 22.381447299992267 ], [ 114.150070780101913, 22.380505319426881 ], [ 114.149171704423878, 22.380399420749722 ], [ 114.147533126741266, 22.378924880777362 ], [ 114.147156524340772, 22.378954287781269 ], [ 114.146686783808349, 22.378617253898984 ], [ 114.146369952076981, 22.378135172068237 ], [ 114.145418971809988, 22.37890830140757 ], [ 114.144553342070296, 22.378716828333918 ], [ 114.144288693387139, 22.37834341718521 ], [ 114.144231976050904, 22.379056022747069 ], [ 114.143813711017899, 22.379190023192528 ], [ 114.143563598233186, 22.380373621082629 ], [ 114.144107369452229, 22.38037142017231 ], [ 114.144396265145389, 22.380714782803199 ], [ 114.143776650544751, 22.380862613512647 ], [ 114.14358827036645, 22.381197210039364 ], [ 114.142875986440686, 22.381590648477999 ], [ 114.143796347941432, 22.38162261745272 ], [ 114.143850854524217, 22.382434662295015 ], [ 114.144644961682559, 22.38295844809015 ], [ 114.144466869441601, 22.38444508028163 ], [ 114.143515035179377, 22.384502312119405 ], [ 114.141414080969241, 22.383601468597924 ], [ 114.139104600340573, 22.382212268854708 ], [ 114.138402516347995, 22.381995939964792 ], [ 114.137403943723044, 22.382113087445955 ], [ 114.13671532409036, 22.381683950232262 ], [ 114.135042996357626, 22.381533593116384 ], [ 114.133630881201384, 22.380932845881699 ], [ 114.133940316592145, 22.380427552976528 ], [ 114.134346359926283, 22.380229539429671 ], [ 114.133632537429861, 22.380034372339388 ], [ 114.133387409190888, 22.379643203681557 ], [ 114.13351746543087, 22.379396660048915 ], [ 114.132884798303721, 22.378451182977336 ], [ 114.132746959505141, 22.377910758738501 ], [ 114.133454999072526, 22.377646012485339 ], [ 114.133398396726378, 22.377029112897368 ], [ 114.132338755004795, 22.37707128653409 ], [ 114.130405406784718, 22.373434997746589 ], [ 114.130028399530076, 22.373140674407583 ], [ 114.127870492558628, 22.372826080436159 ], [ 114.127628018177859, 22.373060159570567 ], [ 114.127069420132159, 22.372869029131049 ], [ 114.125615968433877, 22.3742269933839 ], [ 114.125238360836434, 22.373976104621999 ], [ 114.124954534106735, 22.373114627608047 ], [ 114.124180512573659, 22.372996782046307 ], [ 114.123247102729167, 22.37228425565236 ], [ 114.122458393834748, 22.373748356528914 ], [ 114.121059307927723, 22.374945698944213 ], [ 114.121228949721271, 22.375699237579099 ], [ 114.12397469413996, 22.376731498296902 ], [ 114.124425217023756, 22.375613078426195 ], [ 114.124933928249405, 22.376262356791255 ], [ 114.12536719128228, 22.37629583588231 ], [ 114.125705431051941, 22.375990061039573 ], [ 114.126668691293091, 22.376340105869929 ], [ 114.126772135476955, 22.376517515545505 ], [ 114.126359439443846, 22.376961987331075 ], [ 114.12657038038455, 22.377335158271716 ], [ 114.127722711577235, 22.377779452837146 ], [ 114.128785316810493, 22.377581389238212 ], [ 114.131599187671867, 22.378718827612879 ], [ 114.131997107045663, 22.379262846955776 ], [ 114.131849577652687, 22.3798481375763 ], [ 114.132222487172726, 22.380058913945369 ], [ 114.131562362948245, 22.381402942164996 ], [ 114.130867073194935, 22.382219006047521 ], [ 114.130572106487023, 22.383265351747152 ], [ 114.1316307566197, 22.383072885504109 ], [ 114.132172754192439, 22.383884401271082 ], [ 114.131276582206311, 22.384051225040917 ], [ 114.130436589168994, 22.385195261520192 ], [ 114.129928925460874, 22.385158794369097 ], [ 114.129323391913474, 22.385830650793579 ], [ 114.129576714336324, 22.3873745912869 ], [ 114.130240452799626, 22.387828865295571 ], [ 114.129986389864371, 22.388500833861062 ], [ 114.128502316701741, 22.388663858566417 ], [ 114.128306876220975, 22.389172371546056 ], [ 114.127857748739828, 22.389208565931735 ], [ 114.12668586369422, 22.390007380214772 ], [ 114.128247887181942, 22.390334797694074 ], [ 114.130493030674828, 22.391661361577093 ], [ 114.131214630240095, 22.394440534730347 ], [ 114.131643962781368, 22.395276157917305 ], [ 114.132091998683975, 22.398709121033008 ], [ 114.130665566836598, 22.401451355881093 ], [ 114.128536242326831, 22.403575818046551 ], [ 114.128379823124277, 22.40413882279551 ], [ 114.128828767618316, 22.404774667639604 ], [ 114.128672401116233, 22.405156051256366 ], [ 114.127305021411132, 22.406172769930961 ], [ 114.126159153574505, 22.40668098515247 ], [ 114.126627716225002, 22.407068611831242 ], [ 114.127135036564113, 22.408291750319307 ], [ 114.126458089075868, 22.408109910442771 ], [ 114.125338288056284, 22.408436497518256 ], [ 114.125494028934611, 22.409792719254867 ], [ 114.125793441067771, 22.409889684166366 ], [ 114.125714948985106, 22.410918900489662 ], [ 114.125376284519277, 22.411330493041017 ], [ 114.124998676213679, 22.411415132542341 ], [ 114.124286792093841, 22.413089272581395 ], [ 114.123595842272621, 22.412899315891512 ], [ 114.123810898036936, 22.413480688090527 ], [ 114.124439518822442, 22.413715414870321 ], [ 114.123511017950335, 22.414033390654282 ], [ 114.124402605787026, 22.414325312918287 ], [ 114.125762848827478, 22.416182858782776 ], [ 114.127851306615796, 22.41640683828178 ], [ 114.12786817450467, 22.416775747691581 ], [ 114.128187254072245, 22.416867024865113 ], [ 114.13000681367798, 22.416759521726679 ], [ 114.130753795892829, 22.41647556520704 ], [ 114.1313638692871, 22.41677568557013 ], [ 114.132083248469428, 22.416694205680741 ], [ 114.132432428707162, 22.416882271538281 ], [ 114.134016202154271, 22.416607242133463 ], [ 114.135518444282525, 22.417142310150382 ], [ 114.136242824631083, 22.417229276704401 ], [ 114.136792655364758, 22.417054168323926 ], [ 114.137522344679823, 22.417535834850572 ] ] ] } },
{ "type": "Feature", "properties": { "codigo_dcca": "K10", "nombre_en": "Luk Yeung", "nombre_zh": "綠楊", "codigo": "K", "distrito_en": "Tsuen Wan", "distrito_es": "Tsuen Wan", "region": "Nuevos Territorios", "area_km2_poligono": 0.3706 }, "geometry": { "type": "Polygon", "coordinates": [ [ [ 114.124269621065778, 22.379836333838689 ], [ 114.123940317345088, 22.377588962726826 ], [ 114.123385870019717, 22.377199293905857 ], [ 114.123401658428463, 22.376512554585641 ], [ 114.121228949721285, 22.375699237579088 ], [ 114.121059307927737, 22.374945698944238 ], [ 114.122795832439124, 22.373279830134635 ], [ 114.123247102729167, 22.372284255652364 ], [ 114.123440868716472, 22.371060501807779 ], [ 114.123389020372571, 22.370372123176114 ], [ 114.121542835653244, 22.37022932628896 ], [ 114.121782874493647, 22.370696106136361 ], [ 114.12069912210211, 22.37095115351314 ], [ 114.119256646170086, 22.37276481759746 ], [ 114.117524734826048, 22.373519135540626 ], [ 114.118364703927739, 22.374608730830847 ], [ 114.119999985969116, 22.374923900928877 ], [ 114.119922361911023, 22.375434839046047 ], [ 114.120396886830136, 22.375904728180714 ], [ 114.12029419420935, 22.376123402695725 ], [ 114.120013867722804, 22.376223633673177 ], [ 114.119119893564744, 22.375759960903171 ], [ 114.117662858646369, 22.375900572814125 ], [ 114.117119201898348, 22.376562175323951 ], [ 114.117608397441956, 22.376998493444386 ], [ 114.118371314681994, 22.376960580781549 ], [ 114.119003512536551, 22.376531975307689 ], [ 114.11975042292012, 22.376618012465595 ], [ 114.120058302843745, 22.377007119776192 ], [ 114.120054240485331, 22.37811697908397 ], [ 114.11948898267724, 22.378206877298688 ], [ 114.119596285373106, 22.378719770569184 ], [ 114.121239936639242, 22.379152830852735 ], [ 114.122366577414127, 22.379215958123016 ], [ 114.122829790460102, 22.379741662834508 ], [ 114.123565257897326, 22.3795818225346 ], [ 114.123906366865356, 22.379936870210283 ], [ 114.124269621065778, 22.379836333838689 ] ] ] } },
{ "type": "Feature", "properties": { "codigo_dcca": "K06", "nombre_en": "Clague Garden", "nombre_zh": "祈德尊", "codigo": "K", "distrito_en": "Tsuen Wan", "distrito_es": "Tsuen Wan", "region": "Nuevos Territorios", "area_km2_poligono": 0.1812 }, "geometry": { "type": "Polygon", "coordinates": [ [ [ 114.114317154704054, 22.371009580677391 ], [ 114.113253779929792, 22.370508658169033 ], [ 114.111586812119938, 22.367719654583571 ], [ 114.108711101173284, 22.370449357683469 ], [ 114.109518015699834, 22.371223160415024 ], [ 114.11114610714786, 22.373823358022147 ], [ 114.112201760945354, 22.373251446137989 ], [ 114.112439771302121, 22.373638706933523 ], [ 114.11324794600597, 22.373199004872863 ], [ 114.112504672651326, 22.371987129933224 ], [ 114.114317154704054, 22.371009580677391 ] ] ] } },
{ "type": "Feature", "properties": { "codigo_dcca": "A04", "nombre_en": "Peak", "nombre_zh": "山頂", "codigo": "A", "distrito_en": "Central and Western", "distrito_es": "Centro y Oeste", "region": "Isla de Hong Kong", "area_km2_poligono": 5.7392 }, "geometry": { "type": "Polygon", "coordinates": [ [ [ 114.149694678280397, 22.278262798457991 ], [ 114.152322532865298, 22.27656169013569 ], [ 114.153037086802144, 22.276819539919867 ], [ 114.153674182008558, 22.275556461960733 ], [ 114.154289937237067, 22.277029085012369 ], [ 114.154610492106016, 22.277242044602019 ], [ 114.154994172843175, 22.276538465215303 ], [ 114.154887250268644, 22.275824813365737 ], [ 114.15567800981583, 22.276486764987649 ], [ 114.155884062167686, 22.275839430129427 ], [ 114.156816413561785, 22.275745376155815 ], [ 114.157795949692726, 22.275216939415916 ], [ 114.158228958235, 22.275537270362058 ], [ 114.158589509739016, 22.275312845596019 ], [ 114.159202836645804, 22.27534960481875 ], [ 114.160162715838524, 22.275695787477243 ], [ 114.161435420660283, 22.275359801597229 ], [ 114.161876477886167, 22.275715839771465 ], [ 114.161736206410509, 22.276129890780553 ], [ 114.162094339021422, 22.276727652818881 ], [ 114.162899102825136, 22.277070075451213 ], [ 114.16330721236713, 22.276873738648405 ], [ 114.163331508408646, 22.275967154531301 ], [ 114.164641583528095, 22.275411196295384 ], [ 114.165360669486489, 22.274437239565547 ], [ 114.165894239267701, 22.274567109931905 ], [ 114.166232126962683, 22.275666008108349 ], [ 114.166836745237049, 22.275687783187085 ], [ 114.167142962075019, 22.275384923002544 ], [ 114.166556685375724, 22.275604458036298 ], [ 114.166275281863378, 22.275199415652878 ], [ 114.166411596186705, 22.274570422060325 ], [ 114.166065257824158, 22.273735100988112 ], [ 114.16611850811978, 22.272953863377651 ], [ 114.165468252400728, 22.272784928062162 ], [ 114.165569198173017, 22.269167212359747 ], [ 114.167190494344339, 22.268336180717938 ], [ 114.166606228699976, 22.26798962989292 ], [ 114.166478045088027, 22.267397292306036 ], [ 114.165765967053417, 22.266670557817935 ], [ 114.165837106695733, 22.26614570109151 ], [ 114.166248852244081, 22.265762575854744 ], [ 114.166312386577317, 22.264931100552662 ], [ 114.166045975929904, 22.264647917879206 ], [ 114.166226380179026, 22.264366958976602 ], [ 114.165910729301103, 22.264248356538978 ], [ 114.166067138071512, 22.263864537015728 ], [ 114.165748621826282, 22.263433283719682 ], [ 114.165230240718529, 22.263169164059658 ], [ 114.165114490540233, 22.26228778168559 ], [ 114.164726482778619, 22.262112558493872 ], [ 114.164854015317459, 22.261661333052267 ], [ 114.164512307208653, 22.261599330105788 ], [ 114.164645554366857, 22.261260789792658 ], [ 114.164211907681064, 22.260809828811123 ], [ 114.163892639419558, 22.26078095075464 ], [ 114.163852126387084, 22.260441322485882 ], [ 114.163571230618658, 22.260406260854595 ], [ 114.163383989729653, 22.258822294713514 ], [ 114.162681814035807, 22.258427631321293 ], [ 114.162250592572349, 22.258498601306801 ], [ 114.161779054803148, 22.258979648751698 ], [ 114.15831300965479, 22.257875175038812 ], [ 114.155157989262406, 22.259332667832187 ], [ 114.155247474350389, 22.258096129366933 ], [ 114.154238745628518, 22.256828367215899 ], [ 114.154172003566316, 22.256192508903741 ], [ 114.153835983281866, 22.255927140804513 ], [ 114.153790453348506, 22.256226013213706 ], [ 114.153527138267108, 22.256248660702838 ], [ 114.15285852471699, 22.255382206690797 ], [ 114.152316701548941, 22.255055414484339 ], [ 114.151749384106722, 22.254136277101196 ], [ 114.150819460983001, 22.25407851530575 ], [ 114.15047429358934, 22.253711128324472 ], [ 114.149472756544696, 22.253360374308723 ], [ 114.148970329353062, 22.253560959416635 ], [ 114.148003859372096, 22.252350175778165 ], [ 114.146829363399021, 22.252091957075553 ], [ 114.14599053498884, 22.252817197503667 ], [ 114.14600459357014, 22.253298904974702 ], [ 114.145432065969388, 22.254034930147998 ], [ 114.145293276496943, 22.254730110994277 ], [ 114.146065397052482, 22.25478713410153 ], [ 114.146361858787444, 22.255714756589384 ], [ 114.146197869697176, 22.256042692383055 ], [ 114.146842648854985, 22.25630911786288 ], [ 114.146490515680881, 22.257315718554477 ], [ 114.145686453423721, 22.25813349155834 ], [ 114.145702910318008, 22.258384402600509 ], [ 114.144743807230697, 22.259181063490892 ], [ 114.144133254414868, 22.259090888052793 ], [ 114.143168296845573, 22.259848110524089 ], [ 114.14333507933857, 22.260550332895001 ], [ 114.143034761037796, 22.261826338773915 ], [ 114.1363544872072, 22.272068342524904 ], [ 114.133774953026915, 22.273414862739259 ], [ 114.13551327807005, 22.273207409737132 ], [ 114.138209289171627, 22.273428736959087 ], [ 114.139357714600493, 22.272944204873664 ], [ 114.138738978197352, 22.273844470326821 ], [ 114.138625656587337, 22.27456780724339 ], [ 114.139331699082788, 22.274955575993612 ], [ 114.141617074123104, 22.275486430089515 ], [ 114.141932399756271, 22.27654389593193 ], [ 114.142615690517943, 22.27744106384295 ], [ 114.14318790567043, 22.277619953932899 ], [ 114.144092974552478, 22.277518490025258 ], [ 114.1447833996192, 22.277804510695326 ], [ 114.145035538272509, 22.278346064471403 ], [ 114.146298519689921, 22.278469484750087 ], [ 114.146740339394782, 22.280026223435389 ], [ 114.147015910410431, 22.280077821141557 ], [ 114.148028232052596, 22.279457960283036 ], [ 114.148337686393333, 22.279028833800155 ], [ 114.149100653599646, 22.278800499752059 ], [ 114.149586519466936, 22.278102477470693 ], [ 114.149694678280397, 22.278262798457991 ] ] ] } },
{ "type": "Feature", "properties": { "codigo_dcca": "A06", "nombre_en": "Kwun Lung", "nombre_zh": "觀龍", "codigo": "A", "distrito_en": "Central and Western", "distrito_es": "Centro y Oeste", "region": "Isla de Hong Kong", "area_km2_poligono": 0.2373 }, "geometry": { "type": "Polygon", "coordinates": [ [ [ 114.130968330518741, 22.281368135611494 ], [ 114.132045326743778, 22.281601968442207 ], [ 114.131648549333121, 22.281020285656336 ], [ 114.130892916307033, 22.277861969745764 ], [ 114.129772657935987, 22.27622854821831 ], [ 114.129680104667614, 22.275552243811987 ], [ 114.129266470408382, 22.275603751370149 ], [ 114.128975662257346, 22.277632670011187 ], [ 114.127021709046559, 22.277701284237409 ], [ 114.126959746304735, 22.278053785199596 ], [ 114.125650671331982, 22.278985095813816 ], [ 114.126599992693897, 22.279714281979267 ], [ 114.126276026092611, 22.281186021413575 ], [ 114.127070712685594, 22.281313075058105 ], [ 114.126855210425887, 22.282380520052005 ], [ 114.128176445001955, 22.282607770843246 ], [ 114.128517921295412, 22.280875797262738 ], [ 114.129035848912437, 22.280692718958917 ], [ 114.129267337928766, 22.280269530090795 ], [ 114.129716993081672, 22.280483587900079 ], [ 114.130186481401736, 22.281814658361629 ], [ 114.130968330518741, 22.281368135611494 ] ] ] } },
{ "type": "Feature", "properties": { "codigo_dcca": "A02", "nombre_en": "Mid Levels East", "nombre_zh": "半山東", "codigo": "A", "distrito_en": "Central and Western", "distrito_es": "Centro y Oeste", "region": "Isla de Hong Kong", "area_km2_poligono": 0.3318 }, "geometry": { "type": "Polygon", "coordinates": [ [ [ 114.151032380281094, 22.282178619459614 ], [ 114.151827693221676, 22.282870662065715 ], [ 114.152356158079911, 22.282392687880726 ], [ 114.152196757964575, 22.282238872064397 ], [ 114.153050432719851, 22.280582663301814 ], [ 114.153275210483017, 22.280981561222013 ], [ 114.154446899818311, 22.280344173028894 ], [ 114.154741686245785, 22.281696704723096 ], [ 114.154823888209719, 22.280797986969795 ], [ 114.155143052949668, 22.280144455612241 ], [ 114.156182143079562, 22.280293966831753 ], [ 114.1563868858386, 22.279533278904072 ], [ 114.156816446109858, 22.279267840675576 ], [ 114.158046949173965, 22.279544252950071 ], [ 114.158637532159389, 22.278668917157582 ], [ 114.159533101250275, 22.278062228276138 ], [ 114.157732868666884, 22.277450281966683 ], [ 114.156337753411748, 22.276637137506029 ], [ 114.155435686546284, 22.276425812539507 ], [ 114.155063173076655, 22.275834761714059 ], [ 114.154887250268672, 22.275824813365752 ], [ 114.154994172843175, 22.276538465215317 ], [ 114.154610492106016, 22.277242044602019 ], [ 114.154289937237081, 22.277029085012352 ], [ 114.153674182008572, 22.275556461960743 ], [ 114.153037086802115, 22.276819539919895 ], [ 114.15245967404897, 22.276568348293878 ], [ 114.15184579019548, 22.276752073716473 ], [ 114.152276840569428, 22.277622693207249 ], [ 114.152191917872472, 22.27829501147222 ], [ 114.150704828417489, 22.278961249229067 ], [ 114.150927358572289, 22.279448840005831 ], [ 114.150623390057888, 22.279896611529541 ], [ 114.150795995464975, 22.280555523608946 ], [ 114.14998392868516, 22.282074615255585 ], [ 114.151032380281094, 22.282178619459614 ] ] ] } },
{ "type": "Feature", "properties": { "codigo_dcca": "A03", "nombre_en": "Castle Road", "nombre_zh": "衛城", "codigo": "A", "distrito_en": "Central and Western", "distrito_es": "Centro y Oeste", "region": "Isla de Hong Kong", "area_km2_poligono": 0.2747 }, "geometry": { "type": "Polygon", "coordinates": [ [ [ 114.15046307552646, 22.282678852262745 ], [ 114.151032380281094, 22.282178619459614 ], [ 114.14998392868516, 22.282074615255585 ], [ 114.150795995464975, 22.280555523608946 ], [ 114.150623390057888, 22.279896611529541 ], [ 114.150927358572289, 22.279448840005831 ], [ 114.150704828417489, 22.278961249229067 ], [ 114.152255101869798, 22.27819983810668 ], [ 114.152276840569428, 22.277622693207249 ], [ 114.151836082009481, 22.276835750142052 ], [ 114.149694678280397, 22.278262798458016 ], [ 114.149586519466936, 22.278102477470686 ], [ 114.14910065359966, 22.278800499752084 ], [ 114.148337686393347, 22.279028833800183 ], [ 114.14802823205261, 22.279457960283054 ], [ 114.147015910410431, 22.280077821141546 ], [ 114.146572455135683, 22.280019988191917 ], [ 114.146046771590676, 22.28064247954493 ], [ 114.144875440372743, 22.280892076781864 ], [ 114.14366577785249, 22.280767166293117 ], [ 114.144378682204959, 22.281174862931138 ], [ 114.144538787572458, 22.281595451543073 ], [ 114.143980393550251, 22.281449314162153 ], [ 114.145151697372796, 22.282167482387422 ], [ 114.144990704370798, 22.28252786351749 ], [ 114.145202151119491, 22.282832074659915 ], [ 114.144933173481746, 22.282867069931754 ], [ 114.145126703795526, 22.283103927174459 ], [ 114.146095023211046, 22.282875575112865 ], [ 114.145366274349101, 22.283399392888317 ], [ 114.145377041094534, 22.283851649076492 ], [ 114.14583892923109, 22.283406979220604 ], [ 114.147296726805635, 22.28366164387344 ], [ 114.148356768315466, 22.283027973065728 ], [ 114.148998009233935, 22.283088282456156 ], [ 114.15046307552646, 22.282678852262745 ] ] ] } },
{ "type": "Feature", "properties": { "codigo_dcca": "A05", "nombre_en": "University", "nombre_zh": "大學", "codigo": "A", "distrito_en": "Central and Western", "distrito_es": "Centro y Oeste", "region": "Isla de Hong Kong", "area_km2_poligono": 1.5283 }, "geometry": { "type": "Polygon", "coordinates": [ [ [ 114.14531263625571, 22.285032319491492 ], [ 114.145366274349101, 22.283399392888288 ], [ 114.146095023211032, 22.282875575112826 ], [ 114.145126703795526, 22.283103927174448 ], [ 114.144933173481746, 22.282867069931761 ], [ 114.145202151119491, 22.282832074659915 ], [ 114.144990704370798, 22.28252786351749 ], [ 114.145151697372796, 22.282167482387422 ], [ 114.143980393550251, 22.281449314162153 ], [ 114.144538787572458, 22.281595451543073 ], [ 114.144378682204945, 22.281174862931142 ], [ 114.143660629865025, 22.280789380606318 ], [ 114.144875440372743, 22.280892076781821 ], [ 114.145890736535861, 22.280714505336618 ], [ 114.146469517712163, 22.28035953898743 ], [ 114.146740339394782, 22.280026223435389 ], [ 114.146298519689921, 22.278469484750087 ], [ 114.145035538272509, 22.278346064471403 ], [ 114.1447833996192, 22.277804510695326 ], [ 114.144092974552478, 22.277518490025258 ], [ 114.14318790567043, 22.277619953932899 ], [ 114.142615690517943, 22.27744106384295 ], [ 114.141932399756271, 22.27654389593193 ], [ 114.141617074123104, 22.275486430089515 ], [ 114.139331699082788, 22.274955575993612 ], [ 114.138625656587337, 22.27456780724339 ], [ 114.138738978197352, 22.273844470326821 ], [ 114.139357714600493, 22.272944204873664 ], [ 114.138209289171627, 22.273428736959087 ], [ 114.13551327807005, 22.273207409737132 ], [ 114.133774953026915, 22.273414862739259 ], [ 114.129680104667614, 22.275552243811987 ], [ 114.129772657935987, 22.27622854821831 ], [ 114.130892916307033, 22.277861969745764 ], [ 114.131648549333121, 22.281020285656336 ], [ 114.132286547468823, 22.28192316414372 ], [ 114.132867631326079, 22.28339141448237 ], [ 114.131882563162591, 22.283907705941015 ], [ 114.132282447551546, 22.284205980515747 ], [ 114.134609277517058, 22.28462686981112 ], [ 114.135571847335058, 22.283815046762424 ], [ 114.136308329965644, 22.283525800482089 ], [ 114.137509526789231, 22.284768177972897 ], [ 114.138234431167277, 22.284737096906966 ], [ 114.138981730294205, 22.283915756267145 ], [ 114.139600530277647, 22.284256715396772 ], [ 114.140445461888575, 22.284085054020242 ], [ 114.141299967196474, 22.28480308819346 ], [ 114.144153076433795, 22.28419633235907 ], [ 114.144634966944523, 22.284775626278471 ], [ 114.14531263625571, 22.285032319491492 ] ] ] } },
{ "type": "Feature", "properties": { "codigo_dcca": "A15", "nombre_en": "Water Street", "nombre_zh": "水街", "codigo": "A", "distrito_en": "Central and Western", "distrito_es": "Centro y Oeste", "region": "Isla de Hong Kong", "area_km2_poligono": 0.15 }, "geometry": { "type": "Polygon", "coordinates": [ [ [ 114.140783954130256, 22.286983781331188 ], [ 114.140635429361623, 22.284192290084729 ], [ 114.140393261849312, 22.284065987679746 ], [ 114.139600530277647, 22.284256715396772 ], [ 114.138871783614491, 22.283937404116706 ], [ 114.138234431167277, 22.284737096906966 ], [ 114.137509526789231, 22.284768177972897 ], [ 114.136570525191132, 22.28363707794767 ], [ 114.136236425267526, 22.283532194269114 ], [ 114.135118960038795, 22.284126785852997 ], [ 114.134836989061242, 22.284536116842528 ], [ 114.134248978388015, 22.284613889002308 ], [ 114.134234329702977, 22.285402503041464 ], [ 114.134353419037495, 22.285573610500752 ], [ 114.134987412524197, 22.285420263460317 ], [ 114.135202967733065, 22.28611193869374 ], [ 114.136762783769043, 22.285771289424158 ], [ 114.137864276844198, 22.286354484690779 ], [ 114.140783954130256, 22.286983781331188 ] ] ] } },
{ "type": "Feature", "properties": { "codigo_dcca": "A13", "nombre_en": "Tung Wah", "nombre_zh": "東華", "codigo": "A", "distrito_en": "Central and Western", "distrito_es": "Centro y Oeste", "region": "Isla de Hong Kong", "area_km2_poligono": 0.1944 }, "geometry": { "type": "Polygon", "coordinates": [ [ [ 114.144803977389415, 22.287147085187982 ], [ 114.14579082961319, 22.286349872280159 ], [ 114.146930591063324, 22.286232850553411 ], [ 114.148011229737961, 22.285388248532168 ], [ 114.148654391273794, 22.285359734324064 ], [ 114.150290273960408, 22.284082265846866 ], [ 114.151842876258854, 22.283869750500745 ], [ 114.152459525595859, 22.283473516822738 ], [ 114.151082564544012, 22.28213493721293 ], [ 114.150341233052828, 22.282763223708955 ], [ 114.148907987579307, 22.283101677491306 ], [ 114.148356768315466, 22.283027973065728 ], [ 114.147296726805635, 22.28366164387344 ], [ 114.145791863381803, 22.283424941190262 ], [ 114.145377041094534, 22.283851649076492 ], [ 114.145312636255738, 22.285032319491524 ], [ 114.14362380260475, 22.285118026708915 ], [ 114.143726941048484, 22.286895095197632 ], [ 114.144803977389415, 22.287147085187982 ] ] ] } },
{ "type": "Feature", "properties": { "codigo_dcca": "A14", "nombre_en": "Centre Street", "nombre_zh": "正街", "codigo": "A", "distrito_en": "Central and Western", "distrito_es": "Centro y Oeste", "region": "Isla de Hong Kong", "area_km2_poligono": 0.1084 }, "geometry": { "type": "Polygon", "coordinates": [ [ [ 114.143775788467451, 22.287890461051191 ], [ 114.143623802604779, 22.285118026708897 ], [ 114.14531263625571, 22.285032319491492 ], [ 114.144634966944523, 22.284775626278471 ], [ 114.144153076433795, 22.28419633235907 ], [ 114.141299967196474, 22.28480308819346 ], [ 114.140635429361623, 22.284192290084729 ], [ 114.140783954130256, 22.286983781331188 ], [ 114.142298523197596, 22.28693814466164 ], [ 114.142347379371017, 22.287935768587591 ], [ 114.143775788467451, 22.287890461051191 ] ] ] } },
{ "type": "Feature", "properties": { "codigo_dcca": "A01", "nombre_en": "Chung Wan", "nombre_zh": "中環", "codigo": "A", "distrito_en": "Central and Western", "distrito_es": "Centro y Oeste", "region": "Isla de Hong Kong", "area_km2_poligono": 2.8988 }, "geometry": { "type": "Polygon", "coordinates": [ [ [ 114.167440016473748, 22.290658696693349 ], [ 114.167436236027527, 22.282462089626772 ], [ 114.167708762536265, 22.280872523551427 ], [ 114.166552166377087, 22.279554143912438 ], [ 114.168200258325854, 22.279702387467502 ], [ 114.167225076803533, 22.278529072106636 ], [ 114.167178347846615, 22.2779429717719 ], [ 114.168070318811914, 22.277422487169833 ], [ 114.167124203654353, 22.276689524607125 ], [ 114.167100710949427, 22.276152732811841 ], [ 114.167405026925877, 22.276132522115152 ], [ 114.167162943492272, 22.275622475256903 ], [ 114.166232126962683, 22.275666008108349 ], [ 114.165894239267701, 22.274567109931905 ], [ 114.165276864046731, 22.274459250337159 ], [ 114.164641583528095, 22.275411196295384 ], [ 114.163331508408646, 22.275967154531301 ], [ 114.16330721236713, 22.276873738648405 ], [ 114.162790000395589, 22.277084009366533 ], [ 114.162094339021422, 22.276727652818881 ], [ 114.161736206410509, 22.276129890780553 ], [ 114.161876477886167, 22.275715839771465 ], [ 114.161355228685309, 22.27533509516828 ], [ 114.160162715838524, 22.275695787477243 ], [ 114.159202836645804, 22.27534960481875 ], [ 114.158589509739016, 22.275312845596019 ], [ 114.158228958235, 22.275537270362058 ], [ 114.157709234945173, 22.275215303714972 ], [ 114.156816413561785, 22.275745376155815 ], [ 114.155884062167686, 22.275839430129427 ], [ 114.15567800981583, 22.276486764987649 ], [ 114.15953310125029, 22.278062228276127 ], [ 114.158637532159389, 22.278668917157599 ], [ 114.158046949173965, 22.27954425295005 ], [ 114.156816446109858, 22.279267840675576 ], [ 114.156386885838586, 22.279533278904097 ], [ 114.156182143079562, 22.280293966831753 ], [ 114.15514305294964, 22.280144455612231 ], [ 114.154823888209691, 22.280797986969738 ], [ 114.154741686245785, 22.281696704723078 ], [ 114.154446899818311, 22.28034417302889 ], [ 114.153275210482988, 22.280981561221985 ], [ 114.153050432719837, 22.280582663301807 ], [ 114.152196757964575, 22.282238872064397 ], [ 114.152356158079911, 22.282392687880709 ], [ 114.151827693221676, 22.282870662065715 ], [ 114.152459525595859, 22.283473516822738 ], [ 114.15184287625884, 22.283869750500749 ], [ 114.150849615397902, 22.283919534002614 ], [ 114.150121798348664, 22.284199997671024 ], [ 114.150539543878935, 22.284830403991613 ], [ 114.150362582289262, 22.285022818005082 ], [ 114.151150146270837, 22.285974050574296 ], [ 114.151494978418029, 22.287304190131021 ], [ 114.150565644647486, 22.287593708897255 ], [ 114.15125281164832, 22.290131000528088 ], [ 114.153659515829702, 22.295899499265104 ], [ 114.167440016473748, 22.290658696693349 ] ] ] } },
{ "type": "Feature", "properties": { "codigo_dcca": "A12", "nombre_en": "Sheung Wan", "nombre_zh": "上環", "codigo": "A", "distrito_en": "Central and Western", "distrito_es": "Centro y Oeste", "region": "Isla de Hong Kong", "area_km2_poligono": 0.9345 }, "geometry": { "type": "Polygon", "coordinates": [ [ [ 114.149508991634676, 22.297477660193273 ], [ 114.153659515829702, 22.295899499265104 ], [ 114.15125281164832, 22.290131000528088 ], [ 114.150565644647486, 22.287593708897255 ], [ 114.151494978418029, 22.287304190131021 ], [ 114.151150146270837, 22.285974050574296 ], [ 114.150362582289262, 22.285022818005082 ], [ 114.150539543878935, 22.284830403991613 ], [ 114.150121798348664, 22.284199997671024 ], [ 114.148654391273794, 22.285359734324075 ], [ 114.148011229737932, 22.285388248532154 ], [ 114.14693059106331, 22.286232850553393 ], [ 114.14579082961319, 22.286349872280176 ], [ 114.144803977389415, 22.287147085187982 ], [ 114.144919102200021, 22.297492913795324 ], [ 114.149508991634676, 22.297477660193273 ] ] ] } },
{ "type": "Feature", "properties": { "codigo_dcca": "A11", "nombre_en": "Sai Ying Pun", "nombre_zh": "西營盤", "codigo": "A", "distrito_en": "Central and Western", "distrito_es": "Centro y Oeste", "region": "Isla de Hong Kong", "area_km2_poligono": 0.6834 }, "geometry": { "type": "Polygon", "coordinates": [ [ [ 114.144919102200021, 22.297492913795324 ], [ 114.144803977389415, 22.287147085187982 ], [ 114.14372694104847, 22.286895095197632 ], [ 114.143775788467451, 22.287890461051191 ], [ 114.142347379371017, 22.287935768587591 ], [ 114.142298523197596, 22.28693814466164 ], [ 114.140382410382429, 22.286997237618309 ], [ 114.139042514937287, 22.286653225519821 ], [ 114.138786992420734, 22.287459059151086 ], [ 114.137508620436421, 22.287107011557076 ], [ 114.137075292849175, 22.288471045561419 ], [ 114.138387792387761, 22.288796771301321 ], [ 114.1395167392443, 22.289269760943135 ], [ 114.139667644607428, 22.289525822845388 ], [ 114.139405896620403, 22.290417952393049 ], [ 114.139434576942023, 22.297510969907364 ], [ 114.144919102200021, 22.297492913795324 ] ] ] } },
{ "type": "Feature", "properties": { "codigo_dcca": "A10", "nombre_en": "Shek Tong Tsui", "nombre_zh": "石塘咀", "codigo": "A", "distrito_en": "Central and Western", "distrito_es": "Centro y Oeste", "region": "Isla de Hong Kong", "area_km2_poligono": 1.0303 }, "geometry": { "type": "Polygon", "coordinates": [ [ [ 114.139434576942023, 22.297510969907364 ], [ 114.139405896620403, 22.290417952393049 ], [ 114.139667644607428, 22.289525822845388 ], [ 114.1395167392443, 22.289269760943135 ], [ 114.138387792387761, 22.288796771301321 ], [ 114.137075292849175, 22.288471045561419 ], [ 114.137508620436421, 22.287107011557076 ], [ 114.138786992420734, 22.287459059151086 ], [ 114.139042514937287, 22.286653225519821 ], [ 114.137674294790159, 22.286296733257291 ], [ 114.136702233035592, 22.285771274468782 ], [ 114.130973919540494, 22.287051844901953 ], [ 114.131029947815691, 22.297538280388395 ], [ 114.139434576942023, 22.297510969907364 ] ] ] } },
{ "type": "Feature", "properties": { "codigo_dcca": "A09", "nombre_en": "Belcher", "nombre_zh": "寶翠", "codigo": "A", "distrito_en": "Central and Western", "distrito_es": "Centro y Oeste", "region": "Isla de Hong Kong", "area_km2_poligono": 0.2257 }, "geometry": { "type": "Polygon", "coordinates": [ [ [ 114.131029947815691, 22.297538280388395 ], [ 114.130973919540494, 22.287051844901953 ], [ 114.135202967733065, 22.28611193869374 ], [ 114.134987412524197, 22.285420263460317 ], [ 114.134353419037495, 22.285573610500752 ], [ 114.134234329702977, 22.285402503041464 ], [ 114.134248978388015, 22.284613889002308 ], [ 114.132282447551546, 22.284205980515747 ], [ 114.131882563162591, 22.283907705941015 ], [ 114.132867631326079, 22.28339141448237 ], [ 114.132045326743778, 22.281601968442207 ], [ 114.131328712723189, 22.281967419572815 ], [ 114.130121085924131, 22.283259631148383 ], [ 114.131954469240753, 22.284749570301827 ], [ 114.130284621992388, 22.286473679484772 ], [ 114.130282713644007, 22.297540687268864 ], [ 114.131029947815691, 22.297538280388395 ] ] ] } },
{ "type": "Feature", "properties": { "codigo_dcca": "A08", "nombre_en": "Sai Wan", "nombre_zh": "西環", "codigo": "A", "distrito_en": "Central and Western", "distrito_es": "Centro y Oeste", "region": "Isla de Hong Kong", "area_km2_poligono": 0.5112 }, "geometry": { "type": "Polygon", "coordinates": [ [ [ 114.130282713644007, 22.297540687268864 ], [ 114.130284621992388, 22.286473679484772 ], [ 114.131954469240753, 22.284749570301827 ], [ 114.130121085924131, 22.283259631148383 ], [ 114.131849933539982, 22.281652422768204 ], [ 114.130968330518741, 22.281368135611494 ], [ 114.130186481401736, 22.281814658361629 ], [ 114.129716993081672, 22.280483587900079 ], [ 114.129267337928766, 22.280269530090795 ], [ 114.129035848912437, 22.280692718958917 ], [ 114.128517921295412, 22.280875797262738 ], [ 114.127692113782487, 22.285091184054671 ], [ 114.127758378095308, 22.297548793337885 ], [ 114.130282713644007, 22.297540687268864 ] ] ] } },
{ "type": "Feature", "properties": { "codigo_dcca": "A07", "nombre_en": "Kennedy Town & Mount Davis", "nombre_zh": "堅摩", "codigo": "A", "distrito_en": "Central and Western", "distrito_es": "Centro y Oeste", "region": "Isla de Hong Kong", "area_km2_poligono": 4.9069 }, "geometry": { "type": "Polygon", "coordinates": [ [ [ 114.127758378095308, 22.297548793337885 ], [ 114.127692113782487, 22.285091184054671 ], [ 114.128176445001955, 22.282607770843246 ], [ 114.126855210425887, 22.282380520052005 ], [ 114.127070712685594, 22.281313075058105 ], [ 114.126276026092611, 22.281186021413575 ], [ 114.126599992693897, 22.279714281979267 ], [ 114.125650671331982, 22.278985095813816 ], [ 114.126959746304735, 22.278053785199596 ], [ 114.127021709046559, 22.277701284237409 ], [ 114.128975662257346, 22.277632670011187 ], [ 114.129164836034519, 22.275448936391474 ], [ 114.128159390162779, 22.274688980658137 ], [ 114.126183070802199, 22.27425300914518 ], [ 114.125328647274927, 22.273432487225943 ], [ 114.123758995630666, 22.272743214786381 ], [ 114.12285208966918, 22.272870229927882 ], [ 114.122002510042549, 22.272463963769276 ], [ 114.121251851290964, 22.272581188277613 ], [ 114.120330758482979, 22.273337042306629 ], [ 114.119248691926643, 22.273532473696257 ], [ 114.118532440896502, 22.274235479377644 ], [ 114.116283274894201, 22.273035459537613 ], [ 114.110105208758853, 22.273029246078202 ], [ 114.109860230785941, 22.297605140262903 ], [ 114.127758378095308, 22.297548793337885 ] ] ] } },
{ "type": "Feature", "properties": { "codigo_dcca": "H22", "nombre_en": "Choi Wan South", "nombre_zh": "彩雲南", "codigo": "H", "distrito_en": "Wong Tai Sin", "distrito_es": "Wong Tai Sin", "region": "Kowloon", "area_km2_poligono": 0.0808 }, "geometry": { "type": "Polygon", "coordinates": [ [ [ 114.218145081985014, 22.333867446393338 ], [ 114.218284028422261, 22.333049339943457 ], [ 114.214396236622392, 22.332291981013046 ], [ 114.213414683078241, 22.332493704853487 ], [ 114.212485573331293, 22.333498608899465 ], [ 114.213010884360756, 22.333763576051023 ], [ 114.214197569430354, 22.333506079817031 ], [ 114.215456402587094, 22.33371002022205 ], [ 114.216653082302244, 22.334449190340667 ], [ 114.217449631372091, 22.334320866833675 ], [ 114.218145081985014, 22.333867446393338 ] ] ] } },
{ "type": "Feature", "properties": { "codigo_dcca": "H08", "nombre_en": "Tung Tau", "nombre_zh": "東頭", "codigo": "H", "distrito_en": "Wong Tai Sin", "distrito_es": "Wong Tai Sin", "region": "Kowloon", "area_km2_poligono": 0.2457 }, "geometry": { "type": "Polygon", "coordinates": [ [ [ 114.192416983333999, 22.334558873838791 ], [ 114.19382889856783, 22.334402313266498 ], [ 114.194183038059506, 22.335255484660358 ], [ 114.194194133789651, 22.334711084172088 ], [ 114.194467126269117, 22.334331137868165 ], [ 114.194842599195255, 22.334688644658204 ], [ 114.195538703191502, 22.334204969342196 ], [ 114.195730851431932, 22.334480641550961 ], [ 114.196555250318312, 22.333872099104553 ], [ 114.197521169216031, 22.334383344164181 ], [ 114.197925795704876, 22.333470714143715 ], [ 114.196881991055932, 22.332203415712073 ], [ 114.195593541113084, 22.331760963194892 ], [ 114.194182669128082, 22.330429109648847 ], [ 114.191643655309463, 22.330523162231543 ], [ 114.192514437445752, 22.331307855904637 ], [ 114.19174920727994, 22.331900749649769 ], [ 114.190730412106944, 22.333420045599407 ], [ 114.191547741173522, 22.336056486600228 ], [ 114.192500341565108, 22.335985507270749 ], [ 114.192416983333999, 22.334558873838791 ] ] ] } },
{ "type": "Feature", "properties": { "codigo_dcca": "H25", "nombre_en": "Choi Hung", "nombre_zh": "彩虹", "codigo": "H", "distrito_en": "Wong Tai Sin", "distrito_es": "Wong Tai Sin", "region": "Kowloon", "area_km2_poligono": 0.0924 }, "geometry": { "type": "Polygon", "coordinates": [ [ [ 114.206315382765652, 22.333610532237 ], [ 114.204433663765158, 22.335076277934785 ], [ 114.203871130877076, 22.336035609576879 ], [ 114.205133374503859, 22.337751582454647 ], [ 114.206915620646981, 22.336702721430886 ], [ 114.207504506875466, 22.335953046227353 ], [ 114.206399305409917, 22.335225405309458 ], [ 114.207155248475786, 22.334128619474445 ], [ 114.206315382765652, 22.333610532237 ] ] ] } },
{ "type": "Feature", "properties": { "codigo_dcca": "H09", "nombre_en": "Tung Mei", "nombre_zh": "東美", "codigo": "H", "distrito_en": "Wong Tai Sin", "distrito_es": "Wong Tai Sin", "region": "Kowloon", "area_km2_poligono": 0.2439 }, "geometry": { "type": "Polygon", "coordinates": [ [ [ 114.194296336699949, 22.338433404028468 ], [ 114.195587533361135, 22.33760997890089 ], [ 114.194463671766485, 22.336047020493666 ], [ 114.19382889856783, 22.334402313266498 ], [ 114.192416983333999, 22.334558873838791 ], [ 114.192500341565108, 22.335985507270749 ], [ 114.191547741173522, 22.336056486600228 ], [ 114.190917309047578, 22.333802140332683 ], [ 114.190558705820422, 22.333219129854502 ], [ 114.18981000708574, 22.332655349261447 ], [ 114.188782262676426, 22.332328069787771 ], [ 114.187167293818931, 22.332470412463838 ], [ 114.187446066057248, 22.334612655298113 ], [ 114.188082938338269, 22.334588582081391 ], [ 114.188261345666646, 22.335089766633097 ], [ 114.18858775293215, 22.335180049051413 ], [ 114.188971784176942, 22.335073911457823 ], [ 114.189184079334041, 22.334544486853648 ], [ 114.189256898184112, 22.336261546089464 ], [ 114.190384981611103, 22.337343860385435 ], [ 114.191919881613515, 22.336854944881509 ], [ 114.19292487395218, 22.338196755383564 ], [ 114.193738254401055, 22.337685946127763 ], [ 114.194296336699949, 22.338433404028468 ] ] ] } },
{ "type": "Feature", "properties": { "codigo_dcca": "H07", "nombre_en": "San Po Kong", "nombre_zh": "新蒲崗", "codigo": "H", "distrito_en": "Wong Tai Sin", "distrito_es": "Wong Tai Sin", "region": "Kowloon", "area_km2_poligono": 0.3344 }, "geometry": { "type": "Polygon", "coordinates": [ [ [ 114.194842110920263, 22.3346885544067 ], [ 114.195155189199269, 22.335160259491943 ], [ 114.195428760077732, 22.334843588307852 ], [ 114.196028776982999, 22.335671215835109 ], [ 114.195187901666714, 22.336203522127338 ], [ 114.195469790277073, 22.33659303194446 ], [ 114.196243518110975, 22.336097704351729 ], [ 114.198652153335829, 22.339349980748647 ], [ 114.199660503443283, 22.339080075602595 ], [ 114.203259155226135, 22.337271725298447 ], [ 114.203929526923588, 22.336577976161319 ], [ 114.203871130877076, 22.336035609576879 ], [ 114.204433663765158, 22.335076277934785 ], [ 114.203619162389998, 22.335319933140571 ], [ 114.202606590484706, 22.335276073298289 ], [ 114.197925795704876, 22.333470714143715 ], [ 114.197521169216031, 22.334383344164181 ], [ 114.196448474916522, 22.333881142642745 ], [ 114.195730851431932, 22.334480641550961 ], [ 114.195538703191502, 22.334204969342196 ], [ 114.194842110920263, 22.3346885544067 ] ] ] } },
{ "type": "Feature", "properties": { "codigo_dcca": "H23", "nombre_en": "Choi Wan West", "nombre_zh": "彩雲西", "codigo": "H", "distrito_en": "Wong Tai Sin", "distrito_es": "Wong Tai Sin", "region": "Kowloon", "area_km2_poligono": 0.179 }, "geometry": { "type": "Polygon", "coordinates": [ [ [ 114.216354564614548, 22.334352744618187 ], [ 114.215456402587094, 22.33371002022205 ], [ 114.214197569430354, 22.333506079817031 ], [ 114.213010884360756, 22.333763576051023 ], [ 114.212485573331293, 22.333498608899465 ], [ 114.211724909236537, 22.334244311834734 ], [ 114.210766947166761, 22.334452435267398 ], [ 114.211372784145311, 22.334859288260798 ], [ 114.211778638320695, 22.335650261625098 ], [ 114.211964026753634, 22.336434806917556 ], [ 114.211774014882408, 22.337041341361399 ], [ 114.212737222441845, 22.339438025326654 ], [ 114.213143617858464, 22.339651507763122 ], [ 114.214482629958326, 22.337724421286392 ], [ 114.214595277458031, 22.336985016886164 ], [ 114.214329845441512, 22.335864158489027 ], [ 114.214543209485484, 22.335148995777107 ], [ 114.215170914392075, 22.334573745285564 ], [ 114.215549424955839, 22.334942924582183 ], [ 114.216201257119607, 22.334958056301243 ], [ 114.216354564614548, 22.334352744618187 ] ] ] } },
{ "type": "Feature", "properties": { "codigo_dcca": "H10", "nombre_en": "Lok Fu", "nombre_zh": "樂富", "codigo": "H", "distrito_en": "Wong Tai Sin", "distrito_es": "Wong Tai Sin", "region": "Kowloon", "area_km2_poligono": 0.1756 }, "geometry": { "type": "Polygon", "coordinates": [ [ [ 114.189366188897452, 22.338737856593806 ], [ 114.189680668727902, 22.338017264457953 ], [ 114.190384981611103, 22.33734386038542 ], [ 114.189256898184098, 22.336261546089435 ], [ 114.189184079334026, 22.334544486853655 ], [ 114.188971784176928, 22.335073911457791 ], [ 114.18858775293215, 22.335180049051363 ], [ 114.188261345666646, 22.335089766633079 ], [ 114.188082938338255, 22.334588582081345 ], [ 114.186710020059394, 22.334779442535396 ], [ 114.186528105564946, 22.336115418962343 ], [ 114.186073687214872, 22.336135195386007 ], [ 114.186149842631437, 22.337933512605758 ], [ 114.185641863722992, 22.338364330142856 ], [ 114.185791804498891, 22.339668992173355 ], [ 114.18822964913673, 22.339591230286835 ], [ 114.188198425009361, 22.338808101241959 ], [ 114.189366188897452, 22.338737856593806 ] ] ] } },
{ "type": "Feature", "properties": { "codigo_dcca": "H02", "nombre_en": "Lung Ha", "nombre_zh": "龍下", "codigo": "H", "distrito_en": "Wong Tai Sin", "distrito_es": "Wong Tai Sin", "region": "Kowloon", "area_km2_poligono": 0.1458 }, "geometry": { "type": "Polygon", "coordinates": [ [ [ 114.194194133789651, 22.334711084172088 ], [ 114.194463671766485, 22.336047020493666 ], [ 114.195587530934361, 22.337609978675431 ], [ 114.194296336699949, 22.338433404028468 ], [ 114.193738254102172, 22.337685945715901 ], [ 114.19292487395218, 22.338196755383564 ], [ 114.194457514331248, 22.340192614269142 ], [ 114.195727672589172, 22.340641615589487 ], [ 114.195925218486423, 22.339069794374673 ], [ 114.196358728605745, 22.338583265764928 ], [ 114.197443608570609, 22.339193254930574 ], [ 114.198652153335829, 22.339349980748647 ], [ 114.196243518110975, 22.336097704351729 ], [ 114.195469790277073, 22.33659303194446 ], [ 114.195187901666714, 22.336203522127338 ], [ 114.196028776982999, 22.335671215835109 ], [ 114.195428760077732, 22.334843588307852 ], [ 114.195155189199269, 22.335160259491943 ], [ 114.1944671259361, 22.334331138075683 ], [ 114.194194133789651, 22.334711084172088 ] ] ] } },
{ "type": "Feature", "properties": { "codigo_dcca": "H21", "nombre_en": "Choi Wan East", "nombre_zh": "彩雲東", "codigo": "H", "distrito_en": "Wong Tai Sin", "distrito_es": "Wong Tai Sin", "region": "Kowloon", "area_km2_poligono": 0.6497 }, "geometry": { "type": "Polygon", "coordinates": [ [ [ 114.224034683042831, 22.334517195345999 ], [ 114.221655061676373, 22.333922981791279 ], [ 114.218819356521408, 22.333735787900451 ], [ 114.218145081985014, 22.333867446393338 ], [ 114.217339224367066, 22.33435588795199 ], [ 114.216354564614548, 22.334352744618187 ], [ 114.216201257119607, 22.334958056301243 ], [ 114.215549424955839, 22.334942924582183 ], [ 114.215170914392075, 22.334573745285564 ], [ 114.214359500829246, 22.335574604294525 ], [ 114.214607455069967, 22.33714699544624 ], [ 114.214482629958326, 22.337724421286392 ], [ 114.213072498573581, 22.339752187458306 ], [ 114.223072933207817, 22.34067684663323 ], [ 114.224034683042831, 22.334517195345999 ] ] ] } },
{ "type": "Feature", "properties": { "codigo_dcca": "H24", "nombre_en": "Chi Choi", "nombre_zh": "池彩", "codigo": "H", "distrito_en": "Wong Tai Sin", "distrito_es": "Wong Tai Sin", "region": "Kowloon", "area_km2_poligono": 0.4122 }, "geometry": { "type": "Polygon", "coordinates": [ [ [ 114.212259669486684, 22.340899294784652 ], [ 114.211785170299052, 22.340475864122851 ], [ 114.211687616491545, 22.339952581651463 ], [ 114.212667071248518, 22.339377138685215 ], [ 114.211774014882408, 22.337041341361402 ], [ 114.21194144147853, 22.336176383858838 ], [ 114.211484810639462, 22.335006634316667 ], [ 114.210766947166761, 22.334452435267416 ], [ 114.208389900831918, 22.334048020641429 ], [ 114.207176891876429, 22.332902497725449 ], [ 114.206315382765652, 22.333610532237 ], [ 114.207155248475786, 22.334128619474445 ], [ 114.206399305409917, 22.335225405309458 ], [ 114.207504506875466, 22.335953046227353 ], [ 114.206915620646981, 22.336702721430886 ], [ 114.205133374503859, 22.337751582454647 ], [ 114.20822879428917, 22.340635051723648 ], [ 114.208464697899998, 22.341083866530919 ], [ 114.209134310841605, 22.341090186016288 ], [ 114.209920296500016, 22.340724388671365 ], [ 114.211336435622997, 22.340991921909097 ], [ 114.21191010123988, 22.341392593445185 ], [ 114.212259669486684, 22.340899294784652 ] ] ] } },
{ "type": "Feature", "properties": { "codigo_dcca": "H01", "nombre_en": "Lung Tsui", "nombre_zh": "龍趣", "codigo": "H", "distrito_en": "Wong Tai Sin", "distrito_es": "Wong Tai Sin", "region": "Kowloon", "area_km2_poligono": 0.1537 }, "geometry": { "type": "Polygon", "coordinates": [ [ [ 114.198457179555689, 22.341576633616981 ], [ 114.197927780723077, 22.339317362981586 ], [ 114.196358728605745, 22.338583265764896 ], [ 114.195925218486394, 22.339069794374645 ], [ 114.195727672589172, 22.340641615589483 ], [ 114.194607393525459, 22.340320723637607 ], [ 114.193504829100931, 22.338965686155042 ], [ 114.192395831182125, 22.33953923781354 ], [ 114.192002133985923, 22.340027494948814 ], [ 114.192220731400752, 22.341676682266804 ], [ 114.197428208554896, 22.341742135478839 ], [ 114.198457179555689, 22.341576633616981 ] ] ] } },
{ "type": "Feature", "properties": { "codigo_dcca": "H11", "nombre_en": "Wang Tau Hom", "nombre_zh": "橫頭磡", "codigo": "H", "distrito_en": "Wong Tai Sin", "distrito_es": "Wong Tai Sin", "region": "Kowloon", "area_km2_poligono": 0.1334 }, "geometry": { "type": "Polygon", "coordinates": [ [ [ 114.185691279828646, 22.342664889382764 ], [ 114.189566382637963, 22.342264459541443 ], [ 114.189366188897452, 22.338737856593806 ], [ 114.188198425009361, 22.338808101241959 ], [ 114.18822964913673, 22.339591230286835 ], [ 114.185791804498891, 22.339668992173355 ], [ 114.185608125930329, 22.340513279381941 ], [ 114.185691279828646, 22.342664889382764 ] ] ] } },
{ "type": "Feature", "properties": { "codigo_dcca": "H03", "nombre_en": "Lung Sheung", "nombre_zh": "龍上", "codigo": "H", "distrito_en": "Wong Tai Sin", "distrito_es": "Wong Tai Sin", "region": "Kowloon", "area_km2_poligono": 0.3215 }, "geometry": { "type": "Polygon", "coordinates": [ [ [ 114.195760720729439, 22.343691270974141 ], [ 114.196171820164466, 22.341720102216826 ], [ 114.192220731400752, 22.341676682266804 ], [ 114.192042767830998, 22.339925897210399 ], [ 114.193504829100931, 22.338965686155042 ], [ 114.191919881613501, 22.336854944881491 ], [ 114.190958890784387, 22.337049757797438 ], [ 114.190199343431487, 22.337472001595003 ], [ 114.189680668727902, 22.338017264457953 ], [ 114.189350081788831, 22.338816496067341 ], [ 114.189566382637963, 22.342264459541443 ], [ 114.187790947448931, 22.342489847875161 ], [ 114.188408425904981, 22.342954861145866 ], [ 114.188159471249946, 22.34351490038264 ], [ 114.189872272176956, 22.343357702905976 ], [ 114.190605167475965, 22.343047216484269 ], [ 114.191199780893754, 22.343267844830653 ], [ 114.190973635321413, 22.343684011344461 ], [ 114.191200497757208, 22.344295071791276 ], [ 114.193020826493708, 22.344385151595876 ], [ 114.1932825518154, 22.344186353428171 ], [ 114.193219607086903, 22.3435210779285 ], [ 114.195760720729439, 22.343691270974141 ] ] ] } },
{ "type": "Feature", "properties": { "codigo_dcca": "H12", "nombre_en": "Tin Keung", "nombre_zh": "天強", "codigo": "H", "distrito_en": "Wong Tai Sin", "distrito_es": "Wong Tai Sin", "region": "Kowloon", "area_km2_poligono": 0.1464 }, "geometry": { "type": "Polygon", "coordinates": [ [ [ 114.187761376461893, 22.343961778262745 ], [ 114.188408425904981, 22.342954861145866 ], [ 114.187790947448931, 22.342489847875161 ], [ 114.185691279828646, 22.342664889382764 ], [ 114.185641863722992, 22.338364330142856 ], [ 114.18429624653146, 22.339457978353206 ], [ 114.18318719142448, 22.339687176416579 ], [ 114.18373085357878, 22.340688978674926 ], [ 114.184233930928514, 22.342690356480116 ], [ 114.184820072212261, 22.343499693308097 ], [ 114.186471661166706, 22.344623909049051 ], [ 114.187683324118041, 22.344930311775475 ], [ 114.187761376461893, 22.343961778262745 ] ] ] } },
{ "type": "Feature", "properties": { "codigo_dcca": "H14", "nombre_en": "Chuk Yuen South", "nombre_zh": "竹園南", "codigo": "H", "distrito_en": "Wong Tai Sin", "distrito_es": "Wong Tai Sin", "region": "Kowloon", "area_km2_poligono": 0.1347 }, "geometry": { "type": "Polygon", "coordinates": [ [ [ 114.195760720729439, 22.343691270974141 ], [ 114.193219607086903, 22.3435210779285 ], [ 114.1932825518154, 22.344186353428171 ], [ 114.193020826493708, 22.344385151595876 ], [ 114.191200497757208, 22.344295071791276 ], [ 114.190973635321413, 22.343684011344461 ], [ 114.191199780893754, 22.343267844830653 ], [ 114.190605167475965, 22.343047216484269 ], [ 114.189872272176956, 22.343357702905976 ], [ 114.188626056386923, 22.343366828991115 ], [ 114.18804314990652, 22.343580876770211 ], [ 114.187713316536431, 22.344122155337789 ], [ 114.187683324118041, 22.344930311775475 ], [ 114.188834320472253, 22.345141879961648 ], [ 114.195738715071542, 22.345286550177512 ], [ 114.195760720729439, 22.343691270974141 ] ] ] } },
{ "type": "Feature", "properties": { "codigo_dcca": "H05", "nombre_en": "Fung Tak", "nombre_zh": "鳳德", "codigo": "H", "distrito_en": "Wong Tai Sin", "distrito_es": "Wong Tai Sin", "region": "Kowloon", "area_km2_poligono": 0.1111 }, "geometry": { "type": "Polygon", "coordinates": [ [ [ 114.198959921519787, 22.344467954883193 ], [ 114.199144941397634, 22.3451436506259 ], [ 114.199730153760399, 22.345738421319233 ], [ 114.201853207634656, 22.346221242507816 ], [ 114.201984230592032, 22.345606331080301 ], [ 114.202606547498405, 22.34502312966994 ], [ 114.202807431131248, 22.343982532552261 ], [ 114.202563588604207, 22.343213257459524 ], [ 114.201683728633711, 22.342553386733819 ], [ 114.200488743953713, 22.343000750330699 ], [ 114.199138116082537, 22.343186492996775 ], [ 114.199292224144642, 22.343851049211981 ], [ 114.199551740272028, 22.343798816348105 ], [ 114.199849904120157, 22.344111972375497 ], [ 114.199772784865488, 22.344340357309953 ], [ 114.198959921519787, 22.344467954883193 ] ] ] } },
{ "type": "Feature", "properties": { "codigo_dcca": "H06", "nombre_en": "Lung Sing", "nombre_zh": "龍星", "codigo": "H", "distrito_en": "Wong Tai Sin", "distrito_es": "Wong Tai Sin", "region": "Kowloon", "area_km2_poligono": 0.6626 }, "geometry": { "type": "Polygon", "coordinates": [ [ [ 114.208187617946351, 22.340594274433862 ], [ 114.205133374503859, 22.337751582454647 ], [ 114.203935640015715, 22.336143627830783 ], [ 114.203929526923588, 22.336577976161319 ], [ 114.202703481707388, 22.337618363243397 ], [ 114.199446956297166, 22.339167593731744 ], [ 114.197927780723077, 22.339317362981596 ], [ 114.19895992151983, 22.344467954883193 ], [ 114.199772784865502, 22.344340357309971 ], [ 114.199849904120185, 22.34411197237549 ], [ 114.199551740272057, 22.343798816348102 ], [ 114.199292224144642, 22.343851049211974 ], [ 114.199138116082551, 22.343186492996772 ], [ 114.200488743953727, 22.343000750330717 ], [ 114.201683728633711, 22.342553386733833 ], [ 114.202563588604207, 22.343213257459524 ], [ 114.202807431131262, 22.343982532552292 ], [ 114.202606547498419, 22.345023129669958 ], [ 114.201984230592018, 22.345606331080319 ], [ 114.201853207634656, 22.346221242507852 ], [ 114.203994449877143, 22.346507049099319 ], [ 114.205575542122162, 22.346151766740206 ], [ 114.20733653157582, 22.344459902498908 ], [ 114.207944227062669, 22.342636398092814 ], [ 114.206090434135717, 22.341774577057631 ], [ 114.206803186456128, 22.340490642942978 ], [ 114.207815313870242, 22.340982573465993 ], [ 114.208187617946351, 22.340594274433862 ] ] ] } },
{ "type": "Feature", "properties": { "codigo_dcca": "H04", "nombre_en": "Fung Wong", "nombre_zh": "鳳凰", "codigo": "H", "distrito_en": "Wong Tai Sin", "distrito_es": "Wong Tai Sin", "region": "Kowloon", "area_km2_poligono": 0.1825 }, "geometry": { "type": "Polygon", "coordinates": [ [ [ 114.199844230772001, 22.345802179002398 ], [ 114.199078824015984, 22.344973388405286 ], [ 114.198457179555689, 22.341576633616981 ], [ 114.196171820164466, 22.341720102216826 ], [ 114.195619409669447, 22.344801649770442 ], [ 114.195964237979226, 22.345869762747444 ], [ 114.195786832513548, 22.347124110894661 ], [ 114.196998878412899, 22.34750651724983 ], [ 114.197188632891454, 22.346461765683607 ], [ 114.198575625604562, 22.346489571166959 ], [ 114.198916373444234, 22.346320879286566 ], [ 114.199466819075539, 22.346512892436813 ], [ 114.199844230772001, 22.345802179002398 ] ] ] } },
{ "type": "Feature", "properties": { "codigo_dcca": "H19", "nombre_en": "Tsz Wan East", "nombre_zh": "慈雲東", "codigo": "H", "distrito_en": "Wong Tai Sin", "distrito_es": "Wong Tai Sin", "region": "Kowloon", "area_km2_poligono": 0.1366 }, "geometry": { "type": "Polygon", "coordinates": [ [ [ 114.201271246461474, 22.34613359205132 ], [ 114.201041086956721, 22.347272315813857 ], [ 114.201424312522434, 22.347253022987786 ], [ 114.201526004587762, 22.348696226820344 ], [ 114.20219954366749, 22.348955191479018 ], [ 114.202586601751122, 22.348688728842273 ], [ 114.203880170615406, 22.34857732469759 ], [ 114.204188946475355, 22.348247657343215 ], [ 114.206022418011827, 22.348602437051969 ], [ 114.206857039508876, 22.346818883906238 ], [ 114.206750904800487, 22.346234102307577 ], [ 114.206128233278775, 22.345713983370448 ], [ 114.205473620632048, 22.34620371053607 ], [ 114.204488336094315, 22.346505276816504 ], [ 114.201271246461474, 22.34613359205132 ] ] ] } },
{ "type": "Feature", "properties": { "codigo_dcca": "H20", "nombre_en": "King Fu", "nombre_zh": "瓊富", "codigo": "H", "distrito_en": "Wong Tai Sin", "distrito_es": "Wong Tai Sin", "region": "Kowloon", "area_km2_poligono": 1.6229 }, "geometry": { "type": "Polygon", "coordinates": [ [ [ 114.208464697911594, 22.341083866333278 ], [ 114.208187617946351, 22.340594274433862 ], [ 114.207815313870242, 22.340982573465993 ], [ 114.206803186456128, 22.340490642942978 ], [ 114.206090434135717, 22.341774577057631 ], [ 114.207944227062669, 22.342636398092814 ], [ 114.207393543776078, 22.344365639737362 ], [ 114.206128233278775, 22.345713983370448 ], [ 114.206750904800487, 22.346234102307577 ], [ 114.206857039508876, 22.346818883906238 ], [ 114.206594764518641, 22.347470324870464 ], [ 114.206565022379209, 22.349543331821845 ], [ 114.221688937737881, 22.349539849724788 ], [ 114.223072933207831, 22.34067684663323 ], [ 114.213449268203078, 22.339890360784267 ], [ 114.212667071248518, 22.339377138685215 ], [ 114.211687616491545, 22.339952581651463 ], [ 114.211785170299052, 22.340475864122851 ], [ 114.212259669486684, 22.340899294784652 ], [ 114.21191010123988, 22.341392593445185 ], [ 114.211336435622997, 22.340991921909097 ], [ 114.209920296500016, 22.340724388671365 ], [ 114.208966317450546, 22.3411079103082 ], [ 114.208464697911594, 22.341083866333278 ] ] ] } },
{ "type": "Feature", "properties": { "codigo_dcca": "H15", "nombre_en": "Chuk Yuen North", "nombre_zh": "竹園北", "codigo": "H", "distrito_en": "Wong Tai Sin", "distrito_es": "Wong Tai Sin", "region": "Kowloon", "area_km2_poligono": 0.2615 }, "geometry": { "type": "Polygon", "coordinates": [ [ [ 114.191422321927007, 22.349923748038815 ], [ 114.193139861048664, 22.349631364311726 ], [ 114.194000949228112, 22.349890271803559 ], [ 114.195731921050495, 22.34731300960328 ], [ 114.195964237979254, 22.345869762747462 ], [ 114.19573871507157, 22.345286550177491 ], [ 114.192294342010939, 22.345184283175591 ], [ 114.192294422523744, 22.345914196665753 ], [ 114.192638243796409, 22.345914163482959 ], [ 114.192638358053685, 22.346927419875435 ], [ 114.191827171280934, 22.346684638043065 ], [ 114.191290743420424, 22.346112067756977 ], [ 114.190732295518856, 22.346250230093613 ], [ 114.189529030458203, 22.345935983947431 ], [ 114.189697693322131, 22.349947768907729 ], [ 114.190621682650388, 22.349783320719339 ], [ 114.191422321927007, 22.349923748038815 ] ] ] } },
{ "type": "Feature", "properties": { "codigo_dcca": "H16", "nombre_en": "Tsz Wan West", "nombre_zh": "慈雲西", "codigo": "H", "distrito_en": "Wong Tai Sin", "distrito_es": "Wong Tai Sin", "region": "Kowloon", "area_km2_poligono": 0.1767 }, "geometry": { "type": "Polygon", "coordinates": [ [ [ 114.197641324524682, 22.349766821697198 ], [ 114.199763485795529, 22.349211796845164 ], [ 114.199676477385196, 22.348585313950686 ], [ 114.200372136105003, 22.348318334154669 ], [ 114.200283519497603, 22.347318447010991 ], [ 114.201041086956721, 22.347272315813857 ], [ 114.201271246461474, 22.34613359205132 ], [ 114.199844230772001, 22.345802179002415 ], [ 114.199466819075539, 22.346512892436831 ], [ 114.19891637344422, 22.346320879286584 ], [ 114.198575625604562, 22.346489571166966 ], [ 114.197188632891454, 22.34646176568361 ], [ 114.196998878412899, 22.347506517249869 ], [ 114.195786832513548, 22.347124110894679 ], [ 114.194585427924011, 22.348924029084234 ], [ 114.19592160450398, 22.349742271708905 ], [ 114.197290062393591, 22.350066906808305 ], [ 114.197641324524682, 22.349766821697198 ] ] ] } },
{ "type": "Feature", "properties": { "codigo_dcca": "H13", "nombre_en": "Tsui Chuk & Pang Ching", "nombre_zh": "翠竹及鵬程", "codigo": "H", "distrito_en": "Wong Tai Sin", "distrito_es": "Wong Tai Sin", "region": "Kowloon", "area_km2_poligono": 0.6029 }, "geometry": { "type": "Polygon", "coordinates": [ [ [ 114.189697693322131, 22.349947768907757 ], [ 114.189529030458189, 22.345935983947435 ], [ 114.190732295518856, 22.346250230093613 ], [ 114.191290743420424, 22.34611206775698 ], [ 114.19182717128092, 22.346684638043037 ], [ 114.192638358053699, 22.346927419875414 ], [ 114.192638243796409, 22.345914163482959 ], [ 114.192294422523759, 22.345914196665735 ], [ 114.192294342010925, 22.345184283175595 ], [ 114.188834320472253, 22.345141879961648 ], [ 114.1867926265178, 22.34474918874027 ], [ 114.184452975448494, 22.343096721900078 ], [ 114.182698365898972, 22.344069278700886 ], [ 114.181697875833677, 22.344139298735083 ], [ 114.181459501403651, 22.346421257433754 ], [ 114.179452405758184, 22.349018979908941 ], [ 114.18032997473658, 22.348746908633728 ], [ 114.180854385550248, 22.349227204941389 ], [ 114.181260052559097, 22.349145792879806 ], [ 114.182393400467291, 22.349971828498351 ], [ 114.182863402373499, 22.349848508405554 ], [ 114.183361977661363, 22.350214154526803 ], [ 114.184214247501345, 22.350130820038402 ], [ 114.184891882986378, 22.349636500003751 ], [ 114.184997658818091, 22.350247972019655 ], [ 114.185407924490647, 22.350426322440082 ], [ 114.188003262417581, 22.349930133623019 ], [ 114.188718739984665, 22.35029298479223 ], [ 114.189697693322131, 22.349947768907757 ] ] ] } },
{ "type": "Feature", "properties": { "codigo_dcca": "H17", "nombre_en": "Ching Oi", "nombre_zh": "正愛", "codigo": "H", "distrito_en": "Wong Tai Sin", "distrito_es": "Wong Tai Sin", "region": "Kowloon", "area_km2_poligono": 0.4678 }, "geometry": { "type": "Polygon", "coordinates": [ [ [ 114.198822105567245, 22.355570686037726 ], [ 114.199804203623145, 22.355207584642301 ], [ 114.200143592414676, 22.354629463253602 ], [ 114.201576546430772, 22.354536895743006 ], [ 114.201564110412335, 22.351182830868414 ], [ 114.201337608588432, 22.35056894080304 ], [ 114.200328498832306, 22.350808653011939 ], [ 114.199763485795529, 22.349211796845164 ], [ 114.197641324524682, 22.349766821697198 ], [ 114.197290062393591, 22.350066906808305 ], [ 114.195785685059519, 22.349694317333274 ], [ 114.194585427924011, 22.348924029084234 ], [ 114.194000949228112, 22.349890271803559 ], [ 114.193139861048664, 22.349631364311726 ], [ 114.191422321927007, 22.349923748038815 ], [ 114.191399709134487, 22.351112198830084 ], [ 114.191757036371342, 22.351557291573279 ], [ 114.191459988692728, 22.351964316908983 ], [ 114.191301896131932, 22.351738847100439 ], [ 114.190929170879116, 22.351951125182225 ], [ 114.190857327511637, 22.352216882681187 ], [ 114.191249820214907, 22.35220001525753 ], [ 114.190894402903353, 22.35318056636325 ], [ 114.191754652459849, 22.352782910082571 ], [ 114.192666512136029, 22.352695552193463 ], [ 114.192927372099646, 22.353191051204732 ], [ 114.192729640556763, 22.353511809012506 ], [ 114.193083133461101, 22.353955454181648 ], [ 114.195189666049444, 22.353087780955004 ], [ 114.196417627451098, 22.352929773947729 ], [ 114.196548056013185, 22.352568382317862 ], [ 114.196766703001288, 22.352550529233277 ], [ 114.197199088560893, 22.353077616141839 ], [ 114.197380377892515, 22.354245749854801 ], [ 114.19808887509825, 22.353919294131657 ], [ 114.198179268321965, 22.354420595468824 ], [ 114.198997063992181, 22.355215400187674 ], [ 114.199451332538217, 22.354978411750508 ], [ 114.198822105567245, 22.355570686037726 ] ] ] } },
{ "type": "Feature", "properties": { "codigo_dcca": "H18", "nombre_en": "Ching On", "nombre_zh": "正安", "codigo": "H", "distrito_en": "Wong Tai Sin", "distrito_es": "Wong Tai Sin", "region": "Kowloon", "area_km2_poligono": 1.629 }, "geometry": { "type": "Polygon", "coordinates": [ [ [ 114.222337489220394, 22.358409415714299 ], [ 114.222455910141903, 22.356872382759867 ], [ 114.221714944575524, 22.356543715213238 ], [ 114.221816106891822, 22.355180940700198 ], [ 114.221288717854904, 22.354577628645114 ], [ 114.221451303149962, 22.353994237238517 ], [ 114.221120456689405, 22.353180042932287 ], [ 114.221688937737881, 22.349539849724788 ], [ 114.206565022379209, 22.349543331821845 ], [ 114.206593684505563, 22.347504577992584 ], [ 114.206022418011827, 22.348602437051969 ], [ 114.204188946475355, 22.348247657343215 ], [ 114.203880170615406, 22.34857732469759 ], [ 114.202586601751122, 22.348688728842273 ], [ 114.20219954366749, 22.348955191479018 ], [ 114.201526004587762, 22.348696226820344 ], [ 114.201424312522434, 22.347253022987786 ], [ 114.200283519497603, 22.347318447010991 ], [ 114.200372136105003, 22.348318334154669 ], [ 114.199676477385196, 22.348585313950686 ], [ 114.199718280628474, 22.349064894072065 ], [ 114.200328498832306, 22.350808653011939 ], [ 114.201337608588432, 22.35056894080304 ], [ 114.201564110412335, 22.351182830868414 ], [ 114.201576546430772, 22.354536895743006 ], [ 114.202215631401174, 22.354698696041126 ], [ 114.202629646973506, 22.354384258942435 ], [ 114.203656349856232, 22.354343102450088 ], [ 114.20479221096376, 22.354971879429929 ], [ 114.2062600569691, 22.354922285433307 ], [ 114.206781930352221, 22.354635243893426 ], [ 114.207246987169697, 22.354970010175304 ], [ 114.208104672717653, 22.35516191767524 ], [ 114.209104728949484, 22.355917100171656 ], [ 114.210971487520695, 22.35519714484084 ], [ 114.213197159579181, 22.355762885068682 ], [ 114.214169465397575, 22.355803373541772 ], [ 114.213806236160138, 22.357032984618808 ], [ 114.214580827659532, 22.356899027313929 ], [ 114.214275975911207, 22.35717893681948 ], [ 114.214421726306895, 22.357306694381723 ], [ 114.216489297972643, 22.357206964504911 ], [ 114.217804266788789, 22.358134110784643 ], [ 114.222337489220394, 22.358409415714299 ] ] ] } },
{ "type": "Feature", "properties": { "codigo_dcca": "L16", "nombre_en": "Siu Hei", "nombre_zh": "兆禧", "codigo": "L", "distrito_en": "Tuen Mun", "distrito_es": "Tuen Mun", "region": "Nuevos Territorios", "area_km2_poligono": 0.1522 }, "geometry": { "type": "Polygon", "coordinates": [ [ [ 113.971200520601883, 22.373089425494364 ], [ 113.972472641930494, 22.371058733211974 ], [ 113.974081110391893, 22.370836005195205 ], [ 113.971437846621399, 22.370863755308498 ], [ 113.968020318635013, 22.371692083980356 ], [ 113.96827198891728, 22.372657397862557 ], [ 113.965397685564909, 22.37329811110957 ], [ 113.96630423722965, 22.376500104429887 ], [ 113.968212039764467, 22.373127863381782 ], [ 113.969909178668786, 22.373948900111397 ], [ 113.970516466499717, 22.372845770091544 ], [ 113.971200520601883, 22.373089425494364 ] ] ] } },
{ "type": "Feature", "properties": { "codigo_dcca": "L17", "nombre_en": "Wu King", "nombre_zh": "湖景", "codigo": "L", "distrito_en": "Tuen Mun", "distrito_es": "Tuen Mun", "region": "Nuevos Territorios", "area_km2_poligono": 0.0805 }, "geometry": { "type": "Polygon", "coordinates": [ [ [ 113.966702470647846, 22.377682134738397 ], [ 113.965397685564909, 22.37329811110957 ], [ 113.963602111626912, 22.373614820492225 ], [ 113.964616697597151, 22.375291092953049 ], [ 113.964411224560877, 22.376234337640913 ], [ 113.965543316339094, 22.378054487351672 ], [ 113.966702470647846, 22.377682134738397 ] ] ] } },
{ "type": "Feature", "properties": { "codigo_dcca": "L18", "nombre_en": "Butterfly", "nombre_zh": "蝴蝶", "codigo": "L", "distrito_en": "Tuen Mun", "distrito_es": "Tuen Mun", "region": "Nuevos Territorios", "area_km2_poligono": 0.1828 }, "geometry": { "type": "Polygon", "coordinates": [ [ [ 113.965543316339094, 22.378054487351672 ], [ 113.964411224560877, 22.376234337640913 ], [ 113.964616697597151, 22.375291092953049 ], [ 113.963602111626912, 22.373614820492225 ], [ 113.962256346801965, 22.373978469449074 ], [ 113.960362483181584, 22.376236548717653 ], [ 113.962554400929264, 22.379004609253265 ], [ 113.965543316339094, 22.378054487351672 ] ] ] } },
{ "type": "Feature", "properties": { "codigo_dcca": "L15", "nombre_en": "Yuet Wu", "nombre_zh": "悅湖", "codigo": "L", "distrito_en": "Tuen Mun", "distrito_es": "Tuen Mun", "region": "Nuevos Territorios", "area_km2_poligono": 0.1574 }, "geometry": { "type": "Polygon", "coordinates": [ [ [ 113.968824514435681, 22.378315646977828 ], [ 113.96834361585573, 22.378107724222737 ], [ 113.971200520601883, 22.373089425494364 ], [ 113.970607296693643, 22.372867811895183 ], [ 113.969909178668786, 22.373948900111397 ], [ 113.968212039764467, 22.373127863381782 ], [ 113.96630423722965, 22.376500104429887 ], [ 113.966702470647846, 22.377682134738397 ], [ 113.967337747953152, 22.378451868180761 ], [ 113.968400028493903, 22.379080768465133 ], [ 113.968824514435681, 22.378315646977828 ] ] ] } },
{ "type": "Feature", "properties": { "codigo_dcca": "L19", "nombre_en": "Fu Sun", "nombre_zh": "富新", "codigo": "L", "distrito_en": "Tuen Mun", "distrito_es": "Tuen Mun", "region": "Nuevos Territorios", "area_km2_poligono": 0.2748 }, "geometry": { "type": "Polygon", "coordinates": [ [ [ 113.967578086309302, 22.383480369727817 ], [ 113.967341414760782, 22.382352499639076 ], [ 113.967407220516321, 22.381276061174177 ], [ 113.968400028493903, 22.379080768465133 ], [ 113.967186948122446, 22.378330944312353 ], [ 113.966702470647846, 22.377682134738397 ], [ 113.962554400929264, 22.379004609253265 ], [ 113.963014677462127, 22.379823894560182 ], [ 113.963972996289854, 22.38280531599084 ], [ 113.964885878795812, 22.384583188835162 ], [ 113.967578086309302, 22.383480369727817 ] ] ] } },
{ "type": "Feature", "properties": { "codigo_dcca": "L04", "nombre_en": "Siu Tsui", "nombre_zh": "兆翠", "codigo": "L", "distrito_en": "Tuen Mun", "distrito_es": "Tuen Mun", "region": "Nuevos Territorios", "area_km2_poligono": 0.2396 }, "geometry": { "type": "Polygon", "coordinates": [ [ [ 113.975243728143866, 22.385616709568389 ], [ 113.975230560410949, 22.384862169414625 ], [ 113.976060490974788, 22.384830466080668 ], [ 113.975601841648825, 22.384563867249099 ], [ 113.975582322796214, 22.384260689699307 ], [ 113.975887904506749, 22.384392743021131 ], [ 113.976676498282004, 22.384236481896991 ], [ 113.976965267571302, 22.384806833922642 ], [ 113.97751071897035, 22.384850817105576 ], [ 113.977463125884043, 22.385574605732028 ], [ 113.978467640432513, 22.385594407313892 ], [ 113.978794217291465, 22.385174104394672 ], [ 113.979054093584665, 22.383611724334237 ], [ 113.977776359789488, 22.383443797632331 ], [ 113.971206266813184, 22.380631786891993 ], [ 113.970125799160954, 22.380558274589792 ], [ 113.970379390550235, 22.383302076958934 ], [ 113.973264606565138, 22.383149234958363 ], [ 113.973441767793759, 22.384922078031007 ], [ 113.973005114183948, 22.384990927677219 ], [ 113.972960132279425, 22.385646032287092 ], [ 113.975243728143866, 22.385616709568389 ] ] ] } },
{ "type": "Feature", "properties": { "codigo_dcca": "L05", "nombre_en": "Yau Oi South", "nombre_zh": "友愛南", "codigo": "L", "distrito_en": "Tuen Mun", "distrito_es": "Tuen Mun", "region": "Nuevos Territorios", "area_km2_poligono": 0.0863 }, "geometry": { "type": "Polygon", "coordinates": [ [ [ 113.975273276639996, 22.388582536147123 ], [ 113.975243728143866, 22.385616709568389 ], [ 113.972960132279425, 22.385646032287092 ], [ 113.972273021236077, 22.385948182572243 ], [ 113.972106937867025, 22.386568095400413 ], [ 113.972767644329693, 22.386568930255894 ], [ 113.972980251404522, 22.386759651110946 ], [ 113.972946896329873, 22.388544654426301 ], [ 113.975273276639996, 22.388582536147123 ] ] ] } },
{ "type": "Feature", "properties": { "codigo_dcca": "L03", "nombre_en": "On Ting", "nombre_zh": "安定", "codigo": "L", "distrito_en": "Tuen Mun", "distrito_es": "Tuen Mun", "region": "Nuevos Territorios", "area_km2_poligono": 0.1665 }, "geometry": { "type": "Polygon", "coordinates": [ [ [ 113.980048515471026, 22.383893523177644 ], [ 113.979054093584665, 22.383611724334237 ], [ 113.978747453184724, 22.385310154562568 ], [ 113.978334543340708, 22.385625173446584 ], [ 113.977463125884043, 22.385574605732028 ], [ 113.97751071897035, 22.384850817105576 ], [ 113.976965267571302, 22.384806833922642 ], [ 113.976676498282004, 22.384236481896991 ], [ 113.975887904506749, 22.384392743021131 ], [ 113.975582322796214, 22.384260689699307 ], [ 113.975725696699641, 22.384686582962846 ], [ 113.976073980708691, 22.384700561285772 ], [ 113.976001737006925, 22.384875021788822 ], [ 113.975230560410949, 22.384862169414625 ], [ 113.975273276639996, 22.388582536147123 ], [ 113.977141906946713, 22.388584853922364 ], [ 113.978295964044818, 22.388902151672585 ], [ 113.979209806638238, 22.385655251005836 ], [ 113.980048515471026, 22.383893523177644 ] ] ] } },
{ "type": "Feature", "properties": { "codigo_dcca": "L02", "nombre_en": "Siu Chi", "nombre_zh": "兆置", "codigo": "L", "distrito_en": "Tuen Mun", "distrito_es": "Tuen Mun", "region": "Nuevos Territorios", "area_km2_poligono": 0.3047 }, "geometry": { "type": "Polygon", "coordinates": [ [ [ 113.981113956723391, 22.382500156585838 ], [ 113.979475528547411, 22.384971417052526 ], [ 113.978295964044818, 22.388902151672585 ], [ 113.977141906946713, 22.388584853922364 ], [ 113.975273276639996, 22.388582536147123 ], [ 113.9752587795344, 22.389895847318513 ], [ 113.976762850462706, 22.389989193546882 ], [ 113.979855332243403, 22.390710352360038 ], [ 113.980082991506848, 22.389897407932438 ], [ 113.980830963111899, 22.39011485789856 ], [ 113.980946354896091, 22.389721034076697 ], [ 113.98147082262976, 22.389688318860077 ], [ 113.982424088499045, 22.386379498433968 ], [ 113.982114095382016, 22.384413920872408 ], [ 113.98258941703024, 22.384004138051157 ], [ 113.98267658275185, 22.383419636167996 ], [ 113.982636499518179, 22.383257897212602 ], [ 113.98232199672006, 22.383400417784088 ], [ 113.981113956723391, 22.382500156585838 ] ] ] } },
{ "type": "Feature", "properties": { "codigo_dcca": "L06", "nombre_en": "Yau Oi North", "nombre_zh": "友愛北", "codigo": "L", "distrito_en": "Tuen Mun", "distrito_es": "Tuen Mun", "region": "Nuevos Territorios", "area_km2_poligono": 0.5208 }, "geometry": { "type": "Polygon", "coordinates": [ [ [ 113.975207088175097, 22.392927601888402 ], [ 113.975273276639996, 22.388582536147123 ], [ 113.972946896329873, 22.388544654426301 ], [ 113.972980251404522, 22.386759651110946 ], [ 113.972767644329693, 22.386568930255894 ], [ 113.972106937867025, 22.386568095400413 ], [ 113.972273021236077, 22.385948182572243 ], [ 113.972960132279425, 22.385646032287092 ], [ 113.973005114183948, 22.384990927677219 ], [ 113.973439230146425, 22.384930969863419 ], [ 113.973264606565138, 22.383149234958363 ], [ 113.970379390550235, 22.383302076958934 ], [ 113.970060173483375, 22.380285262420411 ], [ 113.968400028493903, 22.379080768465133 ], [ 113.967407220516321, 22.381276061174177 ], [ 113.967492880488905, 22.383206048982643 ], [ 113.96811250015098, 22.384525588518258 ], [ 113.970154457162607, 22.386419743216962 ], [ 113.971149461217919, 22.387931358700296 ], [ 113.972744726607459, 22.394222860062854 ], [ 113.973895043972448, 22.394010348767097 ], [ 113.974796143433835, 22.394234060083182 ], [ 113.975207088175097, 22.392927601888402 ] ] ] } },
{ "type": "Feature", "properties": { "codigo_dcca": "L21", "nombre_en": "Lung Mun", "nombre_zh": "龍門", "codigo": "L", "distrito_en": "Tuen Mun", "distrito_es": "Tuen Mun", "region": "Nuevos Territorios", "area_km2_poligono": 1.663 }, "geometry": { "type": "Polygon", "coordinates": [ [ [ 113.972744726607459, 22.394222860062854 ], [ 113.971149461217919, 22.387931358700296 ], [ 113.970154457162607, 22.386419743216962 ], [ 113.968408439167405, 22.38490758906072 ], [ 113.967578086309302, 22.383480369727817 ], [ 113.963623686402812, 22.385131702956986 ], [ 113.962000380319083, 22.386590189381938 ], [ 113.96130901799684, 22.386816178404466 ], [ 113.961513209992859, 22.387801837447896 ], [ 113.960892136956687, 22.387983470181574 ], [ 113.960452719037761, 22.38847964916987 ], [ 113.957074726992431, 22.389269207304093 ], [ 113.956737564054322, 22.389797220877529 ], [ 113.956264483002272, 22.389766613329449 ], [ 113.955678304250441, 22.390096057070604 ], [ 113.954997952535294, 22.389852621201193 ], [ 113.955173827049165, 22.389459016558114 ], [ 113.954901842600506, 22.389584699882864 ], [ 113.954683620999688, 22.389291831228217 ], [ 113.954214118330086, 22.389344998254817 ], [ 113.951833516642111, 22.388571558864911 ], [ 113.953666558256643, 22.392771025215417 ], [ 113.955620492448659, 22.395249076889741 ], [ 113.955997010008005, 22.394722790500076 ], [ 113.956600613322536, 22.394859756907074 ], [ 113.957381947896423, 22.393990291510633 ], [ 113.959345894908125, 22.394248651300924 ], [ 113.963523706194948, 22.393900772572074 ], [ 113.963782077000047, 22.394087104644271 ], [ 113.963382573615732, 22.394207089396215 ], [ 113.96292637871052, 22.395226838852718 ], [ 113.963601005768496, 22.395754440696912 ], [ 113.967580602404524, 22.396033361807515 ], [ 113.967626387413091, 22.395321675849608 ], [ 113.972744726607459, 22.394222860062854 ] ] ] } },
{ "type": "Feature", "properties": { "codigo_dcca": "L01", "nombre_en": "Tuen Mun Town Centre", "nombre_zh": "屯門市中心", "codigo": "L", "distrito_en": "Tuen Mun", "distrito_es": "Tuen Mun", "region": "Nuevos Territorios", "area_km2_poligono": 0.2941 }, "geometry": { "type": "Polygon", "coordinates": [ [ [ 113.974775297782074, 22.396825350135448 ], [ 113.974531444705917, 22.395833720648575 ], [ 113.976470169164557, 22.395409869203892 ], [ 113.976612955355876, 22.394818044556441 ], [ 113.977675593713897, 22.395162108263303 ], [ 113.978187079844616, 22.393672872127972 ], [ 113.979071067085158, 22.392342069081106 ], [ 113.980291236483779, 22.39250504850315 ], [ 113.980727086447033, 22.392261817990047 ], [ 113.980825150421296, 22.391504740538124 ], [ 113.980464746858615, 22.390939049735007 ], [ 113.976762850462706, 22.389989193546896 ], [ 113.975258779534371, 22.389895847318499 ], [ 113.975207088175097, 22.392927601888402 ], [ 113.974796143433807, 22.39423406008321 ], [ 113.973895043972462, 22.394010348767114 ], [ 113.972744726607473, 22.394222860062868 ], [ 113.973510694046652, 22.397111713819811 ], [ 113.974775297782074, 22.396825350135448 ] ] ] } },
{ "type": "Feature", "properties": { "codigo_dcca": "L08", "nombre_en": "Shan King", "nombre_zh": "山景", "codigo": "L", "distrito_en": "Tuen Mun", "distrito_es": "Tuen Mun", "region": "Nuevos Territorios", "area_km2_poligono": 0.1391 }, "geometry": { "type": "Polygon", "coordinates": [ [ [ 113.967494818145553, 22.399253830178019 ], [ 113.967366153594568, 22.398305781064597 ], [ 113.967580602404524, 22.396033361807515 ], [ 113.963601005768496, 22.395754440696912 ], [ 113.96292637871052, 22.395226838852718 ], [ 113.961971457896269, 22.395979995869908 ], [ 113.961890929644397, 22.396430337369203 ], [ 113.962926166263856, 22.397251089160836 ], [ 113.962884092021554, 22.39741925294334 ], [ 113.963769247484038, 22.397688770925054 ], [ 113.964823633904999, 22.397671888210759 ], [ 113.965378101237121, 22.397268609405774 ], [ 113.965870041106299, 22.399255122873541 ], [ 113.967494818145553, 22.399253830178019 ] ] ] } },
{ "type": "Feature", "properties": { "codigo_dcca": "L07", "nombre_en": "Tsui Hing", "nombre_zh": "翠興", "codigo": "L", "distrito_en": "Tuen Mun", "distrito_es": "Tuen Mun", "region": "Nuevos Territorios", "area_km2_poligono": 0.5017 }, "geometry": { "type": "Polygon", "coordinates": [ [ [ 113.976098741830924, 22.401979975609031 ], [ 113.975665686284898, 22.400936310526408 ], [ 113.973953721970119, 22.398746595659091 ], [ 113.972744726607459, 22.394222860062854 ], [ 113.967626387413091, 22.395321675849608 ], [ 113.967374636292334, 22.398587894677757 ], [ 113.967836060537735, 22.40090950999268 ], [ 113.968933252924785, 22.400845237019066 ], [ 113.972967479459527, 22.401296497155329 ], [ 113.972798446735013, 22.402821754532887 ], [ 113.973319106149887, 22.402864926211873 ], [ 113.976098741830924, 22.401979975609031 ] ] ] } },
{ "type": "Feature", "properties": { "codigo_dcca": "L09", "nombre_en": "King Hing", "nombre_zh": "景興", "codigo": "L", "distrito_en": "Tuen Mun", "distrito_es": "Tuen Mun", "region": "Nuevos Territorios", "area_km2_poligono": 0.2698 }, "geometry": { "type": "Polygon", "coordinates": [ [ [ 113.972798446735013, 22.402821754532887 ], [ 113.972967479459527, 22.401296497155329 ], [ 113.968933252924785, 22.400845237019066 ], [ 113.967836060537735, 22.40090950999268 ], [ 113.967494818145553, 22.399253830178019 ], [ 113.965870041106299, 22.399255122873541 ], [ 113.966092765002259, 22.401090285448962 ], [ 113.965928408925009, 22.401114209549135 ], [ 113.966074608672528, 22.402452985055263 ], [ 113.965830426758345, 22.402910573944656 ], [ 113.966369162526988, 22.40334397957497 ], [ 113.966417807803452, 22.404041275411103 ], [ 113.967073539265357, 22.404707003932266 ], [ 113.968173478207376, 22.404787787087653 ], [ 113.969463658536142, 22.405225618305099 ], [ 113.971535875071396, 22.402756536556574 ], [ 113.972798446735013, 22.402821754532887 ] ] ] } },
{ "type": "Feature", "properties": { "codigo_dcca": "L10", "nombre_en": "Hing Tsak", "nombre_zh": "興澤", "codigo": "L", "distrito_en": "Tuen Mun", "distrito_es": "Tuen Mun", "region": "Nuevos Territorios", "area_km2_poligono": 0.1701 }, "geometry": { "type": "Polygon", "coordinates": [ [ [ 113.976668636014537, 22.403929762818358 ], [ 113.976098741830924, 22.401979975609031 ], [ 113.973319106149887, 22.402864926211873 ], [ 113.971672667227864, 22.402708279852973 ], [ 113.969463658536142, 22.405225618305099 ], [ 113.972028295106668, 22.405482038702655 ], [ 113.974243019601289, 22.405210312603575 ], [ 113.974919235685675, 22.405521074944254 ], [ 113.974819625739173, 22.404388801910294 ], [ 113.976668636014537, 22.403929762818358 ] ] ] } },
{ "type": "Feature", "properties": { "codigo_dcca": "L24", "nombre_en": "Tin King", "nombre_zh": "田景", "codigo": "L", "distrito_en": "Tuen Mun", "distrito_es": "Tuen Mun", "region": "Nuevos Territorios", "area_km2_poligono": 0.0866 }, "geometry": { "type": "Polygon", "coordinates": [ [ [ 113.965715085118049, 22.407678349766812 ], [ 113.967150002943882, 22.407352953962356 ], [ 113.967073539265357, 22.404707003932266 ], [ 113.963675265254921, 22.405500697303374 ], [ 113.963374176388754, 22.405800156190466 ], [ 113.963690751546778, 22.406420451280777 ], [ 113.964171928135613, 22.406045255652547 ], [ 113.964779931508957, 22.406341061227135 ], [ 113.96402137929006, 22.406800662569253 ], [ 113.964515883479834, 22.407401991420471 ], [ 113.965715085118049, 22.407678349766812 ] ] ] } },
{ "type": "Feature", "properties": { "codigo_dcca": "L13", "nombre_en": "Sam Shing", "nombre_zh": "三聖", "codigo": "L", "distrito_en": "Tuen Mun", "distrito_es": "Tuen Mun", "region": "Nuevos Territorios", "area_km2_poligono": 36.8728 }, "geometry": { "type": "Polygon", "coordinates": [ [ [ 114.025500835033554, 22.371331432645412 ], [ 114.025763779443935, 22.371296233509128 ], [ 114.025774010569364, 22.371712703252427 ], [ 114.02701200791526, 22.373674776546348 ], [ 114.026659574404846, 22.373330315152469 ], [ 114.026031318868476, 22.373492974602883 ], [ 114.022666481935445, 22.375002532825679 ], [ 114.021602828592108, 22.374839499665576 ], [ 114.020112232761576, 22.373450650797004 ], [ 114.019509705841244, 22.373599394690693 ], [ 114.019481299567573, 22.372826770844309 ], [ 114.018920093098131, 22.372334270018147 ], [ 114.018828122042791, 22.373145246482704 ], [ 114.018119982185809, 22.372636099742568 ], [ 114.017194043515289, 22.37386079978457 ], [ 114.016433858729556, 22.373688207896002 ], [ 114.01713776198298, 22.374196272783855 ], [ 114.016677065296889, 22.373991574512861 ], [ 114.016696096916675, 22.37416083409467 ], [ 114.017227008126852, 22.374422728566991 ], [ 114.017228228844758, 22.374936050902402 ], [ 114.016843141993775, 22.375001105696267 ], [ 114.016931454595323, 22.375211811493529 ], [ 114.017665924324604, 22.374835629292729 ], [ 114.01771888158612, 22.374348629971937 ], [ 114.01794315329596, 22.374369286364871 ], [ 114.018097415306713, 22.373844115022653 ], [ 114.018329279012505, 22.374688198121927 ], [ 114.01767530241483, 22.375690944914734 ], [ 114.017933235344216, 22.375741615713554 ], [ 114.01905780926765, 22.375173767037751 ], [ 114.019233846557768, 22.375356174213007 ], [ 114.018735022554381, 22.375933522680047 ], [ 114.018772887658542, 22.376306212541781 ], [ 114.019664114538173, 22.376111308267681 ], [ 114.020117858845879, 22.376508368181199 ], [ 114.01901797505657, 22.377063822206047 ], [ 114.017777921049756, 22.37658369326299 ], [ 114.017239384303053, 22.377057454174039 ], [ 114.017456260257646, 22.37719840834545 ], [ 114.018030913472103, 22.37701933852221 ], [ 114.018811959241305, 22.377442324409042 ], [ 114.018777332816114, 22.37769229108137 ], [ 114.017571412528838, 22.37836563309703 ], [ 114.018591332502325, 22.379303196280674 ], [ 114.018885590169347, 22.379248858286481 ], [ 114.018937095506601, 22.379478536180155 ], [ 114.018539345052645, 22.379929528160762 ], [ 114.019652417251194, 22.379497745192094 ], [ 114.020234157479052, 22.380167568857718 ], [ 114.020166750049782, 22.380349314700517 ], [ 114.019553254192871, 22.380468472971856 ], [ 114.019464105954356, 22.380951247196005 ], [ 114.018888481589187, 22.381091887193485 ], [ 114.019008285957028, 22.3812470939253 ], [ 114.019577865879214, 22.381162933415368 ], [ 114.020233783058458, 22.380883940145285 ], [ 114.020186439259859, 22.38137555994928 ], [ 114.019817529997766, 22.381849728054796 ], [ 114.018958107896779, 22.382035001264178 ], [ 114.019692923990661, 22.382432471659122 ], [ 114.019136766012679, 22.382527301608885 ], [ 114.019124127463286, 22.382695807434146 ], [ 114.018453478351802, 22.382348859729284 ], [ 114.017630793876009, 22.382791368475846 ], [ 114.018081707724022, 22.383402289243886 ], [ 114.017934351027407, 22.3836447804158 ], [ 114.018307060882336, 22.383536235825549 ], [ 114.01856202844084, 22.383886688263203 ], [ 114.01903222841392, 22.38392989472209 ], [ 114.019227564569761, 22.384411812695639 ], [ 114.019578974587375, 22.384574185815723 ], [ 114.019626720326599, 22.385024426061531 ], [ 114.020275166611, 22.38476308833237 ], [ 114.020594462374561, 22.385146681663009 ], [ 114.021261809273327, 22.385145755686562 ], [ 114.021618236999245, 22.385598584210253 ], [ 114.022038277832735, 22.38562477544917 ], [ 114.021836518040729, 22.386762871495943 ], [ 114.022743656957061, 22.385438452048255 ], [ 114.02336351802731, 22.385539771538362 ], [ 114.024242074704034, 22.386637770100339 ], [ 114.024748377295197, 22.386519812044572 ], [ 114.024909965786136, 22.386766127004165 ], [ 114.024713494978982, 22.387174227070016 ], [ 114.025438393593717, 22.387105708546649 ], [ 114.025912038840929, 22.386702282793106 ], [ 114.026479227907473, 22.387290559050385 ], [ 114.026636245622441, 22.386328923059523 ], [ 114.026811766183059, 22.386653407485603 ], [ 114.027257677337388, 22.386809864526583 ], [ 114.027372102023165, 22.387925740772726 ], [ 114.027960512288217, 22.387575646576465 ], [ 114.028413452429447, 22.388362375557993 ], [ 114.028734898599154, 22.388020743652877 ], [ 114.028960660442081, 22.388204900413118 ], [ 114.028571070819282, 22.389034156515397 ], [ 114.028553619793826, 22.38963214339093 ], [ 114.028997077997928, 22.389083695822304 ], [ 114.029367689953474, 22.389062140788656 ], [ 114.029682868693541, 22.388111806512946 ], [ 114.03005438024995, 22.387959063874533 ], [ 114.029608817810995, 22.387721936214142 ], [ 114.029767373721569, 22.387301255500198 ], [ 114.030824623245948, 22.387641219598727 ], [ 114.030810109811526, 22.388262959812419 ], [ 114.031473103327116, 22.388061907890993 ], [ 114.031782252399665, 22.388775306932928 ], [ 114.032105428244932, 22.388205178972246 ], [ 114.032545326816958, 22.388104769055968 ], [ 114.032479312601779, 22.387845199853107 ], [ 114.032866823679527, 22.387846580295232 ], [ 114.033207224108594, 22.38816946004226 ], [ 114.033452770887749, 22.390027602347029 ], [ 114.03421458336652, 22.390278388103308 ], [ 114.034937908952415, 22.38972338630569 ], [ 114.034884391452437, 22.390143269227853 ], [ 114.03520696276081, 22.390534815650085 ], [ 114.03668177514713, 22.390937314253772 ], [ 114.036304405371837, 22.391791929909232 ], [ 114.036272155672677, 22.392579573325293 ], [ 114.037420300887575, 22.391019636170412 ], [ 114.038401346204466, 22.391308860492611 ], [ 114.038732951635083, 22.39161012912329 ], [ 114.038929979987529, 22.392385170480864 ], [ 114.039429473233653, 22.392710058570682 ], [ 114.03970879954646, 22.392484890724635 ], [ 114.040433370982058, 22.393036148401297 ], [ 114.040235222292466, 22.393607354023821 ], [ 114.040710417516451, 22.393525057963856 ], [ 114.040916598618637, 22.393919529804592 ], [ 114.042786991735468, 22.394062634934386 ], [ 114.04291515899618, 22.394255456362618 ], [ 114.042572432493216, 22.394767363672145 ], [ 114.043171204507942, 22.39433497398543 ], [ 114.044236410234973, 22.394734140805451 ], [ 114.045021641803999, 22.395665533056178 ], [ 114.046205738937871, 22.396500888794208 ], [ 114.04681597930221, 22.397553432824779 ], [ 114.047321241602745, 22.397344493472982 ], [ 114.048306831212074, 22.398534053646358 ], [ 114.049897762068639, 22.396989850260965 ], [ 114.050407689797737, 22.396908812778143 ], [ 114.052939713192444, 22.397692990354631 ], [ 114.053720212570056, 22.397548406802972 ], [ 114.05500311204959, 22.396882428280652 ], [ 114.05563598854917, 22.39688868962072 ], [ 114.055981100977078, 22.396656021328209 ], [ 114.056730427113337, 22.396738843631422 ], [ 114.057125693109001, 22.396425739302245 ], [ 114.0576146507928, 22.396429043665389 ], [ 114.058230410130051, 22.39600057379889 ], [ 114.05889274876148, 22.395858411630748 ], [ 114.059292016306259, 22.395425072390058 ], [ 114.059585685007079, 22.394373439075633 ], [ 114.060682838572589, 22.394126097765163 ], [ 114.061208179593905, 22.393529408126241 ], [ 114.060855401201437, 22.392894033219179 ], [ 114.061336405235053, 22.392549554694131 ], [ 114.061424054283762, 22.392009905462842 ], [ 114.061864844901493, 22.392044698042607 ], [ 114.062053633563409, 22.391853763093657 ], [ 114.061993112775482, 22.390662041373151 ], [ 114.062486131242153, 22.390397437743616 ], [ 114.06286683144927, 22.390470303198953 ], [ 114.063601266891851, 22.389621746507821 ], [ 114.064289711528232, 22.389963648398112 ], [ 114.064649659869715, 22.389842083956907 ], [ 114.064989701182128, 22.386002989218344 ], [ 114.064668144364134, 22.384877863245439 ], [ 114.063469542411312, 22.385066144643005 ], [ 114.060057673103174, 22.384875774760012 ], [ 114.058526715410977, 22.385279906380823 ], [ 114.055579503403706, 22.384912530428288 ], [ 114.054664153080253, 22.384045789022323 ], [ 114.05323681026303, 22.384108216372777 ], [ 114.05186009310178, 22.385000591823076 ], [ 114.051934285160257, 22.38550748624295 ], [ 114.049975925508264, 22.385365989513829 ], [ 114.048656884984055, 22.386279848164222 ], [ 114.048279352575818, 22.386316239508844 ], [ 114.046242071702594, 22.384880446241148 ], [ 114.04594511280321, 22.384426423385307 ], [ 114.046323091577293, 22.383261233647641 ], [ 114.047226465946977, 22.381910174237539 ], [ 114.047568119930702, 22.380630201373688 ], [ 114.047337285776479, 22.380203731573612 ], [ 114.046499997090422, 22.379683308265943 ], [ 114.045126290605609, 22.379513514980193 ], [ 114.044641658962135, 22.379955388973123 ], [ 114.043753736909935, 22.380146586497563 ], [ 114.043166557772935, 22.380661076253222 ], [ 114.042497871828559, 22.38034075213147 ], [ 114.0410259005901, 22.3804575339644 ], [ 114.040633758013669, 22.38062408811523 ], [ 114.040377664514551, 22.381108900879571 ], [ 114.038863681139517, 22.381191997943034 ], [ 114.038238949044867, 22.380687363041108 ], [ 114.036729538301273, 22.380173401144418 ], [ 114.036183873979297, 22.380590859569335 ], [ 114.035421180582048, 22.380626461265038 ], [ 114.036235436497549, 22.379767936224599 ], [ 114.03664453452997, 22.37867200557352 ], [ 114.036018340289644, 22.377854327182384 ], [ 114.034454979529826, 22.377828522554783 ], [ 114.033554748723091, 22.377589322489662 ], [ 114.033427112959743, 22.377786489920105 ], [ 114.033629579785909, 22.378323677456006 ], [ 114.032320779405666, 22.378638997010054 ], [ 114.032044065358249, 22.377434775194114 ], [ 114.03048708514666, 22.3747665746534 ], [ 114.033970445639454, 22.374741873314502 ], [ 114.034600772848364, 22.370663679136179 ], [ 114.035541938120289, 22.369957052724818 ], [ 114.037386186617297, 22.369375109050559 ], [ 114.040236174592607, 22.36981821063949 ], [ 114.040184802230272, 22.367957482689256 ], [ 114.0396850917313, 22.367592127647324 ], [ 114.036212593704121, 22.366617012580516 ], [ 114.035006269420336, 22.366034864117214 ], [ 114.03452859054994, 22.365152993641644 ], [ 114.034947782502456, 22.364625003720136 ], [ 114.034938892141241, 22.364104413301238 ], [ 114.034003260912797, 22.362666788844386 ], [ 114.033546030150191, 22.362370472546871 ], [ 114.031553521607819, 22.362047571340604 ], [ 114.030500479045457, 22.360742687241615 ], [ 114.029841853032806, 22.360391028900754 ], [ 114.028561703238225, 22.359123528843519 ], [ 114.028442528199776, 22.358693512335861 ], [ 114.029036652607559, 22.35357387976854 ], [ 113.994581127449905, 22.32463511154652 ], [ 113.960089520384187, 22.324567653531361 ], [ 113.960108993523804, 22.36233248463164 ], [ 113.974430011176381, 22.362459360946708 ], [ 113.974440097894117, 22.370843651813022 ], [ 113.972807597115775, 22.370914342777521 ], [ 113.972306302371052, 22.371215771105501 ], [ 113.968343615855744, 22.378107724222737 ], [ 113.978275224003681, 22.382482980171723 ], [ 113.980836918206393, 22.378724408985452 ], [ 113.982220588272142, 22.37809630172573 ], [ 113.98212295808446, 22.37691402967209 ], [ 113.983827038641977, 22.3768008330795 ], [ 113.98378858234156, 22.377642257559081 ], [ 113.987626637129992, 22.374138759409622 ], [ 113.992472233637329, 22.373328934135387 ], [ 113.995665053984666, 22.368826896282485 ], [ 113.996574912424123, 22.367941071133174 ], [ 113.999720864934886, 22.367944933185274 ], [ 114.000537600907862, 22.367575040195717 ], [ 114.001878895329156, 22.366496907852163 ], [ 114.0028505624975, 22.366176613379917 ], [ 114.005101383056882, 22.366096883464444 ], [ 114.008152167688024, 22.36651841171496 ], [ 114.012016567589896, 22.36621078552832 ], [ 114.013200245939089, 22.365219425202085 ], [ 114.013469844264307, 22.364537525279211 ], [ 114.014860383728234, 22.364260317157449 ], [ 114.01688008803113, 22.363373931811168 ], [ 114.017507328104031, 22.363450081590454 ], [ 114.017831235548925, 22.363761411143695 ], [ 114.017592489050401, 22.364104625196315 ], [ 114.018187912764731, 22.364630416652474 ], [ 114.018037863922885, 22.364976327138155 ], [ 114.018490666009271, 22.365483924575873 ], [ 114.019400063307017, 22.365241123003468 ], [ 114.020167165978563, 22.366148088748361 ], [ 114.020766043899499, 22.366334334688375 ], [ 114.020964342923747, 22.365943161159223 ], [ 114.02139507730304, 22.366628169871703 ], [ 114.021594205588798, 22.367580963125281 ], [ 114.022024286242868, 22.368065401674329 ], [ 114.022849238120926, 22.367985835925815 ], [ 114.023270606703392, 22.369647398702643 ], [ 114.024358798756012, 22.369674391108635 ], [ 114.025500835033554, 22.371331432645412 ] ] ] } },
{ "type": "Feature", "properties": { "codigo_dcca": "L23", "nombre_en": "Leung King", "nombre_zh": "良景", "codigo": "L", "distrito_en": "Tuen Mun", "distrito_es": "Tuen Mun", "region": "Nuevos Territorios", "area_km2_poligono": 0.1187 }, "geometry": { "type": "Polygon", "coordinates": [ [ [ 113.965715085118049, 22.407678349766812 ], [ 113.964515883479834, 22.407401991420471 ], [ 113.96402137929006, 22.406800662569253 ], [ 113.964779931508957, 22.406341061227135 ], [ 113.964171928135613, 22.406045255652547 ], [ 113.963690751546778, 22.406420451280777 ], [ 113.963371387259542, 22.405998461249524 ], [ 113.963428108612135, 22.405690724127052 ], [ 113.963074272969848, 22.405679293647434 ], [ 113.962786230179518, 22.405969386033018 ], [ 113.962153441204066, 22.405431370421962 ], [ 113.961443130761538, 22.405420564285599 ], [ 113.960238158805495, 22.406391515802355 ], [ 113.960207407584591, 22.406932416643215 ], [ 113.961427893174246, 22.407430406381689 ], [ 113.962431107769319, 22.408701728472096 ], [ 113.963790129154518, 22.408984616275792 ], [ 113.965715085118049, 22.407678349766812 ] ] ] } },
{ "type": "Feature", "properties": { "codigo_dcca": "L26", "nombre_en": "Kin Sang", "nombre_zh": "建生", "codigo": "L", "distrito_en": "Tuen Mun", "distrito_es": "Tuen Mun", "region": "Nuevos Territorios", "area_km2_poligono": 0.1756 }, "geometry": { "type": "Polygon", "coordinates": [ [ [ 113.972309501780927, 22.40544962320655 ], [ 113.969895283981529, 22.405323519739756 ], [ 113.968173478207376, 22.404787787087653 ], [ 113.967073539265357, 22.404707003932266 ], [ 113.967374970040353, 22.410056285473178 ], [ 113.968181845944642, 22.409675566843681 ], [ 113.96890527950174, 22.408466481844751 ], [ 113.970983394782237, 22.407524727933019 ], [ 113.972309501780927, 22.40544962320655 ] ] ] } },
{ "type": "Feature", "properties": { "codigo_dcca": "L22", "nombre_en": "San King", "nombre_zh": "新景", "codigo": "L", "distrito_en": "Tuen Mun", "distrito_es": "Tuen Mun", "region": "Nuevos Territorios", "area_km2_poligono": 2.1467 }, "geometry": { "type": "Polygon", "coordinates": [ [ [ 113.963790129154518, 22.408984616275792 ], [ 113.962431107769319, 22.408701728472096 ], [ 113.961427893174246, 22.407430406381689 ], [ 113.960199966869197, 22.406851827963475 ], [ 113.960272628268058, 22.406346509065997 ], [ 113.961443130761538, 22.405420564285599 ], [ 113.962153441204066, 22.405431370421962 ], [ 113.962786230179518, 22.405969386033018 ], [ 113.963675265254921, 22.405500697303374 ], [ 113.967073539265357, 22.404707003932266 ], [ 113.966417807803452, 22.404041275411103 ], [ 113.966369162526988, 22.40334397957497 ], [ 113.965830426758345, 22.402910573944656 ], [ 113.966074608672528, 22.402452985055263 ], [ 113.965928408925009, 22.401114209549135 ], [ 113.966092765002259, 22.401090285448962 ], [ 113.965670712979076, 22.397873021400574 ], [ 113.965378101237121, 22.397268609405774 ], [ 113.964823633904999, 22.397671888210759 ], [ 113.963769247484038, 22.397688770925054 ], [ 113.962884092021554, 22.39741925294334 ], [ 113.962926166263856, 22.397251089160836 ], [ 113.961890929644397, 22.396430337369203 ], [ 113.961971457896269, 22.395979995869908 ], [ 113.963093930832102, 22.395089996009826 ], [ 113.963382573615732, 22.394207089396215 ], [ 113.963782077000047, 22.394087104644271 ], [ 113.96371990261494, 22.393949506783851 ], [ 113.959345894908125, 22.394248651300924 ], [ 113.957381947896423, 22.393990291510633 ], [ 113.956600613322536, 22.394859756907074 ], [ 113.955997010008005, 22.394722790500076 ], [ 113.955620492448659, 22.395249076889741 ], [ 113.953985671747702, 22.393179127445944 ], [ 113.953815613042082, 22.396028346672431 ], [ 113.952992426511827, 22.398991556299794 ], [ 113.952216499309543, 22.400057446563174 ], [ 113.950747990217693, 22.400780138802073 ], [ 113.950303899778845, 22.401811246349524 ], [ 113.950486240671964, 22.403049585595667 ], [ 113.951552116197362, 22.405004532256598 ], [ 113.953630459510819, 22.406726767532273 ], [ 113.953955237616711, 22.407810634534727 ], [ 113.953721159581903, 22.409007947380886 ], [ 113.956873147035637, 22.411609215880105 ], [ 113.957411460371858, 22.411609947629831 ], [ 113.95806795562882, 22.411485016423182 ], [ 113.959950166694483, 22.410330003609801 ], [ 113.963431655458265, 22.4105038414353 ], [ 113.964547210450036, 22.409655030584315 ], [ 113.963790129154518, 22.408984616275792 ] ] ] } },
{ "type": "Feature", "properties": { "codigo_dcca": "L31", "nombre_en": "Prime View", "nombre_zh": "景峰", "codigo": "L", "distrito_en": "Tuen Mun", "distrito_es": "Tuen Mun", "region": "Nuevos Territorios", "area_km2_poligono": 0.6437 }, "geometry": { "type": "Polygon", "coordinates": [ [ [ 113.984835707282542, 22.40795751072978 ], [ 113.983127303203062, 22.407917481264658 ], [ 113.982599861354103, 22.40822424511148 ], [ 113.982625285744717, 22.407254169628651 ], [ 113.983038016118087, 22.407178050572117 ], [ 113.983379373869994, 22.406708044768362 ], [ 113.983258935324415, 22.405481157670128 ], [ 113.982791465219208, 22.404954879869084 ], [ 113.982652702061984, 22.404367769342404 ], [ 113.981302254838297, 22.403832901812738 ], [ 113.981385567842096, 22.403231763385108 ], [ 113.980630663833907, 22.4013573167069 ], [ 113.98078586987252, 22.401076874253999 ], [ 113.981178293167815, 22.401044018179583 ], [ 113.981297221786605, 22.400502072232797 ], [ 113.981174799993781, 22.400181459976956 ], [ 113.98072460283646, 22.400146797443764 ], [ 113.979561874970827, 22.401988536922698 ], [ 113.978880140170361, 22.402287686589759 ], [ 113.979520416432635, 22.403914575635802 ], [ 113.978563275780218, 22.405876400827783 ], [ 113.978666206309072, 22.407010851951675 ], [ 113.978352517920229, 22.407059078031093 ], [ 113.978041226478325, 22.405422033283617 ], [ 113.977168651979056, 22.405619266749277 ], [ 113.97961567073358, 22.41396083032372 ], [ 113.980046284544031, 22.413835904245087 ], [ 113.979839924207795, 22.412781591468722 ], [ 113.980751969567308, 22.4139771403878 ], [ 113.981475687550585, 22.413718815852658 ], [ 113.982379735963804, 22.414045174032314 ], [ 113.982290339019727, 22.41271526915564 ], [ 113.985146637458996, 22.412447281011154 ], [ 113.985376270438408, 22.412097677286258 ], [ 113.985395356101947, 22.411232239132065 ], [ 113.984430568349012, 22.410475677772887 ], [ 113.984129888439867, 22.409953512693505 ], [ 113.984213602101349, 22.409119116972835 ], [ 113.984876416663042, 22.409183290293175 ], [ 113.984835707282542, 22.40795751072978 ] ] ] } },
{ "type": "Feature", "properties": { "codigo_dcca": "L27", "nombre_en": "Siu Hong", "nombre_zh": "兆康", "codigo": "L", "distrito_en": "Tuen Mun", "distrito_es": "Tuen Mun", "region": "Nuevos Territorios", "area_km2_poligono": 0.6607 }, "geometry": { "type": "Polygon", "coordinates": [ [ [ 113.98045230400902, 22.414948886408123 ], [ 113.980046284544031, 22.413835904245087 ], [ 113.97961567073358, 22.41396083032372 ], [ 113.976668636014537, 22.403929762818358 ], [ 113.974819625739173, 22.404388801910294 ], [ 113.974919235685675, 22.405521074944254 ], [ 113.974067993147059, 22.405202986187554 ], [ 113.972309501780927, 22.40544962320655 ], [ 113.970983394782237, 22.407524727933019 ], [ 113.96890527950174, 22.408466481844751 ], [ 113.968181845944642, 22.409675566843681 ], [ 113.967374970040353, 22.410056285473178 ], [ 113.967860152015689, 22.410842743238597 ], [ 113.969806359760284, 22.410346776120612 ], [ 113.970693695885458, 22.410354827618871 ], [ 113.971044669183172, 22.410102548675624 ], [ 113.971561132343922, 22.41046827949032 ], [ 113.971407474677335, 22.4109639824322 ], [ 113.972243618935394, 22.41103347580103 ], [ 113.972553777732585, 22.411327655776912 ], [ 113.972975085189631, 22.411196090313052 ], [ 113.972532240735802, 22.410666725976178 ], [ 113.972676652549268, 22.41026100772357 ], [ 113.974042375145643, 22.411713514262743 ], [ 113.974610475448358, 22.411581180467465 ], [ 113.974602102872808, 22.411279607102969 ], [ 113.97534053486828, 22.410938555227762 ], [ 113.97552718945748, 22.410234575074512 ], [ 113.975850041794729, 22.410627151377167 ], [ 113.976545624121997, 22.410707979525707 ], [ 113.97645502445107, 22.412105681858122 ], [ 113.977591032725087, 22.415406614056295 ], [ 113.977915648767365, 22.415534740631838 ], [ 113.979395503794507, 22.415035988710532 ], [ 113.98045230400902, 22.414948886408123 ] ] ] } },
{ "type": "Feature", "properties": { "codigo_dcca": "L11", "nombre_en": "San Hui", "nombre_zh": "新墟", "codigo": "L", "distrito_en": "Tuen Mun", "distrito_es": "Tuen Mun", "region": "Nuevos Territorios", "area_km2_poligono": 10.7507 }, "geometry": { "type": "Polygon", "coordinates": [ [ [ 113.995121800562472, 22.41650741080192 ], [ 113.996699113274346, 22.413099150292926 ], [ 113.997931161521052, 22.413859718502831 ], [ 114.001780340129997, 22.414057655282246 ], [ 114.0032516832715, 22.414888924803879 ], [ 114.005858011172577, 22.414800080371027 ], [ 114.006677300403354, 22.414180886675588 ], [ 114.006941420089177, 22.414773770423604 ], [ 114.012166269348782, 22.414690003176915 ], [ 114.012172721316972, 22.40457475800784 ], [ 114.042068490531378, 22.404581908392373 ], [ 114.033521222739708, 22.402323548585599 ], [ 114.008843771226822, 22.396575722475401 ], [ 114.007589799065983, 22.394226697468632 ], [ 114.004729568446862, 22.390962960895919 ], [ 114.004005283848969, 22.390457953349916 ], [ 114.003174271659887, 22.390243266477299 ], [ 114.00127290592026, 22.390430384390889 ], [ 114.000681683883329, 22.39023438508795 ], [ 113.998890039608852, 22.388786778707061 ], [ 113.997974737073164, 22.388382025186285 ], [ 113.997197764253571, 22.388903162322148 ], [ 113.99543861152965, 22.387272171768089 ], [ 113.992261770297631, 22.385025233692396 ], [ 113.990549031281503, 22.382702353762252 ], [ 113.988528558840926, 22.380774587849139 ], [ 113.987925432413107, 22.378981928225897 ], [ 113.987574760119145, 22.379336181977422 ], [ 113.986887902330096, 22.379204272423031 ], [ 113.985625222449158, 22.379638903723539 ], [ 113.98462973588228, 22.380167118659394 ], [ 113.984620273554739, 22.380523974309884 ], [ 113.984052779137897, 22.37997662940872 ], [ 113.981113956723391, 22.382500156585838 ], [ 113.98232199672006, 22.38340041778407 ], [ 113.982636499518179, 22.383257897212612 ], [ 113.98267658275185, 22.383419636168004 ], [ 113.982589417030255, 22.384004138051182 ], [ 113.98211409538203, 22.384413920872397 ], [ 113.982424088499059, 22.386379498433975 ], [ 113.98147082262976, 22.389688318860077 ], [ 113.980946354896091, 22.389721034076704 ], [ 113.980830963111913, 22.390114857898602 ], [ 113.980082991506876, 22.389897407932459 ], [ 113.979855332243403, 22.390710352360017 ], [ 113.980734694631991, 22.391247433900954 ], [ 113.980745698496207, 22.392236889355186 ], [ 113.980291236483779, 22.39250504850315 ], [ 113.979071067085158, 22.392342069081106 ], [ 113.978187079844616, 22.393672872127972 ], [ 113.977675593713897, 22.395162108263303 ], [ 113.976612955355876, 22.394818044556441 ], [ 113.976470169164557, 22.395409869203892 ], [ 113.974531444705917, 22.395833720648575 ], [ 113.974775297785669, 22.396825347652108 ], [ 113.973510694046652, 22.397111713819811 ], [ 113.973953721970119, 22.398746595659091 ], [ 113.975807086082526, 22.401152946606057 ], [ 113.977168651979056, 22.40561926674927 ], [ 113.978041226478339, 22.405422033283628 ], [ 113.978352517920229, 22.407059078031093 ], [ 113.978666206309072, 22.407010851951675 ], [ 113.978563275780232, 22.40587640082779 ], [ 113.979509326932998, 22.404071836616527 ], [ 113.978880140170361, 22.402287686589759 ], [ 113.979561874970827, 22.401988536922687 ], [ 113.980865965722742, 22.400096912970913 ], [ 113.981174799993781, 22.400181459976977 ], [ 113.981286096403039, 22.400644974931115 ], [ 113.981178293167801, 22.401044018179601 ], [ 113.98078586987252, 22.401076874254024 ], [ 113.980633455644423, 22.40140249047975 ], [ 113.981385567842096, 22.403231763385097 ], [ 113.981302254838312, 22.403832901812738 ], [ 113.982652702061984, 22.404367769342407 ], [ 113.982791465219222, 22.404954879869106 ], [ 113.983258935324415, 22.405481157670135 ], [ 113.983379373870008, 22.406708044768379 ], [ 113.983038016118087, 22.407178050572131 ], [ 113.982625285744746, 22.407254169628651 ], [ 113.982599861354117, 22.408224245111509 ], [ 113.983127303203062, 22.407917481264683 ], [ 113.984835707282585, 22.407957510729801 ], [ 113.985475421918267, 22.407170135961778 ], [ 113.986045673940026, 22.404949424842837 ], [ 113.986310384568242, 22.404618626080591 ], [ 113.986526339069883, 22.404674146889825 ], [ 113.98708277858762, 22.406605848005352 ], [ 113.987204581527749, 22.40613686748361 ], [ 113.987650922057227, 22.405986888786231 ], [ 113.988452988109373, 22.406818158418197 ], [ 113.988489644303115, 22.410123340424057 ], [ 113.989684598299903, 22.410796784230474 ], [ 113.989622353224703, 22.412158884332374 ], [ 113.98989421369761, 22.412854426735247 ], [ 113.990964939761795, 22.412649442243428 ], [ 113.991156502923516, 22.414011834412985 ], [ 113.993475948112078, 22.417434053671972 ], [ 113.994203223263597, 22.417615703086888 ], [ 113.994467014255534, 22.417435175254152 ], [ 113.995121800562472, 22.41650741080192 ] ] ] } },
{ "type": "Feature", "properties": { "codigo_dcca": "L30", "nombre_en": "Fu Tai", "nombre_zh": "富泰", "codigo": "L", "distrito_en": "Tuen Mun", "distrito_es": "Tuen Mun", "region": "Nuevos Territorios", "area_km2_poligono": 0.9448 }, "geometry": { "type": "Polygon", "coordinates": [ [ [ 113.996369974557112, 22.413808938243434 ], [ 113.995121800562444, 22.416507410801916 ], [ 113.99446701425552, 22.417435175254123 ], [ 113.994203223263597, 22.417615703086888 ], [ 113.993475948112092, 22.41743405367194 ], [ 113.991156502923502, 22.414011834413007 ], [ 113.990964939761781, 22.412649442243424 ], [ 113.98989421369761, 22.41285442673523 ], [ 113.989622353224703, 22.412158884332371 ], [ 113.98968459829986, 22.410796784230453 ], [ 113.988489644303115, 22.410123340424036 ], [ 113.988452988109373, 22.406818158418183 ], [ 113.987650922057213, 22.405986888786217 ], [ 113.987204581527749, 22.40613686748361 ], [ 113.987082778587606, 22.406605848005341 ], [ 113.986571681987826, 22.404739580817498 ], [ 113.986339293865015, 22.404613585029168 ], [ 113.986009285009587, 22.405033753505947 ], [ 113.985439033218242, 22.407253615605107 ], [ 113.984835707282542, 22.40795751072978 ], [ 113.984876416663042, 22.409183290293175 ], [ 113.984213602101349, 22.409119116972835 ], [ 113.984227521231801, 22.410210085003857 ], [ 113.985395356101947, 22.411232239132065 ], [ 113.985376270438408, 22.412097677286258 ], [ 113.985146637458996, 22.412447281011154 ], [ 113.984010076334357, 22.412685804882511 ], [ 113.982290339019727, 22.41271526915564 ], [ 113.982379735963804, 22.414045174032314 ], [ 113.983231798177869, 22.414896703018318 ], [ 113.984079406036372, 22.41517585416025 ], [ 113.986513965971909, 22.415313221289747 ], [ 113.98644578456836, 22.415733011806719 ], [ 113.985803502082106, 22.415667153275542 ], [ 113.98544695845429, 22.416555932732646 ], [ 113.985907076441364, 22.416683950876823 ], [ 113.985941623965758, 22.417025432993256 ], [ 113.985623093249259, 22.416991968810404 ], [ 113.985728339052741, 22.417518017641981 ], [ 113.98502635107576, 22.417518161157059 ], [ 113.985385640130417, 22.418315000542822 ], [ 113.986510200754267, 22.418147947342781 ], [ 113.986754148848462, 22.41777535824783 ], [ 113.989058339904972, 22.418031157848162 ], [ 113.989516795898098, 22.41849204422898 ], [ 113.9896077435385, 22.418349396297742 ], [ 113.990467487051504, 22.41893455193166 ], [ 113.990989577333096, 22.419732948281506 ], [ 113.990646139444337, 22.419667253709424 ], [ 113.990448573405274, 22.420021073664095 ], [ 113.991553887383063, 22.420244782970585 ], [ 113.992664185637452, 22.421125563848769 ], [ 113.993851462710651, 22.420213446933779 ], [ 113.99504327249926, 22.419732141883507 ], [ 113.994819387550962, 22.418534352770884 ], [ 113.994997618191974, 22.417810184811117 ], [ 113.995328360734774, 22.417702669865111 ], [ 113.996244981860286, 22.416132705065419 ], [ 113.996369974557112, 22.413808938243434 ] ] ] } },
{ "type": "Feature", "properties": { "codigo_dcca": "L20", "nombre_en": "Lok Tsui", "nombre_zh": "樂翠", "codigo": "L", "distrito_en": "Tuen Mun", "distrito_es": "Tuen Mun", "region": "Nuevos Territorios", "area_km2_poligono": 102.0154 }, "geometry": { "type": "Polygon", "coordinates": [ [ [ 113.930518797682794, 22.42442268307633 ], [ 113.929326808491993, 22.423801656071959 ], [ 113.930967284635514, 22.418514194665029 ], [ 113.930688800539613, 22.416105220814064 ], [ 113.931619112512792, 22.413853579524496 ], [ 113.931638751629961, 22.4130840541475 ], [ 113.932058627821533, 22.412640890125548 ], [ 113.931835648097191, 22.411762035757718 ], [ 113.931271757856166, 22.411824736133159 ], [ 113.930843325956943, 22.411462009443113 ], [ 113.930035319953546, 22.411325709431356 ], [ 113.929900583068104, 22.410401582071504 ], [ 113.930203528107555, 22.409305596525307 ], [ 113.932365078013618, 22.409534749607996 ], [ 113.935336051146393, 22.409087468429146 ], [ 113.938820714888422, 22.409707835987685 ], [ 113.941810767606029, 22.409767820934796 ], [ 113.944933845379154, 22.410849491928108 ], [ 113.949346541662848, 22.41149819778261 ], [ 113.950953360549804, 22.411319978135104 ], [ 113.952568179753825, 22.410336102638517 ], [ 113.953706762161943, 22.408791512886573 ], [ 113.953863138903429, 22.407305028257433 ], [ 113.953630459510819, 22.406726767532273 ], [ 113.951907161643831, 22.405409048925684 ], [ 113.951101986579388, 22.404310004644426 ], [ 113.950486240671964, 22.403049585595667 ], [ 113.950303899778845, 22.401811246349524 ], [ 113.950747990217693, 22.400780138802073 ], [ 113.95269648884404, 22.399610193084584 ], [ 113.953444357494803, 22.397648413217407 ], [ 113.95402521507458, 22.39405072088211 ], [ 113.953985671747702, 22.393179127445944 ], [ 113.951833516642111, 22.388571558864911 ], [ 113.954214118330086, 22.389344998254817 ], [ 113.954683620999688, 22.389291831228217 ], [ 113.954901842600506, 22.389584699882864 ], [ 113.955173827049165, 22.389459016558114 ], [ 113.954997952535294, 22.389852621201193 ], [ 113.955718158706944, 22.390101394384097 ], [ 113.956264483002272, 22.389766613329449 ], [ 113.956737564054322, 22.389797220877529 ], [ 113.957074726992431, 22.389269207304093 ], [ 113.960452719037761, 22.38847964916987 ], [ 113.960892136956687, 22.387983470181574 ], [ 113.961513209992859, 22.387801837447896 ], [ 113.96130901799684, 22.386816178404466 ], [ 113.962000380319083, 22.386590189381938 ], [ 113.963623686402812, 22.385131702956986 ], [ 113.964885878795812, 22.384583188835162 ], [ 113.963672349304687, 22.382076241765709 ], [ 113.962872987950021, 22.379487068957189 ], [ 113.960362483181584, 22.376236548717653 ], [ 113.960459667459943, 22.376093157204881 ], [ 113.962501744769497, 22.373835860080263 ], [ 113.96827198891728, 22.372657397862557 ], [ 113.968020318635013, 22.371692083980356 ], [ 113.971437846621399, 22.370863755308498 ], [ 113.974440097894117, 22.370843651813001 ], [ 113.974430011176366, 22.362459360946708 ], [ 113.960108993523789, 22.362332484631612 ], [ 113.960089520384173, 22.324567653531357 ], [ 113.865868611943611, 22.324345976169042 ], [ 113.869112011721015, 22.333333014005227 ], [ 113.869120814618284, 22.428809897084687 ], [ 113.874232165029639, 22.431640735049996 ], [ 113.930518797682794, 22.42442268307633 ] ] ] } },
{ "type": "Feature", "properties": { "codigo_dcca": "L29", "nombre_en": "Tuen Mun Rural", "nombre_zh": "屯門鄉郊", "codigo": "L", "distrito_en": "Tuen Mun", "distrito_es": "Tuen Mun", "region": "Nuevos Territorios", "area_km2_poligono": 4.0408 }, "geometry": { "type": "Polygon", "coordinates": [ [ [ 114.006769079906121, 22.421913807697674 ], [ 114.006823719674841, 22.414226147927668 ], [ 114.005858011172577, 22.414800080371027 ], [ 114.0032516832715, 22.414888924803869 ], [ 114.001780340129997, 22.414057655282246 ], [ 113.997931161521038, 22.413859718502842 ], [ 113.996699113274303, 22.413099150292894 ], [ 113.996369974557112, 22.413808938243434 ], [ 113.996244981860286, 22.416132705065419 ], [ 113.995328360734774, 22.417702669865111 ], [ 113.994972590234653, 22.417861007118223 ], [ 113.994817277384996, 22.418655511954331 ], [ 113.99504327249926, 22.419732141883507 ], [ 113.993851462710651, 22.420213446933779 ], [ 113.992664185637452, 22.421125563848769 ], [ 113.991553887383063, 22.420244782970585 ], [ 113.990448573405274, 22.420021073664095 ], [ 113.990646139444337, 22.419667253709424 ], [ 113.990989577333096, 22.419732948281506 ], [ 113.990467487051504, 22.41893455193166 ], [ 113.9896077435385, 22.418349396297742 ], [ 113.989516795898098, 22.41849204422898 ], [ 113.989058339904972, 22.418031157848162 ], [ 113.986754148848462, 22.41777535824783 ], [ 113.986510200754267, 22.418147947342781 ], [ 113.985385640130417, 22.418315000542822 ], [ 113.98502635107576, 22.417518161157059 ], [ 113.985728339052741, 22.417518017641981 ], [ 113.985623093249259, 22.416991968810404 ], [ 113.985941623965758, 22.417025432993256 ], [ 113.985907076441364, 22.416683950876823 ], [ 113.98544695845429, 22.416555932732646 ], [ 113.985803502082106, 22.415667153275542 ], [ 113.98644578456836, 22.415733011806719 ], [ 113.986513132180022, 22.415312127623103 ], [ 113.983524749522587, 22.41503605945206 ], [ 113.982192097830662, 22.413942425426743 ], [ 113.981321776516452, 22.413717076483849 ], [ 113.980751969567308, 22.4139771403878 ], [ 113.979839924207795, 22.412781591468722 ], [ 113.980533144238166, 22.415140529494497 ], [ 113.981999601628956, 22.417887081958874 ], [ 113.980990468827358, 22.417767012284916 ], [ 113.980816156862872, 22.418941616786736 ], [ 113.981018579500784, 22.419518374877779 ], [ 113.98032746430232, 22.419411924758055 ], [ 113.980265862350748, 22.419759097503235 ], [ 113.979722725551753, 22.419932488578826 ], [ 113.97931675762041, 22.420658997658233 ], [ 113.977630931484953, 22.420712221294476 ], [ 113.977184012347209, 22.4205267352195 ], [ 113.976376609401868, 22.419237831824734 ], [ 113.97614530777696, 22.41919040577881 ], [ 113.975097745595946, 22.420449705779497 ], [ 113.974392641430242, 22.420847490700769 ], [ 113.974050248348064, 22.421851914492684 ], [ 113.973758743125103, 22.421990653225258 ], [ 113.973680736638215, 22.422572259898121 ], [ 113.973478163466908, 22.422723734460718 ], [ 113.973015908205227, 22.422423991576832 ], [ 113.972863757592577, 22.423099113760117 ], [ 113.972159325044743, 22.423568618288762 ], [ 113.972073507818706, 22.424589743500924 ], [ 113.971773784457028, 22.425074297682499 ], [ 113.974884165251382, 22.430464511898936 ], [ 113.980984049297518, 22.430349558626006 ], [ 113.981051909795724, 22.430875103703244 ], [ 113.981906726245825, 22.430864849629486 ], [ 113.982361328187054, 22.430514339585638 ], [ 113.98277993380745, 22.430726489347038 ], [ 113.984218617235683, 22.430836016858638 ], [ 113.984465365386711, 22.430644414231683 ], [ 113.984411349422189, 22.4301922592709 ], [ 113.985105701941492, 22.430316693612269 ], [ 113.98551483308772, 22.429917582038765 ], [ 113.985851003634792, 22.430036504359215 ], [ 113.988184003223438, 22.429651497361579 ], [ 113.988097086427942, 22.430175730017595 ], [ 113.988916423693652, 22.430360680525233 ], [ 113.989500095611319, 22.429724143902977 ], [ 113.989959966150664, 22.429956081577526 ], [ 113.991462649919995, 22.431697300998366 ], [ 113.992062280815389, 22.431841915218193 ], [ 113.992006842352779, 22.431990285044051 ], [ 113.992784714837526, 22.432008069343862 ], [ 113.992924684713202, 22.430876642924513 ], [ 113.993251428237301, 22.430318933651886 ], [ 113.996457251732082, 22.432719702427374 ], [ 113.996518033430576, 22.432304234787189 ], [ 113.995655664630021, 22.430231344190627 ], [ 113.995247370150437, 22.429403887119602 ], [ 113.994656985173378, 22.429005241805399 ], [ 113.994517618748247, 22.42775309532465 ], [ 113.993585107779381, 22.427279856407115 ], [ 113.993787192376487, 22.425659635968625 ], [ 113.995610425219255, 22.425055541225348 ], [ 113.996554605293937, 22.423323275952971 ], [ 113.997346660056508, 22.42236616291121 ], [ 113.998264781486185, 22.422364037738095 ], [ 113.998844538449077, 22.422651321994117 ], [ 113.99949121404785, 22.422278813768333 ], [ 114.001194913427895, 22.421940795950757 ], [ 114.006769079906121, 22.421913807697674 ] ] ] } },
{ "type": "Feature", "properties": { "codigo_dcca": "L25", "nombre_en": "Po Tin", "nombre_zh": "寶田", "codigo": "L", "distrito_en": "Tuen Mun", "distrito_es": "Tuen Mun", "region": "Nuevos Territorios", "area_km2_poligono": 9.0436 }, "geometry": { "type": "Polygon", "coordinates": [ [ [ 113.972503290999711, 22.415228158365018 ], [ 113.973079171796613, 22.415273671362328 ], [ 113.973369498481262, 22.414521949633194 ], [ 113.973361875020842, 22.413555131514119 ], [ 113.973959474434324, 22.412835811216087 ], [ 113.975817113674665, 22.413687721166497 ], [ 113.976089223190385, 22.413340015563673 ], [ 113.976799593078823, 22.413292545046662 ], [ 113.976435700397431, 22.411981335675151 ], [ 113.976545624121997, 22.410707979525707 ], [ 113.975850041794729, 22.410627151377167 ], [ 113.97552718945748, 22.410234575074536 ], [ 113.975340534868295, 22.410938555227762 ], [ 113.974602102872808, 22.411279607102973 ], [ 113.974610475448358, 22.411581180467468 ], [ 113.974042375145672, 22.41171351426274 ], [ 113.972676652549296, 22.410261007723605 ], [ 113.972532240735816, 22.410666725976185 ], [ 113.97297508518966, 22.411196090313062 ], [ 113.972553777732585, 22.411327655776923 ], [ 113.972243618935394, 22.411033475801041 ], [ 113.971407474677335, 22.410963982432218 ], [ 113.971561132343894, 22.410468279490324 ], [ 113.971044669183172, 22.410102548675649 ], [ 113.970693695885444, 22.410354827618878 ], [ 113.969806359760298, 22.410346776120591 ], [ 113.967860152015689, 22.4108427432386 ], [ 113.967282517447885, 22.409720919208784 ], [ 113.967150002943882, 22.407352953962373 ], [ 113.965715085118063, 22.407678349766812 ], [ 113.963790129154518, 22.408984616275792 ], [ 113.964547210450036, 22.409655030584315 ], [ 113.963431655458265, 22.41050384143535 ], [ 113.959950166694483, 22.410330003609843 ], [ 113.958067955628849, 22.411485016423214 ], [ 113.957411460371858, 22.411609947629834 ], [ 113.956873147035651, 22.411609215880109 ], [ 113.954965530583891, 22.410167218858096 ], [ 113.953846242358807, 22.40918426785559 ], [ 113.953706762161943, 22.40879151288657 ], [ 113.953145214730171, 22.409715472304619 ], [ 113.951898372350996, 22.41086963858179 ], [ 113.950953360549818, 22.411319978135133 ], [ 113.949346541662848, 22.411498197782628 ], [ 113.944933845379168, 22.41084949192814 ], [ 113.941810767606029, 22.409767820934796 ], [ 113.938820714888422, 22.409707835987717 ], [ 113.935336051146393, 22.409087468429146 ], [ 113.932365078013618, 22.409534749607996 ], [ 113.930203528107555, 22.409305596525325 ], [ 113.929900583068104, 22.410401582071504 ], [ 113.930035319953546, 22.411325709431356 ], [ 113.930843325956943, 22.411462009443103 ], [ 113.931271757856166, 22.411824736133159 ], [ 113.931835648097206, 22.411762035757715 ], [ 113.932058627821533, 22.412640890125559 ], [ 113.931638751629961, 22.4130840541475 ], [ 113.931619112512792, 22.41385357952451 ], [ 113.930688800539599, 22.416105220814103 ], [ 113.930967284635528, 22.418514194665029 ], [ 113.929326808492007, 22.423801656071973 ], [ 113.93051879768278, 22.424422683076358 ], [ 113.938288853211915, 22.423371455592235 ], [ 113.939004147436719, 22.422914785182435 ], [ 113.939425952798942, 22.422266343906312 ], [ 113.939292553986419, 22.420747338762325 ], [ 113.938931970315011, 22.419641520198148 ], [ 113.939975324604589, 22.419533351468925 ], [ 113.940003949330247, 22.420294595190246 ], [ 113.940844756266017, 22.42062825354407 ], [ 113.940886065434398, 22.421542292307244 ], [ 113.941728194800149, 22.422278885582642 ], [ 113.942325506114997, 22.422384226710442 ], [ 113.942717688239512, 22.423161619748313 ], [ 113.944061518931903, 22.422862658815681 ], [ 113.94444662885374, 22.422970259904762 ], [ 113.943945467343738, 22.423607907982912 ], [ 113.943892098986254, 22.424291759234531 ], [ 113.945101260108203, 22.424335273024496 ], [ 113.945985939778438, 22.424950707846396 ], [ 113.945816719485691, 22.42606978689167 ], [ 113.946106840604401, 22.426837363011266 ], [ 113.947195507753449, 22.428483083213759 ], [ 113.948061530831609, 22.4288633821137 ], [ 113.947971656803418, 22.429867536819987 ], [ 113.94841750792898, 22.430236798721044 ], [ 113.948197165272703, 22.430698961787499 ], [ 113.950217365543139, 22.433350882136054 ], [ 113.970363156902849, 22.433395956281281 ], [ 113.97041412049721, 22.430548610503845 ], [ 113.974884165251396, 22.43046451189894 ], [ 113.971335560805741, 22.424316288579384 ], [ 113.971469224526672, 22.423948894173961 ], [ 113.971213984317714, 22.423122938192719 ], [ 113.970763147875417, 22.423199743569175 ], [ 113.970386120793464, 22.423865799588484 ], [ 113.970265984018681, 22.42267947373567 ], [ 113.969964196404064, 22.422589063152024 ], [ 113.969299820050736, 22.422851665006863 ], [ 113.969069874548026, 22.422484489906932 ], [ 113.969242772467069, 22.422245739715208 ], [ 113.969154063132535, 22.421618741774836 ], [ 113.968486101114806, 22.421281492891318 ], [ 113.968564822900845, 22.420955133143764 ], [ 113.968851033565073, 22.421085728151816 ], [ 113.96923522933352, 22.420912740513224 ], [ 113.969149858003632, 22.419954907134944 ], [ 113.969661981698977, 22.419497470083435 ], [ 113.970004469671366, 22.418757002741533 ], [ 113.970538323249485, 22.418402888212455 ], [ 113.97083666284685, 22.417528938610612 ], [ 113.971902111703741, 22.416450109028442 ], [ 113.97213163205025, 22.416478495257184 ], [ 113.972503290999711, 22.415228158365018 ] ] ] } },
{ "type": "Feature", "properties": { "codigo_dcca": "L12", "nombre_en": "So Kwun Wat", "nombre_zh": "掃管笏", "codigo": "L", "distrito_en": "Tuen Mun", "distrito_es": "Tuen Mun", "region": "Nuevos Territorios", "area_km2_poligono": 14.343 }, "geometry": { "type": "Polygon", "coordinates": [ [ [ 114.059777454188009, 22.408602068004026 ], [ 114.059725947783477, 22.404873569830098 ], [ 114.057445472471088, 22.404873590389585 ], [ 114.057373796001684, 22.397830884900003 ], [ 114.065818561824031, 22.39770427249621 ], [ 114.06582344345621, 22.391555066374544 ], [ 114.066145919104443, 22.390543871129992 ], [ 114.065556467956398, 22.390434567818261 ], [ 114.064649659869715, 22.389842083956907 ], [ 114.064261026878683, 22.389955299602747 ], [ 114.063769791223507, 22.389602359145453 ], [ 114.06286683144927, 22.390470303198953 ], [ 114.062486131242153, 22.390397437743616 ], [ 114.062012370676726, 22.390646027259802 ], [ 114.062053633563409, 22.391853763093657 ], [ 114.061864844901493, 22.392044698042607 ], [ 114.061424054283762, 22.392009905462842 ], [ 114.061336405235053, 22.392549554694131 ], [ 114.060855401201437, 22.392894033219179 ], [ 114.061208179593905, 22.393529408126241 ], [ 114.060682838572589, 22.394126097765163 ], [ 114.059623657770445, 22.394338872573865 ], [ 114.059292016306259, 22.395425072390058 ], [ 114.058923102863588, 22.395840410704061 ], [ 114.058230410130051, 22.39600057379889 ], [ 114.057643996104517, 22.396418763942265 ], [ 114.057151493948837, 22.396416460693782 ], [ 114.056691480170826, 22.396748014695142 ], [ 114.055981100977078, 22.396656021328209 ], [ 114.05563598854917, 22.39688868962072 ], [ 114.05500311204959, 22.396882428280652 ], [ 114.053720212570056, 22.397548406802972 ], [ 114.052905244445057, 22.397696231082001 ], [ 114.050407689797737, 22.396908812778143 ], [ 114.049897762068639, 22.396989850260965 ], [ 114.048306831212074, 22.398534053646358 ], [ 114.047321241602745, 22.397344493472982 ], [ 114.04681597930221, 22.397553432824779 ], [ 114.046205738937871, 22.396500888794208 ], [ 114.045021641803999, 22.395665533056178 ], [ 114.044236410234973, 22.394734140805451 ], [ 114.043171204507942, 22.39433497398543 ], [ 114.042572432493216, 22.394767363672145 ], [ 114.04291515899618, 22.394255456362618 ], [ 114.042786991735468, 22.394062634934386 ], [ 114.040916598618637, 22.393919529804592 ], [ 114.040710417516451, 22.393525057963856 ], [ 114.040235222292466, 22.393607354023821 ], [ 114.040433370982058, 22.393036148401297 ], [ 114.03970879954646, 22.392484890724635 ], [ 114.039429473233653, 22.392710058570682 ], [ 114.038929979987529, 22.392385170480864 ], [ 114.038732951635083, 22.39161012912329 ], [ 114.038401346204466, 22.391308860492611 ], [ 114.037420300887575, 22.391019636170412 ], [ 114.036272155672677, 22.392579573325293 ], [ 114.036304405371837, 22.391791929909232 ], [ 114.03668177514713, 22.390937314253772 ], [ 114.03520696276081, 22.390534815650085 ], [ 114.034884391452437, 22.390143269227853 ], [ 114.034937908952415, 22.38972338630569 ], [ 114.03421458336652, 22.390278388103308 ], [ 114.033452770887749, 22.390027602347029 ], [ 114.033207224108594, 22.38816946004226 ], [ 114.032866823679527, 22.387846580295232 ], [ 114.032479312601779, 22.387845199853107 ], [ 114.032545326816958, 22.388104769055968 ], [ 114.032105428244932, 22.388205178972246 ], [ 114.031782252399665, 22.388775306932928 ], [ 114.031473103327116, 22.388061907890993 ], [ 114.030810109811526, 22.388262959812419 ], [ 114.030824623245948, 22.387641219598727 ], [ 114.029767373721569, 22.387301255500198 ], [ 114.029608817810995, 22.387721936214142 ], [ 114.03005438024995, 22.387959063874533 ], [ 114.029682868693541, 22.388111806512946 ], [ 114.029367689953474, 22.389062140788656 ], [ 114.028997077997928, 22.389083695822304 ], [ 114.028553619793826, 22.38963214339093 ], [ 114.028571070819282, 22.389034156515397 ], [ 114.028960660442081, 22.388204900413118 ], [ 114.028734898599154, 22.388020743652877 ], [ 114.028413452429447, 22.388362375557993 ], [ 114.027960512288217, 22.387575646576465 ], [ 114.027372102023165, 22.387925740772726 ], [ 114.027257677337388, 22.386809864526583 ], [ 114.026811766183059, 22.386653407485603 ], [ 114.026636245622441, 22.386328923059523 ], [ 114.026479227907473, 22.387290559050385 ], [ 114.025912038840929, 22.386702282793106 ], [ 114.025438393593717, 22.387105708546649 ], [ 114.024713494978982, 22.387174227070016 ], [ 114.024909965786136, 22.386766127004165 ], [ 114.024748377295197, 22.386519812044572 ], [ 114.024242074704034, 22.386637770100339 ], [ 114.02336351802731, 22.385539771538362 ], [ 114.022743656957061, 22.385438452048255 ], [ 114.021836518040729, 22.386762871495943 ], [ 114.022038277832735, 22.38562477544917 ], [ 114.021618236999245, 22.385598584210253 ], [ 114.021261809273327, 22.385145755686562 ], [ 114.020594462374561, 22.385146681663009 ], [ 114.020275166611, 22.38476308833237 ], [ 114.019626720326599, 22.385024426061531 ], [ 114.019578974587375, 22.384574185815723 ], [ 114.019227564569761, 22.384411812695639 ], [ 114.01903222841392, 22.38392989472209 ], [ 114.01856202844084, 22.383886688263203 ], [ 114.018307060882336, 22.383536235825549 ], [ 114.017934351027407, 22.3836447804158 ], [ 114.018081707724022, 22.383402289243886 ], [ 114.017630793876009, 22.382791368475846 ], [ 114.018453478351802, 22.382348859729284 ], [ 114.019124127463286, 22.382695807434146 ], [ 114.019136766012679, 22.382527301608885 ], [ 114.019692923990661, 22.382432471659122 ], [ 114.018958107896779, 22.382035001264178 ], [ 114.019817529997766, 22.381849728054796 ], [ 114.020186439259859, 22.38137555994928 ], [ 114.020233783058458, 22.380883940145285 ], [ 114.019577865879214, 22.381162933415368 ], [ 114.019008285957028, 22.3812470939253 ], [ 114.018888481589187, 22.381091887193485 ], [ 114.019464105954356, 22.380951247196005 ], [ 114.019553254192871, 22.380468472971856 ], [ 114.020166750049782, 22.380349314700517 ], [ 114.020234157479052, 22.380167568857718 ], [ 114.019652417251194, 22.379497745192094 ], [ 114.018539345052645, 22.379929528160762 ], [ 114.018937095506601, 22.379478536180155 ], [ 114.018885590169347, 22.379248858286481 ], [ 114.018591332502325, 22.379303196280674 ], [ 114.017571412528838, 22.37836563309703 ], [ 114.018777332816114, 22.37769229108137 ], [ 114.018811959241305, 22.377442324409042 ], [ 114.018030913472103, 22.37701933852221 ], [ 114.017456260257646, 22.37719840834545 ], [ 114.017239384303053, 22.377057454174039 ], [ 114.017777921049756, 22.37658369326299 ], [ 114.01901797505657, 22.377063822206047 ], [ 114.020117858845879, 22.376508368181199 ], [ 114.019664114538173, 22.376111308267681 ], [ 114.018772887658542, 22.376306212541781 ], [ 114.018735022554381, 22.375933522680047 ], [ 114.019233846557768, 22.375356174213007 ], [ 114.01905780926765, 22.375173767037751 ], [ 114.017933235344216, 22.375741615713554 ], [ 114.01767530241483, 22.375690944914734 ], [ 114.018329279012505, 22.374688198121927 ], [ 114.018097415306713, 22.373844115022653 ], [ 114.01794315329596, 22.374369286364871 ], [ 114.01771888158612, 22.374348629971937 ], [ 114.017665924324604, 22.374835629292729 ], [ 114.016931454595323, 22.375211811493529 ], [ 114.016843141993775, 22.375001105696267 ], [ 114.017228228844758, 22.374936050902402 ], [ 114.017227008126852, 22.374422728566991 ], [ 114.016696096916675, 22.37416083409467 ], [ 114.016677065296889, 22.373991574512861 ], [ 114.01713776198298, 22.374196272783855 ], [ 114.016433858729556, 22.373688207896002 ], [ 114.017194043515289, 22.37386079978457 ], [ 114.018119982185809, 22.372636099742568 ], [ 114.018828122042791, 22.373145246482704 ], [ 114.018920093098131, 22.372334270018147 ], [ 114.019481299567573, 22.372826770844309 ], [ 114.019504914307831, 22.373595759767866 ], [ 114.020122870178398, 22.373455447268032 ], [ 114.021523168366897, 22.374788047766426 ], [ 114.02236704435434, 22.375036111690495 ], [ 114.026031318868476, 22.373492974602883 ], [ 114.026653827221097, 22.373329432956602 ], [ 114.027020729010289, 22.373626840730992 ], [ 114.025774010569364, 22.371712703252427 ], [ 114.025763779443935, 22.371296233509128 ], [ 114.025500835033554, 22.371331432645412 ], [ 114.024358798756012, 22.369674391108635 ], [ 114.023270606703392, 22.369647398702643 ], [ 114.022849238120926, 22.367985835925815 ], [ 114.022024286242868, 22.368065401674329 ], [ 114.021594205588798, 22.367580963125281 ], [ 114.02139507730304, 22.366628169871703 ], [ 114.020973847673858, 22.36595235434795 ], [ 114.020766043899499, 22.366334334688375 ], [ 114.020167165978563, 22.366148088748361 ], [ 114.019400063307017, 22.365241123003468 ], [ 114.018490666009271, 22.365483924575873 ], [ 114.018037863922885, 22.364976327138155 ], [ 114.018187912764731, 22.364630416652474 ], [ 114.017592489050401, 22.364104625196315 ], [ 114.01787113457398, 22.363825711503946 ], [ 114.017464840478951, 22.363433965445289 ], [ 114.01688008803113, 22.363373931811168 ], [ 114.014860383728234, 22.364260317157449 ], [ 114.013611766695405, 22.364461133935158 ], [ 114.012856561575632, 22.365601888245003 ], [ 114.012016567589896, 22.36621078552832 ], [ 114.008152167688024, 22.36651841171496 ], [ 114.005101383056882, 22.366096883464444 ], [ 114.0028505624975, 22.366176613379917 ], [ 114.001878895329156, 22.366496907852163 ], [ 114.000537600907862, 22.367575040195717 ], [ 113.999720864934886, 22.367944933185274 ], [ 113.996574912424123, 22.367941071133174 ], [ 113.995665053984666, 22.368826896282485 ], [ 113.994244954685314, 22.370940534794844 ], [ 113.995635974482113, 22.3716927938212 ], [ 113.996225724985649, 22.37236195407824 ], [ 113.99635902842914, 22.372918292341911 ], [ 113.995515652098646, 22.372915985140224 ], [ 113.99495672089337, 22.373616008382022 ], [ 113.994098952929221, 22.37403520330005 ], [ 113.994071789109057, 22.374381700002733 ], [ 113.993527332024016, 22.374695333486446 ], [ 113.993111396628095, 22.375801101625456 ], [ 113.990284827042089, 22.375058106875766 ], [ 113.988718232043155, 22.375360621107692 ], [ 113.984052779137897, 22.37997662940872 ], [ 113.984620273554739, 22.380523974309884 ], [ 113.98462973588228, 22.380167118659394 ], [ 113.985625222449158, 22.379638903723539 ], [ 113.986887902330096, 22.379204272423031 ], [ 113.987574760119145, 22.379336181977422 ], [ 113.987925432413107, 22.378981928225897 ], [ 113.988528558840926, 22.380774587849139 ], [ 113.990549031281503, 22.382702353762252 ], [ 113.992261770297631, 22.385025233692396 ], [ 113.99543861152965, 22.387272171768089 ], [ 113.997197764253571, 22.388903162322148 ], [ 113.997974737073164, 22.388382025186285 ], [ 113.998890039608852, 22.388786778707061 ], [ 114.000681683883329, 22.39023438508795 ], [ 114.00127290592026, 22.390430384390889 ], [ 114.003174271659887, 22.390243266477299 ], [ 114.004005283848969, 22.390457953349916 ], [ 114.004729568446862, 22.390962960895919 ], [ 114.007589799065983, 22.394226697468632 ], [ 114.008843771226822, 22.396575722475401 ], [ 114.033521222739708, 22.402323548585599 ], [ 114.042068490531378, 22.404581908392373 ], [ 114.051609506381936, 22.404583026004264 ], [ 114.051624704328376, 22.408616836540816 ], [ 114.059777454188009, 22.408602068004026 ] ] ] } },
{ "type": "Feature", "properties": { "codigo_dcca": "L14", "nombre_en": "Hanford", "nombre_zh": "恒褔", "codigo": "L", "distrito_en": "Tuen Mun", "distrito_es": "Tuen Mun", "region": "Nuevos Territorios", "area_km2_poligono": 0.6531 }, "geometry": { "type": "Polygon", "coordinates": [ [ [ 113.993111396628095, 22.375801101625438 ], [ 113.993527332024016, 22.374695333486446 ], [ 113.994071789109057, 22.374381700002733 ], [ 113.994098952929221, 22.37403520330005 ], [ 113.99495672089337, 22.373616008382022 ], [ 113.995515652098646, 22.372915985140224 ], [ 113.99635902842914, 22.372918292341911 ], [ 113.996225724985649, 22.37236195407824 ], [ 113.995635974482113, 22.3716927938212 ], [ 113.994244954685314, 22.370940534794844 ], [ 113.992472233637329, 22.373328934135387 ], [ 113.987626637129992, 22.374138759409622 ], [ 113.98378858234156, 22.377642257559081 ], [ 113.983827038641977, 22.3768008330795 ], [ 113.98212295808446, 22.37691402967209 ], [ 113.982220588272142, 22.37809630172573 ], [ 113.980836918206393, 22.378724408985452 ], [ 113.978275224003681, 22.382482980171723 ], [ 113.968824514435667, 22.37831564697785 ], [ 113.968400028493917, 22.379080768465162 ], [ 113.969787991707676, 22.379922159800429 ], [ 113.970125799160954, 22.380558274589816 ], [ 113.971206266813184, 22.380631786891989 ], [ 113.978014531850178, 22.383528417169003 ], [ 113.980048515471026, 22.383893523177669 ], [ 113.981503365983713, 22.382098752509336 ], [ 113.984967972894097, 22.379144510014477 ], [ 113.988568583441733, 22.375448042894366 ], [ 113.990168324006547, 22.375048038984602 ], [ 113.993111396628095, 22.375801101625438 ] ] ] } },
{ "type": "Feature", "properties": { "codigo_dcca": "L28", "nombre_en": "Yan Tin", "nombre_zh": "欣田", "codigo": "L", "distrito_en": "Tuen Mun", "distrito_es": "Tuen Mun", "region": "Nuevos Territorios", "area_km2_poligono": 0.8316 }, "geometry": { "type": "Polygon", "coordinates": [ [ [ 113.972884888418278, 22.423062576196251 ], [ 113.973015908205255, 22.422423991576853 ], [ 113.973478163466908, 22.422723734460764 ], [ 113.973680736638215, 22.422572259898111 ], [ 113.973758743125117, 22.421990653225279 ], [ 113.974050248348064, 22.421851914492684 ], [ 113.974392641430242, 22.420847490700801 ], [ 113.975097745595974, 22.420449705779525 ], [ 113.976145307776946, 22.419190405778821 ], [ 113.976376609401882, 22.419237831824773 ], [ 113.977184012347209, 22.420526735219507 ], [ 113.977630931484995, 22.42071222129448 ], [ 113.97931675762041, 22.420658997658265 ], [ 113.979722725551753, 22.419932488578844 ], [ 113.980265862350777, 22.419759097503242 ], [ 113.980327464302292, 22.419411924758069 ], [ 113.981018579500798, 22.419518374877786 ], [ 113.980816156862872, 22.418941616786736 ], [ 113.980990468827358, 22.417767012284951 ], [ 113.981999601628956, 22.417887081958877 ], [ 113.98045230400902, 22.414948886408133 ], [ 113.979395503794493, 22.41503598871056 ], [ 113.977809216789638, 22.415528902338615 ], [ 113.977555474433856, 22.415352513948051 ], [ 113.976799593078823, 22.413292545046662 ], [ 113.976089223190385, 22.413340015563673 ], [ 113.975817113674665, 22.413687721166497 ], [ 113.973959474434324, 22.412835811216087 ], [ 113.973556468133907, 22.413124160203026 ], [ 113.973079171796613, 22.415273671362328 ], [ 113.972464117743996, 22.415270987848405 ], [ 113.97213163205025, 22.416478495257184 ], [ 113.971902111703741, 22.416450109028442 ], [ 113.97083666284685, 22.417528938610612 ], [ 113.970538323249485, 22.418402888212455 ], [ 113.970004469671366, 22.418757002741533 ], [ 113.969661981698977, 22.419497470083435 ], [ 113.969149858003632, 22.419954907134944 ], [ 113.96923522933352, 22.420912740513224 ], [ 113.968851033565073, 22.421085728151816 ], [ 113.968564822900845, 22.420955133143764 ], [ 113.968480469522191, 22.42124301849228 ], [ 113.969154063132535, 22.421618741774836 ], [ 113.969242772467069, 22.422245739715208 ], [ 113.969069874548026, 22.422484489906932 ], [ 113.969299820050736, 22.422851665006863 ], [ 113.969964196404064, 22.422589063152024 ], [ 113.970265984018681, 22.42267947373567 ], [ 113.970386120793464, 22.423865799588484 ], [ 113.970763147875417, 22.423199743569175 ], [ 113.971201643822965, 22.423108413372837 ], [ 113.971469224526672, 22.423948894173961 ], [ 113.971335560805741, 22.424316288579384 ], [ 113.971773778869945, 22.425074300474268 ], [ 113.972073507818706, 22.424589743500924 ], [ 113.972140885896536, 22.423597573597544 ], [ 113.972884888418278, 22.423062576196251 ] ] ] } },
{ "type": "Feature", "properties": { "codigo_dcca": "T10", "nombre_en": "Cheung Chau", "nombre_zh": "長洲", "codigo": "T", "distrito_en": "Islands", "distrito_es": "Islas", "region": "Nuevos Territorios", "area_km2_poligono": 15.845 }, "geometry": { "type": "Polygon", "coordinates": [ [ [ 114.046420463135902, 22.189577098744568 ], [ 114.00604700976406, 22.189539774863157 ], [ 114.006022612816466, 22.209710904953432 ], [ 114.036085370298352, 22.23496775040169 ], [ 114.046473092922525, 22.221805173400625 ], [ 114.046420463135902, 22.189577098744568 ] ] ] } },
{ "type": "Feature", "properties": { "codigo_dcca": "T09", "nombre_en": "Lamma & Po Toi", "nombre_zh": "南丫及蒲台", "codigo": "T", "distrito_en": "Islands", "distrito_es": "Islas", "region": "Nuevos Territorios", "area_km2_poligono": 232.0866 }, "geometry": { "type": "Polygon", "coordinates": [ [ [ 114.110146269213047, 22.269459720557627 ], [ 114.110241289616255, 22.261197880009117 ], [ 114.200012301902532, 22.192644098734263 ], [ 114.309068687188685, 22.192828357666301 ], [ 114.309243800008772, 22.148473932705031 ], [ 114.284014624637493, 22.148459084544381 ], [ 114.255178599021889, 22.138550653913256 ], [ 114.236008955210636, 22.148465505013636 ], [ 114.006047124750935, 22.148519961576188 ], [ 114.00604700976406, 22.189539774863139 ], [ 114.046420463135874, 22.189577098744543 ], [ 114.046473092922525, 22.221805173400625 ], [ 114.070757379695323, 22.221907054696473 ], [ 114.070721587590171, 22.269438751553903 ], [ 114.110146269213047, 22.269459720557627 ] ] ] } },
{ "type": "Feature", "properties": { "codigo_dcca": "T02", "nombre_en": "Mun Yat", "nombre_zh": "滿逸", "codigo": "T", "distrito_en": "Islands", "distrito_es": "Islas", "region": "Nuevos Territorios", "area_km2_poligono": 0.2971 }, "geometry": { "type": "Polygon", "coordinates": [ [ [ 113.936293244185094, 22.282153908800627 ], [ 113.936231749911627, 22.281579569514474 ], [ 113.936836952822873, 22.281364884576281 ], [ 113.936781581328958, 22.28084867979894 ], [ 113.937352782015168, 22.279840230081579 ], [ 113.939422653018042, 22.280937994152477 ], [ 113.940595232987931, 22.279678556600093 ], [ 113.939667463611201, 22.279052089167212 ], [ 113.936862334341811, 22.278850622536716 ], [ 113.935016150068265, 22.278481917912661 ], [ 113.933508457407783, 22.276657250647492 ], [ 113.933552491623033, 22.275866376524231 ], [ 113.932229127293724, 22.274272076512972 ], [ 113.931047840725583, 22.275322437280927 ], [ 113.931719653293825, 22.277083664835732 ], [ 113.931661797877254, 22.278723858654352 ], [ 113.93403918159899, 22.279245872861896 ], [ 113.933038836744188, 22.28244348584165 ], [ 113.934949778105803, 22.282103886487793 ], [ 113.935961994697522, 22.282628379149919 ], [ 113.936293244185094, 22.282153908800627 ] ] ] } },
{ "type": "Feature", "properties": { "codigo_dcca": "T03", "nombre_en": "Yat Tung Estate North", "nombre_zh": "逸東邨北", "codigo": "T", "distrito_en": "Islands", "distrito_es": "Islas", "region": "Nuevos Territorios", "area_km2_poligono": 0.0964 }, "geometry": { "type": "Polygon", "coordinates": [ [ [ 113.936781581328958, 22.28084867979894 ], [ 113.936836952822873, 22.281364884576281 ], [ 113.936231749911627, 22.281579569514474 ], [ 113.936301332730864, 22.282197652923632 ], [ 113.936050700051723, 22.282579023164974 ], [ 113.934949778105803, 22.282103886487793 ], [ 113.934533783618065, 22.282145077780832 ], [ 113.934644948414757, 22.2832530154094 ], [ 113.936226135446134, 22.284042968104426 ], [ 113.93718210565909, 22.282981429012906 ], [ 113.937409767128756, 22.283157806974724 ], [ 113.939422653018042, 22.280937994152477 ], [ 113.937352782015168, 22.279840230081579 ], [ 113.936781581328958, 22.28084867979894 ] ] ] } },
{ "type": "Feature", "properties": { "codigo_dcca": "T08", "nombre_en": "Peng Chau & Hei Ling Chau", "nombre_zh": "坪洲及喜靈洲", "codigo": "T", "distrito_en": "Islands", "distrito_es": "Islas", "region": "Nuevos Territorios", "area_km2_poligono": 45.4571 }, "geometry": { "type": "Polygon", "coordinates": [ [ [ 114.109895082700575, 22.294109520610434 ], [ 114.110146269213047, 22.269459720557627 ], [ 114.070721587590171, 22.269438751553903 ], [ 114.070757379695323, 22.221907054696473 ], [ 114.046473092922525, 22.221805173400625 ], [ 114.019296107305252, 22.256235205881776 ], [ 114.036892232968967, 22.272656742228932 ], [ 114.029729050109268, 22.283953052767682 ], [ 114.022616721659105, 22.281613583947614 ], [ 114.02179260178174, 22.282112020349899 ], [ 114.02088517679023, 22.282212718597464 ], [ 114.020148394386567, 22.281999699587477 ], [ 114.019232424052547, 22.281378410084667 ], [ 114.01835055270125, 22.281210575703909 ], [ 114.016065274186573, 22.28171577709071 ], [ 114.01483346975796, 22.283210626615109 ], [ 114.014074079784251, 22.28355325597294 ], [ 114.01113403849277, 22.28298388232492 ], [ 114.010022890712861, 22.283285757479014 ], [ 114.009080218801401, 22.283978607643242 ], [ 114.013999124496578, 22.286809292095384 ], [ 114.014199352016888, 22.28811651910004 ], [ 114.013124548057021, 22.290311265434429 ], [ 114.013233438656059, 22.290975891873781 ], [ 114.01362456095552, 22.291541158612528 ], [ 114.013872902746982, 22.291661244183835 ], [ 114.015801290584776, 22.291352615597475 ], [ 114.017835890178489, 22.292630798634125 ], [ 114.019085730572584, 22.293121982378342 ], [ 114.020257469055537, 22.294346573430644 ], [ 114.02406519623753, 22.291553606107549 ], [ 114.027240914419821, 22.290933551817702 ], [ 114.027807851634208, 22.291746556696122 ], [ 114.026246536059276, 22.294096638952183 ], [ 114.109895082700575, 22.294109520610434 ] ] ] } },
{ "type": "Feature", "properties": { "codigo_dcca": "T05", "nombre_en": "Tung Chung Central", "nombre_zh": "東涌中", "codigo": "T", "distrito_en": "Islands", "distrito_es": "Islas", "region": "Nuevos Territorios", "area_km2_poligono": 0.4246 }, "geometry": { "type": "Polygon", "coordinates": [ [ [ 113.954412201223263, 22.293997481034324 ], [ 113.950464773623594, 22.290309156641509 ], [ 113.947745698836599, 22.288923176141843 ], [ 113.947164271209317, 22.288819107951401 ], [ 113.946984083876316, 22.289268629729037 ], [ 113.944913797296323, 22.289270832365293 ], [ 113.942712987197353, 22.289733026569564 ], [ 113.943682527263789, 22.291183423293166 ], [ 113.943244482689806, 22.291369212403097 ], [ 113.943462404652237, 22.291939139287617 ], [ 113.943236176200401, 22.293670629548579 ], [ 113.946877678640632, 22.294111338651426 ], [ 113.947250791122656, 22.29145115609797 ], [ 113.947884570956674, 22.291544784795338 ], [ 113.947838983532733, 22.292176306135051 ], [ 113.948227523464325, 22.292564407454321 ], [ 113.950362854296955, 22.292788723091189 ], [ 113.950631099646657, 22.293005747654327 ], [ 113.950450772035865, 22.294543954542334 ], [ 113.953397844145996, 22.294773087144531 ], [ 113.954412201223263, 22.293997481034324 ] ] ] } },
{ "type": "Feature", "properties": { "codigo_dcca": "T07", "nombre_en": "Discovery Bay", "nombre_zh": "愉景灣", "codigo": "T", "distrito_en": "Islands", "distrito_es": "Islas", "region": "Nuevos Territorios", "area_km2_poligono": 25.6382 }, "geometry": { "type": "Polygon", "coordinates": [ [ [ 114.01046456583903, 22.313855144848265 ], [ 114.109870123203407, 22.311726917217872 ], [ 114.109895082700575, 22.294109520610434 ], [ 114.026246536059276, 22.294096638952183 ], [ 114.027807851634208, 22.291746556696122 ], [ 114.027240914419821, 22.290933551817702 ], [ 114.02406519623753, 22.291553606107549 ], [ 114.020257469055537, 22.294346573430644 ], [ 114.019085730572584, 22.293121982378342 ], [ 114.017835890178489, 22.292630798634125 ], [ 114.015801290584776, 22.291352615597475 ], [ 114.013872902746982, 22.291661244183835 ], [ 114.01362456095552, 22.291541158612528 ], [ 114.013233438656059, 22.290975891873781 ], [ 114.013124548057021, 22.290311265434429 ], [ 114.014199352016888, 22.28811651910004 ], [ 114.013999124496578, 22.286809292095384 ], [ 114.009080218801401, 22.283978607643242 ], [ 114.008924994792935, 22.284106329581203 ], [ 114.007764396025451, 22.283518795012757 ], [ 114.002227187489396, 22.282540329293216 ], [ 113.997258083610404, 22.283868891827044 ], [ 113.991399509915411, 22.283921609984674 ], [ 113.991337024676483, 22.284498783510241 ], [ 113.991663154575022, 22.285092384844749 ], [ 113.99497994366169, 22.286911835180078 ], [ 113.994356673270019, 22.288184720757076 ], [ 113.994160236511959, 22.2907262056634 ], [ 113.994958472661409, 22.291799629397616 ], [ 113.994728465867198, 22.292302989516276 ], [ 113.995804290994968, 22.293136343932566 ], [ 113.99650327655975, 22.294264925398728 ], [ 113.996491197930339, 22.296803419337348 ], [ 114.000282045160588, 22.299584800314989 ], [ 114.00158573873999, 22.303504664955145 ], [ 114.002347383242466, 22.304474160170745 ], [ 114.004090555935193, 22.305825952882884 ], [ 114.006266192051854, 22.308144670713585 ], [ 114.006931006544264, 22.309330848397344 ], [ 114.007027004041305, 22.310299613657641 ], [ 114.006442951761301, 22.312856233914246 ], [ 114.006966157843038, 22.313928928381628 ], [ 114.007742312975935, 22.314491775148191 ], [ 114.009233058101401, 22.314431535444065 ], [ 114.009809899779484, 22.315011342381418 ], [ 114.010113563282601, 22.314747022979457 ], [ 114.01009213460523, 22.314018558890822 ], [ 114.01046456583903, 22.313855144848265 ] ] ] } },
{ "type": "Feature", "properties": { "codigo_dcca": "T01", "nombre_en": "Lantau", "nombre_zh": "大嶼山", "codigo": "T", "distrito_en": "Islands", "distrito_es": "Islas", "region": "Nuevos Territorios", "area_km2_poligono": 313.5034 }, "geometry": { "type": "Polygon", "coordinates": [ [ [ 113.991439757867553, 22.28481371654814 ], [ 113.991437947943041, 22.283838725890465 ], [ 113.997258083610404, 22.283868891827048 ], [ 114.002227187489424, 22.28254032929323 ], [ 114.007764396025451, 22.283518795012768 ], [ 114.008924994792949, 22.284106329581231 ], [ 114.010022890712861, 22.283285757479064 ], [ 114.01113403849277, 22.282983882324928 ], [ 114.014074079784294, 22.28355325597294 ], [ 114.01483346975796, 22.283210626615137 ], [ 114.016065274186587, 22.281715777090717 ], [ 114.018350552701264, 22.28121057570392 ], [ 114.019232424052547, 22.281378410084695 ], [ 114.020148394386567, 22.281999699587509 ], [ 114.020885176790244, 22.282212718597449 ], [ 114.021792601781726, 22.282112020349924 ], [ 114.022616721659091, 22.281613583947614 ], [ 114.029729050109268, 22.283953052767682 ], [ 114.036892232968967, 22.272656742228932 ], [ 114.019296107305252, 22.256235205881772 ], [ 114.036085370298352, 22.23496775040169 ], [ 114.006022612816466, 22.209710904953432 ], [ 114.00604712475095, 22.148519961576209 ], [ 113.939560615301716, 22.148475292879841 ], [ 113.922384342575029, 22.13671849562127 ], [ 113.896559512516887, 22.142528093074493 ], [ 113.832383558299043, 22.183864947376602 ], [ 113.817228426992344, 22.217326938727837 ], [ 113.82638928336398, 22.239281932329202 ], [ 113.838999361699976, 22.267727771902333 ], [ 113.847388917113463, 22.273118174713758 ], [ 113.859175729149456, 22.305797052837931 ], [ 113.893950806738175, 22.294900599064277 ], [ 113.894532533023153, 22.294094353791756 ], [ 113.895479564068069, 22.293660671984053 ], [ 113.89902542625947, 22.2936109987298 ], [ 113.903116706423262, 22.29469207990763 ], [ 113.906405923104003, 22.295083568900864 ], [ 113.915919239550362, 22.295347428821092 ], [ 113.931573409950502, 22.290836070011519 ], [ 113.932607324029263, 22.290132865533046 ], [ 113.932721336779451, 22.290360914371469 ], [ 113.934178037534934, 22.290670092795253 ], [ 113.934222610235807, 22.290960952718425 ], [ 113.936828731255105, 22.290374706710445 ], [ 113.937185519605009, 22.290007482012609 ], [ 113.937311816701651, 22.289021539211138 ], [ 113.937699737745035, 22.288415906986884 ], [ 113.940645419177002, 22.286633421419495 ], [ 113.942884714463702, 22.284653793146244 ], [ 113.946024042384622, 22.288206454825886 ], [ 113.950151687202705, 22.290092320022158 ], [ 113.954571784851268, 22.294133293717916 ], [ 113.957219596153081, 22.295872538376194 ], [ 113.956287605602384, 22.297270082796651 ], [ 113.956244741613204, 22.3245596788711 ], [ 113.994581127449905, 22.32463511154652 ], [ 113.994600047508456, 22.314189148761329 ], [ 114.006966157843053, 22.313928928381635 ], [ 114.006442951761329, 22.312856233914225 ], [ 114.006941447028737, 22.310953310609658 ], [ 114.007002783021505, 22.3098152604612 ], [ 114.006724809653321, 22.308881595888842 ], [ 114.005420366281129, 22.307112333600148 ], [ 114.002347383242466, 22.304474160170766 ], [ 114.00158573873999, 22.30350466495517 ], [ 114.000282045160588, 22.29958480031501 ], [ 113.996491197930339, 22.296803419337348 ], [ 113.996503276559764, 22.294264925398735 ], [ 113.995804290994997, 22.293136343932566 ], [ 113.994728465867198, 22.292302989516259 ], [ 113.994958472661438, 22.29179962939763 ], [ 113.994160236511973, 22.290726205663411 ], [ 113.994356673270005, 22.288184720757076 ], [ 113.99497994366169, 22.286911835180117 ], [ 113.99193304205582, 22.285282479499923 ], [ 113.991439757867553, 22.28481371654814 ] ], [ [ 113.934620777401548, 22.283207844533361 ], [ 113.934533783618065, 22.282145077780832 ], [ 113.933038836744188, 22.28244348584165 ], [ 113.93403918159899, 22.279245872861896 ], [ 113.931661797877254, 22.278723858654352 ], [ 113.931719653293825, 22.277083664835732 ], [ 113.931047840725583, 22.275322437280927 ], [ 113.932229127293724, 22.274272076512972 ], [ 113.933552491623033, 22.275866376524231 ], [ 113.933508457407783, 22.276657250647492 ], [ 113.935016150068265, 22.278481917912661 ], [ 113.936862334341811, 22.278850622536716 ], [ 113.939667463611201, 22.279052089167212 ], [ 113.940595232987931, 22.279678556600093 ], [ 113.937409767128756, 22.283157806974724 ], [ 113.93718210565909, 22.282981429012906 ], [ 113.936226135446134, 22.284042968104426 ], [ 113.934620777401548, 22.283207844533361 ] ] ] } },
{ "type": "Feature", "properties": { "codigo_dcca": "T06", "nombre_en": "Tung Chung North", "nombre_zh": "東涌北", "codigo": "T", "distrito_en": "Islands", "distrito_es": "Islas", "region": "Nuevos Territorios", "area_km2_poligono": 30.8609 }, "geometry": { "type": "Polygon", "coordinates": [ [ [ 113.947884570956674, 22.291544784795338 ], [ 113.947250791122656, 22.29145115609797 ], [ 113.946877678640632, 22.294111338651426 ], [ 113.940875425146317, 22.293390975294688 ], [ 113.940775671534453, 22.293896601356131 ], [ 113.940520011987076, 22.293866047370287 ], [ 113.940449969681396, 22.294559169208423 ], [ 113.940250328795599, 22.294535554512205 ], [ 113.940372616957845, 22.293847904027412 ], [ 113.940037196288387, 22.293721292182642 ], [ 113.940077070427279, 22.29305617363206 ], [ 113.938716454503734, 22.291833205713147 ], [ 113.938906063725483, 22.291683696945885 ], [ 113.937230741855799, 22.290025691518853 ], [ 113.936828731255105, 22.290374706710445 ], [ 113.934222610235807, 22.290960952718425 ], [ 113.934178037534934, 22.290670092795253 ], [ 113.932721336779451, 22.290360914371469 ], [ 113.932607324029263, 22.290132865533046 ], [ 113.931573409950502, 22.290836070011519 ], [ 113.915919239550362, 22.295347428821092 ], [ 113.90590616080658, 22.295040960025638 ], [ 113.903116706423262, 22.29469207990763 ], [ 113.89902542625947, 22.2936109987298 ], [ 113.895717954799821, 22.29362201895368 ], [ 113.894532533023153, 22.294094353791756 ], [ 113.893950806738175, 22.294900599064277 ], [ 113.859175729149456, 22.305797052837931 ], [ 113.865868611943611, 22.324345976169042 ], [ 113.956244741613204, 22.3245596788711 ], [ 113.956287605602384, 22.297270082796651 ], [ 113.957219596153081, 22.295872538376194 ], [ 113.954412201223263, 22.293997481034324 ], [ 113.95316639286591, 22.294880385641324 ], [ 113.950450772035865, 22.294543954542334 ], [ 113.950631099646657, 22.293005747654327 ], [ 113.950362854296955, 22.292788723091189 ], [ 113.948210227857032, 22.292556213946373 ], [ 113.947838983532733, 22.292176306135051 ], [ 113.947884570956674, 22.291544784795338 ] ] ] } },
{ "type": "Feature", "properties": { "codigo_dcca": "T04", "nombre_en": "Tung Chung South", "nombre_zh": "東涌南", "codigo": "T", "distrito_en": "Islands", "distrito_es": "Islas", "region": "Nuevos Territorios", "area_km2_poligono": 0.4995 }, "geometry": { "type": "Polygon", "coordinates": [ [ [ 113.940506406228266, 22.293948034586453 ], [ 113.940775671534453, 22.293896601356131 ], [ 113.940875425146317, 22.293390975294688 ], [ 113.943236176200401, 22.293670629548579 ], [ 113.943462404652237, 22.291939139287617 ], [ 113.943244482689806, 22.291369212403097 ], [ 113.943682527263789, 22.291183423293166 ], [ 113.942712987197353, 22.289733026569564 ], [ 113.944913797296323, 22.289270832365293 ], [ 113.946984083876316, 22.289268629729037 ], [ 113.947164271209317, 22.288819107951401 ], [ 113.946415015794841, 22.288491030910503 ], [ 113.945244585531924, 22.287495279520023 ], [ 113.942884714463702, 22.284653793146244 ], [ 113.940645419177002, 22.286633421419495 ], [ 113.937964119505153, 22.288191624660808 ], [ 113.937311816701651, 22.289021539211138 ], [ 113.937156959806657, 22.290042053979715 ], [ 113.940077070427279, 22.29305617363206 ], [ 113.940037196288387, 22.293721292182642 ], [ 113.940372616957845, 22.293847904027412 ], [ 113.940250328795599, 22.294535554512205 ], [ 113.940449969681396, 22.294559169208423 ], [ 113.940506406228266, 22.293948034586453 ] ] ] } },
{ "type": "Feature", "properties": { "codigo_dcca": "E20", "nombre_en": "Tsim Sha Tsui Central", "nombre_zh": "尖沙咀中", "codigo": "E", "distrito_en": "Yau Tsim Mong", "distrito_es": "Yau Tsim Mong", "region": "Kowloon", "area_km2_poligono": 0.4762 }, "geometry": { "type": "Polygon", "coordinates": [ [ [ 114.17553197769216, 22.297327743105736 ], [ 114.172211026452104, 22.29697253786642 ], [ 114.171759289492755, 22.303273047731743 ], [ 114.173527734527411, 22.303384287285891 ], [ 114.173387842879109, 22.305204512431352 ], [ 114.172983876727116, 22.306123458198179 ], [ 114.174288789989092, 22.307130432865797 ], [ 114.178578368709566, 22.305788079455532 ], [ 114.178076544899838, 22.304028316106365 ], [ 114.17730926262081, 22.303247172258047 ], [ 114.176760317859035, 22.302193959656236 ], [ 114.175902073460648, 22.299585247149196 ], [ 114.17553197769216, 22.297327743105736 ] ] ] } },
{ "type": "Feature", "properties": { "codigo_dcca": "E18", "nombre_en": "Jordan North", "nombre_zh": "佐敦北", "codigo": "E", "distrito_en": "Yau Tsim Mong", "distrito_es": "Yau Tsim Mong", "region": "Kowloon", "area_km2_poligono": 0.156 }, "geometry": { "type": "Polygon", "coordinates": [ [ [ 114.169239936602438, 22.308875738033226 ], [ 114.17204866884471, 22.308405729831616 ], [ 114.173110577501404, 22.307539487636806 ], [ 114.174288789989092, 22.30713043286579 ], [ 114.174189529540072, 22.306942811365719 ], [ 114.172200503123548, 22.305573419437259 ], [ 114.171357120061131, 22.305273242798528 ], [ 114.170375005494648, 22.305239576704967 ], [ 114.168393938155916, 22.305681624446606 ], [ 114.169239936602438, 22.308875738033226 ] ] ] } },
{ "type": "Feature", "properties": { "codigo_dcca": "E03", "nombre_en": "Jordan West", "nombre_zh": "佐敦西", "codigo": "E", "distrito_en": "Yau Tsim Mong", "distrito_es": "Yau Tsim Mong", "region": "Kowloon", "area_km2_poligono": 0.3306 }, "geometry": { "type": "Polygon", "coordinates": [ [ [ 114.169239936602452, 22.308875738033226 ], [ 114.168393938155944, 22.305681624446589 ], [ 114.167014041841213, 22.30592614088053 ], [ 114.159920661326282, 22.30768200987831 ], [ 114.159918891412602, 22.310532700941007 ], [ 114.162335344897429, 22.310114393469043 ], [ 114.164977574821577, 22.310765886208326 ], [ 114.165194791163543, 22.309120832787144 ], [ 114.16653336981382, 22.308851531276208 ], [ 114.167772638874638, 22.309194136086671 ], [ 114.169239936602452, 22.308875738033226 ] ] ] } },
{ "type": "Feature", "properties": { "codigo_dcca": "E04", "nombre_en": "Yau Ma Tei South", "nombre_zh": "油麻地南", "codigo": "E", "distrito_en": "Yau Tsim Mong", "distrito_es": "Yau Tsim Mong", "region": "Kowloon", "area_km2_poligono": 0.442 }, "geometry": { "type": "Polygon", "coordinates": [ [ [ 114.170665649401556, 22.313005168484793 ], [ 114.170093843193172, 22.312909214566435 ], [ 114.170554947979909, 22.310837277757255 ], [ 114.171046885783426, 22.310921948923312 ], [ 114.171319942800324, 22.308424427163846 ], [ 114.167772638874638, 22.309194136086671 ], [ 114.16653336981382, 22.308851531276208 ], [ 114.165194791163543, 22.309120832787144 ], [ 114.164977574821577, 22.310765886208326 ], [ 114.162335344897429, 22.310114393469043 ], [ 114.159918891412602, 22.310532700941007 ], [ 114.159918573530192, 22.312930479423141 ], [ 114.164603248992293, 22.312876238022394 ], [ 114.170487464053551, 22.313899705856873 ], [ 114.170665649401556, 22.313005168484793 ] ] ] } },
{ "type": "Feature", "properties": { "codigo_dcca": "E05", "nombre_en": "Charming", "nombre_zh": "富榮", "codigo": "E", "distrito_en": "Yau Tsim Mong", "distrito_es": "Yau Tsim Mong", "region": "Kowloon", "area_km2_poligono": 0.1605 }, "geometry": { "type": "Polygon", "coordinates": [ [ [ 114.165279405877115, 22.314614533704468 ], [ 114.168001561977604, 22.314979938305768 ], [ 114.168305564192153, 22.313517566287292 ], [ 114.164603248992279, 22.312876238022394 ], [ 114.159918573530192, 22.312930479423112 ], [ 114.159918492077367, 22.31409024333302 ], [ 114.164052790096491, 22.315230933617364 ], [ 114.164155109034382, 22.314782563369668 ], [ 114.165187617226962, 22.314995013384486 ], [ 114.165279405877115, 22.314614533704468 ] ] ] } },
{ "type": "Feature", "properties": { "codigo_dcca": "E17", "nombre_en": "East Tsim Sha Tsui & King's Park", "nombre_zh": "尖東及京士柏", "codigo": "E", "distrito_en": "Yau Tsim Mong", "distrito_es": "Yau Tsim Mong", "region": "Kowloon", "area_km2_poligono": 2.3846 }, "geometry": { "type": "Polygon", "coordinates": [ [ [ 114.176702332447306, 22.312236131147909 ], [ 114.181733905150466, 22.307037543968377 ], [ 114.182483949509304, 22.304726559508659 ], [ 114.183497099074472, 22.303926174085593 ], [ 114.184608247756643, 22.304028044093112 ], [ 114.185374844191159, 22.302848517274036 ], [ 114.18571326827545, 22.301273361401414 ], [ 114.186589416572119, 22.301088002848541 ], [ 114.186858186363182, 22.300244815979696 ], [ 114.186857749495658, 22.294124124310986 ], [ 114.175926753668165, 22.288835040168607 ], [ 114.173438498822023, 22.293307271915815 ], [ 114.173324602506526, 22.294805025336956 ], [ 114.175196725196571, 22.29528271162139 ], [ 114.175902073460648, 22.299585247149196 ], [ 114.176914381479165, 22.302591315665271 ], [ 114.178076544899838, 22.304028316106365 ], [ 114.178578368709566, 22.305788079455532 ], [ 114.173244015482382, 22.307465548025871 ], [ 114.17204866884471, 22.308405729831598 ], [ 114.171319942800324, 22.308424427163846 ], [ 114.171046883357107, 22.310921948923223 ], [ 114.170554947979909, 22.310837277757255 ], [ 114.170093843193172, 22.312909214566435 ], [ 114.171539351670816, 22.313234937838246 ], [ 114.174262071974169, 22.316965311656556 ], [ 114.175603560936736, 22.313936173408994 ], [ 114.176702332447306, 22.312236131147909 ] ] ] } },
{ "type": "Feature", "properties": { "codigo_dcca": "E01", "nombre_en": "Tsim Sha Tsui West", "nombre_zh": "尖沙咀西", "codigo": "E", "distrito_en": "Yau Tsim Mong", "distrito_es": "Yau Tsim Mong", "region": "Kowloon", "area_km2_poligono": 3.027 }, "geometry": { "type": "Polygon", "coordinates": [ [ [ 114.159443700891885, 22.302964130301984 ], [ 114.160728246510701, 22.302563693848878 ], [ 114.166490406443032, 22.302848774195837 ], [ 114.166662725646731, 22.30303836724358 ], [ 114.166581031922448, 22.303812351876104 ], [ 114.165490468966212, 22.306245015483992 ], [ 114.169260121913396, 22.305483553659084 ], [ 114.169114630072784, 22.304851042869956 ], [ 114.168587537105068, 22.304816592260735 ], [ 114.168633672088092, 22.304192352717624 ], [ 114.16813690073171, 22.304159592250119 ], [ 114.168146997145129, 22.303795263517944 ], [ 114.167899512098799, 22.303666416036364 ], [ 114.168074497230606, 22.303040921267268 ], [ 114.171759289492755, 22.303273047731743 ], [ 114.172211026452104, 22.29697253786642 ], [ 114.17553197769216, 22.297327743105736 ], [ 114.175196725196571, 22.29528271162139 ], [ 114.173324602506526, 22.294805025336956 ], [ 114.173438498822023, 22.293307271915815 ], [ 114.175926753668165, 22.288835040168607 ], [ 114.174301633329605, 22.288048609468252 ], [ 114.149508991634661, 22.297477660193277 ], [ 114.149517023183961, 22.305672290785111 ], [ 114.156053775360164, 22.3056732073427 ], [ 114.158290087183588, 22.304374160388374 ], [ 114.155984327520585, 22.301086083267894 ], [ 114.155957532847594, 22.300709023803549 ], [ 114.15624803629396, 22.300513718630455 ], [ 114.158910932761884, 22.302024530007134 ], [ 114.159443700891885, 22.302964130301984 ] ] ] } },
{ "type": "Feature", "properties": { "codigo_dcca": "E16", "nombre_en": "Yau Ma Tei North", "nombre_zh": "油麻地北", "codigo": "E", "distrito_en": "Yau Tsim Mong", "distrito_es": "Yau Tsim Mong", "region": "Kowloon", "area_km2_poligono": 0.1358 }, "geometry": { "type": "Polygon", "coordinates": [ [ [ 114.174256127576029, 22.316978214604489 ], [ 114.171449578040566, 22.313166067519465 ], [ 114.170665649401528, 22.3130051684848 ], [ 114.170487464053551, 22.31389970585689 ], [ 114.168305564192153, 22.313517566287292 ], [ 114.168001561977604, 22.314979938305768 ], [ 114.171328155076708, 22.315565945393619 ], [ 114.171075805119571, 22.316790485721466 ], [ 114.174097078432609, 22.317323161797582 ], [ 114.174256127576029, 22.316978214604489 ] ] ] } },
{ "type": "Feature", "properties": { "codigo_dcca": "E07", "nombre_en": "Fu Pak", "nombre_zh": "富柏", "codigo": "E", "distrito_en": "Yau Tsim Mong", "distrito_es": "Yau Tsim Mong", "region": "Kowloon", "area_km2_poligono": 0.223 }, "geometry": { "type": "Polygon", "coordinates": [ [ [ 114.163598815060453, 22.317203965427154 ], [ 114.164821052291003, 22.317297860364548 ], [ 114.165427430250304, 22.316956736950697 ], [ 114.166314105337861, 22.317168312562014 ], [ 114.166715859528793, 22.314886252024127 ], [ 114.165279405877115, 22.314614533704489 ], [ 114.165187617226948, 22.3149950133845 ], [ 114.164155109034397, 22.31478256336964 ], [ 114.164052790096505, 22.315230933617375 ], [ 114.159918492077381, 22.314090243333009 ], [ 114.15991826874783, 22.317475101129066 ], [ 114.163240765217623, 22.318630986697919 ], [ 114.163598815060453, 22.317203965427154 ] ] ] } },
{ "type": "Feature", "properties": { "codigo_dcca": "E06", "nombre_en": "Mong Kok West", "nombre_zh": "旺角西", "codigo": "E", "distrito_en": "Yau Tsim Mong", "distrito_es": "Yau Tsim Mong", "region": "Kowloon", "area_km2_poligono": 0.1509 }, "geometry": { "type": "Polygon", "coordinates": [ [ [ 114.170195421535496, 22.315366263560236 ], [ 114.166738628588888, 22.31475692622859 ], [ 114.166156984559422, 22.318128516783815 ], [ 114.167323520323222, 22.318336013122998 ], [ 114.167195768245918, 22.318946627336377 ], [ 114.16936372372848, 22.31934024079122 ], [ 114.170195421535496, 22.315366263560236 ] ] ] } },
{ "type": "Feature", "properties": { "codigo_dcca": "E09", "nombre_en": "Cherry", "nombre_zh": "櫻桃", "codigo": "E", "distrito_en": "Yau Tsim Mong", "distrito_es": "Yau Tsim Mong", "region": "Kowloon", "area_km2_poligono": 0.1853 }, "geometry": { "type": "Polygon", "coordinates": [ [ [ 114.161988934016961, 22.320476874856908 ], [ 114.164725468532851, 22.319991707862336 ], [ 114.165783408649759, 22.320181425857211 ], [ 114.166314105337861, 22.317168312562014 ], [ 114.165427430250304, 22.316956736950697 ], [ 114.164821052291003, 22.317297860364548 ], [ 114.163619057961782, 22.317118930829039 ], [ 114.163240765217623, 22.318630986697919 ], [ 114.160547016329986, 22.317695412694405 ], [ 114.16008881003502, 22.318776797896248 ], [ 114.159816133393591, 22.318683293826322 ], [ 114.159809786661711, 22.320356481611611 ], [ 114.160365619325745, 22.320297804030108 ], [ 114.160363122759648, 22.320894951725435 ], [ 114.161980396443383, 22.320900183110485 ], [ 114.161988934016961, 22.320476874856908 ] ] ] } },
{ "type": "Feature", "properties": { "codigo_dcca": "E15", "nombre_en": "Mong Kok South", "nombre_zh": "旺角南", "codigo": "E", "distrito_en": "Yau Tsim Mong", "distrito_es": "Yau Tsim Mong", "region": "Kowloon", "area_km2_poligono": 0.2002 }, "geometry": { "type": "Polygon", "coordinates": [ [ [ 114.173037936062769, 22.320007855379249 ], [ 114.174097078432609, 22.317323161797582 ], [ 114.171075805119571, 22.316790485721466 ], [ 114.171328155076708, 22.315565945393619 ], [ 114.170195421535496, 22.315366263560236 ], [ 114.168771543691989, 22.322040215237521 ], [ 114.169949015709847, 22.322250790635511 ], [ 114.170195968065613, 22.321053118679863 ], [ 114.171327931823612, 22.321261993498101 ], [ 114.171633729772211, 22.31975276570228 ], [ 114.173037936062769, 22.320007855379249 ] ] ] } },
{ "type": "Feature", "properties": { "codigo_dcca": "E10", "nombre_en": "Tai Kok Tsui South", "nombre_zh": "大角咀南", "codigo": "E", "distrito_en": "Yau Tsim Mong", "distrito_es": "Yau Tsim Mong", "region": "Kowloon", "area_km2_poligono": 0.117 }, "geometry": { "type": "Polygon", "coordinates": [ [ [ 114.164506385356518, 22.321087219686465 ], [ 114.165434442142427, 22.322166443294837 ], [ 114.165783408649759, 22.320181425857193 ], [ 114.164725468532851, 22.319991707862325 ], [ 114.161988934016961, 22.320476874856897 ], [ 114.161980396443354, 22.320900183110481 ], [ 114.160363122759648, 22.320894951725425 ], [ 114.160365619325745, 22.320297804030094 ], [ 114.159809786661711, 22.320356481611597 ], [ 114.159776534538807, 22.322507086474971 ], [ 114.161946251071683, 22.322542058931219 ], [ 114.161939537284539, 22.322880705458722 ], [ 114.162173700348532, 22.322873384927384 ], [ 114.164506385356518, 22.321087219686465 ] ] ] } },
{ "type": "Feature", "properties": { "codigo_dcca": "E08", "nombre_en": "Olympic", "nombre_zh": "奧運", "codigo": "E", "distrito_en": "Yau Tsim Mong", "distrito_es": "Yau Tsim Mong", "region": "Kowloon", "area_km2_poligono": 0.7358 }, "geometry": { "type": "Polygon", "coordinates": [ [ [ 114.158572678508122, 22.324064781535366 ], [ 114.159154844496967, 22.323580377758582 ], [ 114.159380080723921, 22.323325938205773 ], [ 114.159776534538807, 22.322507086474971 ], [ 114.159816133393576, 22.318683293826325 ], [ 114.16008881003502, 22.31877679789622 ], [ 114.160547016329986, 22.317695412694402 ], [ 114.15991826874783, 22.317475101129066 ], [ 114.159918346087068, 22.316833116024668 ], [ 114.149525450486777, 22.317022244672636 ], [ 114.149526260469671, 22.322612687685993 ], [ 114.152695486799587, 22.322613190452138 ], [ 114.154973081232669, 22.325056332982779 ], [ 114.157674568249178, 22.321832095019406 ], [ 114.158509825708251, 22.322012433125476 ], [ 114.158914633276908, 22.322521857873276 ], [ 114.159049054386145, 22.323516474769391 ], [ 114.158572678508122, 22.324064781535366 ] ] ] } },
{ "type": "Feature", "properties": { "codigo_dcca": "E11", "nombre_en": "Tai Kok Tsui North", "nombre_zh": "大角咀北", "codigo": "E", "distrito_en": "Yau Tsim Mong", "distrito_es": "Yau Tsim Mong", "region": "Kowloon", "area_km2_poligono": 0.1358 }, "geometry": { "type": "Polygon", "coordinates": [ [ [ 114.161891547289812, 22.325229232145258 ], [ 114.162887559599795, 22.32437191167346 ], [ 114.162554518108209, 22.323998255301827 ], [ 114.165215496977368, 22.321911840094792 ], [ 114.164506385356518, 22.321087219686486 ], [ 114.162173700348532, 22.322873384927384 ], [ 114.161939537284539, 22.322880705458743 ], [ 114.161946251071683, 22.322542058931219 ], [ 114.159776534538821, 22.322507086474975 ], [ 114.159273315020144, 22.323457637828692 ], [ 114.158079115666524, 22.32447989320141 ], [ 114.159099243066251, 22.324994688298627 ], [ 114.161651999086587, 22.324958192920857 ], [ 114.161923201877769, 22.324615471142227 ], [ 114.161891547289812, 22.325229232145258 ] ] ] } },
{ "type": "Feature", "properties": { "codigo_dcca": "E13", "nombre_en": "Mong Kok North", "nombre_zh": "旺角北", "codigo": "E", "distrito_en": "Yau Tsim Mong", "distrito_es": "Yau Tsim Mong", "region": "Kowloon", "area_km2_poligono": 0.2127 }, "geometry": { "type": "Polygon", "coordinates": [ [ [ 114.168380639538427, 22.323951736520449 ], [ 114.16936372372848, 22.31934024079122 ], [ 114.167195768245918, 22.318946627336377 ], [ 114.167323520323222, 22.318336013122998 ], [ 114.166156984559422, 22.318128516783815 ], [ 114.165434442142427, 22.322166443294837 ], [ 114.164208361107384, 22.323341412917042 ], [ 114.165131015863253, 22.323471342007917 ], [ 114.164742606441976, 22.325322015273819 ], [ 114.166773779018072, 22.323746316293089 ], [ 114.168380639538427, 22.323951736520449 ] ] ] } },
{ "type": "Feature", "properties": { "codigo_dcca": "E12", "nombre_en": "Tai Nan", "nombre_zh": "大南", "codigo": "E", "distrito_en": "Yau Tsim Mong", "distrito_es": "Yau Tsim Mong", "region": "Kowloon", "area_km2_poligono": 0.1876 }, "geometry": { "type": "Polygon", "coordinates": [ [ [ 114.165215496977368, 22.321911840094792 ], [ 114.162554518108209, 22.323998255301827 ], [ 114.162887559599795, 22.32437191167346 ], [ 114.160587115829159, 22.326209688476059 ], [ 114.167850579462907, 22.32652919132191 ], [ 114.168380639538441, 22.32395173652047 ], [ 114.166773779018101, 22.323746316293104 ], [ 114.164742606441976, 22.32532201527383 ], [ 114.165131015863253, 22.323471342007917 ], [ 114.16420836110737, 22.323341412917035 ], [ 114.165434442142441, 22.322166443294837 ], [ 114.165215496977368, 22.321911840094792 ] ] ] } },
{ "type": "Feature", "properties": { "codigo_dcca": "E14", "nombre_en": "Mong Kok East", "nombre_zh": "旺角東", "codigo": "E", "distrito_en": "Yau Tsim Mong", "distrito_es": "Yau Tsim Mong", "region": "Kowloon", "area_km2_poligono": 0.3151 }, "geometry": { "type": "Polygon", "coordinates": [ [ [ 114.174474344718973, 22.326648075812919 ], [ 114.172880424648596, 22.32324205910216 ], [ 114.172763128482444, 22.321105436350049 ], [ 114.173037936062769, 22.320007855379249 ], [ 114.171633729772211, 22.31975276570228 ], [ 114.171327931823612, 22.321261993498101 ], [ 114.170195968065613, 22.321053118679863 ], [ 114.169949015709847, 22.322250790635511 ], [ 114.168771543691989, 22.322040215237521 ], [ 114.167850579462879, 22.32652919132191 ], [ 114.174474344718973, 22.326648075812919 ] ] ] } },
{ "type": "Feature", "properties": { "codigo_dcca": "E19", "nombre_en": "Jordan South", "nombre_zh": "佐敦南", "codigo": "E", "distrito_en": "Yau Tsim Mong", "distrito_es": "Yau Tsim Mong", "region": "Kowloon", "area_km2_poligono": 0.1263 }, "geometry": { "type": "Polygon", "coordinates": [ [ [ 114.172988671219869, 22.306116233824454 ], [ 114.173387842879109, 22.305204512431352 ], [ 114.173527734527411, 22.303384287285891 ], [ 114.168074497348485, 22.303040921202363 ], [ 114.167899512098799, 22.303666416036364 ], [ 114.168146997145129, 22.303795263517944 ], [ 114.16813689976118, 22.304159592475834 ], [ 114.168633672088092, 22.304192352717624 ], [ 114.168587537105068, 22.304816592260735 ], [ 114.169114630072784, 22.304851042869956 ], [ 114.169260121913396, 22.305483553659084 ], [ 114.171205538831998, 22.305247093998375 ], [ 114.172200503123548, 22.305573419437277 ], [ 114.172988671219869, 22.306116233824454 ] ] ] } },
{ "type": "Feature", "properties": { "codigo_dcca": "E02", "nombre_en": "Kowloon Station", "nombre_zh": "九龍站", "codigo": "E", "distrito_en": "Yau Tsim Mong", "distrito_es": "Yau Tsim Mong", "region": "Kowloon", "area_km2_poligono": 1.7546 }, "geometry": { "type": "Polygon", "coordinates": [ [ [ 114.166651779658665, 22.302988499664107 ], [ 114.16367405328721, 22.302632158186238 ], [ 114.160728246510701, 22.302563693848878 ], [ 114.159443700891927, 22.302964130301977 ], [ 114.158910932761884, 22.302024530007134 ], [ 114.15624803629396, 22.300513718630455 ], [ 114.155957532847594, 22.300709023803549 ], [ 114.155984327520585, 22.301086083267894 ], [ 114.158290087183602, 22.304374160388374 ], [ 114.156053775360164, 22.3056732073427 ], [ 114.149517023183961, 22.305672290785111 ], [ 114.149525450486777, 22.31702224467265 ], [ 114.159918346087068, 22.316833116024672 ], [ 114.159920661326282, 22.30768200987831 ], [ 114.165490468966212, 22.306245015483992 ], [ 114.166581031922448, 22.303812351876104 ], [ 114.166651779658665, 22.302988499664107 ] ] ] } },
{ "type": "Feature", "properties": { "codigo_dcca": "S25", "nombre_en": "Cheung Ching", "nombre_zh": "長青", "codigo": "S", "distrito_en": "Kwai Tsing", "distrito_es": "Kwai Tsing", "region": "Nuevos Territorios", "area_km2_poligono": 0.2272 }, "geometry": { "type": "Polygon", "coordinates": [ [ [ 114.110706516273439, 22.347873306127408 ], [ 114.110280260675879, 22.347238653540671 ], [ 114.109949675216598, 22.345168902662184 ], [ 114.109306876121252, 22.344484968311978 ], [ 114.108548065081706, 22.344084298343176 ], [ 114.107433895230088, 22.342791894521756 ], [ 114.106137997575743, 22.343876762717706 ], [ 114.106767671228212, 22.345224639856468 ], [ 114.107972234998229, 22.344736747490458 ], [ 114.107750867705704, 22.345351959550339 ], [ 114.107867590030025, 22.347135526764475 ], [ 114.107255067088644, 22.347886905279722 ], [ 114.105942342675931, 22.348247757064005 ], [ 114.106314908508665, 22.349417900542058 ], [ 114.105928185063831, 22.350480510677876 ], [ 114.107700866324421, 22.350049607435103 ], [ 114.10869880014009, 22.350467025222873 ], [ 114.110706516273439, 22.347873306127408 ] ] ] } },
{ "type": "Feature", "properties": { "codigo_dcca": "S26", "nombre_en": "Cheung Hong", "nombre_zh": "長康", "codigo": "S", "distrito_en": "Kwai Tsing", "distrito_es": "Kwai Tsing", "region": "Nuevos Territorios", "area_km2_poligono": 0.1667 }, "geometry": { "type": "Polygon", "coordinates": [ [ [ 114.105928185063831, 22.350480510677876 ], [ 114.106314908508665, 22.349417900542058 ], [ 114.105942342675931, 22.348247757064005 ], [ 114.104296524405527, 22.348676819700273 ], [ 114.103905479414337, 22.348186862838457 ], [ 114.10293725459448, 22.348466714447053 ], [ 114.10176992104266, 22.348118898616075 ], [ 114.10168622235355, 22.347696347139593 ], [ 114.100845092491269, 22.347708308545442 ], [ 114.100686612873801, 22.348097396939231 ], [ 114.100030093965671, 22.348397641959963 ], [ 114.099605656778778, 22.348124401288601 ], [ 114.098684678075685, 22.34832471787243 ], [ 114.098682206484824, 22.347882363911289 ], [ 114.097672841457651, 22.348298624920027 ], [ 114.097186789136316, 22.347826937445188 ], [ 114.096887364495942, 22.34788323091977 ], [ 114.097195154169341, 22.349575338354015 ], [ 114.101462273579457, 22.349441479350741 ], [ 114.102881915633276, 22.349098954551323 ], [ 114.102961702978433, 22.349970069297139 ], [ 114.102657617555394, 22.350225513083487 ], [ 114.104259700346446, 22.35012366077672 ], [ 114.104344218302643, 22.350819430604819 ], [ 114.105928185063831, 22.350480510677876 ] ] ] } },
{ "type": "Feature", "properties": { "codigo_dcca": "S27", "nombre_en": "Shing Hong", "nombre_zh": "盛康", "codigo": "S", "distrito_en": "Kwai Tsing", "distrito_es": "Kwai Tsing", "region": "Nuevos Territorios", "area_km2_poligono": 0.0903 }, "geometry": { "type": "Polygon", "coordinates": [ [ [ 114.104344218302643, 22.350819430604819 ], [ 114.104259700346446, 22.35012366077672 ], [ 114.102657617555394, 22.350225513083487 ], [ 114.102961702978433, 22.349970069297139 ], [ 114.102881915633276, 22.349098954551323 ], [ 114.101462273579457, 22.349441479350741 ], [ 114.097195154169341, 22.349575338354015 ], [ 114.097666754672687, 22.350704632597715 ], [ 114.098349838804012, 22.350495194310167 ], [ 114.099366902678383, 22.350876168257304 ], [ 114.100230799902732, 22.350345329729659 ], [ 114.100866643636024, 22.350449570877892 ], [ 114.101676725816503, 22.350941102560931 ], [ 114.104344218302643, 22.350819430604819 ] ] ] } },
{ "type": "Feature", "properties": { "codigo_dcca": "S18", "nombre_en": "Cho Yiu", "nombre_zh": "祖堯", "codigo": "S", "distrito_en": "Kwai Tsing", "distrito_es": "Kwai Tsing", "region": "Nuevos Territorios", "area_km2_poligono": 0.7748 }, "geometry": { "type": "Polygon", "coordinates": [ [ [ 114.131242968504267, 22.350608917144115 ], [ 114.131645068299079, 22.349167012195768 ], [ 114.134178014063764, 22.347938070867738 ], [ 114.1337937906371, 22.346839636235813 ], [ 114.134483001117431, 22.344845481222688 ], [ 114.13452251744512, 22.343764523900735 ], [ 114.134975029517364, 22.343278318387757 ], [ 114.135711016754087, 22.343231277007359 ], [ 114.135935141145026, 22.341784257622098 ], [ 114.13595142554027, 22.340735334121735 ], [ 114.135509387646792, 22.33984514197218 ], [ 114.134840881547092, 22.339545272574327 ], [ 114.134109141603275, 22.339701626218986 ], [ 114.133860993782051, 22.339284221829054 ], [ 114.1330691976666, 22.338840139304192 ], [ 114.130395810265782, 22.342632017237118 ], [ 114.12647968711066, 22.344417463466513 ], [ 114.125828552342185, 22.344926339740191 ], [ 114.127432808547837, 22.34571137607945 ], [ 114.127027919985309, 22.346766265574651 ], [ 114.127624254130083, 22.34712654145596 ], [ 114.127348497421536, 22.350795672925411 ], [ 114.128503857882194, 22.352415281798208 ], [ 114.128778724360828, 22.352169931150232 ], [ 114.131277136673887, 22.351608130802358 ], [ 114.131459611027807, 22.351430975412956 ], [ 114.131242968504267, 22.350608917144115 ] ] ] } },
{ "type": "Feature", "properties": { "codigo_dcca": "S19", "nombre_en": "Lai King", "nombre_zh": "荔景", "codigo": "S", "distrito_en": "Kwai Tsing", "distrito_es": "Kwai Tsing", "region": "Nuevos Territorios", "area_km2_poligono": 5.4138 }, "geometry": { "type": "Polygon", "coordinates": [ [ [ 114.127848834834438, 22.351630808340264 ], [ 114.127348497421508, 22.350795672925411 ], [ 114.127624254130097, 22.347126541455989 ], [ 114.127027919985309, 22.346766265574665 ], [ 114.127436667906238, 22.345723694943736 ], [ 114.125828552342185, 22.344926339740226 ], [ 114.12719809411189, 22.344065023569254 ], [ 114.129668832698954, 22.343084148291354 ], [ 114.130715543999372, 22.342350959935974 ], [ 114.133069197666615, 22.338840139304214 ], [ 114.131673376528013, 22.339313418753843 ], [ 114.13220109323413, 22.337982865186913 ], [ 114.13398691855167, 22.335721893039953 ], [ 114.136443239593959, 22.334411961607387 ], [ 114.138300580688551, 22.333624920476332 ], [ 114.138906973719614, 22.333589799109053 ], [ 114.138957641568794, 22.333131418848893 ], [ 114.138755581448677, 22.332884538720439 ], [ 114.141779050433897, 22.331553499437515 ], [ 114.142145550074687, 22.330965895233366 ], [ 114.141880460581604, 22.330138357142015 ], [ 114.140427978145155, 22.328939146425292 ], [ 114.140567084037386, 22.328374991949563 ], [ 114.140049081980109, 22.328598201548189 ], [ 114.137981505209396, 22.327099093864064 ], [ 114.138019509921193, 22.326699472511983 ], [ 114.136251303134614, 22.325417870381276 ], [ 114.135506408349826, 22.323960208720692 ], [ 114.135108593073497, 22.323612176345289 ], [ 114.132253963432831, 22.322694622226269 ], [ 114.130422704146227, 22.321377665201211 ], [ 114.130466990442244, 22.320445440985235 ], [ 114.127555607994182, 22.318504188109724 ], [ 114.121628374605663, 22.321522478321615 ], [ 114.12132529836407, 22.322437850741462 ], [ 114.122638739484231, 22.323816588460836 ], [ 114.124191352411572, 22.324314089310707 ], [ 114.113424809009203, 22.348574676678563 ], [ 114.116465628677787, 22.34936900141366 ], [ 114.117025220264566, 22.349048597117836 ], [ 114.118020517850695, 22.349343213254365 ], [ 114.119100076326333, 22.35123926900237 ], [ 114.123302978445977, 22.355704912608289 ], [ 114.125026702799602, 22.35706113044672 ], [ 114.126363629376272, 22.355584785934937 ], [ 114.128259218608719, 22.354546852847715 ], [ 114.128375664277698, 22.35369558649333 ], [ 114.127503961453954, 22.351822151455401 ], [ 114.127848834834438, 22.351630808340264 ] ] ] } },
{ "type": "Feature", "properties": { "codigo_dcca": "S23", "nombre_en": "Tsing Yi Estate", "nombre_zh": "青衣邨", "codigo": "S", "distrito_en": "Kwai Tsing", "distrito_es": "Kwai Tsing", "region": "Nuevos Territorios", "area_km2_poligono": 0.1437 }, "geometry": { "type": "Polygon", "coordinates": [ [ [ 114.106944458234764, 22.354726874352068 ], [ 114.10706269610759, 22.353227212699643 ], [ 114.107599068304893, 22.352857786264881 ], [ 114.107325075920457, 22.352398781376326 ], [ 114.106991333860037, 22.352382590506124 ], [ 114.106683781975903, 22.352682190656488 ], [ 114.103929219798218, 22.352470797050085 ], [ 114.10317145956337, 22.352622456427209 ], [ 114.102401091027815, 22.353478697160053 ], [ 114.10230577672624, 22.355227238702074 ], [ 114.101877772845995, 22.356964690158136 ], [ 114.102833922188523, 22.356998588101018 ], [ 114.103304513731189, 22.357298463108471 ], [ 114.10345335311645, 22.355987990477121 ], [ 114.103865457480595, 22.355562783674152 ], [ 114.103888209944074, 22.354451900889597 ], [ 114.104851441012897, 22.354048169611019 ], [ 114.105257881112848, 22.354334139585884 ], [ 114.106083063489436, 22.354066746364257 ], [ 114.106206295199129, 22.354579934094289 ], [ 114.106944458234764, 22.354726874352068 ] ] ] } },
{ "type": "Feature", "properties": { "codigo_dcca": "S24", "nombre_en": "Greenfield", "nombre_zh": "翠怡", "codigo": "S", "distrito_en": "Kwai Tsing", "distrito_es": "Kwai Tsing", "region": "Nuevos Territorios", "area_km2_poligono": 0.6439 }, "geometry": { "type": "Polygon", "coordinates": [ [ [ 114.101680933348376, 22.357631342235475 ], [ 114.10230577672624, 22.355227238702074 ], [ 114.102401091027815, 22.353478697160053 ], [ 114.102907004532241, 22.352773408031648 ], [ 114.103599148015789, 22.352491147487004 ], [ 114.106683781975903, 22.352682190656488 ], [ 114.106991333860037, 22.352382590506124 ], [ 114.107325075920457, 22.352398781376326 ], [ 114.107599068304893, 22.352857786264881 ], [ 114.10706269610759, 22.353227212699643 ], [ 114.106971377521319, 22.354322236034953 ], [ 114.108504580230871, 22.354268724941345 ], [ 114.110613996425897, 22.35490686009112 ], [ 114.113424809009203, 22.348574676678542 ], [ 114.110706516273439, 22.347873306127408 ], [ 114.10869880014009, 22.350467025222873 ], [ 114.107700866324421, 22.350049607435103 ], [ 114.104109029160838, 22.350837756534677 ], [ 114.101676725816503, 22.350941102560931 ], [ 114.100866643636024, 22.350449570877892 ], [ 114.100230799902732, 22.350345329729659 ], [ 114.099366902678383, 22.350876168257304 ], [ 114.098349838804012, 22.350495194310167 ], [ 114.097666754672687, 22.350704632597715 ], [ 114.100205524961481, 22.356354724821546 ], [ 114.101457888336313, 22.357594186232784 ], [ 114.101680933348376, 22.357631342235475 ] ] ] } },
{ "type": "Feature", "properties": { "codigo_dcca": "S17", "nombre_en": "Lai Wah", "nombre_zh": "荔華", "codigo": "S", "distrito_en": "Kwai Tsing", "distrito_es": "Kwai Tsing", "region": "Nuevos Territorios", "area_km2_poligono": 1.4635 }, "geometry": { "type": "Polygon", "coordinates": [ [ [ 114.141591787654122, 22.358821184268656 ], [ 114.141309428349231, 22.355678952127931 ], [ 114.142148399346652, 22.351195011736756 ], [ 114.142060536993853, 22.349604557987661 ], [ 114.142296407621217, 22.349235150188804 ], [ 114.143556041778055, 22.349122820844968 ], [ 114.144318919924373, 22.348695035572973 ], [ 114.144934773667657, 22.348917318845178 ], [ 114.144733869715054, 22.347970190033493 ], [ 114.145073312437091, 22.347736410545668 ], [ 114.14538771886113, 22.346976459758917 ], [ 114.146205913576594, 22.346508291518241 ], [ 114.146836732482285, 22.344769213170736 ], [ 114.146764736839913, 22.342566012512087 ], [ 114.146953142070188, 22.341515015642099 ], [ 114.148923052805003, 22.340602060298941 ], [ 114.146783266141583, 22.339995500559386 ], [ 114.145367811217398, 22.339998058443587 ], [ 114.144892711508248, 22.34017067514581 ], [ 114.143947841811581, 22.341120384668066 ], [ 114.143320462301617, 22.34126361640244 ], [ 114.14270469950273, 22.341015716147705 ], [ 114.141650475480162, 22.340022687894951 ], [ 114.140880600004053, 22.339876900955556 ], [ 114.13827490443272, 22.341256317329037 ], [ 114.138180012599847, 22.342035461169168 ], [ 114.137159832762876, 22.341917501123241 ], [ 114.135966328836105, 22.341393350262926 ], [ 114.135711016754087, 22.343231277007359 ], [ 114.134975029517364, 22.343278318387757 ], [ 114.13452251744512, 22.343764523900735 ], [ 114.134483001117431, 22.344845481222688 ], [ 114.1337937906371, 22.346839636235813 ], [ 114.134178014063764, 22.347938070867738 ], [ 114.13196506389454, 22.348986237108729 ], [ 114.131441699695813, 22.349481787712236 ], [ 114.131368601404134, 22.350010271619915 ], [ 114.132310404986171, 22.350031908571864 ], [ 114.132332986032623, 22.350245821609693 ], [ 114.132553977505495, 22.350257685114034 ], [ 114.134174779425564, 22.349443491456952 ], [ 114.135324001550245, 22.348548130096582 ], [ 114.135560233449567, 22.349050081893168 ], [ 114.135947353069426, 22.349240652634599 ], [ 114.139184943687852, 22.348840534820877 ], [ 114.139642304539848, 22.348996932382622 ], [ 114.139767729518809, 22.349667480192188 ], [ 114.139263146363177, 22.35048897321618 ], [ 114.139592608158523, 22.351266128818164 ], [ 114.139850013467168, 22.351402612431059 ], [ 114.139366584997362, 22.352091921137347 ], [ 114.138801020300676, 22.351777534971674 ], [ 114.138501898634019, 22.351998053866119 ], [ 114.138700232798527, 22.352229906040769 ], [ 114.138412117761959, 22.352632600754298 ], [ 114.13900345467404, 22.353292376894441 ], [ 114.138816938436889, 22.353471770350748 ], [ 114.138294737671558, 22.35315277802458 ], [ 114.138489887603185, 22.353566387648844 ], [ 114.138070616968946, 22.353835949235641 ], [ 114.138251134376333, 22.354152070777566 ], [ 114.13900883430054, 22.354294914213494 ], [ 114.138095821706841, 22.354988109462656 ], [ 114.138571314867107, 22.355366891658949 ], [ 114.137639969101045, 22.35590109703142 ], [ 114.138062335825111, 22.356432050673952 ], [ 114.137435787542344, 22.356910283881035 ], [ 114.13757886383371, 22.357148598746775 ], [ 114.138593375071366, 22.357420552714757 ], [ 114.139496818934987, 22.357382383704607 ], [ 114.139869230891748, 22.35793471439872 ], [ 114.139837454039295, 22.358488045054621 ], [ 114.140269844974995, 22.358839088480465 ], [ 114.141591787654122, 22.358821184268656 ] ] ] } },
{ "type": "Feature", "properties": { "codigo_dcca": "S28", "nombre_en": "Tsing Yi South", "nombre_zh": "青衣南", "codigo": "S", "distrito_en": "Kwai Tsing", "distrito_es": "Kwai Tsing", "region": "Nuevos Territorios", "area_km2_poligono": 28.8684 }, "geometry": { "type": "Polygon", "coordinates": [ [ [ 114.098405799936558, 22.352431760187361 ], [ 114.09730177577093, 22.349920872655186 ], [ 114.096887364495942, 22.34788323091977 ], [ 114.097186789136316, 22.347826937445188 ], [ 114.097672841457651, 22.348298624920027 ], [ 114.098682206484824, 22.347882363911289 ], [ 114.098684678075685, 22.34832471787243 ], [ 114.099605656778778, 22.348124401288601 ], [ 114.100030093965671, 22.348397641959963 ], [ 114.100686612873801, 22.348097396939231 ], [ 114.100845092491269, 22.347708308545442 ], [ 114.10168622235355, 22.347696347139593 ], [ 114.10176992104266, 22.348118898616075 ], [ 114.10293725459448, 22.348466714447053 ], [ 114.103905479414337, 22.348186862838457 ], [ 114.104296524405527, 22.348676819700273 ], [ 114.107155399897835, 22.347937090400446 ], [ 114.107867590030025, 22.347135526764475 ], [ 114.107750867705704, 22.345351959550339 ], [ 114.107972234998229, 22.344736747490458 ], [ 114.106767671228212, 22.345224639856468 ], [ 114.106137997575743, 22.343876762717706 ], [ 114.107433895230088, 22.342791894521756 ], [ 114.108548065081706, 22.344084298343176 ], [ 114.109306876121252, 22.344484968311978 ], [ 114.109949675216598, 22.345168902662184 ], [ 114.110280260675879, 22.347238653540671 ], [ 114.110706516273439, 22.347873306127408 ], [ 114.113424809009203, 22.348574676678542 ], [ 114.124191352411572, 22.3243140893107 ], [ 114.122638739484216, 22.323816588460815 ], [ 114.12132529836407, 22.322437850741448 ], [ 114.121628374605635, 22.321522478321587 ], [ 114.127555607994182, 22.318504188109721 ], [ 114.130466990442258, 22.320445440985218 ], [ 114.131176723280333, 22.318899325093994 ], [ 114.131961867575455, 22.318284687287175 ], [ 114.13176506006225, 22.3137530254367 ], [ 114.1495249859382, 22.313796370484749 ], [ 114.149508991634676, 22.297477660193273 ], [ 114.109860230785941, 22.297605140262903 ], [ 114.109870123203407, 22.311726917217872 ], [ 114.072692945212637, 22.312530003529929 ], [ 114.072480268959893, 22.351848206270091 ], [ 114.081431262631867, 22.351858322712584 ], [ 114.081412673381962, 22.352297431229786 ], [ 114.08419281565638, 22.352349489994051 ], [ 114.084514811880254, 22.351504884003827 ], [ 114.085584257347676, 22.35133797334829 ], [ 114.087339366323718, 22.352405280021276 ], [ 114.088638921494365, 22.352822021302547 ], [ 114.087657319124901, 22.353506694735074 ], [ 114.088532760894907, 22.354117169891904 ], [ 114.088308904460689, 22.354349250154652 ], [ 114.087897086718343, 22.354223734701609 ], [ 114.087083040186329, 22.354526359804673 ], [ 114.086790447634854, 22.354966120476064 ], [ 114.087008804746858, 22.35527635070666 ], [ 114.085849383459305, 22.355964345778709 ], [ 114.085672904289467, 22.35675245054685 ], [ 114.084877027930347, 22.357283348726664 ], [ 114.084985595428947, 22.357629406589165 ], [ 114.086312790259086, 22.35770569445641 ], [ 114.087127307307568, 22.357260716163992 ], [ 114.087652125210397, 22.357533448539424 ], [ 114.088230772097276, 22.357526135384973 ], [ 114.088447263186751, 22.357235280532365 ], [ 114.089979401386728, 22.357081660167715 ], [ 114.090787053256463, 22.356408412667182 ], [ 114.091998644875176, 22.357166741796647 ], [ 114.093251159962492, 22.356935434554025 ], [ 114.093161098980318, 22.357918137105095 ], [ 114.093457893288019, 22.358551728687527 ], [ 114.093262888620401, 22.359229054373717 ], [ 114.09373854855302, 22.359506139502656 ], [ 114.094580522462749, 22.358740327807315 ], [ 114.09681968202807, 22.3574876489328 ], [ 114.097245298167948, 22.357007542009292 ], [ 114.09747178514931, 22.356260700535891 ], [ 114.097346016621742, 22.354865247637466 ], [ 114.097700336736096, 22.353246216543809 ], [ 114.097879554526699, 22.352811031471088 ], [ 114.098405799936558, 22.352431760187361 ] ] ] } },
{ "type": "Feature", "properties": { "codigo_dcca": "S22", "nombre_en": "Wai Ying", "nombre_zh": "偉盈", "codigo": "S", "distrito_en": "Kwai Tsing", "distrito_es": "Kwai Tsing", "region": "Nuevos Territorios", "area_km2_poligono": 0.426 }, "geometry": { "type": "Polygon", "coordinates": [ [ [ 114.110613996425897, 22.35490686009112 ], [ 114.108504580230871, 22.354268724941345 ], [ 114.107403522962741, 22.354212158857099 ], [ 114.106971377521319, 22.354322236034953 ], [ 114.106944458234764, 22.354726874352068 ], [ 114.106529624463235, 22.35469450991345 ], [ 114.106132596082773, 22.354489009447676 ], [ 114.106083063489436, 22.354066746364257 ], [ 114.105257881112848, 22.354334139585884 ], [ 114.104851441012897, 22.354048169611019 ], [ 114.103888209944074, 22.354451900889597 ], [ 114.103865457480595, 22.355562783674152 ], [ 114.10345335311645, 22.355987990477121 ], [ 114.103304513731189, 22.357298463108471 ], [ 114.102833922188523, 22.356998588101018 ], [ 114.101877772845995, 22.356964690158136 ], [ 114.101645749124685, 22.35786693284788 ], [ 114.101776407211943, 22.358484168040125 ], [ 114.102507184570456, 22.359333105435269 ], [ 114.102912245124557, 22.359272704944296 ], [ 114.103238151808554, 22.35952330652383 ], [ 114.105665592895448, 22.359267996439428 ], [ 114.110081593762501, 22.360006336208997 ], [ 114.109964299668277, 22.356370418115738 ], [ 114.110613996425897, 22.35490686009112 ] ] ] } },
{ "type": "Feature", "properties": { "codigo_dcca": "S16", "nombre_en": "Wah Lai", "nombre_zh": "華麗", "codigo": "S", "distrito_en": "Kwai Tsing", "distrito_es": "Kwai Tsing", "region": "Nuevos Territorios", "area_km2_poligono": 0.8447 }, "geometry": { "type": "Polygon", "coordinates": [ [ [ 114.139938262440054, 22.358623174106896 ], [ 114.139869230891748, 22.35793471439872 ], [ 114.139496818934987, 22.357382383704607 ], [ 114.138593375071366, 22.357420552714757 ], [ 114.13757886383371, 22.357148598746775 ], [ 114.137432029592389, 22.356878378029485 ], [ 114.138062335825111, 22.356432050673952 ], [ 114.137639969101045, 22.35590109703142 ], [ 114.138571314867107, 22.355366891658949 ], [ 114.138095821706841, 22.354988109462656 ], [ 114.13900883430054, 22.354294914213494 ], [ 114.138251134376333, 22.354152070777566 ], [ 114.138070616968946, 22.353835949235641 ], [ 114.138489887603185, 22.353566387648844 ], [ 114.138294737671558, 22.35315277802458 ], [ 114.138816938436889, 22.353471770350748 ], [ 114.13900345467404, 22.353292376894441 ], [ 114.138412117761959, 22.352632600754298 ], [ 114.138700232798527, 22.352229906040769 ], [ 114.138501898634019, 22.351998053866119 ], [ 114.138801020300676, 22.351777534971674 ], [ 114.139366584997362, 22.352091921137347 ], [ 114.139850013467168, 22.351402612431059 ], [ 114.139592608158523, 22.351266128818164 ], [ 114.139263146363177, 22.35048897321618 ], [ 114.139796888753068, 22.349534846005227 ], [ 114.139527043645856, 22.348915061910859 ], [ 114.135947353069426, 22.349240652634599 ], [ 114.135560233449567, 22.349050081893168 ], [ 114.135324001550245, 22.348548130096582 ], [ 114.134174779425564, 22.349443491456952 ], [ 114.132553977505495, 22.350257685114034 ], [ 114.132332986032623, 22.350245821609693 ], [ 114.132310404986171, 22.350031908571864 ], [ 114.131368601404134, 22.350010271619915 ], [ 114.131242968504267, 22.350608917144115 ], [ 114.131459611027807, 22.351430975412956 ], [ 114.131277136673887, 22.351608130802358 ], [ 114.128778724360828, 22.352169931150232 ], [ 114.128503857882194, 22.352415281798208 ], [ 114.129347853410451, 22.35473884920075 ], [ 114.130113364314454, 22.355167851525788 ], [ 114.130764260569066, 22.354684894397653 ], [ 114.131868996528439, 22.35475568836485 ], [ 114.132526971605614, 22.354335208481444 ], [ 114.132213234345699, 22.35284470158982 ], [ 114.132418600136234, 22.351721411076753 ], [ 114.132778156273389, 22.351835059494721 ], [ 114.133211465708897, 22.354819928643074 ], [ 114.133720302291565, 22.356053855103752 ], [ 114.134117575046361, 22.358471393588424 ], [ 114.134544879446011, 22.359254427231246 ], [ 114.135910389876813, 22.360758337184539 ], [ 114.136172786132789, 22.361575866405133 ], [ 114.136975988739025, 22.361487205556806 ], [ 114.136986190807917, 22.360538476910182 ], [ 114.136718569002142, 22.360329191109024 ], [ 114.1377112074275, 22.359839102355409 ], [ 114.138074542780217, 22.359929269452739 ], [ 114.139157654263173, 22.361045429833204 ], [ 114.139146568632256, 22.359486691534389 ], [ 114.139479859883878, 22.358722666936174 ], [ 114.139938262440054, 22.358623174106896 ] ] ] } },
{ "type": "Feature", "properties": { "codigo_dcca": "S31", "nombre_en": "Cheung On", "nombre_zh": "長安", "codigo": "S", "distrito_en": "Kwai Tsing", "distrito_es": "Kwai Tsing", "region": "Nuevos Territorios", "area_km2_poligono": 0.0888 }, "geometry": { "type": "Polygon", "coordinates": [ [ [ 114.10398096235231, 22.361194744517597 ], [ 114.102653128915435, 22.359272893479453 ], [ 114.102340999429998, 22.359499037559946 ], [ 114.102303701854979, 22.359875864996042 ], [ 114.100878821679942, 22.360560810714595 ], [ 114.099801145163411, 22.360787401654502 ], [ 114.098849218663347, 22.360691917555393 ], [ 114.098698533473666, 22.3612739897649 ], [ 114.100299072140601, 22.362208837344443 ], [ 114.101058216571687, 22.362328009258402 ], [ 114.1020508708569, 22.361940320093378 ], [ 114.102529240667323, 22.361387085530314 ], [ 114.102842434454701, 22.361781836554851 ], [ 114.103606797030636, 22.361780820459288 ], [ 114.10398096235231, 22.361194744517597 ] ] ] } },
{ "type": "Feature", "properties": { "codigo_dcca": "S15", "nombre_en": "Hing Fong", "nombre_zh": "興芳", "codigo": "S", "distrito_en": "Kwai Tsing", "distrito_es": "Kwai Tsing", "region": "Nuevos Territorios", "area_km2_poligono": 0.4283 }, "geometry": { "type": "Polygon", "coordinates": [ [ [ 114.128671306732855, 22.360090038911302 ], [ 114.127234345278723, 22.358732906741473 ], [ 114.127640656958633, 22.358751877445787 ], [ 114.129014089291275, 22.357550927855392 ], [ 114.130951867542052, 22.356932995158253 ], [ 114.131442326324347, 22.357108118358205 ], [ 114.131850048544379, 22.358103371638414 ], [ 114.134102821558926, 22.359764293309414 ], [ 114.134519337110291, 22.360342872469516 ], [ 114.135096516937992, 22.35984971959935 ], [ 114.134085130151632, 22.35837107368598 ], [ 114.13372030229155, 22.356053855103749 ], [ 114.133211465708897, 22.354819928643074 ], [ 114.132867835457105, 22.351975653502802 ], [ 114.132537369656987, 22.351631300587993 ], [ 114.132199435745036, 22.353159340385549 ], [ 114.132526971605657, 22.354335208481459 ], [ 114.131868996528439, 22.354755688364847 ], [ 114.13076426056908, 22.354684894397668 ], [ 114.130048927345527, 22.355173955637586 ], [ 114.129327303361208, 22.354702368770845 ], [ 114.128556580036786, 22.352481392156466 ], [ 114.127848834834438, 22.351630808340264 ], [ 114.127503961453954, 22.351822151455401 ], [ 114.128375664277698, 22.35369558649333 ], [ 114.128259218608719, 22.354546852847715 ], [ 114.126363629548436, 22.355584308067343 ], [ 114.123961184904587, 22.357981071705588 ], [ 114.127278478411952, 22.360990666254306 ], [ 114.127721990646037, 22.360955942582692 ], [ 114.128671306732855, 22.360090038911302 ] ] ] } },
{ "type": "Feature", "properties": { "codigo_dcca": "S21", "nombre_en": "On Ho", "nombre_zh": "安灝", "codigo": "S", "distrito_en": "Kwai Tsing", "distrito_es": "Kwai Tsing", "region": "Nuevos Territorios", "area_km2_poligono": 0.3402 }, "geometry": { "type": "Polygon", "coordinates": [ [ [ 114.110094056675706, 22.364740214728329 ], [ 114.110081593762501, 22.360006336208997 ], [ 114.105665592895448, 22.359267996439428 ], [ 114.103238151808554, 22.35952330652383 ], [ 114.102653128915435, 22.359272893479453 ], [ 114.103828925587933, 22.36109406675978 ], [ 114.104876280800241, 22.361295420051356 ], [ 114.104928815543119, 22.364756147489416 ], [ 114.110094056675706, 22.364740214728329 ] ] ] } },
{ "type": "Feature", "properties": { "codigo_dcca": "S30", "nombre_en": "Ching Fat", "nombre_zh": "青發", "codigo": "S", "distrito_en": "Kwai Tsing", "distrito_es": "Kwai Tsing", "region": "Nuevos Territorios", "area_km2_poligono": 0.7518 }, "geometry": { "type": "Polygon", "coordinates": [ [ [ 114.087829442369014, 22.364807725104594 ], [ 114.104928815543119, 22.364756147489416 ], [ 114.104876280800241, 22.361295420051356 ], [ 114.10398096235231, 22.361194744517597 ], [ 114.103606797030636, 22.361780820459288 ], [ 114.102842434454701, 22.361781836554851 ], [ 114.102529240667323, 22.361387085530314 ], [ 114.1020508708569, 22.361940320093378 ], [ 114.101058216571687, 22.362328009258402 ], [ 114.100299072140601, 22.362208837344443 ], [ 114.098698533473666, 22.3612739897649 ], [ 114.098849218663347, 22.360691917555393 ], [ 114.097055452192734, 22.360374360588924 ], [ 114.088966169138885, 22.360312729426621 ], [ 114.088965650421329, 22.36107775139768 ], [ 114.087860057821658, 22.36104372558205 ], [ 114.087829442369014, 22.364807725104594 ] ] ] } },
{ "type": "Feature", "properties": { "codigo_dcca": "S29", "nombre_en": "Cheung Hang", "nombre_zh": "長亨", "codigo": "S", "distrito_en": "Kwai Tsing", "distrito_es": "Kwai Tsing", "region": "Nuevos Territorios", "area_km2_poligono": 2.6875 }, "geometry": { "type": "Polygon", "coordinates": [ [ [ 114.087829442369014, 22.364807725104594 ], [ 114.087860057821658, 22.36104372558205 ], [ 114.088965650421329, 22.36107775139768 ], [ 114.088966169138885, 22.360312729426621 ], [ 114.096763044595278, 22.3603538884967 ], [ 114.099801145163411, 22.360787401654502 ], [ 114.100878821679942, 22.360560810714595 ], [ 114.102303701854979, 22.359875864996042 ], [ 114.102507184570456, 22.359333105435269 ], [ 114.101776407211943, 22.358484168040125 ], [ 114.101680933348376, 22.357631342235475 ], [ 114.101065006596471, 22.357367399376848 ], [ 114.099977160296163, 22.356002298816961 ], [ 114.098405799936558, 22.352431760187361 ], [ 114.097879554526699, 22.352811031471088 ], [ 114.097700336736096, 22.353246216543809 ], [ 114.097346016621742, 22.354865247637466 ], [ 114.09747178514931, 22.356260700535891 ], [ 114.097245298167948, 22.357007542009292 ], [ 114.09681968202807, 22.3574876489328 ], [ 114.094580522462749, 22.358740327807315 ], [ 114.09373854855302, 22.359506139502656 ], [ 114.093262888620401, 22.359229054373717 ], [ 114.093457893288019, 22.358551728687527 ], [ 114.093161098980318, 22.357918137105095 ], [ 114.093251159962492, 22.356935434554025 ], [ 114.091998644875176, 22.357166741796647 ], [ 114.090787053256463, 22.356408412667182 ], [ 114.089979401386728, 22.357081660167715 ], [ 114.088447263186751, 22.357235280532365 ], [ 114.088230772097276, 22.357526135384973 ], [ 114.087652125210397, 22.357533448539424 ], [ 114.087127307307568, 22.357260716163992 ], [ 114.086312790259086, 22.35770569445641 ], [ 114.084985595428947, 22.357629406589165 ], [ 114.084877027930347, 22.357283348726664 ], [ 114.085672904289467, 22.35675245054685 ], [ 114.085849383459305, 22.355964345778709 ], [ 114.087008804746858, 22.35527635070666 ], [ 114.086790447634854, 22.354966120476064 ], [ 114.087083040186329, 22.354526359804673 ], [ 114.087897086718343, 22.354223734701609 ], [ 114.088308904460689, 22.354349250154652 ], [ 114.088532760894907, 22.354117169891904 ], [ 114.087657319124901, 22.353506694735074 ], [ 114.088638921494365, 22.352822021302547 ], [ 114.087339366323718, 22.352405280021276 ], [ 114.085584257347676, 22.35133797334829 ], [ 114.084514811880254, 22.351504884003827 ], [ 114.08419281565638, 22.352349489994051 ], [ 114.081412673381962, 22.352297431229786 ], [ 114.081431262631867, 22.351858322712584 ], [ 114.072480268959893, 22.351848206270091 ], [ 114.072425482552191, 22.361972022249596 ], [ 114.078986178854336, 22.364833688785509 ], [ 114.087829442369014, 22.364807725104594 ] ] ] } },
{ "type": "Feature", "properties": { "codigo_dcca": "S03", "nombre_en": "Kwai Shing East Estate", "nombre_zh": "葵盛東邨", "codigo": "S", "distrito_en": "Kwai Tsing", "distrito_es": "Kwai Tsing", "region": "Nuevos Territorios", "area_km2_poligono": 0.1104 }, "geometry": { "type": "Polygon", "coordinates": [ [ [ 114.129507339165556, 22.362998912603764 ], [ 114.127958157358691, 22.362488858742019 ], [ 114.127837845045889, 22.363207662682385 ], [ 114.126763994403348, 22.363415163049385 ], [ 114.126019422287754, 22.362739482549475 ], [ 114.124995821632808, 22.362854523232667 ], [ 114.125563767233345, 22.363730540323672 ], [ 114.125592651729434, 22.364924387092682 ], [ 114.126364357955183, 22.365661792564161 ], [ 114.126884824262163, 22.365780254071311 ], [ 114.127272666292185, 22.365617823549279 ], [ 114.12798323833897, 22.364345997488314 ], [ 114.129150232926904, 22.363883168907865 ], [ 114.129786833561525, 22.364236268761534 ], [ 114.130108416623031, 22.36563835437822 ], [ 114.130711015028737, 22.365815633252325 ], [ 114.13097795840045, 22.364780339474912 ], [ 114.130355962201094, 22.364580316202222 ], [ 114.13012019592712, 22.363504259196574 ], [ 114.129507339165556, 22.362998912603764 ] ] ] } },
{ "type": "Feature", "properties": { "codigo_dcca": "S20", "nombre_en": "Kwai Shing West Estate", "nombre_zh": "葵盛西邨", "codigo": "S", "distrito_en": "Kwai Tsing", "distrito_es": "Kwai Tsing", "region": "Nuevos Territorios", "area_km2_poligono": 1.8467 }, "geometry": { "type": "Polygon", "coordinates": [ [ [ 114.12710113631347, 22.365721947257942 ], [ 114.126364357955183, 22.365661792564133 ], [ 114.125592651729406, 22.364924387092668 ], [ 114.125537972755609, 22.36364438077732 ], [ 114.124120176436961, 22.362551626981602 ], [ 114.123799335728009, 22.362009554109306 ], [ 114.124121933926645, 22.361519210590789 ], [ 114.123422446309732, 22.361090364593256 ], [ 114.123238084312717, 22.359873934302229 ], [ 114.121863542292004, 22.359636322298748 ], [ 114.12154482450363, 22.358920181713046 ], [ 114.123961189273615, 22.357981071255445 ], [ 114.125026702799602, 22.35706113044672 ], [ 114.123302978445963, 22.355704912608271 ], [ 114.119100076326305, 22.35123926900237 ], [ 114.118020517850695, 22.349343213254354 ], [ 114.117025220264566, 22.349048597117811 ], [ 114.116465628677787, 22.349369001413663 ], [ 114.113424809009203, 22.348574676678542 ], [ 114.109964299668277, 22.356370418115738 ], [ 114.110081593762501, 22.360006336208997 ], [ 114.11352426757783, 22.360692956657097 ], [ 114.116018696901321, 22.362438072027146 ], [ 114.11947912849574, 22.363792733267907 ], [ 114.120427390311079, 22.364710253365757 ], [ 114.121032667461904, 22.366069821303618 ], [ 114.122577342310976, 22.365669164669729 ], [ 114.1242535711919, 22.366395737073908 ], [ 114.124997419677129, 22.366458928869058 ], [ 114.12552112020083, 22.366181984585232 ], [ 114.125821404888228, 22.366372976069506 ], [ 114.126270628515314, 22.367321016572941 ], [ 114.127566912047655, 22.366860407286129 ], [ 114.12710113631347, 22.365721947257942 ] ] ] } },
{ "type": "Feature", "properties": { "codigo_dcca": "S14", "nombre_en": "Kwai Fong", "nombre_zh": "葵芳", "codigo": "S", "distrito_en": "Kwai Tsing", "distrito_es": "Kwai Tsing", "region": "Nuevos Territorios", "area_km2_poligono": 0.4613 }, "geometry": { "type": "Polygon", "coordinates": [ [ [ 114.135860957259808, 22.363994781678578 ], [ 114.136186888788245, 22.361791627744662 ], [ 114.135910389876813, 22.360758337184539 ], [ 114.135096516937992, 22.359849719599342 ], [ 114.134519337110262, 22.360342872469502 ], [ 114.134102821558926, 22.359764293309414 ], [ 114.131850048544351, 22.358103371638403 ], [ 114.131289357486594, 22.356990199632119 ], [ 114.130583906562791, 22.357011149232829 ], [ 114.129137087381494, 22.357494640593004 ], [ 114.127640656958647, 22.358751877445773 ], [ 114.127234345278708, 22.358732906741473 ], [ 114.130263201972696, 22.361600526215952 ], [ 114.130795424628289, 22.361273059269362 ], [ 114.131345084875505, 22.361504405630747 ], [ 114.131804550512413, 22.362281765994567 ], [ 114.134083046582134, 22.368505609712592 ], [ 114.134714439202313, 22.367626814867425 ], [ 114.13507166240116, 22.365906652772363 ], [ 114.135860957259808, 22.363994781678578 ] ] ] } },
{ "type": "Feature", "properties": { "codigo_dcca": "S04", "nombre_en": "Upper Tai Wo Hau", "nombre_zh": "上大窩口", "codigo": "S", "distrito_en": "Kwai Tsing", "distrito_es": "Kwai Tsing", "region": "Nuevos Territorios", "area_km2_poligono": 0.0844 }, "geometry": { "type": "Polygon", "coordinates": [ [ [ 114.124997419677129, 22.36645892886904 ], [ 114.1237173368594, 22.366226663830016 ], [ 114.122577342310976, 22.36566916466974 ], [ 114.121032667461918, 22.36606982130365 ], [ 114.121203386384323, 22.366675522192956 ], [ 114.122523413781281, 22.368755577440123 ], [ 114.122992608681884, 22.36850028177313 ], [ 114.122840034876972, 22.368259499937533 ], [ 114.124051240451436, 22.368019362035383 ], [ 114.124994248995975, 22.367470366259536 ], [ 114.124997419677129, 22.36645892886904 ] ] ] } },
{ "type": "Feature", "properties": { "codigo_dcca": "S06", "nombre_en": "Kwai Chung Estate South", "nombre_zh": "葵涌邨南", "codigo": "S", "distrito_en": "Kwai Tsing", "distrito_es": "Kwai Tsing", "region": "Nuevos Territorios", "area_km2_poligono": 0.174 }, "geometry": { "type": "Polygon", "coordinates": [ [ [ 114.12543523001537, 22.368701901960026 ], [ 114.125540938092513, 22.368404722455885 ], [ 114.126562188788284, 22.368158906525149 ], [ 114.130838643474348, 22.368058349844599 ], [ 114.131306682664643, 22.367399334122169 ], [ 114.131327036884841, 22.366432331617251 ], [ 114.130711015028737, 22.365815633252325 ], [ 114.130108416623031, 22.36563835437822 ], [ 114.129660085185094, 22.364081628991844 ], [ 114.128999446860419, 22.363896579933694 ], [ 114.127942543340623, 22.364385990504339 ], [ 114.127101136313456, 22.365721947257963 ], [ 114.127566912047655, 22.366860407286165 ], [ 114.126270628515314, 22.367321016572941 ], [ 114.125958327169229, 22.366659016342563 ], [ 114.125752061585402, 22.36783706641398 ], [ 114.124946989103904, 22.368164474378052 ], [ 114.12543523001537, 22.368701901960026 ] ] ] } },
{ "type": "Feature", "properties": { "codigo_dcca": "S01", "nombre_en": "Kwai Hing", "nombre_zh": "葵興", "codigo": "S", "distrito_en": "Kwai Tsing", "distrito_es": "Kwai Tsing", "region": "Nuevos Territorios", "area_km2_poligono": 0.0886 }, "geometry": { "type": "Polygon", "coordinates": [ [ [ 114.131327036884841, 22.366432331617251 ], [ 114.131306682664643, 22.367399334122162 ], [ 114.131629360920826, 22.367550622868123 ], [ 114.131901462218963, 22.368191821706095 ], [ 114.13222419325254, 22.368093767081888 ], [ 114.133159487421864, 22.369266050475026 ], [ 114.133808936766897, 22.368805206449476 ], [ 114.134083046582134, 22.36850560971261 ], [ 114.132400375793608, 22.363845921883929 ], [ 114.131457895951939, 22.364130636891716 ], [ 114.13184919362682, 22.36526994896661 ], [ 114.131815611248101, 22.36633005577022 ], [ 114.131327036884841, 22.366432331617251 ] ] ] } },
{ "type": "Feature", "properties": { "codigo_dcca": "S12", "nombre_en": "Shek Lei North", "nombre_zh": "石籬北", "codigo": "S", "distrito_en": "Kwai Tsing", "distrito_es": "Kwai Tsing", "region": "Nuevos Territorios", "area_km2_poligono": 0.0909 }, "geometry": { "type": "Polygon", "coordinates": [ [ [ 114.139758638493873, 22.36743259305527 ], [ 114.140347208203707, 22.367008893739964 ], [ 114.141854967962317, 22.368656242579945 ], [ 114.142280739770712, 22.367811285605768 ], [ 114.141794776310093, 22.365957915582463 ], [ 114.139299459867203, 22.364313147368534 ], [ 114.138396423186492, 22.365532383366514 ], [ 114.139054568104882, 22.366039702957739 ], [ 114.138993195430288, 22.36672552206916 ], [ 114.139758638493873, 22.36743259305527 ] ] ] } },
{ "type": "Feature", "properties": { "codigo_dcca": "S13", "nombre_en": "Shek Lei South", "nombre_zh": "石籬南", "codigo": "S", "distrito_en": "Kwai Tsing", "distrito_es": "Kwai Tsing", "region": "Nuevos Territorios", "area_km2_poligono": 0.6581 }, "geometry": { "type": "Polygon", "coordinates": [ [ [ 114.145621127949596, 22.369542737817884 ], [ 114.144979771786993, 22.369235250832368 ], [ 114.1453148772828, 22.368482738452826 ], [ 114.144743048590726, 22.368209154282599 ], [ 114.145403029984422, 22.367351996592703 ], [ 114.144519373715582, 22.367286297001389 ], [ 114.14448089553602, 22.367119450084903 ], [ 114.144625150227952, 22.366510892656237 ], [ 114.145824634228703, 22.364950161577081 ], [ 114.14612760957182, 22.364098711339185 ], [ 114.145336278283807, 22.363122881248373 ], [ 114.14565679343265, 22.362547706592739 ], [ 114.145556166657329, 22.362040134390888 ], [ 114.144619109128399, 22.361918435624705 ], [ 114.143244916097743, 22.360637137190658 ], [ 114.142962335251696, 22.359816960087368 ], [ 114.142189808146426, 22.359623235865307 ], [ 114.141591787654122, 22.358821184268656 ], [ 114.141205881351809, 22.358948006894149 ], [ 114.139938262440054, 22.358623174106896 ], [ 114.139479859883878, 22.358722666936174 ], [ 114.13908945501538, 22.359836214629709 ], [ 114.139157654263173, 22.361045429833204 ], [ 114.137960231478814, 22.359860049990974 ], [ 114.136718569002142, 22.360329191109024 ], [ 114.136986190807917, 22.360538476910182 ], [ 114.137042637613249, 22.361257087512755 ], [ 114.136975988739025, 22.361487205556806 ], [ 114.136172786132789, 22.361575866405133 ], [ 114.135860957259808, 22.363994781678578 ], [ 114.136696788273156, 22.364544084190104 ], [ 114.136787394165239, 22.364813487709853 ], [ 114.137264587796579, 22.364846024698423 ], [ 114.138396025605729, 22.365532898436584 ], [ 114.139299459867203, 22.364313147368545 ], [ 114.141794776310093, 22.365957915582445 ], [ 114.142255226330505, 22.36725007726805 ], [ 114.142121389517726, 22.368284912318884 ], [ 114.142652910979749, 22.368434273146697 ], [ 114.143188935887309, 22.369080348893416 ], [ 114.143649531368212, 22.368791051350371 ], [ 114.144041670454456, 22.368848159119601 ], [ 114.144775484402928, 22.369749445438099 ], [ 114.145621127949596, 22.369542737817884 ] ] ] } },
{ "type": "Feature", "properties": { "codigo_dcca": "S05", "nombre_en": "Lower Tai Wo Hau", "nombre_zh": "下大窩口", "codigo": "S", "distrito_en": "Kwai Tsing", "distrito_es": "Kwai Tsing", "region": "Nuevos Territorios", "area_km2_poligono": 0.0896 }, "geometry": { "type": "Polygon", "coordinates": [ [ [ 114.126016342843201, 22.369861254118486 ], [ 114.124946989103904, 22.368164474378052 ], [ 114.125752061585402, 22.36783706641398 ], [ 114.125900093182977, 22.367347495341892 ], [ 114.125958327169229, 22.366659016342563 ], [ 114.12552112020083, 22.366181984585225 ], [ 114.125007528398299, 22.366428860409705 ], [ 114.124994248995975, 22.367470366259536 ], [ 114.124051240451436, 22.368019362035383 ], [ 114.122840034876972, 22.368259499937533 ], [ 114.122992608681884, 22.36850028177313 ], [ 114.122523413781281, 22.368755577440123 ], [ 114.123389020372571, 22.370372123176114 ], [ 114.125420025344908, 22.370551408031496 ], [ 114.125456286719171, 22.37021817177304 ], [ 114.125978416527886, 22.370265430912248 ], [ 114.126016342843201, 22.369861254118486 ] ] ] } },
{ "type": "Feature", "properties": { "codigo_dcca": "S07", "nombre_en": "Kwai Chung Estate North", "nombre_zh": "葵涌邨北", "codigo": "S", "distrito_en": "Kwai Tsing", "distrito_es": "Kwai Tsing", "region": "Nuevos Territorios", "area_km2_poligono": 0.2011 }, "geometry": { "type": "Polygon", "coordinates": [ [ [ 114.131036518232989, 22.370586170591071 ], [ 114.133159487421864, 22.369266050475026 ], [ 114.132617025098895, 22.368488021732009 ], [ 114.132307489080929, 22.368400945708338 ], [ 114.13222419325254, 22.368093767081888 ], [ 114.131901462218963, 22.368191821706095 ], [ 114.131629360920826, 22.367550622868123 ], [ 114.131306682664643, 22.367399334122169 ], [ 114.13058021325169, 22.368195730024176 ], [ 114.126562188788284, 22.368158906525149 ], [ 114.125540938092513, 22.368404722455885 ], [ 114.125398859962601, 22.368804134145091 ], [ 114.126016342843201, 22.369861254118486 ], [ 114.125978416527886, 22.370265430912248 ], [ 114.125456286719171, 22.37021817177304 ], [ 114.125420025344908, 22.370551408031496 ], [ 114.130034295438293, 22.370926831753692 ], [ 114.131036518232989, 22.370586170591071 ] ] ] } },
{ "type": "Feature", "properties": { "codigo_dcca": "S09", "nombre_en": "Tai Pak Tin West", "nombre_zh": "大白田西", "codigo": "S", "distrito_en": "Kwai Tsing", "distrito_es": "Kwai Tsing", "region": "Nuevos Territorios", "area_km2_poligono": 0.2193 }, "geometry": { "type": "Polygon", "coordinates": [ [ [ 114.138613363643472, 22.367139392790104 ], [ 114.139134029701836, 22.366322539964798 ], [ 114.138928690433218, 22.365888601608031 ], [ 114.137363705140359, 22.364891111300945 ], [ 114.136787394165239, 22.364813487709853 ], [ 114.136696788273156, 22.364544084190115 ], [ 114.135860957259808, 22.363994781678581 ], [ 114.13507166240116, 22.365906652772374 ], [ 114.134714439202313, 22.367626814867464 ], [ 114.134083046582134, 22.36850560971261 ], [ 114.135933459721514, 22.368964324439652 ], [ 114.137554699978281, 22.370578095511117 ], [ 114.139338986732483, 22.368990100522158 ], [ 114.139077237101176, 22.367703531093685 ], [ 114.138613363643472, 22.367139392790104 ] ] ] } },
{ "type": "Feature", "properties": { "codigo_dcca": "S08", "nombre_en": "Shek Yam", "nombre_zh": "石蔭", "codigo": "S", "distrito_en": "Kwai Tsing", "distrito_es": "Kwai Tsing", "region": "Nuevos Territorios", "area_km2_poligono": 0.2684 }, "geometry": { "type": "Polygon", "coordinates": [ [ [ 114.136694425958083, 22.376577507484157 ], [ 114.13700725942563, 22.376546781646422 ], [ 114.137003043710536, 22.376245341536144 ], [ 114.137444350711803, 22.375894739903153 ], [ 114.13742915686953, 22.374404057444604 ], [ 114.139710850046669, 22.373772242952683 ], [ 114.140992324336366, 22.373153118547297 ], [ 114.140682654803328, 22.373071684563719 ], [ 114.140727074388295, 22.372666187396963 ], [ 114.140128352261598, 22.372501263530353 ], [ 114.139746025380134, 22.372097764342744 ], [ 114.140080470152313, 22.371628288954877 ], [ 114.14042840606146, 22.370037710223468 ], [ 114.139796326440873, 22.369771425414513 ], [ 114.139451577290373, 22.370439852861878 ], [ 114.138212639934125, 22.371302538020363 ], [ 114.136214940540029, 22.369146739935282 ], [ 114.135305480350397, 22.368685093832354 ], [ 114.134083046582134, 22.36850560971261 ], [ 114.132779938511106, 22.369506521119238 ], [ 114.133941956602541, 22.37000565296843 ], [ 114.134467446105617, 22.369802495934184 ], [ 114.134680198905656, 22.370933960239505 ], [ 114.136321868195012, 22.372475991075607 ], [ 114.136401594950499, 22.375868240001342 ], [ 114.136694425958083, 22.376577507484157 ] ] ] } },
{ "type": "Feature", "properties": { "codigo_dcca": "S11", "nombre_en": "On Yam", "nombre_zh": "安蔭", "codigo": "S", "distrito_en": "Kwai Tsing", "distrito_es": "Kwai Tsing", "region": "Nuevos Territorios", "area_km2_poligono": 1.2548 }, "geometry": { "type": "Polygon", "coordinates": [ [ [ 114.149009509639811, 22.380280199026149 ], [ 114.149348951843066, 22.379571414907968 ], [ 114.14954256236021, 22.379620600838312 ], [ 114.149822133739676, 22.379258586836844 ], [ 114.149515050237341, 22.378841622922454 ], [ 114.149883952768874, 22.378403523576072 ], [ 114.149871404440759, 22.3779651525481 ], [ 114.149539178428199, 22.377554153603686 ], [ 114.148974404492975, 22.378050664185206 ], [ 114.148485568443775, 22.378118317273714 ], [ 114.148672279350677, 22.37770068793062 ], [ 114.14850035472827, 22.376449911520574 ], [ 114.147367442236501, 22.376255724365986 ], [ 114.146408080056403, 22.375827806717457 ], [ 114.145002102024009, 22.3741952225209 ], [ 114.144998028940307, 22.373575438190894 ], [ 114.145589297936155, 22.372986013103706 ], [ 114.14549255973661, 22.37220832993815 ], [ 114.146048215787005, 22.372060633825086 ], [ 114.146808141675976, 22.3709152802431 ], [ 114.147134424478239, 22.370852632400634 ], [ 114.146166374312727, 22.369701130657489 ], [ 114.145621127949596, 22.369542737817884 ], [ 114.144775484402928, 22.369749445438099 ], [ 114.144041670454456, 22.368848159119601 ], [ 114.143649531368212, 22.368791051350371 ], [ 114.143188935887309, 22.369080348893416 ], [ 114.142652910979749, 22.368434273146697 ], [ 114.142121389517726, 22.368284912318884 ], [ 114.140598848057351, 22.369629767585621 ], [ 114.140080470152299, 22.371628288954845 ], [ 114.13974602538012, 22.372097764342733 ], [ 114.140128352261613, 22.372501263530332 ], [ 114.140727074388323, 22.372666187396945 ], [ 114.140682654803328, 22.373071684563705 ], [ 114.140992324336352, 22.373153118547293 ], [ 114.139710850046654, 22.37377224295264 ], [ 114.137429156869544, 22.374404057444575 ], [ 114.137444350711789, 22.375894739903142 ], [ 114.137003043710536, 22.376245341536134 ], [ 114.137007259425616, 22.376546781646411 ], [ 114.136562511438726, 22.376595436430854 ], [ 114.137466203327548, 22.379086025541476 ], [ 114.1374353212301, 22.37961750964342 ], [ 114.136841144152854, 22.380311106894691 ], [ 114.135994683544396, 22.380425510872787 ], [ 114.136043020379191, 22.380893629340616 ], [ 114.135234613132624, 22.381193507821337 ], [ 114.135042996357626, 22.381533593116384 ], [ 114.13671532409036, 22.381683950232262 ], [ 114.137563397929299, 22.382143468787238 ], [ 114.138534670497378, 22.382007187213627 ], [ 114.143515035179377, 22.384502312119405 ], [ 114.144466869441601, 22.38444508028163 ], [ 114.14458596285948, 22.382783894395601 ], [ 114.143850854524217, 22.382434662295015 ], [ 114.143796347941432, 22.38162261745272 ], [ 114.142875986440686, 22.381590648477999 ], [ 114.14358827036645, 22.381197210039364 ], [ 114.143776650544751, 22.380862613512647 ], [ 114.144396265145389, 22.380714782803199 ], [ 114.144107369452229, 22.38037142017231 ], [ 114.143563598233186, 22.380373621082629 ], [ 114.143813711017899, 22.379190023192528 ], [ 114.144231976050904, 22.379056022747069 ], [ 114.144224673024794, 22.378393677243839 ], [ 114.144408628709442, 22.378357312154996 ], [ 114.144553342070296, 22.378716828333918 ], [ 114.145418971809988, 22.37890830140757 ], [ 114.146369952076981, 22.378135172068237 ], [ 114.146686783808349, 22.378617253898984 ], [ 114.147156524340772, 22.378954287781269 ], [ 114.147533126741266, 22.378924880777362 ], [ 114.149009509639811, 22.380280199026149 ] ] ] } },
{ "type": "Feature", "properties": { "codigo_dcca": "S02", "nombre_en": "Kwai Luen", "nombre_zh": "葵聯", "codigo": "S", "distrito_en": "Kwai Tsing", "distrito_es": "Kwai Tsing", "region": "Nuevos Territorios", "area_km2_poligono": 0.3248 }, "geometry": { "type": "Polygon", "coordinates": [ [ [ 114.131767807053592, 22.365045698888554 ], [ 114.131457895951939, 22.364130636891716 ], [ 114.132400375793608, 22.363845921883929 ], [ 114.131804550512413, 22.362281765994577 ], [ 114.131128324176956, 22.361326524112282 ], [ 114.130688182839592, 22.361295433523438 ], [ 114.130263201972696, 22.361600526215955 ], [ 114.128671306732855, 22.360090038911302 ], [ 114.127721990646037, 22.360955942582692 ], [ 114.127278478411952, 22.360990666254306 ], [ 114.123961184904587, 22.357981071705588 ], [ 114.121544824503673, 22.358920181713074 ], [ 114.121863542292019, 22.35963632229879 ], [ 114.123238084312746, 22.35987393430225 ], [ 114.123422446309746, 22.361090364593277 ], [ 114.124121933926659, 22.361519210590785 ], [ 114.123799335728009, 22.362009554109342 ], [ 114.124198267580823, 22.362649561542074 ], [ 114.125079298978761, 22.363223501811213 ], [ 114.124995821632808, 22.362854523232667 ], [ 114.125742453799859, 22.362688445054697 ], [ 114.126763994403348, 22.363415163049385 ], [ 114.127837845045889, 22.363207662682385 ], [ 114.127958157358691, 22.362488858742019 ], [ 114.129507339165556, 22.362998912603764 ], [ 114.130048870715015, 22.363396233303586 ], [ 114.130355962201094, 22.364580316202222 ], [ 114.13097795840045, 22.364780339474912 ], [ 114.130703608221708, 22.365841169510709 ], [ 114.131327036884841, 22.366432331617251 ], [ 114.131815611248101, 22.36633005577022 ], [ 114.131767807053592, 22.365045698888554 ] ] ] } },
{ "type": "Feature", "properties": { "codigo_dcca": "S10", "nombre_en": "Tai Pak Tin East", "nombre_zh": "大白田東", "codigo": "S", "distrito_en": "Kwai Tsing", "distrito_es": "Kwai Tsing", "region": "Nuevos Territorios", "area_km2_poligono": 0.0854 }, "geometry": { "type": "Polygon", "coordinates": [ [ [ 114.138212639934125, 22.371302538020363 ], [ 114.139451577290373, 22.370439852861878 ], [ 114.139796326440873, 22.369771425414513 ], [ 114.14042840606146, 22.370037710223468 ], [ 114.14070599179577, 22.369516855636704 ], [ 114.141854967962317, 22.368656242579945 ], [ 114.140347208203707, 22.367008893739964 ], [ 114.139758638493873, 22.36743259305527 ], [ 114.138993195430288, 22.36672552206916 ], [ 114.138613363643472, 22.367139392790104 ], [ 114.139077237101176, 22.367703531093685 ], [ 114.139338986732483, 22.368990100522158 ], [ 114.137554699978281, 22.370578095511117 ], [ 114.138212639934125, 22.371302538020363 ] ] ] } },
{ "type": "Feature", "properties": { "codigo_dcca": "C13", "nombre_en": "Wan Tsui", "nombre_zh": "環翠", "codigo": "C", "distrito_en": "Eastern", "distrito_es": "Este", "region": "Isla de Hong Kong", "area_km2_poligono": 2.9173 }, "geometry": { "type": "Polygon", "coordinates": [ [ [ 114.245808526465908, 22.261984045854852 ], [ 114.246736566650839, 22.26101743240892 ], [ 114.246564262993203, 22.25982818721381 ], [ 114.246717855636604, 22.259501265652474 ], [ 114.249410448374761, 22.258119099079472 ], [ 114.250022464182791, 22.256964688392969 ], [ 114.251471037243306, 22.256854388225111 ], [ 114.252572058289687, 22.256134225544763 ], [ 114.25391443386512, 22.255965280881135 ], [ 114.254333042066889, 22.255320852581015 ], [ 114.2615882191118, 22.255316318299474 ], [ 114.261582453409773, 22.245735427959236 ], [ 114.250178744888714, 22.245801117794038 ], [ 114.247381852917556, 22.253391394309112 ], [ 114.244116367174811, 22.253632082697358 ], [ 114.24397757600255, 22.253952177768699 ], [ 114.242896556454809, 22.25453757298262 ], [ 114.242661985158733, 22.255390415514995 ], [ 114.240223079372811, 22.25591827919563 ], [ 114.239559207061134, 22.256260681480086 ], [ 114.238759404240213, 22.256233282197105 ], [ 114.237507264178817, 22.25721821397692 ], [ 114.236950378122145, 22.256899394842474 ], [ 114.23659236904939, 22.257245193490252 ], [ 114.236344003725847, 22.256436128433197 ], [ 114.235784346856008, 22.25680789898567 ], [ 114.23527038269377, 22.256153181107084 ], [ 114.234731080202351, 22.256128982351981 ], [ 114.234450407140088, 22.255237620318788 ], [ 114.23373315110959, 22.254608526164741 ], [ 114.233157532644611, 22.25494870408297 ], [ 114.232041201485515, 22.255005917162304 ], [ 114.231445959125551, 22.255742008951888 ], [ 114.230757559701217, 22.25613429603375 ], [ 114.230492985083956, 22.25579734125159 ], [ 114.230037377608028, 22.256408008979214 ], [ 114.228254294653496, 22.257196246377255 ], [ 114.232049821501477, 22.26107878000149 ], [ 114.233690759479771, 22.261319982711854 ], [ 114.235622289374319, 22.261985378297471 ], [ 114.237094127052544, 22.262835969135853 ], [ 114.23750163785148, 22.263364923444925 ], [ 114.238809664098014, 22.263231110144961 ], [ 114.239487781075411, 22.263469250225345 ], [ 114.240958899946307, 22.261975611135636 ], [ 114.241763360476824, 22.262164375437376 ], [ 114.243535986144991, 22.263146878683362 ], [ 114.244052243217794, 22.263166461075937 ], [ 114.245808526465908, 22.261984045854852 ] ] ] } },
{ "type": "Feature", "properties": { "codigo_dcca": "C35", "nombre_en": "Kai Hiu", "nombre_zh": "佳曉", "codigo": "C", "distrito_en": "Eastern", "distrito_es": "Este", "region": "Isla de Hong Kong", "area_km2_poligono": 0.155 }, "geometry": { "type": "Polygon", "coordinates": [ [ [ 114.250310042292611, 22.262413881955979 ], [ 114.250923535816398, 22.262589457215618 ], [ 114.251859293050273, 22.261088214500756 ], [ 114.250506456630831, 22.260350180264549 ], [ 114.248402640017687, 22.258649546374219 ], [ 114.246717855636618, 22.259501265652503 ], [ 114.246564262993203, 22.25982818721381 ], [ 114.246736566650839, 22.261017432408917 ], [ 114.24580852646595, 22.26198404585487 ], [ 114.247189441491841, 22.263925341963436 ], [ 114.249672803129585, 22.260726231396156 ], [ 114.249889569705417, 22.2608507841896 ], [ 114.25012218977642, 22.260565699055444 ], [ 114.250898103922651, 22.260979971616582 ], [ 114.250310042292611, 22.262413881955979 ] ] ] } },
{ "type": "Feature", "properties": { "codigo_dcca": "C11", "nombre_en": "Siu Sai Wan", "nombre_zh": "小西灣", "codigo": "C", "distrito_en": "Eastern", "distrito_es": "Este", "region": "Isla de Hong Kong", "area_km2_poligono": 0.1168 }, "geometry": { "type": "Polygon", "coordinates": [ [ [ 114.245315018398571, 22.264931700010212 ], [ 114.245330478205219, 22.265387203363936 ], [ 114.245040521257437, 22.265357923655539 ], [ 114.244990120263466, 22.265823023274862 ], [ 114.246609898332053, 22.265753485880012 ], [ 114.247511190558654, 22.265194812429836 ], [ 114.248705432602833, 22.264008356321526 ], [ 114.249458166817377, 22.263845785894883 ], [ 114.24989515180097, 22.263268594537465 ], [ 114.249486428237546, 22.262885553099395 ], [ 114.250310042292611, 22.262413881955979 ], [ 114.250898103922651, 22.260979971616582 ], [ 114.25012218977642, 22.260565699055444 ], [ 114.249889569705417, 22.2608507841896 ], [ 114.249672803129585, 22.260726231396156 ], [ 114.247189441491841, 22.263925341963436 ], [ 114.246795443860208, 22.2633714726154 ], [ 114.245305399150936, 22.264295356176302 ], [ 114.245620371360857, 22.264853804982447 ], [ 114.245315018398571, 22.264931700010212 ] ] ] } },
{ "type": "Feature", "properties": { "codigo_dcca": "C33", "nombre_en": "Tsui Tak", "nombre_zh": "翠德", "codigo": "C", "distrito_en": "Eastern", "distrito_es": "Este", "region": "Isla de Hong Kong", "area_km2_poligono": 0.113 }, "geometry": { "type": "Polygon", "coordinates": [ [ [ 114.234859319730489, 22.266091119863734 ], [ 114.236530678788185, 22.26420343611284 ], [ 114.236940695646311, 22.264464497431259 ], [ 114.237523876181839, 22.265684799300985 ], [ 114.237770031177675, 22.265480939541014 ], [ 114.237535649006617, 22.264142025499464 ], [ 114.239170922633932, 22.265336829647993 ], [ 114.239890116881028, 22.264485368026765 ], [ 114.240318639016664, 22.264821800587065 ], [ 114.240710868712611, 22.264370692211056 ], [ 114.239047030770891, 22.263264613442235 ], [ 114.235806576023677, 22.263506714821823 ], [ 114.233830320017177, 22.265076008476921 ], [ 114.233624987409698, 22.266627184986604 ], [ 114.234364967689459, 22.266683420317829 ], [ 114.234554853888952, 22.265836738514377 ], [ 114.234859319730489, 22.266091119863734 ] ] ] } },
{ "type": "Feature", "properties": { "codigo_dcca": "C34", "nombre_en": "Yue Wan", "nombre_zh": "漁灣", "codigo": "C", "distrito_en": "Eastern", "distrito_es": "Este", "region": "Isla de Hong Kong", "area_km2_poligono": 0.2436 }, "geometry": { "type": "Polygon", "coordinates": [ [ [ 114.244240746724614, 22.264993211531422 ], [ 114.245620371360857, 22.264853804982447 ], [ 114.245305399150936, 22.264295356176302 ], [ 114.246795443860208, 22.2633714726154 ], [ 114.24580852646595, 22.26198404585487 ], [ 114.244291917227571, 22.26309274384619 ], [ 114.243745361371552, 22.263176376995983 ], [ 114.242712803018776, 22.262814453100461 ], [ 114.241763360476824, 22.262164375437376 ], [ 114.240958899946321, 22.261975611135654 ], [ 114.239487781075411, 22.263469250225352 ], [ 114.240710868712611, 22.264370692211052 ], [ 114.240318639016664, 22.264821800587082 ], [ 114.239890116881043, 22.264485368026765 ], [ 114.239150569838174, 22.265451996315562 ], [ 114.242265562574261, 22.267541213160207 ], [ 114.242918990593452, 22.266594238649734 ], [ 114.242871650867812, 22.265680049136684 ], [ 114.244127036594065, 22.265621665503328 ], [ 114.244240746724614, 22.264993211531422 ] ] ] } },
{ "type": "Feature", "properties": { "codigo_dcca": "C14", "nombre_en": "Fei Tsui", "nombre_zh": "翡翠", "codigo": "C", "distrito_en": "Eastern", "distrito_es": "Este", "region": "Isla de Hong Kong", "area_km2_poligono": 1.9909 }, "geometry": { "type": "Polygon", "coordinates": [ [ [ 114.224790770691712, 22.268022604996581 ], [ 114.228996439606064, 22.265981637070894 ], [ 114.230931273726057, 22.264406853201372 ], [ 114.231996979669972, 22.264061027164153 ], [ 114.233101703855894, 22.26435001745854 ], [ 114.233676058268188, 22.263931616991943 ], [ 114.234221370217924, 22.264534736065247 ], [ 114.234481016889262, 22.264337911366454 ], [ 114.23401054389393, 22.263799363087763 ], [ 114.23467398813662, 22.263287541703139 ], [ 114.234284596575208, 22.262436531704495 ], [ 114.234557724874051, 22.261624091343947 ], [ 114.232049821501477, 22.26107878000149 ], [ 114.228254294653496, 22.257196246377255 ], [ 114.222882779041214, 22.256691770261607 ], [ 114.221307355442804, 22.256710974847753 ], [ 114.220011878350618, 22.257382672725022 ], [ 114.218606706979401, 22.257747255693697 ], [ 114.218205882391999, 22.258181904635268 ], [ 114.217762081584013, 22.257633079277554 ], [ 114.217481260728064, 22.257716412476512 ], [ 114.217137305897097, 22.257411008947567 ], [ 114.21694281140816, 22.257768915103995 ], [ 114.215215897763144, 22.259053474159135 ], [ 114.214630105415281, 22.25985743051622 ], [ 114.214015760632705, 22.259769676881714 ], [ 114.213448508946286, 22.260053241993496 ], [ 114.213980210487179, 22.259980532845905 ], [ 114.213498626815536, 22.260492499995525 ], [ 114.213423358625732, 22.261235640795583 ], [ 114.214064987117055, 22.261380753133619 ], [ 114.214506229531395, 22.26198635564252 ], [ 114.214200908800137, 22.262502943597589 ], [ 114.21428012938172, 22.263062762810357 ], [ 114.213852967328904, 22.263029853676393 ], [ 114.213615469473055, 22.263583829972482 ], [ 114.214473383018259, 22.263708003618554 ], [ 114.214866567577815, 22.265381644410489 ], [ 114.21415492099311, 22.265941168124534 ], [ 114.213800080339226, 22.265833071086096 ], [ 114.213068846105955, 22.266159296606762 ], [ 114.212230979996349, 22.265945382663588 ], [ 114.213063822055616, 22.266693569162666 ], [ 114.214973813782848, 22.26716274379951 ], [ 114.215720177621463, 22.268321352778855 ], [ 114.21636825674733, 22.268752102781129 ], [ 114.219561187064159, 22.26748285812123 ], [ 114.224790770691712, 22.268022604996581 ] ] ] } },
{ "type": "Feature", "properties": { "codigo_dcca": "C12", "nombre_en": "King Yee", "nombre_zh": "景怡", "codigo": "C", "distrito_en": "Eastern", "distrito_es": "Este", "region": "Isla de Hong Kong", "area_km2_poligono": 1.7564 }, "geometry": { "type": "Polygon", "coordinates": [ [ [ 114.2615882191118, 22.255316318299474 ], [ 114.254333042066889, 22.255320852581015 ], [ 114.25391443386512, 22.255965280881135 ], [ 114.252572058289687, 22.256134225544763 ], [ 114.251471037243306, 22.256854388225111 ], [ 114.249910005702489, 22.257026716419389 ], [ 114.24946290074692, 22.258071989793198 ], [ 114.248402640017702, 22.258649546374219 ], [ 114.250506456630816, 22.260350180264521 ], [ 114.251859293050273, 22.261088214500734 ], [ 114.250923535816398, 22.262589457215629 ], [ 114.250071863027131, 22.262443203668273 ], [ 114.24948642823756, 22.262885553099412 ], [ 114.251577202429729, 22.264838927735358 ], [ 114.252033336444285, 22.263994252092811 ], [ 114.252885970847586, 22.26404962845044 ], [ 114.253363953186238, 22.264632205999149 ], [ 114.253309656475167, 22.265251020694336 ], [ 114.259001789154013, 22.274395233351083 ], [ 114.261598873162697, 22.273006649592169 ], [ 114.2615882191118, 22.255316318299474 ] ] ] } },
{ "type": "Feature", "properties": { "codigo_dcca": "C31", "nombre_en": "Hing Man", "nombre_zh": "興民", "codigo": "C", "distrito_en": "Eastern", "distrito_es": "Este", "region": "Isla de Hong Kong", "area_km2_poligono": 0.8625 }, "geometry": { "type": "Polygon", "coordinates": [ [ [ 114.226618827161673, 22.273573120834801 ], [ 114.227512602738869, 22.273444013202862 ], [ 114.227981863486676, 22.273670092709313 ], [ 114.228330571016159, 22.273479932620287 ], [ 114.228386212268703, 22.272938753669067 ], [ 114.229090029147173, 22.272672811050882 ], [ 114.229318074635444, 22.272366111023839 ], [ 114.229231626523486, 22.272009762624592 ], [ 114.229660248312385, 22.271662133585949 ], [ 114.230669672510231, 22.27162963493441 ], [ 114.231129252758279, 22.271287292733181 ], [ 114.231542087867524, 22.271305368995208 ], [ 114.231709093637093, 22.270917238731741 ], [ 114.232640841499204, 22.270955454986506 ], [ 114.233043732316276, 22.270492052954612 ], [ 114.233137850184889, 22.26974737132949 ], [ 114.232573467684247, 22.268068560919602 ], [ 114.233513921695049, 22.267992079987135 ], [ 114.233830320017177, 22.265076008476921 ], [ 114.235624604340785, 22.263602081264793 ], [ 114.23750163785148, 22.263364923444925 ], [ 114.23734592457879, 22.263038956875878 ], [ 114.235937491717593, 22.262132833856089 ], [ 114.234557724874051, 22.261624091343947 ], [ 114.234284596575208, 22.262436531704495 ], [ 114.23467398813662, 22.263287541703139 ], [ 114.23401054389393, 22.263799363087763 ], [ 114.234481016889262, 22.264337911366454 ], [ 114.234221370217924, 22.264534736065247 ], [ 114.233676058268188, 22.263931616991943 ], [ 114.233101703855894, 22.26435001745854 ], [ 114.231996979669972, 22.264061027164153 ], [ 114.230931273726057, 22.264406853201372 ], [ 114.228996439606064, 22.265981637070894 ], [ 114.221391073826055, 22.269651907597918 ], [ 114.222198179507188, 22.2703758517656 ], [ 114.222190589579128, 22.272474612089585 ], [ 114.222613800685011, 22.273093282105684 ], [ 114.222805532790176, 22.274861355575617 ], [ 114.223593590186852, 22.273922250783745 ], [ 114.224103653302663, 22.274139100418065 ], [ 114.225350224883599, 22.273686360762888 ], [ 114.226330049261307, 22.273812439874717 ], [ 114.226618827161673, 22.273573120834801 ] ] ] } },
{ "type": "Feature", "properties": { "codigo_dcca": "C32", "nombre_en": "Lok Hong", "nombre_zh": "樂康", "codigo": "C", "distrito_en": "Eastern", "distrito_es": "Este", "region": "Isla de Hong Kong", "area_km2_poligono": 0.6373 }, "geometry": { "type": "Polygon", "coordinates": [ [ [ 114.239431045922615, 22.2736382955907 ], [ 114.239013887960567, 22.271584887697347 ], [ 114.239248258150695, 22.271524599520053 ], [ 114.239082451983393, 22.27032433696834 ], [ 114.237640125346289, 22.267832677723085 ], [ 114.237770031177675, 22.265480939541021 ], [ 114.23752012892966, 22.265683015670284 ], [ 114.236940695646311, 22.264464497431259 ], [ 114.236530678788185, 22.26420343611284 ], [ 114.234859321341901, 22.266091118192818 ], [ 114.23455485388898, 22.265836738514402 ], [ 114.234364967689459, 22.266683420317865 ], [ 114.233624987409684, 22.266627184986589 ], [ 114.233513921695049, 22.267992079987135 ], [ 114.232581689438945, 22.268029184470237 ], [ 114.23312392145499, 22.269636398541007 ], [ 114.233043732316276, 22.270492052954637 ], [ 114.232274690940159, 22.271440851140021 ], [ 114.231855586616902, 22.272512226759293 ], [ 114.231939880687378, 22.272801205860798 ], [ 114.231404059952368, 22.273286269124288 ], [ 114.231719333924701, 22.273613379176602 ], [ 114.232006316897881, 22.273448219840905 ], [ 114.232192788359882, 22.273653576403166 ], [ 114.232508938425426, 22.273441826180758 ], [ 114.234365312199841, 22.273671261811543 ], [ 114.234421862238406, 22.27488502319007 ], [ 114.235898387725939, 22.275179957323708 ], [ 114.237366097759022, 22.276801229315037 ], [ 114.23895031044502, 22.274890009626525 ], [ 114.239431045922615, 22.2736382955907 ] ] ] } },
{ "type": "Feature", "properties": { "codigo_dcca": "C10", "nombre_en": "Yan Lam", "nombre_zh": "欣藍", "codigo": "C", "distrito_en": "Eastern", "distrito_es": "Este", "region": "Isla de Hong Kong", "area_km2_poligono": 0.9625 }, "geometry": { "type": "Polygon", "coordinates": [ [ [ 114.259001789154013, 22.274395233351083 ], [ 114.253309656475167, 22.265251020694336 ], [ 114.253363953186238, 22.264632205999149 ], [ 114.252885970847586, 22.26404962845044 ], [ 114.252033336444285, 22.263994252092811 ], [ 114.251577202429729, 22.264838927735358 ], [ 114.24989515180097, 22.263268594537426 ], [ 114.249458166817362, 22.263845785894901 ], [ 114.248705432602833, 22.264008356321504 ], [ 114.24730139482736, 22.265340640204194 ], [ 114.247567771415419, 22.265711015854787 ], [ 114.247492949289267, 22.267955724366363 ], [ 114.253287217956839, 22.277450399662797 ], [ 114.259001789154013, 22.274395233351083 ] ] ] } },
{ "type": "Feature", "properties": { "codigo_dcca": "C30", "nombre_en": "Upper Yiu Tung", "nombre_zh": "上耀東", "codigo": "C", "distrito_en": "Eastern", "distrito_es": "Este", "region": "Isla de Hong Kong", "area_km2_poligono": 0.3644 }, "geometry": { "type": "Polygon", "coordinates": [ [ [ 114.216542870356676, 22.279400326498685 ], [ 114.217369305819318, 22.278841351550358 ], [ 114.217761795096081, 22.279261746663337 ], [ 114.219826657578196, 22.278923123978625 ], [ 114.220560478282252, 22.27898219607016 ], [ 114.221216757000249, 22.27930373444152 ], [ 114.222588340999607, 22.279287569269698 ], [ 114.223102964565982, 22.278603648428557 ], [ 114.222948916251198, 22.278098655815207 ], [ 114.224681552780339, 22.27584537926187 ], [ 114.225138533354524, 22.275563822096672 ], [ 114.225806568075711, 22.275583254600974 ], [ 114.226262048951654, 22.275874851432999 ], [ 114.226596225349979, 22.275591376889313 ], [ 114.226851371057279, 22.275637995937991 ], [ 114.227326628411774, 22.27606333649836 ], [ 114.227306195309609, 22.276472701760614 ], [ 114.226813898096296, 22.276893474142966 ], [ 114.226871879199976, 22.277099824451618 ], [ 114.227617792716472, 22.27672816267075 ], [ 114.227510678201057, 22.275050510863444 ], [ 114.227824172474385, 22.274764818686414 ], [ 114.227109213873192, 22.274488866537208 ], [ 114.227368659997737, 22.27395212202601 ], [ 114.227271900098316, 22.273591143135807 ], [ 114.226618827161673, 22.273573120834811 ], [ 114.226330049261307, 22.273812439874717 ], [ 114.225350224883599, 22.273686360762913 ], [ 114.224103653302663, 22.2741391004181 ], [ 114.223593590186837, 22.273922250783752 ], [ 114.222805532790176, 22.274861355575634 ], [ 114.222468251268424, 22.27483351894055 ], [ 114.222306803989397, 22.274530586188867 ], [ 114.220940615074582, 22.27451254052594 ], [ 114.220778995531745, 22.273926035065227 ], [ 114.220516084506414, 22.274228054583585 ], [ 114.220624738429578, 22.275603924910374 ], [ 114.220104680408738, 22.275731008060088 ], [ 114.220093006746552, 22.276137823485065 ], [ 114.21970251044813, 22.276329159901415 ], [ 114.219695318790485, 22.276832863823234 ], [ 114.217892616709392, 22.276846415100824 ], [ 114.217665401977143, 22.275947770135332 ], [ 114.217427983544766, 22.276228664541158 ], [ 114.216678224577223, 22.277668668430774 ], [ 114.216542870356676, 22.279400326498685 ] ] ] } },
{ "type": "Feature", "properties": { "codigo_dcca": "C29", "nombre_en": "Lower Yiu Tung", "nombre_zh": "下耀東", "codigo": "C", "distrito_en": "Eastern", "distrito_es": "Este", "region": "Isla de Hong Kong", "area_km2_poligono": 0.185 }, "geometry": { "type": "Polygon", "coordinates": [ [ [ 114.222948916251198, 22.278098655815207 ], [ 114.223102964565982, 22.278603648428557 ], [ 114.222588340999607, 22.279287569269698 ], [ 114.222678750659796, 22.279611155502771 ], [ 114.223584319915688, 22.279631243283777 ], [ 114.224837236355143, 22.279227072739172 ], [ 114.225736310189873, 22.279688423467768 ], [ 114.225548357196331, 22.279992053838718 ], [ 114.226342769658004, 22.280400124686018 ], [ 114.22768962741813, 22.27877645150037 ], [ 114.228138790712364, 22.277909685049803 ], [ 114.228166959314891, 22.277565473369453 ], [ 114.227384096000961, 22.277971357204606 ], [ 114.227103183851057, 22.277543861758627 ], [ 114.228261765960411, 22.276949373190416 ], [ 114.2276775153247, 22.276595411641011 ], [ 114.226871879199976, 22.277099824451618 ], [ 114.226813898096296, 22.276893474142966 ], [ 114.227306195309609, 22.276472701760614 ], [ 114.227277428907399, 22.275912928415501 ], [ 114.226746062557268, 22.275603757061479 ], [ 114.226262048951654, 22.275874851432999 ], [ 114.225806568075711, 22.275583254600974 ], [ 114.225138533354524, 22.275563822096672 ], [ 114.224681552780339, 22.27584537926187 ], [ 114.222948916251198, 22.278098655815207 ] ] ] } },
{ "type": "Feature", "properties": { "codigo_dcca": "C09", "nombre_en": "Tsui Wan", "nombre_zh": "翠灣", "codigo": "C", "distrito_en": "Eastern", "distrito_es": "Este", "region": "Isla de Hong Kong", "area_km2_poligono": 1.4072 }, "geometry": { "type": "Polygon", "coordinates": [ [ [ 114.253287217956853, 22.277450399662797 ], [ 114.247492949289295, 22.267955724366395 ], [ 114.247567771415419, 22.265711015854805 ], [ 114.247405352886048, 22.265415332729397 ], [ 114.246158872096871, 22.265857504374484 ], [ 114.245167428091591, 22.265860787202179 ], [ 114.244990120263466, 22.265823023274862 ], [ 114.245040521257437, 22.265357923655539 ], [ 114.245330478205219, 22.265387203363936 ], [ 114.245315018398571, 22.264931700010212 ], [ 114.244240746724614, 22.264993211531422 ], [ 114.244127036594065, 22.265621665503328 ], [ 114.242871650867812, 22.265680049136684 ], [ 114.242918990593452, 22.266594238649734 ], [ 114.242265562574261, 22.267541213160207 ], [ 114.237535649006659, 22.264142025499474 ], [ 114.237816787424208, 22.265819399809267 ], [ 114.237617313735541, 22.267672545775252 ], [ 114.238198625940825, 22.269058721232117 ], [ 114.239140399434191, 22.270354522255854 ], [ 114.239571432771342, 22.270433248036412 ], [ 114.240319137866805, 22.270120894502625 ], [ 114.241342460830751, 22.272456041552385 ], [ 114.241502970457063, 22.273949085967423 ], [ 114.242335890032493, 22.27407388068934 ], [ 114.242862136846796, 22.274454236814808 ], [ 114.243035013119467, 22.275073587048503 ], [ 114.246630778176325, 22.281008694147829 ], [ 114.253287217956853, 22.277450399662797 ] ] ] } },
{ "type": "Feature", "properties": { "codigo_dcca": "C06", "nombre_en": "Shaukeiwan", "nombre_zh": "筲箕灣", "codigo": "C", "distrito_en": "Eastern", "distrito_es": "Este", "region": "Isla de Hong Kong", "area_km2_poligono": 0.1031 }, "geometry": { "type": "Polygon", "coordinates": [ [ [ 114.228261765960411, 22.276949373190426 ], [ 114.227103183851057, 22.277543861758613 ], [ 114.227384096000947, 22.277971357204606 ], [ 114.228166959314905, 22.27756547336941 ], [ 114.228167002598198, 22.277790390433612 ], [ 114.226952016866377, 22.279687005173706 ], [ 114.229438994253996, 22.279589771199579 ], [ 114.229888071259523, 22.280136348787046 ], [ 114.230554554345474, 22.281928322222925 ], [ 114.230709407158784, 22.280805158050491 ], [ 114.229992649560799, 22.27912635534323 ], [ 114.230063393585795, 22.278865003600767 ], [ 114.230511146641746, 22.278967850596963 ], [ 114.230782169693626, 22.277687523434462 ], [ 114.230294435000388, 22.276821167897776 ], [ 114.229815014589022, 22.277043352331635 ], [ 114.22944405452526, 22.276697825243165 ], [ 114.228261765960411, 22.276949373190426 ] ] ] } },
{ "type": "Feature", "properties": { "codigo_dcca": "C05", "nombre_en": "Aldrich Bay", "nombre_zh": "愛秩序灣", "codigo": "C", "distrito_en": "Eastern", "distrito_es": "Este", "region": "Isla de Hong Kong", "area_km2_poligono": 0.1012 }, "geometry": { "type": "Polygon", "coordinates": [ [ [ 114.22821887102107, 22.279637482490426 ], [ 114.226952016866377, 22.279687005173706 ], [ 114.226043978682313, 22.280710553312744 ], [ 114.224345351278899, 22.281521080171547 ], [ 114.226009513406268, 22.283209936144118 ], [ 114.226230368915751, 22.283002101327668 ], [ 114.228227233632211, 22.283004840812609 ], [ 114.22821887102107, 22.279637482490426 ] ] ] } },
{ "type": "Feature", "properties": { "codigo_dcca": "C08", "nombre_en": "Heng Fa Chuen", "nombre_zh": "杏花邨", "codigo": "C", "distrito_en": "Eastern", "distrito_es": "Este", "region": "Isla de Hong Kong", "area_km2_poligono": 0.7409 }, "geometry": { "type": "Polygon", "coordinates": [ [ [ 114.240978722600445, 22.284044072847987 ], [ 114.246630778176311, 22.2810086941478 ], [ 114.243035013119453, 22.275073587048475 ], [ 114.242862136846796, 22.274454236814808 ], [ 114.242335890032493, 22.274073880689318 ], [ 114.241502970457063, 22.273949085967402 ], [ 114.241342460830708, 22.272456041552356 ], [ 114.240319137866791, 22.270120894502625 ], [ 114.239571432771342, 22.270433248036397 ], [ 114.239082451983393, 22.270324336968311 ], [ 114.239248258150667, 22.271524599520006 ], [ 114.239013887960567, 22.271584887697358 ], [ 114.239450377596327, 22.273232424003627 ], [ 114.239327202968113, 22.274132654830403 ], [ 114.238950310445006, 22.274890009626539 ], [ 114.237177585376699, 22.277067838769451 ], [ 114.236670475274011, 22.278595748376137 ], [ 114.237127643429034, 22.279352825161478 ], [ 114.237694218648514, 22.279522290373361 ], [ 114.238836320605728, 22.280677869750217 ], [ 114.240978722600445, 22.284044072847987 ] ] ] } },
{ "type": "Feature", "properties": { "codigo_dcca": "C28", "nombre_en": "Hing Tung", "nombre_zh": "興東", "codigo": "C", "distrito_en": "Eastern", "distrito_es": "Este", "region": "Isla de Hong Kong", "area_km2_poligono": 0.2298 }, "geometry": { "type": "Polygon", "coordinates": [ [ [ 114.219566489513284, 22.284009770009042 ], [ 114.220014545743751, 22.283428331571844 ], [ 114.219615085613086, 22.283151594259866 ], [ 114.220689636362977, 22.281841630833437 ], [ 114.220556774287601, 22.281393521428466 ], [ 114.22083373289594, 22.281226090871652 ], [ 114.220654926276197, 22.281090788076739 ], [ 114.221044952833452, 22.280602016581817 ], [ 114.221953603157232, 22.281223670316365 ], [ 114.222611203892555, 22.280616392731524 ], [ 114.222057669410802, 22.280221954239206 ], [ 114.222638005741558, 22.279965240198699 ], [ 114.222704990485369, 22.279320813116623 ], [ 114.221216757000249, 22.27930373444152 ], [ 114.220560478282252, 22.27898219607016 ], [ 114.219826657578196, 22.278923123978625 ], [ 114.217761795096081, 22.279261746663337 ], [ 114.217369305819318, 22.278841351550358 ], [ 114.216542870356676, 22.279400326498685 ], [ 114.216663798854611, 22.282405809845532 ], [ 114.218595267377964, 22.284053974869767 ], [ 114.219133764606084, 22.283892981816081 ], [ 114.219566489513284, 22.284009770009042 ] ] ] } },
{ "type": "Feature", "properties": { "codigo_dcca": "C26", "nombre_en": "Kornhill", "nombre_zh": "康怡", "codigo": "C", "distrito_en": "Eastern", "distrito_es": "Este", "region": "Isla de Hong Kong", "area_km2_poligono": 0.1057 }, "geometry": { "type": "Polygon", "coordinates": [ [ [ 114.218595267377964, 22.28405397486976 ], [ 114.216723267797633, 22.282531095289826 ], [ 114.21666668551056, 22.281155246835603 ], [ 114.216324820588738, 22.280370044321291 ], [ 114.213490785611285, 22.279251758860511 ], [ 114.213229752668255, 22.279860843781631 ], [ 114.213597992985058, 22.280389929032925 ], [ 114.213694273649338, 22.281333554477605 ], [ 114.215048490117297, 22.281294861135624 ], [ 114.215116969960633, 22.282804134957377 ], [ 114.217251995835412, 22.284246784762161 ], [ 114.218043450211724, 22.284295685305811 ], [ 114.218595267377964, 22.28405397486976 ] ] ] } },
{ "type": "Feature", "properties": { "codigo_dcca": "C04", "nombre_en": "Sai Wan Ho", "nombre_zh": "西灣河", "codigo": "C", "distrito_en": "Eastern", "distrito_es": "Este", "region": "Isla de Hong Kong", "area_km2_poligono": 0.1904 }, "geometry": { "type": "Polygon", "coordinates": [ [ [ 114.22004569311018, 22.284499094359411 ], [ 114.221953873924562, 22.282067465635706 ], [ 114.22335071859014, 22.282898169610384 ], [ 114.224893808645135, 22.284259765182977 ], [ 114.226009513406268, 22.283209936144118 ], [ 114.224345351278899, 22.281521080171547 ], [ 114.225686247398457, 22.280934169572227 ], [ 114.22634276965799, 22.280400124685993 ], [ 114.225548357196331, 22.279992053838694 ], [ 114.225736310189873, 22.279688423467768 ], [ 114.224837236355143, 22.279227072739172 ], [ 114.223584319915688, 22.279631243283777 ], [ 114.222678750659782, 22.279611155502774 ], [ 114.222638005741544, 22.279965240198706 ], [ 114.222057669410788, 22.280221954239206 ], [ 114.222611203892555, 22.280616392731513 ], [ 114.221953603157218, 22.281223670316358 ], [ 114.221044952833452, 22.280602016581806 ], [ 114.220654926276168, 22.28109078807676 ], [ 114.220833732895954, 22.281226090871669 ], [ 114.220556774287601, 22.281393521428466 ], [ 114.220689636362948, 22.281841630833437 ], [ 114.219615085613071, 22.283151594259866 ], [ 114.220014545743751, 22.283428331571855 ], [ 114.219566489513284, 22.284009770009028 ], [ 114.22004569311018, 22.284499094359411 ] ] ] } },
{ "type": "Feature", "properties": { "codigo_dcca": "C25", "nombre_en": "Nam Fung", "nombre_zh": "南豐", "codigo": "C", "distrito_en": "Eastern", "distrito_es": "Este", "region": "Isla de Hong Kong", "area_km2_poligono": 0.0658 }, "geometry": { "type": "Polygon", "coordinates": [ [ [ 114.215086466462452, 22.283175906239173 ], [ 114.214992071307165, 22.281245774842144 ], [ 114.213338498850518, 22.281475722889109 ], [ 114.213219553093381, 22.280942589895826 ], [ 114.212528553174721, 22.280912201693379 ], [ 114.21256652887304, 22.283114656796986 ], [ 114.212964800356858, 22.283124863558665 ], [ 114.213150885209757, 22.283393871692471 ], [ 114.212871334487602, 22.283797973548321 ], [ 114.212921902595141, 22.284679577792136 ], [ 114.213559303263196, 22.284688465458107 ], [ 114.21384076009673, 22.282826637249084 ], [ 114.214569958666615, 22.282770614900503 ], [ 114.214591451324424, 22.283166368389391 ], [ 114.215086466462452, 22.283175906239173 ] ] ] } },
{ "type": "Feature", "properties": { "codigo_dcca": "C27", "nombre_en": "Kornhill Garden", "nombre_zh": "康山", "codigo": "C", "distrito_en": "Eastern", "distrito_es": "Este", "region": "Isla de Hong Kong", "area_km2_poligono": 0.1104 }, "geometry": { "type": "Polygon", "coordinates": [ [ [ 114.218142542283758, 22.285086553787814 ], [ 114.2194645889073, 22.284860861586335 ], [ 114.22004569311018, 22.284499094359411 ], [ 114.219250208812937, 22.283899724404403 ], [ 114.218043450211724, 22.284295685305811 ], [ 114.217361772348028, 22.284281751089441 ], [ 114.215116969960633, 22.282804134957377 ], [ 114.215086466462452, 22.283175906239173 ], [ 114.214591451324424, 22.283166368389391 ], [ 114.214569958666615, 22.282770614900503 ], [ 114.213825054949794, 22.282844593728729 ], [ 114.213559303263196, 22.284688465458107 ], [ 114.214887524046077, 22.284853537459838 ], [ 114.215345004728661, 22.285581524191286 ], [ 114.215973997322465, 22.28583704894443 ], [ 114.218142542283758, 22.285086553787814 ] ] ] } },
{ "type": "Feature", "properties": { "codigo_dcca": "C15", "nombre_en": "Mount Parker", "nombre_zh": "柏架山", "codigo": "C", "distrito_en": "Eastern", "distrito_es": "Este", "region": "Isla de Hong Kong", "area_km2_poligono": 4.1703 }, "geometry": { "type": "Polygon", "coordinates": [ [ [ 114.213679779434329, 22.285749329612027 ], [ 114.213559303263196, 22.284688465458107 ], [ 114.212921902595141, 22.284679577792136 ], [ 114.212871334487602, 22.283797973548321 ], [ 114.213145655820725, 22.283359348751489 ], [ 114.212964800356858, 22.283124863558665 ], [ 114.21256652887304, 22.283114656796986 ], [ 114.212496729190079, 22.282147707968878 ], [ 114.212528553174721, 22.280912201693379 ], [ 114.213219553093381, 22.280942589895826 ], [ 114.21329818214474, 22.281441027218612 ], [ 114.21369976043168, 22.281461345753172 ], [ 114.213597992985058, 22.280389929032925 ], [ 114.213229752668255, 22.279860843781631 ], [ 114.213490785611285, 22.279251758860511 ], [ 114.216078552202134, 22.280198521948485 ], [ 114.216475272683837, 22.280552318137239 ], [ 114.21666668551056, 22.281155246835603 ], [ 114.216607959426241, 22.27795936387276 ], [ 114.217013358305849, 22.27684962421257 ], [ 114.217665401977143, 22.275947770135307 ], [ 114.217892616709349, 22.276846415100824 ], [ 114.219695318790485, 22.276832863823216 ], [ 114.219702510448116, 22.276329159901387 ], [ 114.220093006746538, 22.276137823485051 ], [ 114.220104680408738, 22.275731008060085 ], [ 114.220624738429578, 22.275603924910374 ], [ 114.220516084506414, 22.274228054583578 ], [ 114.220778995531731, 22.27392603506523 ], [ 114.220940615074582, 22.274512540525933 ], [ 114.222306803989397, 22.274530586188884 ], [ 114.22246825126841, 22.274833518940564 ], [ 114.222805532790176, 22.274861355575617 ], [ 114.222613800685011, 22.273093282105684 ], [ 114.222190589579128, 22.272474612089585 ], [ 114.222198179507188, 22.2703758517656 ], [ 114.221391073826055, 22.269651907597918 ], [ 114.224790770691712, 22.268022604996581 ], [ 114.219561187064159, 22.26748285812123 ], [ 114.21631651127997, 22.268744285796437 ], [ 114.215720177621463, 22.268321352778855 ], [ 114.214973813782848, 22.26716274379951 ], [ 114.214121987638237, 22.266842010316775 ], [ 114.213266385849451, 22.266800491918943 ], [ 114.212240357511476, 22.266004269505082 ], [ 114.213068846105955, 22.266159296606762 ], [ 114.213800080339226, 22.265833071086096 ], [ 114.21415492099311, 22.265941168124534 ], [ 114.214866567577815, 22.265381644410489 ], [ 114.214473383018259, 22.263708003618554 ], [ 114.213615469473055, 22.263583829972482 ], [ 114.213852967328904, 22.263029853676393 ], [ 114.21428012938172, 22.263062762810357 ], [ 114.214200908800137, 22.262502943597589 ], [ 114.214506229531395, 22.26198635564252 ], [ 114.214064987117055, 22.261380753133619 ], [ 114.213415521486837, 22.261206157463057 ], [ 114.213498626815536, 22.260492499995525 ], [ 114.213964910379843, 22.259942752065967 ], [ 114.212037418678335, 22.260395698487674 ], [ 114.211675634254803, 22.260157412244052 ], [ 114.211881261989362, 22.259714486418041 ], [ 114.211396933074738, 22.259109716585989 ], [ 114.211408661244747, 22.258867394380601 ], [ 114.212088259679632, 22.258393797872635 ], [ 114.211269702543106, 22.257677805868536 ], [ 114.210745430414264, 22.258033724219136 ], [ 114.210402316096264, 22.257696238375654 ], [ 114.210651970174993, 22.256605959874211 ], [ 114.212724699394741, 22.255861984572029 ], [ 114.21231789620046, 22.255606623537254 ], [ 114.211626921263559, 22.255565719577476 ], [ 114.21122660185911, 22.254636549415377 ], [ 114.210900009481264, 22.254872318578197 ], [ 114.211357446186398, 22.255784734541656 ], [ 114.210549002682043, 22.256345979450391 ], [ 114.210093385548959, 22.25700227745844 ], [ 114.209425240586128, 22.256912928030491 ], [ 114.208748543416149, 22.257653359955125 ], [ 114.207671031707719, 22.257292431873903 ], [ 114.206860164648376, 22.25765362964545 ], [ 114.206231461906754, 22.257592363219963 ], [ 114.205743788470642, 22.257980001597964 ], [ 114.205075586755925, 22.259309558882975 ], [ 114.20436457432541, 22.259384003275333 ], [ 114.201800786061597, 22.258873164762541 ], [ 114.200408668858117, 22.259234870121219 ], [ 114.199291381021453, 22.258702147189535 ], [ 114.19883553473106, 22.258215113747056 ], [ 114.197718360592802, 22.257896325331497 ], [ 114.197373666138859, 22.259146077388696 ], [ 114.198371746119534, 22.266350073361284 ], [ 114.203139305950216, 22.267502919491296 ], [ 114.20716461697107, 22.270451293603585 ], [ 114.20458103133366, 22.275222753965878 ], [ 114.203278042957592, 22.276959726609245 ], [ 114.205036079745497, 22.278227503987004 ], [ 114.207232283460414, 22.283875689268939 ], [ 114.210754987441717, 22.286322518217911 ], [ 114.211281475048978, 22.285509722825978 ], [ 114.21261915654091, 22.285500926560097 ], [ 114.21271233244164, 22.285735648207268 ], [ 114.213679779434329, 22.285749329612027 ] ] ] } },
{ "type": "Feature", "properties": { "codigo_dcca": "C16", "nombre_en": "Braemar Hill", "nombre_zh": "寶馬山", "codigo": "C", "distrito_en": "Eastern", "distrito_es": "Este", "region": "Isla de Hong Kong", "area_km2_poligono": 1.5973 }, "geometry": { "type": "Polygon", "coordinates": [ [ [ 114.206073415945696, 22.288372153818326 ], [ 114.207444930295665, 22.287860053936445 ], [ 114.20785475442753, 22.287130752827736 ], [ 114.207233051454125, 22.286574556581378 ], [ 114.206788441171469, 22.287228763882318 ], [ 114.20629820982542, 22.287284012706504 ], [ 114.205725797649635, 22.286634253440944 ], [ 114.205333469296491, 22.286501157135316 ], [ 114.207015804683991, 22.283318964027206 ], [ 114.205036079745497, 22.278227503987004 ], [ 114.203278042957592, 22.276959726609245 ], [ 114.202549947442321, 22.277762396394085 ], [ 114.202200006906622, 22.277663114408497 ], [ 114.200726519066038, 22.274370503964359 ], [ 114.197786887154891, 22.273162546485132 ], [ 114.197328964114575, 22.273957717101837 ], [ 114.1953241987773, 22.275835699518112 ], [ 114.195274102826346, 22.276282920681719 ], [ 114.19601657881968, 22.276661561697168 ], [ 114.195181662442835, 22.277770169390454 ], [ 114.195303623877265, 22.278311993962227 ], [ 114.194283075452006, 22.279075755802701 ], [ 114.194813128586901, 22.279206642219279 ], [ 114.194713714794815, 22.279552075126464 ], [ 114.194010650990677, 22.279966693465944 ], [ 114.193453647243487, 22.280716601415463 ], [ 114.193796392957552, 22.281569392191209 ], [ 114.194811139883839, 22.28262473849886 ], [ 114.195223176055094, 22.284549346187855 ], [ 114.194677376472555, 22.284752036452943 ], [ 114.194677447122586, 22.285308549162227 ], [ 114.195678810627342, 22.285808507202816 ], [ 114.195889322889698, 22.286319273179746 ], [ 114.195441181619913, 22.286642170229552 ], [ 114.196056278774506, 22.287554761094885 ], [ 114.196731860224816, 22.288001921575482 ], [ 114.198253057576338, 22.288133575103192 ], [ 114.199387730381417, 22.28775074847173 ], [ 114.200136807270212, 22.288120898423326 ], [ 114.201455942475633, 22.288284943684477 ], [ 114.202166839141398, 22.288795064759576 ], [ 114.203118312656869, 22.2881774442418 ], [ 114.204881348434725, 22.288074425723202 ], [ 114.206073415945696, 22.288372153818326 ] ] ] } },
{ "type": "Feature", "properties": { "codigo_dcca": "C17", "nombre_en": "Fortress Hill", "nombre_zh": "炮台山", "codigo": "C", "distrito_en": "Eastern", "distrito_es": "Este", "region": "Isla de Hong Kong", "area_km2_poligono": 0.1437 }, "geometry": { "type": "Polygon", "coordinates": [ [ [ 114.195728380550051, 22.290238738370455 ], [ 114.196093546446889, 22.288796459104528 ], [ 114.197018854662858, 22.288033755220741 ], [ 114.196152719007713, 22.28765577529386 ], [ 114.19500625408341, 22.286059183927257 ], [ 114.193981912951202, 22.286036149893352 ], [ 114.193449930414104, 22.285227403800299 ], [ 114.193140995641301, 22.283127812892275 ], [ 114.192390784434949, 22.283061285610973 ], [ 114.192928986391593, 22.285345983350261 ], [ 114.192908544315443, 22.28690320032263 ], [ 114.192486430077707, 22.286882922670451 ], [ 114.191945504981462, 22.287416909948846 ], [ 114.192852921614076, 22.288427124544331 ], [ 114.193334430441695, 22.288055131785715 ], [ 114.195237853642681, 22.290077218776474 ], [ 114.195728380550051, 22.290238738370455 ] ] ] } },
{ "type": "Feature", "properties": { "codigo_dcca": "C07", "nombre_en": "A Kung Ngam", "nombre_zh": "阿公岩", "codigo": "C", "distrito_en": "Eastern", "distrito_es": "Este", "region": "Isla de Hong Kong", "area_km2_poligono": 1.7368 }, "geometry": { "type": "Polygon", "coordinates": [ [ [ 114.240978722600445, 22.284044072847987 ], [ 114.238836320605728, 22.280677869750217 ], [ 114.237694218648514, 22.279522290373361 ], [ 114.236906884545846, 22.279076975920539 ], [ 114.236670475274011, 22.278595748376137 ], [ 114.237366097759022, 22.276801229315009 ], [ 114.235898387725939, 22.275179957323676 ], [ 114.234421862238406, 22.274885023190031 ], [ 114.234365312199841, 22.273671261811543 ], [ 114.232508938425411, 22.273441826180758 ], [ 114.232192788359882, 22.273653576403138 ], [ 114.232006316897881, 22.273448219840873 ], [ 114.231719333924687, 22.27361337917662 ], [ 114.231406342319914, 22.273291975723559 ], [ 114.231939880687364, 22.272801205860794 ], [ 114.232054138586875, 22.271907133310048 ], [ 114.232640841499204, 22.270955454986506 ], [ 114.231709093637093, 22.270917238731741 ], [ 114.231542087867524, 22.271305368995208 ], [ 114.231129252758279, 22.271287292733181 ], [ 114.230669672510231, 22.27162963493441 ], [ 114.229660248312385, 22.271662133585949 ], [ 114.229231626523486, 22.272009762624592 ], [ 114.229318074635444, 22.272366111023839 ], [ 114.229090029147173, 22.272672811050882 ], [ 114.228386212268703, 22.272938753669067 ], [ 114.228330571016159, 22.273479932620287 ], [ 114.227981863486676, 22.273670092709313 ], [ 114.227512602738869, 22.273444013202862 ], [ 114.227271900098316, 22.273591143135807 ], [ 114.227368659997737, 22.273952122025992 ], [ 114.227109213873206, 22.274488866537208 ], [ 114.227824172474385, 22.274764818686414 ], [ 114.227510678201057, 22.275050510863409 ], [ 114.227619129243209, 22.276560038836873 ], [ 114.228261765960411, 22.276949373190426 ], [ 114.22944405452526, 22.276697825243165 ], [ 114.229815014589022, 22.277043352331635 ], [ 114.230294435000388, 22.276821167897776 ], [ 114.230782169693626, 22.277687523434462 ], [ 114.230511146641746, 22.278967850596963 ], [ 114.230063393585795, 22.278865003600767 ], [ 114.229992649560799, 22.27912635534323 ], [ 114.230709407158784, 22.280805158050491 ], [ 114.230585569790009, 22.281861196289036 ], [ 114.229536795286378, 22.27967361602817 ], [ 114.22821887102107, 22.279637482490426 ], [ 114.228227233632211, 22.283004840812609 ], [ 114.226230368915751, 22.283002101327668 ], [ 114.224893808645135, 22.284259765182977 ], [ 114.226241955058384, 22.285460163379888 ], [ 114.229273221868297, 22.290351230394748 ], [ 114.240978722600445, 22.284044072847987 ] ] ] } },
{ "type": "Feature", "properties": { "codigo_dcca": "C21", "nombre_en": "Kam Ping", "nombre_zh": "錦屏", "codigo": "C", "distrito_en": "Eastern", "distrito_es": "Este", "region": "Isla de Hong Kong", "area_km2_poligono": 0.0813 }, "geometry": { "type": "Polygon", "coordinates": [ [ [ 114.200974513122603, 22.28820807505879 ], [ 114.200136807270212, 22.288120898423326 ], [ 114.199666991429552, 22.287845025310489 ], [ 114.198713198762817, 22.290852292414453 ], [ 114.20308623041214, 22.291754146466957 ], [ 114.203296513640581, 22.290858382675253 ], [ 114.200612178190823, 22.290305085393904 ], [ 114.200499371112471, 22.290083111026849 ], [ 114.200974513122603, 22.28820807505879 ] ] ] } },
{ "type": "Feature", "properties": { "codigo_dcca": "C20", "nombre_en": "Fort Street", "nombre_zh": "堡壘", "codigo": "C", "distrito_en": "Eastern", "distrito_es": "Este", "region": "Isla de Hong Kong", "area_km2_poligono": 0.1135 }, "geometry": { "type": "Polygon", "coordinates": [ [ [ 114.198982494076787, 22.290912083775542 ], [ 114.198713198762817, 22.290852292414453 ], [ 114.199666991429552, 22.287845025310489 ], [ 114.199301008406138, 22.287755275815584 ], [ 114.198253057576338, 22.288133575103192 ], [ 114.197018854662858, 22.288033755220741 ], [ 114.196093546446889, 22.288796459104528 ], [ 114.195892186919139, 22.289549980392163 ], [ 114.196829253068458, 22.289745723869757 ], [ 114.196463945178181, 22.291593877057011 ], [ 114.19871513919388, 22.292033994597006 ], [ 114.198982494076787, 22.290912083775542 ] ] ] } },
{ "type": "Feature", "properties": { "codigo_dcca": "C22", "nombre_en": "Tanner", "nombre_zh": "丹拿", "codigo": "C", "distrito_en": "Eastern", "distrito_es": "Este", "region": "Isla de Hong Kong", "area_km2_poligono": 0.1403 }, "geometry": { "type": "Polygon", "coordinates": [ [ [ 114.206073415945696, 22.288372153818326 ], [ 114.204881348434725, 22.288074425723202 ], [ 114.203118312656869, 22.2881774442418 ], [ 114.202166839141398, 22.288795064759576 ], [ 114.201533579471274, 22.288321623330027 ], [ 114.200974513122603, 22.28820807505879 ], [ 114.200499371112471, 22.290083111026849 ], [ 114.200612178190823, 22.290305085393904 ], [ 114.203296513640581, 22.290858382675253 ], [ 114.20308623041214, 22.291754146466957 ], [ 114.204458196940209, 22.292035556787191 ], [ 114.204730905287306, 22.290933214013538 ], [ 114.204502104697923, 22.290885725004387 ], [ 114.204685895762381, 22.289990948178072 ], [ 114.205268407780537, 22.288956172103308 ], [ 114.206110085762532, 22.289252795954255 ], [ 114.206073415945696, 22.288372153818326 ] ] ] } },
{ "type": "Feature", "properties": { "codigo_dcca": "C03", "nombre_en": "Lei King Wan", "nombre_zh": "鯉景灣", "codigo": "C", "distrito_en": "Eastern", "distrito_es": "Este", "region": "Isla de Hong Kong", "area_km2_poligono": 0.4701 }, "geometry": { "type": "Polygon", "coordinates": [ [ [ 114.229273221868297, 22.290351230394748 ], [ 114.226241955058384, 22.285460163379888 ], [ 114.22335071859014, 22.282898169610384 ], [ 114.221953873924562, 22.282067465635706 ], [ 114.220622238632103, 22.283779424261155 ], [ 114.221670840737289, 22.284547581552843 ], [ 114.221524215724273, 22.287159334327278 ], [ 114.222520804405477, 22.287950744919168 ], [ 114.225340432593384, 22.292469979242799 ], [ 114.229273221868297, 22.290351230394748 ] ] ] } },
{ "type": "Feature", "properties": { "codigo_dcca": "C02", "nombre_en": "Tai Koo Shing East", "nombre_zh": "太古城東", "codigo": "C", "distrito_en": "Eastern", "distrito_es": "Este", "region": "Isla de Hong Kong", "area_km2_poligono": 0.4745 }, "geometry": { "type": "Polygon", "coordinates": [ [ [ 114.225340432593384, 22.292469979242799 ], [ 114.222520804405477, 22.287950744919168 ], [ 114.221524215724273, 22.287159334327278 ], [ 114.221670840737289, 22.284547581552843 ], [ 114.220622238632103, 22.283779424261155 ], [ 114.219788400203555, 22.284711210905449 ], [ 114.218142542283758, 22.285086553787814 ], [ 114.218152776982052, 22.289600393431687 ], [ 114.22125992251452, 22.29466813905222 ], [ 114.225340432593384, 22.292469979242799 ] ] ] } },
{ "type": "Feature", "properties": { "codigo_dcca": "C01", "nombre_en": "Tai Koo Shing West", "nombre_zh": "太古城西", "codigo": "C", "distrito_en": "Eastern", "distrito_es": "Este", "region": "Isla de Hong Kong", "area_km2_poligono": 0.5389 }, "geometry": { "type": "Polygon", "coordinates": [ [ [ 114.217653953787675, 22.296612197847661 ], [ 114.22125992251452, 22.29466813905222 ], [ 114.218152776982052, 22.289600393431687 ], [ 114.218142542283758, 22.285086553787814 ], [ 114.215973997322465, 22.28583704894443 ], [ 114.215345004728661, 22.285581524191286 ], [ 114.214887524046077, 22.284853537459838 ], [ 114.213559303263196, 22.284688465458107 ], [ 114.213751501083735, 22.288232537669803 ], [ 114.214316793884237, 22.289167746286928 ], [ 114.214098865630902, 22.289722240814729 ], [ 114.213571737233309, 22.290086159765842 ], [ 114.214072768113155, 22.290367575324041 ], [ 114.213980281080865, 22.290593262816127 ], [ 114.217653953787675, 22.296612197847661 ] ] ] } },
{ "type": "Feature", "properties": { "codigo_dcca": "C18", "nombre_en": "City Garden", "nombre_zh": "城市花園", "codigo": "C", "distrito_en": "Eastern", "distrito_es": "Este", "region": "Isla de Hong Kong", "area_km2_poligono": 0.582 }, "geometry": { "type": "Polygon", "coordinates": [ [ [ 114.195445889842276, 22.290173714385162 ], [ 114.193334430441695, 22.288055131785715 ], [ 114.192852921614076, 22.288427124544331 ], [ 114.191492381109654, 22.286700145246044 ], [ 114.191345016992031, 22.286759426519623 ], [ 114.189491465665611, 22.288199443365553 ], [ 114.186327134337503, 22.293867406683656 ], [ 114.192326689579048, 22.296769902991301 ], [ 114.195310320816432, 22.291096226395403 ], [ 114.194835210235169, 22.290625314601655 ], [ 114.195445889842276, 22.290173714385162 ] ] ] } },
{ "type": "Feature", "properties": { "codigo_dcca": "C19", "nombre_en": "Provident", "nombre_zh": "和富", "codigo": "C", "distrito_en": "Eastern", "distrito_es": "Este", "region": "Isla de Hong Kong", "area_km2_poligono": 0.6689 }, "geometry": { "type": "Polygon", "coordinates": [ [ [ 114.201641437901458, 22.291457690664355 ], [ 114.198982494076787, 22.290912083775542 ], [ 114.19871513919388, 22.292033994597006 ], [ 114.196463945178181, 22.291593877057011 ], [ 114.196829253068458, 22.289745723869757 ], [ 114.195892186919139, 22.289549980392163 ], [ 114.195728380550051, 22.290238738370455 ], [ 114.195445889842276, 22.290173714385162 ], [ 114.194835210235169, 22.290625314601655 ], [ 114.195310320816432, 22.291096226395403 ], [ 114.192326689579048, 22.296769902991301 ], [ 114.199542586678291, 22.300260396280603 ], [ 114.200835507791297, 22.300262090336599 ], [ 114.200840215873015, 22.294817979607707 ], [ 114.201641437901458, 22.291457690664355 ] ] ] } },
{ "type": "Feature", "properties": { "codigo_dcca": "C23", "nombre_en": "Healthy Village", "nombre_zh": "健康村", "codigo": "C", "distrito_en": "Eastern", "distrito_es": "Este", "region": "Isla de Hong Kong", "area_km2_poligono": 1.2242 }, "geometry": { "type": "Polygon", "coordinates": [ [ [ 114.210754987441717, 22.286322518217911 ], [ 114.207232283460414, 22.283875689268939 ], [ 114.207015804683991, 22.283318964027206 ], [ 114.205333469296491, 22.286501157135316 ], [ 114.206485218170997, 22.287319053612215 ], [ 114.206856568169968, 22.287169293630125 ], [ 114.207233051454125, 22.286574556581378 ], [ 114.20785475442753, 22.287130752827736 ], [ 114.207699600460231, 22.287612792240058 ], [ 114.207184173758819, 22.288011925836855 ], [ 114.206073415945696, 22.288372153818326 ], [ 114.206110085762532, 22.289252795954255 ], [ 114.205268407780537, 22.288956172103308 ], [ 114.204685895762381, 22.289990948178072 ], [ 114.204502104697923, 22.290885725004387 ], [ 114.204730905287306, 22.290933214013538 ], [ 114.204458196940209, 22.292035556787191 ], [ 114.201641437901458, 22.291457690664355 ], [ 114.200840215873015, 22.294817979607707 ], [ 114.200835507791297, 22.300262090336599 ], [ 114.21021089691834, 22.30027407844732 ], [ 114.210093756666765, 22.292299205199544 ], [ 114.209141649136114, 22.291666404997791 ], [ 114.209330053475284, 22.291205534607528 ], [ 114.209064322969951, 22.290843793672131 ], [ 114.210754987441717, 22.286322518217911 ] ] ] } },
{ "type": "Feature", "properties": { "codigo_dcca": "C24", "nombre_en": "Quarry Bay", "nombre_zh": "鰂魚涌", "codigo": "C", "distrito_en": "Eastern", "distrito_es": "Este", "region": "Isla de Hong Kong", "area_km2_poligono": 0.7931 }, "geometry": { "type": "Polygon", "coordinates": [ [ [ 114.217653953787675, 22.296612197847661 ], [ 114.213980281080865, 22.290593262816127 ], [ 114.214072768113155, 22.290367575324041 ], [ 114.213571737233309, 22.290086159765842 ], [ 114.214098865630902, 22.289722240814729 ], [ 114.214316793884237, 22.289167746286928 ], [ 114.213751501083735, 22.288232537669803 ], [ 114.213694936580524, 22.285749542905634 ], [ 114.21271233244164, 22.285735648207268 ], [ 114.21261915654091, 22.285500926560097 ], [ 114.211281475048978, 22.285509722825978 ], [ 114.210473471195897, 22.286797786615455 ], [ 114.209064322969951, 22.290843793672131 ], [ 114.209330053475284, 22.291205534607528 ], [ 114.209141649136114, 22.291666404997791 ], [ 114.210093756666765, 22.292299205199544 ], [ 114.21021089691834, 22.30027407844732 ], [ 114.210865756929792, 22.300274896936315 ], [ 114.217653953787675, 22.296612197847661 ] ] ] } },
{ "type": "Feature", "properties": { "codigo_dcca": "J22", "nombre_en": "Chun Cheung", "nombre_zh": "俊翔", "codigo": "J", "distrito_en": "Kwun Tong", "distrito_es": "Kwun Tong", "region": "Kowloon", "area_km2_poligono": 0.254 }, "geometry": { "type": "Polygon", "coordinates": [ [ [ 114.243633616204079, 22.300705091999557 ], [ 114.243748758239931, 22.300309783726458 ], [ 114.244386897772657, 22.299746532882168 ], [ 114.244380353777458, 22.299255667644974 ], [ 114.24485638199171, 22.298392819462727 ], [ 114.244770542166734, 22.298124853907094 ], [ 114.245148582451264, 22.297948760760562 ], [ 114.245287097461727, 22.297450210233091 ], [ 114.242534992853436, 22.297392877871314 ], [ 114.242082378269387, 22.297833176549201 ], [ 114.241294978029401, 22.297963133878735 ], [ 114.241334846039294, 22.297734941498092 ], [ 114.24054306052183, 22.296705357987229 ], [ 114.241499979977917, 22.296125003388063 ], [ 114.24073437871391, 22.295262813141903 ], [ 114.240171573797355, 22.295300847687098 ], [ 114.238401251454547, 22.300388020161275 ], [ 114.237896439831118, 22.301292418991697 ], [ 114.238159067134319, 22.301444232868562 ], [ 114.239365029415524, 22.300757211284932 ], [ 114.240063516888583, 22.300871873155611 ], [ 114.240187302272417, 22.300553811881898 ], [ 114.241179088889709, 22.300530962433662 ], [ 114.24232725622322, 22.300945640197476 ], [ 114.24379629239867, 22.302042738064685 ], [ 114.243862785351837, 22.301219895813013 ], [ 114.243633616204079, 22.300705091999557 ] ] ] } },
{ "type": "Feature", "properties": { "codigo_dcca": "J25", "nombre_en": "Yau Lai", "nombre_zh": "油麗", "codigo": "J", "distrito_en": "Kwun Tong", "distrito_es": "Kwun Tong", "region": "Kowloon", "area_km2_poligono": 0.0824 }, "geometry": { "type": "Polygon", "coordinates": [ [ [ 114.236570294722966, 22.301986553932458 ], [ 114.236550222082343, 22.301076368207688 ], [ 114.236129698625433, 22.300610728550875 ], [ 114.233787603437676, 22.29991301544073 ], [ 114.232754517747225, 22.299864546283391 ], [ 114.234797953169902, 22.30179913439191 ], [ 114.235305517991137, 22.302584001272223 ], [ 114.235452790558753, 22.30365896089198 ], [ 114.234913123871237, 22.305119286920892 ], [ 114.237047752068761, 22.302488144310029 ], [ 114.236570294722966, 22.301986553932458 ] ] ] } },
{ "type": "Feature", "properties": { "codigo_dcca": "J21", "nombre_en": "Pak Nga", "nombre_zh": "栢雅", "codigo": "J", "distrito_en": "Kwun Tong", "distrito_es": "Kwun Tong", "region": "Kowloon", "area_km2_poligono": 0.1588 }, "geometry": { "type": "Polygon", "coordinates": [ [ [ 114.241794959904638, 22.300685537808526 ], [ 114.240187302272417, 22.300553811881898 ], [ 114.240063516888583, 22.300871873155611 ], [ 114.239365029415524, 22.300757211284932 ], [ 114.238512566244296, 22.301344039690278 ], [ 114.237896439831118, 22.301292418991697 ], [ 114.235427903570255, 22.30453417128405 ], [ 114.235642123531008, 22.304795981385467 ], [ 114.235585108049804, 22.305193113969185 ], [ 114.236323337667244, 22.304896758397106 ], [ 114.237551750682542, 22.30556477585187 ], [ 114.237827590624647, 22.306267163206154 ], [ 114.237616898125239, 22.30663588063824 ], [ 114.238891817778466, 22.306090725946706 ], [ 114.238311968162392, 22.304888241559009 ], [ 114.238443537109617, 22.303602178912808 ], [ 114.239271821161367, 22.302755739331836 ], [ 114.241196615592642, 22.301992686258611 ], [ 114.241794959904638, 22.300685537808526 ] ] ] } },
{ "type": "Feature", "properties": { "codigo_dcca": "J26", "nombre_en": "Yau Tong West", "nombre_zh": "油塘西", "codigo": "J", "distrito_en": "Kwun Tong", "distrito_es": "Kwun Tong", "region": "Kowloon", "area_km2_poligono": 2.8072 }, "geometry": { "type": "Polygon", "coordinates": [ [ [ 114.231333689750855, 22.307157021083984 ], [ 114.232161572000336, 22.306729918264391 ], [ 114.233490802326472, 22.305387132033754 ], [ 114.234217726019693, 22.305909703480403 ], [ 114.234913123871209, 22.305119286920863 ], [ 114.235409958803203, 22.303905042387477 ], [ 114.23543334333057, 22.303057357770861 ], [ 114.23512357601787, 22.302218670198211 ], [ 114.232754517747225, 22.299864546283377 ], [ 114.23378760343769, 22.299913015440719 ], [ 114.235544381665605, 22.300422943940966 ], [ 114.235804051424566, 22.299758034120913 ], [ 114.236929850595232, 22.300181409614769 ], [ 114.236761205034085, 22.300935961570854 ], [ 114.237312185754661, 22.300974055936354 ], [ 114.238038333888909, 22.299847828845504 ], [ 114.239317409794225, 22.295588277534282 ], [ 114.239296880156346, 22.295380545116128 ], [ 114.238047986683824, 22.295608132056124 ], [ 114.237789748595375, 22.294542616344632 ], [ 114.238077497487126, 22.293737663110932 ], [ 114.238893191454466, 22.294107635693596 ], [ 114.239425534772053, 22.29321223496585 ], [ 114.238869776132233, 22.29276881915434 ], [ 114.239508145470651, 22.292427135136119 ], [ 114.240080980416792, 22.292776253418797 ], [ 114.240408370913258, 22.293725469391191 ], [ 114.24213349451567, 22.293304074624288 ], [ 114.24194361324453, 22.29282597990299 ], [ 114.241485957829951, 22.292722662937361 ], [ 114.241523907258468, 22.292272570723267 ], [ 114.241057878842994, 22.292125719253633 ], [ 114.241210972849629, 22.291749704809273 ], [ 114.241038322594775, 22.291461678318868 ], [ 114.241520372293238, 22.290179391390968 ], [ 114.241070308045494, 22.289213067659748 ], [ 114.241665318212469, 22.287987149534917 ], [ 114.242348054740688, 22.287293522013258 ], [ 114.241923341053678, 22.287020841541086 ], [ 114.241966646288859, 22.28634523394761 ], [ 114.243170370637827, 22.286596502289175 ], [ 114.244227583590501, 22.285634765552008 ], [ 114.244233723643504, 22.28228996231368 ], [ 114.22125992251452, 22.29466813905222 ], [ 114.225362887008899, 22.300979226279704 ], [ 114.227089900013311, 22.302511104992323 ], [ 114.226941135308778, 22.303926220525003 ], [ 114.227482335455861, 22.303971359018082 ], [ 114.229280914984088, 22.30529563191115 ], [ 114.230033634048738, 22.305500453823726 ], [ 114.230406507631045, 22.306028386815747 ], [ 114.230494445816063, 22.306970295121509 ], [ 114.231333689750855, 22.307157021083984 ] ] ] } },
{ "type": "Feature", "properties": { "codigo_dcca": "J20", "nombre_en": "Ping Tin", "nombre_zh": "平田", "codigo": "J", "distrito_en": "Kwun Tong", "distrito_es": "Kwun Tong", "region": "Kowloon", "area_km2_poligono": 0.133 }, "geometry": { "type": "Polygon", "coordinates": [ [ [ 114.234857538069832, 22.308864641923151 ], [ 114.235225547694299, 22.308833444577253 ], [ 114.235617864211875, 22.309139142289308 ], [ 114.235701377908796, 22.30864067066878 ], [ 114.237684643285803, 22.308503429332838 ], [ 114.237544463071089, 22.306666855649638 ], [ 114.237827590624647, 22.306267163206154 ], [ 114.237659953034836, 22.305746837490009 ], [ 114.236599955005289, 22.30495761331527 ], [ 114.235972139989983, 22.304909872826098 ], [ 114.235585108049804, 22.305193113969185 ], [ 114.235642123531008, 22.304795981385467 ], [ 114.235427903570255, 22.30453417128405 ], [ 114.234217726019708, 22.305909703480406 ], [ 114.234958136785721, 22.306763771293863 ], [ 114.235238825068095, 22.306804696508927 ], [ 114.235002825664495, 22.307763894756658 ], [ 114.234778519602528, 22.308068757932837 ], [ 114.234338714126167, 22.307960682667211 ], [ 114.233479537483532, 22.308473589171623 ], [ 114.233464317701049, 22.308901789577138 ], [ 114.234434001720118, 22.309338357701332 ], [ 114.234857538069832, 22.308864641923151 ] ] ] } },
{ "type": "Feature", "properties": { "codigo_dcca": "J27", "nombre_en": "Laguna City", "nombre_zh": "麗港城", "codigo": "J", "distrito_en": "Kwun Tong", "distrito_es": "Kwun Tong", "region": "Kowloon", "area_km2_poligono": 0.9443 }, "geometry": { "type": "Polygon", "coordinates": [ [ [ 114.228694175131977, 22.310747876522456 ], [ 114.232227038164581, 22.308170521229151 ], [ 114.23136572333145, 22.307524149568465 ], [ 114.231333689750855, 22.307157021083984 ], [ 114.230494445816063, 22.306970295121509 ], [ 114.230406507631045, 22.306028386815747 ], [ 114.230033634048738, 22.305500453823726 ], [ 114.229280914984088, 22.30529563191115 ], [ 114.227482335455861, 22.303971359018082 ], [ 114.226941135308778, 22.303926220525003 ], [ 114.227089900013311, 22.302511104992323 ], [ 114.225362887008899, 22.300979226279704 ], [ 114.22125992251452, 22.29466813905222 ], [ 114.219386227385726, 22.295677439841185 ], [ 114.219331577859478, 22.30310545110121 ], [ 114.227256309327146, 22.309191156034231 ], [ 114.228694175131977, 22.310747876522456 ] ] ] } },
{ "type": "Feature", "properties": { "codigo_dcca": "J28", "nombre_en": "King Tin", "nombre_zh": "景田", "codigo": "J", "distrito_en": "Kwun Tong", "distrito_es": "Kwun Tong", "region": "Kowloon", "area_km2_poligono": 0.1684 }, "geometry": { "type": "Polygon", "coordinates": [ [ [ 114.234778519602528, 22.308068757932812 ], [ 114.235238825068095, 22.306804696508934 ], [ 114.234958136785707, 22.306763771293841 ], [ 114.234331479132422, 22.305981844835053 ], [ 114.233490802326472, 22.305387132033754 ], [ 114.232161572000336, 22.306729918264391 ], [ 114.231333689750855, 22.307157021083984 ], [ 114.23136572333145, 22.307524149568465 ], [ 114.232227038164581, 22.308170521229151 ], [ 114.230556120058353, 22.309553488061805 ], [ 114.231875391463419, 22.310996813171421 ], [ 114.235114482934833, 22.312252063746921 ], [ 114.235228250378896, 22.311598433175039 ], [ 114.233992512878899, 22.311326826580373 ], [ 114.233525749697094, 22.310579139265268 ], [ 114.233853699291316, 22.309158935033224 ], [ 114.233464317701049, 22.308901789577135 ], [ 114.233479537483518, 22.308473589171623 ], [ 114.234338714126181, 22.307960682667193 ], [ 114.234778519602528, 22.308068757932812 ] ] ] } },
{ "type": "Feature", "properties": { "codigo_dcca": "J19", "nombre_en": "Lam Tin", "nombre_zh": "藍田", "codigo": "J", "distrito_en": "Kwun Tong", "distrito_es": "Kwun Tong", "region": "Kowloon", "area_km2_poligono": 0.1442 }, "geometry": { "type": "Polygon", "coordinates": [ [ [ 114.235701377908796, 22.30864067066878 ], [ 114.235617864211875, 22.309139142289308 ], [ 114.235225547694299, 22.308833444577253 ], [ 114.234857538069832, 22.308864641923151 ], [ 114.234434001720118, 22.309338357701332 ], [ 114.23385369929133, 22.309158935033224 ], [ 114.233577404673241, 22.31082690283516 ], [ 114.234159965929081, 22.311411989251845 ], [ 114.235228250378924, 22.311598433175046 ], [ 114.235114482934847, 22.312252063746925 ], [ 114.236959504721767, 22.313049947978314 ], [ 114.237157596176274, 22.311427373773874 ], [ 114.237763171904518, 22.310167279276918 ], [ 114.237684643285803, 22.308503429332838 ], [ 114.235701377908796, 22.30864067066878 ] ] ] } },
{ "type": "Feature", "properties": { "codigo_dcca": "J18", "nombre_en": "Hing Tin", "nombre_zh": "興田", "codigo": "J", "distrito_en": "Kwun Tong", "distrito_es": "Kwun Tong", "region": "Kowloon", "area_km2_poligono": 0.1021 }, "geometry": { "type": "Polygon", "coordinates": [ [ [ 114.239955752305121, 22.315092632122365 ], [ 114.240634261811422, 22.314272343323307 ], [ 114.240487739881189, 22.313531214670359 ], [ 114.237858863023789, 22.312035250049231 ], [ 114.239242740876506, 22.308685932769702 ], [ 114.23881615667419, 22.308706180409892 ], [ 114.238668748650511, 22.308408172593563 ], [ 114.237684643285789, 22.30850342933282 ], [ 114.23776317190449, 22.310167279276918 ], [ 114.237157596176274, 22.311427373773874 ], [ 114.236959504721767, 22.3130499479783 ], [ 114.23843076473571, 22.31373411379673 ], [ 114.239955752305121, 22.315092632122365 ] ] ] } },
{ "type": "Feature", "properties": { "codigo_dcca": "J17", "nombre_en": "Kwong Tak", "nombre_zh": "廣德", "codigo": "J", "distrito_en": "Kwun Tong", "distrito_es": "Kwun Tong", "region": "Kowloon", "area_km2_poligono": 0.5464 }, "geometry": { "type": "Polygon", "coordinates": [ [ [ 114.241225050787648, 22.315645085436344 ], [ 114.244302479847789, 22.315266319229544 ], [ 114.245575707564612, 22.313597210369959 ], [ 114.244716497418125, 22.313504990630094 ], [ 114.244425766595498, 22.313160468365684 ], [ 114.244497290598829, 22.312926961477423 ], [ 114.243791547989773, 22.312466757131286 ], [ 114.244065592135087, 22.311939916049596 ], [ 114.243538123394501, 22.311394604408729 ], [ 114.243499390325184, 22.310783935070614 ], [ 114.242984516569763, 22.310610767402121 ], [ 114.242634534945665, 22.310783394234772 ], [ 114.242309583394245, 22.310395679528114 ], [ 114.241897200655998, 22.310620147539524 ], [ 114.241856118665467, 22.309217576211481 ], [ 114.241064904381801, 22.309105803645654 ], [ 114.240575909836735, 22.308517345769435 ], [ 114.240023221686556, 22.306585653967886 ], [ 114.240126803791455, 22.306262173429111 ], [ 114.23986386432739, 22.305936993402597 ], [ 114.240203584408064, 22.305539523412357 ], [ 114.239958446302154, 22.3052818764587 ], [ 114.240151726243212, 22.30499176513819 ], [ 114.24061692171361, 22.305007603186098 ], [ 114.240714259023875, 22.304679744825233 ], [ 114.240943116103423, 22.304775126117107 ], [ 114.241470356829524, 22.304415950261472 ], [ 114.241377302583416, 22.303986184581131 ], [ 114.242232468818756, 22.303234983144929 ], [ 114.242166423049994, 22.302871058167653 ], [ 114.243576196252533, 22.302365086264839 ], [ 114.24379629239867, 22.302042738064671 ], [ 114.241794959904638, 22.300685537808508 ], [ 114.241196615592614, 22.301992686258604 ], [ 114.239271821161367, 22.302755739331804 ], [ 114.238586283773358, 22.303376160748794 ], [ 114.238258263080709, 22.304582539726301 ], [ 114.238891817778466, 22.306090725946728 ], [ 114.237544463071089, 22.306666855649635 ], [ 114.237684643285789, 22.30850342933282 ], [ 114.238668748650511, 22.308408172593563 ], [ 114.23881615667419, 22.308706180409892 ], [ 114.239242740876506, 22.308685932769702 ], [ 114.237858863023789, 22.312035250049231 ], [ 114.240487739881189, 22.313531214670359 ], [ 114.240634261811422, 22.314272343323307 ], [ 114.240058420115048, 22.314987683696337 ], [ 114.240265024391334, 22.31494449094782 ], [ 114.241225050787648, 22.315645085436344 ] ] ] } },
{ "type": "Feature", "properties": { "codigo_dcca": "J32", "nombre_en": "Yuet Wah", "nombre_zh": "月華", "codigo": "J", "distrito_en": "Kwun Tong", "distrito_es": "Kwun Tong", "region": "Kowloon", "area_km2_poligono": 0.1075 }, "geometry": { "type": "Polygon", "coordinates": [ [ [ 114.228699016914931, 22.314580470424243 ], [ 114.229131922188827, 22.312952277078399 ], [ 114.227864368805143, 22.311903442599146 ], [ 114.226562491201278, 22.312647544040999 ], [ 114.225719213015793, 22.314664640158554 ], [ 114.225763062681523, 22.315164696256911 ], [ 114.225181072008638, 22.315137526175949 ], [ 114.225090685328013, 22.315539324353981 ], [ 114.225646417423292, 22.315994959304433 ], [ 114.226060243569734, 22.315837132901528 ], [ 114.22642175031207, 22.316655113449102 ], [ 114.227278101652487, 22.31614462065464 ], [ 114.227843849712897, 22.314436261156846 ], [ 114.228699016914931, 22.314580470424243 ] ] ] } },
{ "type": "Feature", "properties": { "codigo_dcca": "J15", "nombre_en": "Sau Mau Ping South", "nombre_zh": "秀茂坪南", "codigo": "J", "distrito_en": "Kwun Tong", "distrito_es": "Kwun Tong", "region": "Kowloon", "area_km2_poligono": 0.1098 }, "geometry": { "type": "Polygon", "coordinates": [ [ [ 114.235306951685203, 22.318002579988885 ], [ 114.236197893439424, 22.31633397919305 ], [ 114.238771350934456, 22.317131238475518 ], [ 114.238967849570315, 22.316554041016698 ], [ 114.237699858274752, 22.316265692905372 ], [ 114.237796443904898, 22.315559093846197 ], [ 114.236648809066267, 22.315709654886827 ], [ 114.236414615280836, 22.314943919498077 ], [ 114.235692613852123, 22.314949691833565 ], [ 114.2341854550899, 22.314412396636854 ], [ 114.233019739877847, 22.315577302686371 ], [ 114.233552887930927, 22.316246595255485 ], [ 114.233415126391904, 22.316571494403 ], [ 114.233938567606373, 22.317166291609691 ], [ 114.234709511478627, 22.317234280750402 ], [ 114.234733429626004, 22.317515277546995 ], [ 114.235306951685203, 22.318002579988885 ] ] ] } },
{ "type": "Feature", "properties": { "codigo_dcca": "J29", "nombre_en": "Tsui Ping", "nombre_zh": "翠屏", "codigo": "J", "distrito_en": "Kwun Tong", "distrito_es": "Kwun Tong", "region": "Kowloon", "area_km2_poligono": 0.3629 }, "geometry": { "type": "Polygon", "coordinates": [ [ [ 114.233043585954817, 22.313799284763128 ], [ 114.235692613852123, 22.314949691833558 ], [ 114.236414615280836, 22.314943919498095 ], [ 114.236648809066267, 22.315709654886792 ], [ 114.2374172906962, 22.315491506480488 ], [ 114.238967300139223, 22.315799089027795 ], [ 114.239955752305121, 22.315092632122365 ], [ 114.238204437553023, 22.313594225347675 ], [ 114.231875391463419, 22.310996813171421 ], [ 114.230556120058353, 22.309553488061805 ], [ 114.228694175131977, 22.310747876522456 ], [ 114.229722527742425, 22.312373567279931 ], [ 114.229683727486687, 22.313281967902775 ], [ 114.230474899436999, 22.313371761260449 ], [ 114.230629243709856, 22.313566364681769 ], [ 114.230531840692549, 22.314256741021651 ], [ 114.230228983607489, 22.314324841425861 ], [ 114.23015216094683, 22.314624348402354 ], [ 114.229512724653958, 22.314547074864741 ], [ 114.228948893594406, 22.317574682978375 ], [ 114.229566858774078, 22.317740483554513 ], [ 114.230116697509246, 22.31733732257646 ], [ 114.230860592120152, 22.316029852665718 ], [ 114.231565443766783, 22.315387504802644 ], [ 114.231770757594518, 22.314865891338062 ], [ 114.231635899028376, 22.313651366770824 ], [ 114.232105237020647, 22.313937323916498 ], [ 114.232838873040151, 22.313062233013184 ], [ 114.233043585954817, 22.313799284763128 ] ] ] } },
{ "type": "Feature", "properties": { "codigo_dcca": "J31", "nombre_en": "Po Lok", "nombre_zh": "寶樂", "codigo": "J", "distrito_en": "Kwun Tong", "distrito_es": "Kwun Tong", "region": "Kowloon", "area_km2_poligono": 0.0806 }, "geometry": { "type": "Polygon", "coordinates": [ [ [ 114.228948893594406, 22.317574682978375 ], [ 114.229429830453114, 22.315250765885075 ], [ 114.228554469585305, 22.315156406796341 ], [ 114.228699492524257, 22.314580560578076 ], [ 114.227843849712897, 22.314436261156846 ], [ 114.227278101652487, 22.31614462065464 ], [ 114.22642175031207, 22.316655113449102 ], [ 114.22715078948103, 22.31830522996199 ], [ 114.227589539633513, 22.31813136265351 ], [ 114.228374391493134, 22.318225358339301 ], [ 114.228948893594406, 22.317574682978375 ] ] ] } },
{ "type": "Feature", "properties": { "codigo_dcca": "J37", "nombre_en": "Ting On", "nombre_zh": "定安", "codigo": "J", "distrito_en": "Kwun Tong", "distrito_es": "Kwun Tong", "region": "Kowloon", "area_km2_poligono": 0.0825 }, "geometry": { "type": "Polygon", "coordinates": [ [ [ 114.223161911047654, 22.315070639002258 ], [ 114.222983416350701, 22.314605054226838 ], [ 114.22210152474247, 22.314939994825952 ], [ 114.220648672884394, 22.314839928498678 ], [ 114.217061373066656, 22.317469330661059 ], [ 114.218066056455143, 22.318670391167167 ], [ 114.218371118775408, 22.318622893652236 ], [ 114.21877028972871, 22.317731904713881 ], [ 114.219063280087155, 22.317731268772022 ], [ 114.220095417817404, 22.316685705269872 ], [ 114.219829013505617, 22.316368576445399 ], [ 114.220844938458853, 22.315885735901961 ], [ 114.221337405500876, 22.316034407656986 ], [ 114.221495057066761, 22.315367427648109 ], [ 114.221947897446981, 22.315404129066778 ], [ 114.222045756880917, 22.315846700391024 ], [ 114.223012915910402, 22.31576829511646 ], [ 114.223161911047654, 22.315070639002258 ] ] ] } },
{ "type": "Feature", "properties": { "codigo_dcca": "J01", "nombre_en": "Kwun Tong Central", "nombre_zh": "觀塘中心", "codigo": "J", "distrito_en": "Kwun Tong", "distrito_es": "Kwun Tong", "region": "Kowloon", "area_km2_poligono": 2.0483 }, "geometry": { "type": "Polygon", "coordinates": [ [ [ 114.214716359247021, 22.319674082920347 ], [ 114.214734272259733, 22.319263024196495 ], [ 114.215222620758951, 22.319309209153523 ], [ 114.215812002833061, 22.318390756484444 ], [ 114.220648672884394, 22.314839928498678 ], [ 114.22210152474247, 22.314939994825952 ], [ 114.222983416350701, 22.314605054226838 ], [ 114.223161911047654, 22.315070639002258 ], [ 114.223651460973457, 22.31514612965001 ], [ 114.223727788123298, 22.314831734439259 ], [ 114.225763062681523, 22.315164696256911 ], [ 114.225719213015793, 22.314664640158554 ], [ 114.226562491201278, 22.312647544040999 ], [ 114.227864368805143, 22.311903442599146 ], [ 114.229131922188827, 22.312952277078399 ], [ 114.228554469585305, 22.315156406796341 ], [ 114.229429830453114, 22.315250765885075 ], [ 114.229512724653958, 22.314547074864741 ], [ 114.23015216094683, 22.314624348402354 ], [ 114.230228983607489, 22.314324841425861 ], [ 114.230531840692549, 22.314256741021651 ], [ 114.230605250151498, 22.313486668578545 ], [ 114.229683727486687, 22.313281967902775 ], [ 114.229670913675179, 22.312243760202072 ], [ 114.227849021112846, 22.309676997745989 ], [ 114.219331577859478, 22.30310545110121 ], [ 114.215316296844435, 22.306859709941016 ], [ 114.215448925604576, 22.307808497155197 ], [ 114.215292148460364, 22.308127838566261 ], [ 114.213199754082524, 22.309984986464876 ], [ 114.212850275280715, 22.309379399897235 ], [ 114.211898685119081, 22.309855160048038 ], [ 114.208967753044632, 22.312455027582256 ], [ 114.210491856239173, 22.313879945822755 ], [ 114.209827736310672, 22.314517326549208 ], [ 114.210813791191583, 22.315486521523493 ], [ 114.210567053476325, 22.315731013260205 ], [ 114.210863897451119, 22.316029466658897 ], [ 114.209973780731659, 22.31683564082272 ], [ 114.208594301037749, 22.317283689988376 ], [ 114.207138864155112, 22.319072840168268 ], [ 114.214716359247021, 22.319674082920347 ] ] ] } },
{ "type": "Feature", "properties": { "codigo_dcca": "J36", "nombre_en": "Hong Lok", "nombre_zh": "康樂", "codigo": "J", "distrito_en": "Kwun Tong", "distrito_es": "Kwun Tong", "region": "Kowloon", "area_km2_poligono": 0.1773 }, "geometry": { "type": "Polygon", "coordinates": [ [ [ 114.223560162322528, 22.319818964922785 ], [ 114.222739996456383, 22.31780251423875 ], [ 114.223651460973457, 22.31514612965001 ], [ 114.223238338882126, 22.315057640180338 ], [ 114.223012915910402, 22.31576829511646 ], [ 114.222045756880917, 22.315846700391024 ], [ 114.221947897446981, 22.315404129066778 ], [ 114.221495057066761, 22.315367427648109 ], [ 114.221337405500876, 22.316034407656986 ], [ 114.220844938458853, 22.315885735901961 ], [ 114.219829013505617, 22.316368576445399 ], [ 114.220095417817404, 22.316685705269872 ], [ 114.219063280087155, 22.317731268772022 ], [ 114.21877028972871, 22.317731904713881 ], [ 114.217825106157505, 22.319365157751964 ], [ 114.218771637797374, 22.31909272457251 ], [ 114.219179695149336, 22.319575177272856 ], [ 114.219995566301748, 22.319562960469149 ], [ 114.220428999878052, 22.320167623264656 ], [ 114.221842622361777, 22.319104869068013 ], [ 114.222026578223563, 22.319554089883528 ], [ 114.222800599545039, 22.319461308710686 ], [ 114.223038600949195, 22.320084351915149 ], [ 114.223560162322528, 22.319818964922785 ] ] ] } },
{ "type": "Feature", "properties": { "codigo_dcca": "J33", "nombre_en": "Hip Hong", "nombre_zh": "協康", "codigo": "J", "distrito_en": "Kwun Tong", "distrito_es": "Kwun Tong", "region": "Kowloon", "area_km2_poligono": 0.2044 }, "geometry": { "type": "Polygon", "coordinates": [ [ [ 114.226749151725585, 22.320711672762183 ], [ 114.227492402096942, 22.319177090542993 ], [ 114.226060243569734, 22.315837132901528 ], [ 114.225646417423292, 22.315994959304433 ], [ 114.225090685328013, 22.315539324353981 ], [ 114.225181072008638, 22.315137526175949 ], [ 114.223727788123298, 22.314831734439259 ], [ 114.223361318141258, 22.316400906181254 ], [ 114.222749061776739, 22.317683985120411 ], [ 114.223234532330309, 22.319133013367111 ], [ 114.223997258648609, 22.318739890250885 ], [ 114.224994442533202, 22.320769312965179 ], [ 114.225620606542421, 22.321318745546012 ], [ 114.226421219606678, 22.320565062415579 ], [ 114.226749151725585, 22.320711672762183 ] ] ] } },
{ "type": "Feature", "properties": { "codigo_dcca": "J38", "nombre_en": "Upper Ngau Tau Kok Estate", "nombre_zh": "牛頭角上邨", "codigo": "J", "distrito_en": "Kwun Tong", "distrito_es": "Kwun Tong", "region": "Kowloon", "area_km2_poligono": 0.0794 }, "geometry": { "type": "Polygon", "coordinates": [ [ [ 114.216851356803573, 22.321276906431642 ], [ 114.216905562234217, 22.320722089638128 ], [ 114.217959838589948, 22.319842309181848 ], [ 114.217825106157505, 22.319365157751964 ], [ 114.218080864037205, 22.31875706303914 ], [ 114.217650534737842, 22.317963608485485 ], [ 114.217061373066656, 22.317469330661059 ], [ 114.215661597340869, 22.318520607364249 ], [ 114.215175837396572, 22.319520075543302 ], [ 114.215817852295274, 22.320965033923709 ], [ 114.216251964513475, 22.320786123244233 ], [ 114.216595757724733, 22.321452722681705 ], [ 114.216851356803573, 22.321276906431642 ] ] ] } },
{ "type": "Feature", "properties": { "codigo_dcca": "J30", "nombre_en": "Hiu Lai", "nombre_zh": "曉麗", "codigo": "J", "distrito_en": "Kwun Tong", "distrito_es": "Kwun Tong", "region": "Kowloon", "area_km2_poligono": 0.2099 }, "geometry": { "type": "Polygon", "coordinates": [ [ [ 114.234476006077031, 22.314397338948989 ], [ 114.233043585954817, 22.313799284763128 ], [ 114.232838873040151, 22.313062233013184 ], [ 114.232105237020647, 22.313937323916498 ], [ 114.231588094667188, 22.313689762960539 ], [ 114.231720123709508, 22.315115423868054 ], [ 114.230860592120152, 22.316029852665718 ], [ 114.230281196192919, 22.317195903514737 ], [ 114.229566858774078, 22.317740483554513 ], [ 114.228948893594406, 22.317574682978375 ], [ 114.228374391493134, 22.318225358339301 ], [ 114.227589539633513, 22.31813136265351 ], [ 114.22715078948103, 22.31830522996199 ], [ 114.227483690873427, 22.319351546246171 ], [ 114.226538289483187, 22.321155383365724 ], [ 114.228233265577359, 22.321982336811743 ], [ 114.228994589335585, 22.322120640945069 ], [ 114.229211565869875, 22.321302273161447 ], [ 114.230311304669641, 22.32007725770649 ], [ 114.230438338897898, 22.318811650561372 ], [ 114.230287551392408, 22.318464699819287 ], [ 114.231197435691556, 22.317799899159713 ], [ 114.23185447390938, 22.316438884383778 ], [ 114.234030812965742, 22.314501628400073 ], [ 114.234476006077031, 22.314397338948989 ] ] ] } },
{ "type": "Feature", "properties": { "codigo_dcca": "J34", "nombre_en": "Lok Wah South", "nombre_zh": "樂華南", "codigo": "J", "distrito_en": "Kwun Tong", "distrito_es": "Kwun Tong", "region": "Kowloon", "area_km2_poligono": 0.0944 }, "geometry": { "type": "Polygon", "coordinates": [ [ [ 114.225838611945321, 22.322643503385738 ], [ 114.226749151725585, 22.320711672762183 ], [ 114.226421219606678, 22.320565062415579 ], [ 114.225620606542421, 22.321318745546012 ], [ 114.224994442533202, 22.320769312965179 ], [ 114.223997258648609, 22.318739890250885 ], [ 114.223234532330309, 22.319133013367111 ], [ 114.223560162322528, 22.319818964922785 ], [ 114.223038600949195, 22.320084351915149 ], [ 114.222800599545039, 22.319461308710686 ], [ 114.222026578223563, 22.319554089883528 ], [ 114.221842622361777, 22.319104869068013 ], [ 114.220428999878052, 22.320167623264656 ], [ 114.220453445805148, 22.320593445208736 ], [ 114.221231780899615, 22.320615512398224 ], [ 114.221545277941871, 22.321198441198003 ], [ 114.223782129856417, 22.320286549992446 ], [ 114.224782975047177, 22.322071613835025 ], [ 114.225838611945321, 22.322643503385738 ] ] ] } },
{ "type": "Feature", "properties": { "codigo_dcca": "J35", "nombre_en": "Lok Wah North", "nombre_zh": "樂華北", "codigo": "J", "distrito_en": "Kwun Tong", "distrito_es": "Kwun Tong", "region": "Kowloon", "area_km2_poligono": 0.1966 }, "geometry": { "type": "Polygon", "coordinates": [ [ [ 114.224435241877956, 22.321468960564971 ], [ 114.223782129856417, 22.320286549992446 ], [ 114.221545277941871, 22.321198441198003 ], [ 114.221231780899615, 22.320615512398224 ], [ 114.220453445805148, 22.320593445208736 ], [ 114.220428999878052, 22.320167623264656 ], [ 114.219995566301748, 22.319562960469149 ], [ 114.219179695149336, 22.319575177272856 ], [ 114.218771637797374, 22.31909272457251 ], [ 114.217825106157505, 22.319365157751964 ], [ 114.217871130219848, 22.319990306946544 ], [ 114.216848080034595, 22.320848017373027 ], [ 114.216851356803573, 22.321276906431642 ], [ 114.217356065669691, 22.321248560467321 ], [ 114.218051391992944, 22.321681853529292 ], [ 114.217866117041268, 22.322861710959831 ], [ 114.218500498488453, 22.322349433457713 ], [ 114.219193094377331, 22.322678735021366 ], [ 114.219914921739417, 22.322701021940894 ], [ 114.220248914646817, 22.322678455702757 ], [ 114.220243280532628, 22.322318687563147 ], [ 114.220904755886167, 22.32231850909082 ], [ 114.220769614616728, 22.323303259251915 ], [ 114.220297166406041, 22.323719922489595 ], [ 114.222638136161166, 22.323520605006621 ], [ 114.222939993240516, 22.32275969236316 ], [ 114.223441162852396, 22.322934209667913 ], [ 114.223206811369209, 22.32256746338809 ], [ 114.224435241877956, 22.321468960564971 ] ] ] } },
{ "type": "Feature", "properties": { "codigo_dcca": "J12", "nombre_en": "Sau Mau Ping North", "nombre_zh": "秀茂坪北", "codigo": "J", "distrito_en": "Kwun Tong", "distrito_es": "Kwun Tong", "region": "Kowloon", "area_km2_poligono": 0.241 }, "geometry": { "type": "Polygon", "coordinates": [ [ [ 114.233415126391904, 22.316571494403 ], [ 114.233552887930927, 22.316246595255485 ], [ 114.233019739877847, 22.315577302686371 ], [ 114.231756244164984, 22.316543898351306 ], [ 114.231197435691556, 22.317799899159763 ], [ 114.230287551392422, 22.318464699819277 ], [ 114.230438338897898, 22.318811650561372 ], [ 114.230311304669641, 22.32007725770649 ], [ 114.229211565869875, 22.321302273161447 ], [ 114.228994589335585, 22.322120640945094 ], [ 114.228233265577373, 22.321982336811779 ], [ 114.226538289483202, 22.321155383365724 ], [ 114.225757838684785, 22.3228153076384 ], [ 114.225718710235356, 22.323699016662744 ], [ 114.225380112818286, 22.32433242446513 ], [ 114.22679497784759, 22.323912207741508 ], [ 114.229422387445155, 22.324035547260472 ], [ 114.230082893137123, 22.323684267576954 ], [ 114.231946611459009, 22.321420031848302 ], [ 114.231173170237824, 22.320906439907183 ], [ 114.231508817978309, 22.320214295757761 ], [ 114.231157000821909, 22.319682530262114 ], [ 114.231224784327537, 22.319321392238241 ], [ 114.231802984834005, 22.318917276016659 ], [ 114.23182641549586, 22.318594135413782 ], [ 114.232695404337036, 22.318758195401852 ], [ 114.233107002712259, 22.317650242878972 ], [ 114.233938567606373, 22.317166291609691 ], [ 114.233415126391904, 22.316571494403 ] ] ] } },
{ "type": "Feature", "properties": { "codigo_dcca": "J39", "nombre_en": "Lower Ngau Tau Kok Estate", "nombre_zh": "牛頭角下邨", "codigo": "J", "distrito_en": "Kwun Tong", "distrito_es": "Kwun Tong", "region": "Kowloon", "area_km2_poligono": 0.2202 }, "geometry": { "type": "Polygon", "coordinates": [ [ [ 114.21759006195019, 22.324293138186221 ], [ 114.219498641675273, 22.32557158556757 ], [ 114.220144602090116, 22.324785121105492 ], [ 114.219906212449231, 22.323735315624088 ], [ 114.220702310332172, 22.323423492670965 ], [ 114.220904755886167, 22.32231850909082 ], [ 114.220243280532628, 22.322318687563147 ], [ 114.220248914646817, 22.322678455702757 ], [ 114.219914921739417, 22.322701021940894 ], [ 114.219193094377331, 22.322678735021366 ], [ 114.218500498488453, 22.322349433457713 ], [ 114.217866117041268, 22.322861710959831 ], [ 114.218051391992944, 22.321681853529292 ], [ 114.216974469150756, 22.321175841743809 ], [ 114.216595757724733, 22.321452722681705 ], [ 114.216251964513475, 22.320786123244233 ], [ 114.215817852295274, 22.320965033923709 ], [ 114.215222545321055, 22.319778592303468 ], [ 114.215222620758951, 22.319309209153523 ], [ 114.214734272259733, 22.319263024196495 ], [ 114.214060296203556, 22.326053199409401 ], [ 114.214396329411713, 22.326149568543308 ], [ 114.216298447606007, 22.323204801999761 ], [ 114.217618646973804, 22.324028399013006 ], [ 114.21759006195019, 22.324293138186221 ] ] ] } },
{ "type": "Feature", "properties": { "codigo_dcca": "J40", "nombre_en": "To Tai", "nombre_zh": "淘大", "codigo": "J", "distrito_en": "Kwun Tong", "distrito_es": "Kwun Tong", "region": "Kowloon", "area_km2_poligono": 0.0581 }, "geometry": { "type": "Polygon", "coordinates": [ [ [ 114.216744694775343, 22.325741366692288 ], [ 114.217618646973804, 22.324028399013006 ], [ 114.216298447606007, 22.323204801999761 ], [ 114.214396329411713, 22.326149568543308 ], [ 114.215297062290361, 22.326698507204778 ], [ 114.216744694775343, 22.325741366692288 ] ] ] } },
{ "type": "Feature", "properties": { "codigo_dcca": "J02", "nombre_en": "Kowloon Bay", "nombre_zh": "九龍灣", "codigo": "J", "distrito_en": "Kwun Tong", "distrito_es": "Kwun Tong", "region": "Kowloon", "area_km2_poligono": 0.8049 }, "geometry": { "type": "Polygon", "coordinates": [ [ [ 114.214060296203556, 22.326053199409401 ], [ 114.214716359247021, 22.319674082920347 ], [ 114.207138864155112, 22.319072840168268 ], [ 114.205991075950564, 22.320379072083753 ], [ 114.20554405221101, 22.320366590310602 ], [ 114.205003396183969, 22.320846345073633 ], [ 114.204937987999983, 22.321384507457466 ], [ 114.203574949889912, 22.322657762370891 ], [ 114.202255179439987, 22.322819053347814 ], [ 114.20203903279257, 22.32314786378862 ], [ 114.202151713534278, 22.323638360758235 ], [ 114.201710052812686, 22.323766428709476 ], [ 114.201754692401096, 22.324479404891942 ], [ 114.205055256681618, 22.327752094691519 ], [ 114.205704802886487, 22.327816616698648 ], [ 114.205977712215557, 22.325246472162181 ], [ 114.214060296203556, 22.326053199409401 ] ] ] } },
{ "type": "Feature", "properties": { "codigo_dcca": "J07", "nombre_en": "Jordan Valley", "nombre_zh": "佐敦谷", "codigo": "J", "distrito_en": "Kwun Tong", "distrito_es": "Kwun Tong", "region": "Kowloon", "area_km2_poligono": 0.2033 }, "geometry": { "type": "Polygon", "coordinates": [ [ [ 114.219498641675273, 22.32557158556757 ], [ 114.21759006195019, 22.324293138186221 ], [ 114.216744694775343, 22.325741366692288 ], [ 114.215327343770269, 22.326653238723885 ], [ 114.214885808064949, 22.327841126724387 ], [ 114.215205900958907, 22.328053875026132 ], [ 114.21591787861982, 22.327604677189967 ], [ 114.216285249482226, 22.328287661531416 ], [ 114.216189237493566, 22.329276154391 ], [ 114.216822577399682, 22.329652032794574 ], [ 114.21680441163744, 22.330249184466091 ], [ 114.2177502140417, 22.331411292498174 ], [ 114.218738490082828, 22.331598903120192 ], [ 114.217960279909164, 22.33012366821319 ], [ 114.21841122087298, 22.329390965300952 ], [ 114.218796545163755, 22.329550129334624 ], [ 114.219780482174926, 22.326255957282836 ], [ 114.219360532698289, 22.325774629430327 ], [ 114.219498641675273, 22.32557158556757 ] ] ] } },
{ "type": "Feature", "properties": { "codigo_dcca": "J08", "nombre_en": "Shun Tin", "nombre_zh": "順天", "codigo": "J", "distrito_en": "Kwun Tong", "distrito_es": "Kwun Tong", "region": "Kowloon", "area_km2_poligono": 0.661 }, "geometry": { "type": "Polygon", "coordinates": [ [ [ 114.225887828027297, 22.330238968603886 ], [ 114.22575949605006, 22.329294182880219 ], [ 114.224368372757581, 22.327646813571832 ], [ 114.228823674472935, 22.3257904915836 ], [ 114.229069802883274, 22.325329292717502 ], [ 114.228863005936887, 22.324013431242577 ], [ 114.226602071988879, 22.323930328254111 ], [ 114.22547466136659, 22.324414709921363 ], [ 114.225838611945321, 22.322643503385738 ], [ 114.224877776086814, 22.322159760442677 ], [ 114.224435241877956, 22.321468960564971 ], [ 114.223206811369209, 22.32256746338809 ], [ 114.223441162852396, 22.322934209667913 ], [ 114.222939993240516, 22.32275969236316 ], [ 114.222638136161166, 22.323520605006621 ], [ 114.219906212449231, 22.323735315624088 ], [ 114.220144602090116, 22.324785121105492 ], [ 114.219360532698289, 22.325774629430327 ], [ 114.219780482174926, 22.326255957282836 ], [ 114.218796545163755, 22.329550129334624 ], [ 114.21841122087298, 22.329390965300952 ], [ 114.217960279909164, 22.33012366821319 ], [ 114.218738490082828, 22.331598903120192 ], [ 114.220803219411081, 22.331980954633845 ], [ 114.22105421369649, 22.331287346895625 ], [ 114.222543196693579, 22.330037327263174 ], [ 114.223351879927691, 22.330032581883518 ], [ 114.224839694960281, 22.330800876160328 ], [ 114.225485751478672, 22.33064451769194 ], [ 114.225887828027297, 22.330238968603886 ] ] ] } },
{ "type": "Feature", "properties": { "codigo_dcca": "J10", "nombre_en": "On Lee", "nombre_zh": "安利", "codigo": "J", "distrito_en": "Kwun Tong", "distrito_es": "Kwun Tong", "region": "Kowloon", "area_km2_poligono": 0.2125 }, "geometry": { "type": "Polygon", "coordinates": [ [ [ 114.229399240741898, 22.33186675847066 ], [ 114.228277258803075, 22.327592715209182 ], [ 114.227645451381662, 22.327637001309661 ], [ 114.226610953661222, 22.326743915041231 ], [ 114.224368372757581, 22.327646813571857 ], [ 114.225657522796567, 22.3291406937464 ], [ 114.225916168428981, 22.329730429973029 ], [ 114.225725376085478, 22.33062790155978 ], [ 114.224746271522775, 22.33155170616995 ], [ 114.224998315649543, 22.331854426764675 ], [ 114.225389025257357, 22.332247203546419 ], [ 114.227308000384411, 22.330757429660967 ], [ 114.227429011302775, 22.330910144180237 ], [ 114.227558614393885, 22.33195257562042 ], [ 114.228057641413457, 22.332879181689385 ], [ 114.22743053553198, 22.333440403280161 ], [ 114.227381498948517, 22.33374463160953 ], [ 114.226713515232248, 22.334073994057608 ], [ 114.228689600766444, 22.33422202156061 ], [ 114.228890370484876, 22.333855907318384 ], [ 114.228484786266591, 22.332991359400168 ], [ 114.229399240741898, 22.33186675847066 ] ] ] } },
{ "type": "Feature", "properties": { "codigo_dcca": "J03", "nombre_en": "Kai Yip", "nombre_zh": "啟業", "codigo": "J", "distrito_en": "Kwun Tong", "distrito_es": "Kwun Tong", "region": "Kowloon", "area_km2_poligono": 0.501 }, "geometry": { "type": "Polygon", "coordinates": [ [ [ 114.207176891876429, 22.332902497725449 ], [ 114.211931523344845, 22.328699807177077 ], [ 114.212053534975254, 22.329780479542336 ], [ 114.213220910549268, 22.329211165106333 ], [ 114.214365352074722, 22.329895820622202 ], [ 114.216073635383452, 22.329692821395138 ], [ 114.216326263606291, 22.328680499964563 ], [ 114.215967463827781, 22.327654631446833 ], [ 114.215205900958907, 22.328053875026146 ], [ 114.214885808064949, 22.327841126724408 ], [ 114.215297062290333, 22.326698507204796 ], [ 114.21406029620357, 22.326053199409401 ], [ 114.205977712215571, 22.325246472162192 ], [ 114.205704802886487, 22.327816616698673 ], [ 114.205055256681618, 22.327752094691519 ], [ 114.205138378965486, 22.328210513291303 ], [ 114.204818985503351, 22.329106754797078 ], [ 114.206603406527989, 22.329236188306709 ], [ 114.207198519029106, 22.329136741492633 ], [ 114.207237879556118, 22.328778897259948 ], [ 114.208291445662084, 22.328866455402125 ], [ 114.208047992291426, 22.32999360947213 ], [ 114.206539792538024, 22.331177269334102 ], [ 114.205797316767075, 22.331299126925209 ], [ 114.207176891876429, 22.332902497725449 ] ] ] } },
{ "type": "Feature", "properties": { "codigo_dcca": "J06", "nombre_en": "Choi Tak", "nombre_zh": "彩德", "codigo": "J", "distrito_en": "Kwun Tong", "distrito_es": "Kwun Tong", "region": "Kowloon", "area_km2_poligono": 0.2091 }, "geometry": { "type": "Polygon", "coordinates": [ [ [ 114.221444167944355, 22.333068241685158 ], [ 114.22080321941111, 22.331980954633853 ], [ 114.2177502140417, 22.331411292498171 ], [ 114.21680441163744, 22.330249184466091 ], [ 114.216822577399682, 22.329652032794574 ], [ 114.216189237493595, 22.329276154391017 ], [ 114.216073635383452, 22.329692821395138 ], [ 114.214437940064784, 22.329897374297541 ], [ 114.213149912447719, 22.329219107633548 ], [ 114.212053534975254, 22.329780479542336 ], [ 114.211802993194624, 22.330120833203171 ], [ 114.211926569583923, 22.330548729615362 ], [ 114.212725420008226, 22.330948528121837 ], [ 114.212817489594954, 22.331292608937947 ], [ 114.214226158903116, 22.331258046084759 ], [ 114.214011649400987, 22.331847033724653 ], [ 114.212704464299236, 22.332395583823494 ], [ 114.212406528569446, 22.332805267515216 ], [ 114.212768491130049, 22.333138707755076 ], [ 114.213515979539153, 22.332439498483833 ], [ 114.214396236622406, 22.332291981013061 ], [ 114.218900482674613, 22.333170226959247 ], [ 114.221444167944355, 22.333068241685158 ] ] ] } },
{ "type": "Feature", "properties": { "codigo_dcca": "J16", "nombre_en": "Po Tat", "nombre_zh": "寶達", "codigo": "J", "distrito_en": "Kwun Tong", "distrito_es": "Kwun Tong", "region": "Kowloon", "area_km2_poligono": 0.2572 }, "geometry": { "type": "Polygon", "coordinates": [ [ [ 114.237699858274752, 22.316265692905372 ], [ 114.238967849570315, 22.316554041016698 ], [ 114.238771350934456, 22.317131238475518 ], [ 114.236197893439424, 22.31633397919305 ], [ 114.235306951685203, 22.318002579988885 ], [ 114.236240601257663, 22.318470394253161 ], [ 114.237853128021968, 22.318332006642155 ], [ 114.239207748224814, 22.318740338242378 ], [ 114.238929983137126, 22.319452067230561 ], [ 114.240666639208172, 22.319607108491287 ], [ 114.241229188424811, 22.320813715986759 ], [ 114.241748995272843, 22.320726905342582 ], [ 114.242835838659857, 22.321651424554048 ], [ 114.243049758479131, 22.321192339619923 ], [ 114.243018661502177, 22.319960236803013 ], [ 114.242451024747638, 22.318692599705678 ], [ 114.242096459345476, 22.317129980774009 ], [ 114.241590337013363, 22.316512725896786 ], [ 114.242067917670624, 22.315424031780676 ], [ 114.241225050787676, 22.315645085436348 ], [ 114.240156291936827, 22.31494453344369 ], [ 114.238967300139223, 22.315799089027809 ], [ 114.237796443904898, 22.315559093846197 ], [ 114.237699858274752, 22.316265692905372 ] ] ] } },
{ "type": "Feature", "properties": { "codigo_dcca": "J05", "nombre_en": "Ping Shek", "nombre_zh": "坪石", "codigo": "J", "distrito_en": "Kwun Tong", "distrito_es": "Kwun Tong", "region": "Kowloon", "area_km2_poligono": 0.2221 }, "geometry": { "type": "Polygon", "coordinates": [ [ [ 114.211724909236537, 22.334244311834734 ], [ 114.212768491130063, 22.333138707755062 ], [ 114.212406528569431, 22.33280526751523 ], [ 114.212704464299222, 22.33239558382348 ], [ 114.214011649400987, 22.331847033724657 ], [ 114.214226158903088, 22.331258046084741 ], [ 114.212817489594954, 22.331292608937957 ], [ 114.212725420008226, 22.330948528121812 ], [ 114.211926569583923, 22.330548729615387 ], [ 114.21180299319461, 22.330120833203154 ], [ 114.212094148353842, 22.329667037572172 ], [ 114.211931523344845, 22.328699807177067 ], [ 114.207176891876429, 22.33290249772546 ], [ 114.208389900831918, 22.334048020641408 ], [ 114.210563755531524, 22.334433639905974 ], [ 114.211724909236537, 22.334244311834734 ] ] ] } },
{ "type": "Feature", "properties": { "codigo_dcca": "J09", "nombre_en": "Sheung Shun", "nombre_zh": "雙順", "codigo": "J", "distrito_en": "Kwun Tong", "distrito_es": "Kwun Tong", "region": "Kowloon", "area_km2_poligono": 0.277 }, "geometry": { "type": "Polygon", "coordinates": [ [ [ 114.223861765420267, 22.33449748672065 ], [ 114.224931841539771, 22.33414216264746 ], [ 114.228591395885886, 22.334355583560523 ], [ 114.228689600766444, 22.33422202156061 ], [ 114.226713515232248, 22.334073994057608 ], [ 114.227381498948517, 22.33374463160953 ], [ 114.22743053553198, 22.333440403280132 ], [ 114.228057641413457, 22.332879181689368 ], [ 114.227558614393857, 22.33195257562042 ], [ 114.227308000384411, 22.330757429660967 ], [ 114.225389025257357, 22.332247203546437 ], [ 114.224746271522775, 22.331551706169964 ], [ 114.225887828027297, 22.330238968603886 ], [ 114.225485751478672, 22.33064451769194 ], [ 114.224839694960281, 22.330800876160328 ], [ 114.223351879927691, 22.330032581883518 ], [ 114.222739129258755, 22.329986474869241 ], [ 114.22217137132165, 22.330246263880529 ], [ 114.220867463439419, 22.331623217897413 ], [ 114.220884679550196, 22.332353001379079 ], [ 114.221444167944341, 22.333068241685158 ], [ 114.219277236153616, 22.333198349277854 ], [ 114.218284028422261, 22.333049339943457 ], [ 114.218145081985014, 22.333867446393338 ], [ 114.218819356521408, 22.333735787900451 ], [ 114.221539175541764, 22.333909467937435 ], [ 114.223861765420267, 22.33449748672065 ] ] ] } },
{ "type": "Feature", "properties": { "codigo_dcca": "J04", "nombre_en": "Lai Ching", "nombre_zh": "麗晶", "codigo": "J", "distrito_en": "Kwun Tong", "distrito_es": "Kwun Tong", "region": "Kowloon", "area_km2_poligono": 0.1305 }, "geometry": { "type": "Polygon", "coordinates": [ [ [ 114.204647516250844, 22.334960279736361 ], [ 114.207176891876429, 22.33290249772546 ], [ 114.205797316767075, 22.331299126925199 ], [ 114.206539792538024, 22.331177269334088 ], [ 114.208047992291426, 22.329993609472115 ], [ 114.208291445662098, 22.328866455402093 ], [ 114.207237879556118, 22.328778897259923 ], [ 114.20719851902912, 22.329136741492658 ], [ 114.206603406527961, 22.329236188306705 ], [ 114.204818985503366, 22.329106754797078 ], [ 114.204647516250844, 22.334960279736361 ] ] ] } },
{ "type": "Feature", "properties": { "codigo_dcca": "J11", "nombre_en": "Kwun Tong On Tai", "nombre_zh": "觀塘安泰", "codigo": "J", "distrito_en": "Kwun Tong", "distrito_es": "Kwun Tong", "region": "Kowloon", "area_km2_poligono": 0.2106 }, "geometry": { "type": "Polygon", "coordinates": [ [ [ 114.232531070805933, 22.324163917285844 ], [ 114.228863005936915, 22.324013431242598 ], [ 114.229068576139056, 22.325293170771143 ], [ 114.228931619902127, 22.325687174126134 ], [ 114.226610955701133, 22.326743917237359 ], [ 114.227645451381662, 22.327637001309661 ], [ 114.228277258803075, 22.327592715209182 ], [ 114.228456852933789, 22.328651091344469 ], [ 114.228623077194243, 22.328632843763412 ], [ 114.229238003307586, 22.330626803850212 ], [ 114.229666104534758, 22.330072413029782 ], [ 114.230019808939176, 22.33010277555255 ], [ 114.230278478494355, 22.329122872475605 ], [ 114.230775247875556, 22.328878313290769 ], [ 114.231368293992489, 22.327856205171592 ], [ 114.232531070805933, 22.324163917285844 ] ] ] } },
{ "type": "Feature", "properties": { "codigo_dcca": "J13", "nombre_en": "Sau Mau Ping Central", "nombre_zh": "秀茂坪中", "codigo": "J", "distrito_en": "Kwun Tong", "distrito_es": "Kwun Tong", "region": "Kowloon", "area_km2_poligono": 0.1883 }, "geometry": { "type": "Polygon", "coordinates": [ [ [ 114.235306951685203, 22.318002579988885 ], [ 114.234733429626004, 22.317515277546995 ], [ 114.234709514147823, 22.317234280975221 ], [ 114.23399125675607, 22.317157206328734 ], [ 114.233107002712259, 22.317650242878972 ], [ 114.232695402881106, 22.318758195266909 ], [ 114.23182641549586, 22.318594135413782 ], [ 114.231802984834005, 22.318917276016659 ], [ 114.23116460096297, 22.319480350831697 ], [ 114.231508817978309, 22.320214295757761 ], [ 114.231173170237824, 22.320906439907183 ], [ 114.231946611459009, 22.321420031848302 ], [ 114.230082893137123, 22.323684267576954 ], [ 114.229267703642464, 22.324049703143455 ], [ 114.232531070805933, 22.324163917285844 ], [ 114.232651435386529, 22.323667879948033 ], [ 114.232935278597225, 22.32357832497329 ], [ 114.233928403084477, 22.322218305883752 ], [ 114.234435307252539, 22.321981294834895 ], [ 114.234419261590119, 22.321083168993976 ], [ 114.233703749454719, 22.321151124121208 ], [ 114.232705593608387, 22.320600993952176 ], [ 114.235306951685203, 22.318002579988885 ] ] ] } },
{ "type": "Feature", "properties": { "codigo_dcca": "J14", "nombre_en": "On Tat", "nombre_zh": "安達", "codigo": "J", "distrito_en": "Kwun Tong", "distrito_es": "Kwun Tong", "region": "Kowloon", "area_km2_poligono": 0.1768 }, "geometry": { "type": "Polygon", "coordinates": [ [ [ 114.238929983137126, 22.319452067230561 ], [ 114.239207748224814, 22.318740338242378 ], [ 114.237853128021968, 22.318332006642155 ], [ 114.236240601257663, 22.318470394253161 ], [ 114.235306951685203, 22.318002579988885 ], [ 114.232705593608387, 22.320600993952176 ], [ 114.233703749454719, 22.321151124121208 ], [ 114.234419261590119, 22.321083168993976 ], [ 114.234435307252539, 22.321981294834895 ], [ 114.235608016993893, 22.321990523151037 ], [ 114.236334922845316, 22.322226471088168 ], [ 114.237128961058104, 22.321314928123016 ], [ 114.23777788535125, 22.321077632522261 ], [ 114.238475281202398, 22.319805473507738 ], [ 114.238929983137126, 22.319452067230561 ] ] ] } },
{ "type": "Feature", "properties": { "codigo_dcca": "J24", "nombre_en": "Yau Chui", "nombre_zh": "油翠", "codigo": "J", "distrito_en": "Kwun Tong", "distrito_es": "Kwun Tong", "region": "Kowloon", "area_km2_poligono": 0.0906 }, "geometry": { "type": "Polygon", "coordinates": [ [ [ 114.238310973389687, 22.300597447194285 ], [ 114.240171573797355, 22.295300847687098 ], [ 114.239415570476424, 22.295351935541259 ], [ 114.239061481958316, 22.294239048026448 ], [ 114.238077497487126, 22.293737663110907 ], [ 114.237789748595375, 22.294542616344646 ], [ 114.238047986683839, 22.295608132056159 ], [ 114.239296880156331, 22.295380545116156 ], [ 114.239317409794225, 22.295588277534282 ], [ 114.238038333888909, 22.29984782884549 ], [ 114.237223501302992, 22.301012279427862 ], [ 114.236761205034085, 22.300935961570868 ], [ 114.236929850595232, 22.300181409614769 ], [ 114.235804051424594, 22.299758034120931 ], [ 114.235544396164059, 22.300422906818561 ], [ 114.236410323143346, 22.300821727495279 ], [ 114.236591972699188, 22.302094831998375 ], [ 114.237047752068761, 22.302488144310029 ], [ 114.238310973389687, 22.300597447194285 ] ] ] } },
{ "type": "Feature", "properties": { "codigo_dcca": "J23", "nombre_en": "Yau Tong East", "nombre_zh": "油塘東", "codigo": "J", "distrito_en": "Kwun Tong", "distrito_es": "Kwun Tong", "region": "Kowloon", "area_km2_poligono": 0.2042 }, "geometry": { "type": "Polygon", "coordinates": [ [ [ 114.24073437871391, 22.295262813141903 ], [ 114.241499979977917, 22.296125003388063 ], [ 114.24054306052183, 22.296705357987229 ], [ 114.241334846039294, 22.297734941498092 ], [ 114.241294978029401, 22.297963133878735 ], [ 114.242082378269387, 22.297833176549201 ], [ 114.242534992853436, 22.297392877871314 ], [ 114.245287097461727, 22.297450210233091 ], [ 114.245436523881892, 22.296537054864313 ], [ 114.244821776460611, 22.2959074733036 ], [ 114.245429597063605, 22.295249237745338 ], [ 114.245390924909998, 22.294790643228232 ], [ 114.244976813811803, 22.294628374905972 ], [ 114.24413369207987, 22.294797039416885 ], [ 114.244660033930856, 22.295062482971801 ], [ 114.24447981506033, 22.295081314791755 ], [ 114.242644279215924, 22.294211788946438 ], [ 114.242155068496018, 22.294208834921807 ], [ 114.242133494515684, 22.293304074624292 ], [ 114.240408370913258, 22.293725469391173 ], [ 114.240080980416806, 22.292776253418822 ], [ 114.239591370587206, 22.292433279917809 ], [ 114.239294454183423, 22.29249877616169 ], [ 114.238869776132233, 22.292768819154343 ], [ 114.239425534772053, 22.293212234965878 ], [ 114.238893191454466, 22.294107635693614 ], [ 114.239415570476424, 22.295351935541259 ], [ 114.24073437871391, 22.295262813141903 ] ] ] } },
{ "type": "Feature", "properties": { "codigo_dcca": "R14", "nombre_en": "Hin Ka", "nombre_zh": "顯嘉", "codigo": "R", "distrito_en": "Sha Tin", "distrito_es": "Sha Tin", "region": "Nuevos Territorios", "area_km2_poligono": 0.6373 }, "geometry": { "type": "Polygon", "coordinates": [ [ [ 114.17560419007161, 22.359627515297746 ], [ 114.172984206267103, 22.358175325561717 ], [ 114.172528505262079, 22.357421145617316 ], [ 114.172614053939142, 22.356892950852973 ], [ 114.178817831517463, 22.348924338966043 ], [ 114.178537509007739, 22.348743063310383 ], [ 114.177898288257438, 22.349069595828457 ], [ 114.177183456793983, 22.348805436965392 ], [ 114.176885964922363, 22.349326509767582 ], [ 114.176320055036996, 22.349082367739634 ], [ 114.175393715445679, 22.349084935870902 ], [ 114.17428257373048, 22.348028608314372 ], [ 114.173473162227737, 22.348494444142911 ], [ 114.173340754964826, 22.348108357710839 ], [ 114.172886669897977, 22.347946447359273 ], [ 114.173330074732135, 22.347001896757625 ], [ 114.172725114764873, 22.346468212333882 ], [ 114.170906322036956, 22.356097070823154 ], [ 114.170235968383437, 22.35631438323356 ], [ 114.1705643177377, 22.3572413644705 ], [ 114.17044129587687, 22.357762097416906 ], [ 114.170617008667648, 22.357843288917763 ], [ 114.170379274215477, 22.359091112125675 ], [ 114.1705388967424, 22.359273400065515 ], [ 114.170270296202176, 22.35966313890458 ], [ 114.170025832822603, 22.360997925219248 ], [ 114.16998923945377, 22.362403627717619 ], [ 114.170435402468684, 22.36244508714217 ], [ 114.171222970918834, 22.363466434984488 ], [ 114.171915096428378, 22.362952827138965 ], [ 114.171477572698024, 22.362648348390568 ], [ 114.171571220307229, 22.361748927052673 ], [ 114.172953845532632, 22.361395131169783 ], [ 114.174731177441458, 22.361668500617288 ], [ 114.174792224801251, 22.359818232308267 ], [ 114.17560419007161, 22.359627515297746 ] ] ] } },
{ "type": "Feature", "properties": { "codigo_dcca": "R17", "nombre_en": "Keng Hau", "nombre_zh": "徑口", "codigo": "R", "distrito_en": "Sha Tin", "distrito_es": "Sha Tin", "region": "Nuevos Territorios", "area_km2_poligono": 0.4604 }, "geometry": { "type": "Polygon", "coordinates": [ [ [ 114.176155473766386, 22.367399991631508 ], [ 114.17733340416126, 22.364408760430518 ], [ 114.17830595998845, 22.363178135024199 ], [ 114.176259088346157, 22.361021646070018 ], [ 114.176707608497338, 22.360584351759371 ], [ 114.175724442918821, 22.359599277636558 ], [ 114.174792224801251, 22.359818232308267 ], [ 114.174731177441458, 22.361668500617288 ], [ 114.172953845532632, 22.361395131169783 ], [ 114.171571220307229, 22.361748927052673 ], [ 114.171477572698024, 22.362648348390568 ], [ 114.171915096428378, 22.362952827138965 ], [ 114.171222970918834, 22.363466434984488 ], [ 114.170435402468684, 22.36244508714217 ], [ 114.16998923945377, 22.362403627717619 ], [ 114.17001165519055, 22.362847922515336 ], [ 114.170499146933309, 22.364476700492926 ], [ 114.172806420396839, 22.368342225683328 ], [ 114.175275161883945, 22.367351049047109 ], [ 114.176155473766386, 22.367399991631508 ] ] ] } },
{ "type": "Feature", "properties": { "codigo_dcca": "R13", "nombre_en": "Chui Tin", "nombre_zh": "翠田", "codigo": "R", "distrito_en": "Sha Tin", "distrito_es": "Sha Tin", "region": "Nuevos Territorios", "area_km2_poligono": 1.3743 }, "geometry": { "type": "Polygon", "coordinates": [ [ [ 114.180814182427937, 22.349184600519045 ], [ 114.18032997473658, 22.348746908633728 ], [ 114.178997226944148, 22.349087591808221 ], [ 114.178817831517463, 22.348924338966043 ], [ 114.172757535848248, 22.356592200991713 ], [ 114.172528505262079, 22.357421145617316 ], [ 114.173216151019986, 22.358356528920115 ], [ 114.175724442918821, 22.359599277636558 ], [ 114.176707608497338, 22.360584351759371 ], [ 114.176259088346157, 22.361021646070018 ], [ 114.178238897319545, 22.36291844420921 ], [ 114.178291766681227, 22.36329819625885 ], [ 114.177922177444543, 22.363758215152139 ], [ 114.179455192935137, 22.365148323471054 ], [ 114.178270710155175, 22.366360842235551 ], [ 114.178294764035584, 22.366757607917531 ], [ 114.177803634138883, 22.367147893554904 ], [ 114.177912498535207, 22.367667410867597 ], [ 114.178184544966001, 22.367796238520686 ], [ 114.179009074182815, 22.367432072976932 ], [ 114.179317698387379, 22.367689122883935 ], [ 114.179506556411056, 22.367294963850146 ], [ 114.1808073246182, 22.367832642645556 ], [ 114.180676803313986, 22.368580844118434 ], [ 114.181754072810421, 22.368990702118509 ], [ 114.181987593885722, 22.369524399711135 ], [ 114.181655351471505, 22.370230769631995 ], [ 114.182893585466871, 22.37073261820403 ], [ 114.183614913169336, 22.369678337490548 ], [ 114.183628874595755, 22.369062445118505 ], [ 114.183161075045817, 22.368626514785362 ], [ 114.181826512512615, 22.368385798227894 ], [ 114.182091349756206, 22.367735690268482 ], [ 114.18168251136548, 22.367498055317231 ], [ 114.181729290266375, 22.367205970084552 ], [ 114.181294379385875, 22.366802579330436 ], [ 114.181227681881197, 22.366344732671767 ], [ 114.180705995328921, 22.366327172556907 ], [ 114.180881020594043, 22.365222245222057 ], [ 114.181399285186842, 22.364338890705866 ], [ 114.18391580378777, 22.365543312172488 ], [ 114.18556620082245, 22.3634316193694 ], [ 114.18603666917123, 22.363260952117887 ], [ 114.186770569124789, 22.363344585769738 ], [ 114.186552230787072, 22.36219515497632 ], [ 114.186238348009937, 22.361720807903374 ], [ 114.185689127688903, 22.362065462620055 ], [ 114.185150788429624, 22.362083741907384 ], [ 114.185081093399731, 22.362833813643771 ], [ 114.184418509655231, 22.362752760768377 ], [ 114.18398263250694, 22.363271748021287 ], [ 114.183542359943914, 22.363105532577851 ], [ 114.183180539553518, 22.362781197043656 ], [ 114.183069360136486, 22.362300740166251 ], [ 114.182524481805203, 22.362227784387994 ], [ 114.182328308027962, 22.361858839132942 ], [ 114.182905845856538, 22.361041842906751 ], [ 114.181798643594377, 22.360632381399309 ], [ 114.181714880291551, 22.358809368821035 ], [ 114.182801494329368, 22.357149706669379 ], [ 114.182848595526167, 22.356584735479302 ], [ 114.182534907225133, 22.355739378642344 ], [ 114.183074875855311, 22.354262294074928 ], [ 114.182862148586239, 22.353650454868728 ], [ 114.182548705590335, 22.353423627685203 ], [ 114.182562448343901, 22.352845292268533 ], [ 114.181743824648365, 22.351963232336232 ], [ 114.181813678331977, 22.350955799117546 ], [ 114.180947740604239, 22.349977163589717 ], [ 114.180814182427937, 22.349184600519045 ] ] ] } },
{ "type": "Feature", "properties": { "codigo_dcca": "R18", "nombre_en": "Tin Sum", "nombre_zh": "田心", "codigo": "R", "distrito_en": "Sha Tin", "distrito_es": "Sha Tin", "region": "Nuevos Territorios", "area_km2_poligono": 0.1853 }, "geometry": { "type": "Polygon", "coordinates": [ [ [ 114.180070249748184, 22.369873886097192 ], [ 114.1808073246182, 22.367832642645556 ], [ 114.179506556411056, 22.367294963850146 ], [ 114.179317698387379, 22.367689122883935 ], [ 114.179009074182815, 22.367432072976932 ], [ 114.178184544966001, 22.367796238520686 ], [ 114.177912498535207, 22.367667410867597 ], [ 114.177803634138883, 22.367147893554904 ], [ 114.178294764035584, 22.366757607917531 ], [ 114.178270710155175, 22.366360842235551 ], [ 114.179455192935137, 22.365148323471054 ], [ 114.177922177444543, 22.363758215152139 ], [ 114.177265363316039, 22.364545970718044 ], [ 114.176155473766386, 22.367399991631508 ], [ 114.177886638765486, 22.368443053185779 ], [ 114.176996622255487, 22.370270322877101 ], [ 114.178809390819609, 22.371417740005839 ], [ 114.180070249748184, 22.369873886097192 ] ] ] } },
{ "type": "Feature", "properties": { "codigo_dcca": "R12", "nombre_en": "Sun Tin Wai", "nombre_zh": "新田圍", "codigo": "R", "distrito_en": "Sha Tin", "distrito_es": "Sha Tin", "region": "Nuevos Territorios", "area_km2_poligono": 2.1943 }, "geometry": { "type": "Polygon", "coordinates": [ [ [ 114.181473740334141, 22.374185391057964 ], [ 114.184339323308805, 22.374526068771129 ], [ 114.18547876817756, 22.374391475030961 ], [ 114.185521402164127, 22.373269790124223 ], [ 114.18636417544927, 22.372278659520891 ], [ 114.186222689998672, 22.372182935081202 ], [ 114.186574220730733, 22.372093665521074 ], [ 114.186858992817733, 22.37126199894907 ], [ 114.188688454199067, 22.370409049414167 ], [ 114.189866332742398, 22.372073024897499 ], [ 114.190001500947872, 22.371563619475118 ], [ 114.190871092834271, 22.371097381058284 ], [ 114.192226889825832, 22.369722132672955 ], [ 114.19237370515836, 22.36778570006506 ], [ 114.192585146676521, 22.367541665388025 ], [ 114.192159015298941, 22.367454651879893 ], [ 114.192205468910046, 22.366521268773152 ], [ 114.191640296674876, 22.366725032419268 ], [ 114.191288734452485, 22.366535476999296 ], [ 114.191976803500509, 22.365682696094989 ], [ 114.191638983536578, 22.365508600414202 ], [ 114.19103971042361, 22.364030913965781 ], [ 114.190971783256529, 22.362081694654155 ], [ 114.190549046228895, 22.361379696270408 ], [ 114.19024254171552, 22.359197300155177 ], [ 114.189822590186864, 22.358352336737401 ], [ 114.189851900471723, 22.35741021305569 ], [ 114.189426553296656, 22.356613011451238 ], [ 114.191416081469143, 22.353859446489722 ], [ 114.19246517264348, 22.353134122695764 ], [ 114.192654260289856, 22.352695831923725 ], [ 114.191754652459849, 22.352782910082546 ], [ 114.190894402903325, 22.35318056636326 ], [ 114.191249820214907, 22.352200015257552 ], [ 114.190857327511637, 22.352216882681169 ], [ 114.19092917087913, 22.35195112518219 ], [ 114.191301896131932, 22.351738847100432 ], [ 114.191459988692714, 22.351964316908983 ], [ 114.191757036371342, 22.351557291573265 ], [ 114.191399709134444, 22.351112198830069 ], [ 114.191532394731126, 22.35050366259437 ], [ 114.191232001859447, 22.34980159061773 ], [ 114.189590212790435, 22.349923279600755 ], [ 114.188718739984665, 22.35029298479223 ], [ 114.187682363452069, 22.349951792660022 ], [ 114.185407924490647, 22.350426322440082 ], [ 114.184997658818091, 22.350247972019655 ], [ 114.184891882986378, 22.349636500003751 ], [ 114.184214247501345, 22.350130820038402 ], [ 114.183361977661363, 22.350214154526803 ], [ 114.182863402373499, 22.349848508405554 ], [ 114.182393400467291, 22.349971828498351 ], [ 114.181260052559097, 22.349145792879806 ], [ 114.180814182427937, 22.349184600519045 ], [ 114.180947740604239, 22.349977163589717 ], [ 114.181813678331977, 22.350955799117546 ], [ 114.181743824648365, 22.351963232336232 ], [ 114.182562448343901, 22.352845292268533 ], [ 114.182548705590335, 22.353423627685203 ], [ 114.182862148586239, 22.353650454868728 ], [ 114.183074875855311, 22.354262294074928 ], [ 114.182534907225133, 22.355739378642344 ], [ 114.182848595526167, 22.356584735479302 ], [ 114.182801494329368, 22.357149706669379 ], [ 114.181714880291551, 22.358809368821035 ], [ 114.181798643594377, 22.360632381399309 ], [ 114.182905845856538, 22.361041842906751 ], [ 114.182328308027962, 22.361858839132942 ], [ 114.182524481805203, 22.362227784387994 ], [ 114.183069360136486, 22.362300740166251 ], [ 114.183180539553518, 22.362781197043656 ], [ 114.183542359943914, 22.363105532577851 ], [ 114.18398263250694, 22.363271748021287 ], [ 114.184418509655231, 22.362752760768377 ], [ 114.185081093399731, 22.362833813643771 ], [ 114.185150788429624, 22.362083741907384 ], [ 114.185689127688903, 22.362065462620055 ], [ 114.186238348009937, 22.361720807903374 ], [ 114.186552230787072, 22.36219515497632 ], [ 114.186770569124789, 22.363344585769738 ], [ 114.18603666917123, 22.363260952117887 ], [ 114.18556620082245, 22.3634316193694 ], [ 114.18391580378777, 22.365543312172488 ], [ 114.181399285186842, 22.364338890705866 ], [ 114.180881020594043, 22.365222245222057 ], [ 114.180705995328921, 22.366327172556907 ], [ 114.181227681881197, 22.366344732671767 ], [ 114.181294379385875, 22.366802579330436 ], [ 114.181729290266375, 22.367205970084552 ], [ 114.18168251136548, 22.367498055317231 ], [ 114.182091349756206, 22.367735690268482 ], [ 114.181826512512615, 22.368385798227894 ], [ 114.183161075045817, 22.368626514785362 ], [ 114.183677751161653, 22.369248941754403 ], [ 114.183546477373397, 22.369805996035925 ], [ 114.181049323519559, 22.37376107594493 ], [ 114.180753506426981, 22.374788965795457 ], [ 114.181473740334141, 22.374185391057964 ] ] ] } },
{ "type": "Feature", "properties": { "codigo_dcca": "R16", "nombre_en": "Wan Shing", "nombre_zh": "雲城", "codigo": "R", "distrito_en": "Sha Tin", "distrito_es": "Sha Tin", "region": "Nuevos Territorios", "area_km2_poligono": 0.175 }, "geometry": { "type": "Polygon", "coordinates": [ [ [ 114.173905622450249, 22.369929393957488 ], [ 114.17777457531173, 22.372681925256529 ], [ 114.178809390819637, 22.37141774000586 ], [ 114.176996622255501, 22.370270322877126 ], [ 114.177886638765486, 22.368443053185768 ], [ 114.176013359138949, 22.367350873860278 ], [ 114.175160688956112, 22.367385273655579 ], [ 114.172806420396839, 22.36834222568335 ], [ 114.173905622450249, 22.369929393957488 ] ] ] } },
{ "type": "Feature", "properties": { "codigo_dcca": "R19", "nombre_en": "Chui Ka", "nombre_zh": "翠嘉", "codigo": "R", "distrito_en": "Sha Tin", "distrito_es": "Sha Tin", "region": "Nuevos Territorios", "area_km2_poligono": 0.3039 }, "geometry": { "type": "Polygon", "coordinates": [ [ [ 114.180324533823082, 22.375442190159795 ], [ 114.182893585466886, 22.37073261820407 ], [ 114.18165535147152, 22.370230769632009 ], [ 114.181987593885722, 22.369524399711143 ], [ 114.181754072810421, 22.368990702118527 ], [ 114.180676803313972, 22.368580844118465 ], [ 114.180070249748212, 22.369873886097214 ], [ 114.177774573976677, 22.372681925143656 ], [ 114.173905622450249, 22.369929393957488 ], [ 114.174523774564705, 22.371176927280654 ], [ 114.175796665967638, 22.375387029861873 ], [ 114.176601856991539, 22.374176526201705 ], [ 114.177878580347922, 22.374994219715109 ], [ 114.178420252096714, 22.374117522118826 ], [ 114.180324533823082, 22.375442190159795 ] ] ] } },
{ "type": "Feature", "properties": { "codigo_dcca": "R11", "nombre_en": "Chun Fung", "nombre_zh": "秦豐", "codigo": "R", "distrito_en": "Sha Tin", "distrito_es": "Sha Tin", "region": "Nuevos Territorios", "area_km2_poligono": 0.2301 }, "geometry": { "type": "Polygon", "coordinates": [ [ [ 114.189866332742398, 22.372073024897499 ], [ 114.188688454199067, 22.370409049414167 ], [ 114.186801487392458, 22.371322398730712 ], [ 114.186574220730733, 22.372093665521074 ], [ 114.186222689998672, 22.372182935081202 ], [ 114.18636417544927, 22.372278659520891 ], [ 114.185521402164127, 22.373269790124223 ], [ 114.18547876817756, 22.374391475030961 ], [ 114.184339323308805, 22.374526068771129 ], [ 114.182020176587159, 22.374183071683284 ], [ 114.186965824500419, 22.376591876580335 ], [ 114.188001202847246, 22.375238149815107 ], [ 114.189911648119548, 22.373534514000706 ], [ 114.190097206544436, 22.372877491387069 ], [ 114.189866332742398, 22.372073024897499 ] ] ] } },
{ "type": "Feature", "properties": { "codigo_dcca": "R08", "nombre_en": "Pok Hong", "nombre_zh": "博康", "codigo": "R", "distrito_en": "Sha Tin", "distrito_es": "Sha Tin", "region": "Nuevos Territorios", "area_km2_poligono": 0.2406 }, "geometry": { "type": "Polygon", "coordinates": [ [ [ 114.196296310990704, 22.374638577280614 ], [ 114.192184637482782, 22.373558949660193 ], [ 114.191093594301023, 22.375266371111024 ], [ 114.193393850563382, 22.376214538510098 ], [ 114.196066270914741, 22.378140048639303 ], [ 114.196714547006493, 22.379063034779456 ], [ 114.199486846592293, 22.378219965013837 ], [ 114.198588376937508, 22.376338463614911 ], [ 114.197439302292352, 22.375185794417611 ], [ 114.196296310990704, 22.374638577280614 ] ] ] } },
{ "type": "Feature", "properties": { "codigo_dcca": "R15", "nombre_en": "Lower Shing Mun", "nombre_zh": "下城門", "codigo": "R", "distrito_en": "Sha Tin", "distrito_es": "Sha Tin", "region": "Nuevos Territorios", "area_km2_poligono": 9.2384 }, "geometry": { "type": "Polygon", "coordinates": [ [ [ 114.175493606556884, 22.375950252882532 ], [ 114.175807783699241, 22.375392845595524 ], [ 114.174387002320174, 22.370819316 ], [ 114.170638479898869, 22.364745545185311 ], [ 114.17001165519055, 22.362847922515336 ], [ 114.170025832822603, 22.360997925219248 ], [ 114.170270296202176, 22.35966313890458 ], [ 114.1705388967424, 22.359273400065515 ], [ 114.170379274215477, 22.359091112125675 ], [ 114.170617008667648, 22.357843288917763 ], [ 114.17044129587687, 22.357762097416906 ], [ 114.1705643177377, 22.3572413644705 ], [ 114.170235968383437, 22.35631438323356 ], [ 114.170906322036956, 22.356097070823154 ], [ 114.172725114764873, 22.346468212333882 ], [ 114.172144666541584, 22.346376500226224 ], [ 114.171477341400447, 22.346599498358231 ], [ 114.170421530851925, 22.3460518556148 ], [ 114.169651548583758, 22.346189855495545 ], [ 114.169318507703565, 22.345908113860681 ], [ 114.168248800207095, 22.345825765174538 ], [ 114.167014523720226, 22.346351635161358 ], [ 114.166543996810347, 22.346190907066088 ], [ 114.166274145623177, 22.345713028334252 ], [ 114.165619455109322, 22.346527405812779 ], [ 114.165508395954092, 22.347265746011185 ], [ 114.16471712318463, 22.347619984846816 ], [ 114.16457132874551, 22.347962909497056 ], [ 114.164111958474805, 22.348069931392466 ], [ 114.163989433563074, 22.348502910088968 ], [ 114.163560068391689, 22.348610826812997 ], [ 114.162991039094123, 22.348466461778635 ], [ 114.161844694139532, 22.347626255577971 ], [ 114.161282637153349, 22.347515569172298 ], [ 114.160941938970765, 22.34699232333649 ], [ 114.160569218052345, 22.347381819692593 ], [ 114.160114284129406, 22.347317864083994 ], [ 114.159687470451686, 22.346809940586407 ], [ 114.159514220740803, 22.346049611874662 ], [ 114.158681445821472, 22.34544916875663 ], [ 114.1582467338702, 22.345507032480349 ], [ 114.157192051640578, 22.346480141010101 ], [ 114.156319690089418, 22.346249816724448 ], [ 114.156036873221623, 22.346634103405037 ], [ 114.154935541023477, 22.346855125809302 ], [ 114.154076725469579, 22.346432097117486 ], [ 114.152538075205626, 22.346188617368878 ], [ 114.151258007780996, 22.347220071900797 ], [ 114.151155997533678, 22.345681473476319 ], [ 114.15074826155589, 22.344999058853709 ], [ 114.147963322132682, 22.345058630730719 ], [ 114.146842404709005, 22.344165638305903 ], [ 114.146836732482285, 22.344769213170736 ], [ 114.146262395902866, 22.346409670373891 ], [ 114.14538771886113, 22.346976459758917 ], [ 114.145073312437091, 22.347736410545668 ], [ 114.144733869715054, 22.347970190033493 ], [ 114.144934773667657, 22.348917318845178 ], [ 114.144318919924373, 22.348695035572973 ], [ 114.143556041778055, 22.349122820844968 ], [ 114.142732695256015, 22.349079835716651 ], [ 114.142179121540238, 22.349327200728119 ], [ 114.142148399346652, 22.351195011736756 ], [ 114.141309428349231, 22.355678952127931 ], [ 114.141359538886107, 22.357384427983181 ], [ 114.14170402562047, 22.359062903045281 ], [ 114.142189808146426, 22.359623235865307 ], [ 114.142962335251696, 22.359816960087368 ], [ 114.143244916097743, 22.360637137190658 ], [ 114.144619109128399, 22.361918435624705 ], [ 114.145556166657329, 22.362040134390888 ], [ 114.14565679343265, 22.362547706592739 ], [ 114.145336278283807, 22.363122881248373 ], [ 114.14612760957182, 22.364098711339185 ], [ 114.145824634228703, 22.364950161577081 ], [ 114.144625150227952, 22.366510892656237 ], [ 114.14448089553602, 22.367119450084903 ], [ 114.144519373715582, 22.367286297001389 ], [ 114.145403029984422, 22.367351996592703 ], [ 114.144738517259555, 22.368111632591674 ], [ 114.1453148772828, 22.368482738452826 ], [ 114.144979771786993, 22.369235250832368 ], [ 114.146166374312727, 22.369701130657489 ], [ 114.147134424478239, 22.370852632400634 ], [ 114.146808141675976, 22.3709152802431 ], [ 114.146048215787005, 22.372060633825086 ], [ 114.14549255973661, 22.37220832993815 ], [ 114.145589297936155, 22.372986013103706 ], [ 114.144969706374653, 22.373657736895684 ], [ 114.145028572065868, 22.374275283395377 ], [ 114.145387296039374, 22.374506580278894 ], [ 114.145937736901516, 22.375461231562497 ], [ 114.146868125746494, 22.37609303797219 ], [ 114.14850035472827, 22.376449911520574 ], [ 114.148672279350677, 22.37770068793062 ], [ 114.148485568443775, 22.378118317273714 ], [ 114.148974404492975, 22.378050664185206 ], [ 114.149539178428199, 22.377554153603686 ], [ 114.149949031090998, 22.37809225209255 ], [ 114.149515050237341, 22.378841622922454 ], [ 114.149837419714842, 22.379272062934575 ], [ 114.150765420184953, 22.378256027884756 ], [ 114.150391095769024, 22.376880003492662 ], [ 114.150662783793024, 22.375925764426572 ], [ 114.152318870849825, 22.375213424559512 ], [ 114.1531927472208, 22.374459839272284 ], [ 114.154312786333023, 22.374301179039559 ], [ 114.154444902523423, 22.374512421533478 ], [ 114.154652160400147, 22.374251467676398 ], [ 114.155491376904166, 22.37405167161868 ], [ 114.155579152754981, 22.374181668665202 ], [ 114.156643903654484, 22.373591144904331 ], [ 114.156918886172207, 22.373159076953382 ], [ 114.157456151191866, 22.373028443251332 ], [ 114.157968469008495, 22.373057130577518 ], [ 114.157657192673852, 22.374215097400896 ], [ 114.158548582490468, 22.373810623647898 ], [ 114.158912035029232, 22.373828788586998 ], [ 114.159031097494292, 22.374121147188415 ], [ 114.159343136985811, 22.373989814045558 ], [ 114.158938642269632, 22.374796169327052 ], [ 114.160155259700517, 22.373995742537467 ], [ 114.160199113871144, 22.373709027608019 ], [ 114.160768237206469, 22.373225463884619 ], [ 114.161154389720579, 22.373244249147128 ], [ 114.161720888092688, 22.373822979663068 ], [ 114.16289733592447, 22.373272014971132 ], [ 114.163051489661768, 22.373739249947381 ], [ 114.163759801413732, 22.372736865213913 ], [ 114.164113587517946, 22.373004134025962 ], [ 114.163990235974268, 22.373107316203068 ], [ 114.165123015597842, 22.373469183408584 ], [ 114.165070714867909, 22.374443736749512 ], [ 114.166124220251334, 22.375281536296161 ], [ 114.171952509079958, 22.377323015131115 ], [ 114.172253368716312, 22.376558706917471 ], [ 114.1726891826751, 22.37644817593803 ], [ 114.17299025913097, 22.376059446090089 ], [ 114.174091430558278, 22.37597875361012 ], [ 114.174261649752495, 22.376242330527262 ], [ 114.175493606556884, 22.375950252882532 ] ] ] } },
{ "type": "Feature", "properties": { "codigo_dcca": "R20", "nombre_en": "Tai Wai", "nombre_zh": "大圍", "codigo": "R", "distrito_en": "Sha Tin", "distrito_es": "Sha Tin", "region": "Nuevos Territorios", "area_km2_poligono": 0.2753 }, "geometry": { "type": "Polygon", "coordinates": [ [ [ 114.179053677038496, 22.378349059106014 ], [ 114.179734719483591, 22.376418158456008 ], [ 114.180324533823082, 22.375442190159795 ], [ 114.178420252096714, 22.374117522118816 ], [ 114.177878580347908, 22.374994219715088 ], [ 114.176601856991539, 22.374176526201673 ], [ 114.173965415197046, 22.378369177939923 ], [ 114.173656634163819, 22.379283449960081 ], [ 114.173725620642912, 22.379896217749199 ], [ 114.174272049959555, 22.380436830790824 ], [ 114.175363949447146, 22.380668486435461 ], [ 114.177310501796967, 22.379059261484663 ], [ 114.179053677038496, 22.378349059106014 ] ] ] } },
{ "type": "Feature", "properties": { "codigo_dcca": "R07", "nombre_en": "Sha Kok", "nombre_zh": "沙角", "codigo": "R", "distrito_en": "Sha Tin", "distrito_es": "Sha Tin", "region": "Nuevos Territorios", "area_km2_poligono": 0.1245 }, "geometry": { "type": "Polygon", "coordinates": [ [ [ 114.196714547006479, 22.379063034779442 ], [ 114.196119682464669, 22.378186097979626 ], [ 114.193873492749518, 22.37655062313879 ], [ 114.19176996057567, 22.378253916654955 ], [ 114.194276624683212, 22.38087489383825 ], [ 114.196714547006479, 22.379063034779442 ] ] ] } },
{ "type": "Feature", "properties": { "codigo_dcca": "R09", "nombre_en": "Shui Chuen O", "nombre_zh": "水泉澳", "codigo": "R", "distrito_en": "Sha Tin", "distrito_es": "Sha Tin", "region": "Nuevos Territorios", "area_km2_poligono": 3.7951 }, "geometry": { "type": "Polygon", "coordinates": [ [ [ 114.20877749186505, 22.376549180164677 ], [ 114.208692212129506, 22.375749823442632 ], [ 114.20832432143682, 22.375088598668121 ], [ 114.208761536858773, 22.374243462887492 ], [ 114.207822251074887, 22.372831568038855 ], [ 114.207827859037906, 22.371452920330459 ], [ 114.207250055789643, 22.370218636878604 ], [ 114.207662678818565, 22.369552448298506 ], [ 114.20788024571786, 22.367571774708512 ], [ 114.208572430434771, 22.366838071601283 ], [ 114.207998330728358, 22.364650796195818 ], [ 114.208093607333751, 22.363699202323936 ], [ 114.207709222596662, 22.362491765779939 ], [ 114.207337426983287, 22.359187956219237 ], [ 114.206879180228938, 22.358124622383723 ], [ 114.206658823353223, 22.358080548882519 ], [ 114.206945034072689, 22.357808811786988 ], [ 114.206641951907727, 22.357817031483613 ], [ 114.206649176170799, 22.357457000136549 ], [ 114.206323427776937, 22.357339283337197 ], [ 114.206158908107085, 22.356978605885597 ], [ 114.206768710572732, 22.35701241305329 ], [ 114.206495903220272, 22.356799730542196 ], [ 114.206867261591114, 22.354654138071329 ], [ 114.2062600569691, 22.354922285433307 ], [ 114.20479221096376, 22.354971879429929 ], [ 114.203656349856232, 22.354343102450088 ], [ 114.202629646973506, 22.354384258942435 ], [ 114.202215631401174, 22.354698696041126 ], [ 114.201182630908221, 22.354440264718672 ], [ 114.200693923593306, 22.354688966702085 ], [ 114.200143592414676, 22.354629463253602 ], [ 114.199622383228828, 22.355382965632824 ], [ 114.19885338837733, 22.355584128281645 ], [ 114.199451332538217, 22.354978411750508 ], [ 114.198997063992181, 22.355215400187674 ], [ 114.198179268321965, 22.354420595468824 ], [ 114.19808887509825, 22.353919294131657 ], [ 114.197380377892515, 22.354245749854801 ], [ 114.197199088560893, 22.353077616141839 ], [ 114.196766703001288, 22.352550529233277 ], [ 114.196548056013185, 22.352568382317862 ], [ 114.196417627451098, 22.352929773947729 ], [ 114.195189666049444, 22.353087780955004 ], [ 114.193083133461101, 22.353955454181648 ], [ 114.192729640556763, 22.353511809012506 ], [ 114.192927372099646, 22.353191051204732 ], [ 114.192654260289856, 22.352695831923722 ], [ 114.192465172643466, 22.353134122695792 ], [ 114.191416081469157, 22.353859446489729 ], [ 114.189426553296684, 22.356613011451277 ], [ 114.189851900471723, 22.357410213055719 ], [ 114.189822590186893, 22.358352336737415 ], [ 114.190242541715534, 22.359197300155181 ], [ 114.190549046228895, 22.361379696270408 ], [ 114.190971783256529, 22.362081694654176 ], [ 114.19103971042361, 22.364030913965799 ], [ 114.191638983536592, 22.365508600414216 ], [ 114.191976803500509, 22.365682696095007 ], [ 114.191288734452485, 22.366535476999296 ], [ 114.191640296674919, 22.366725032419289 ], [ 114.192205468910061, 22.366521268773173 ], [ 114.192159015298941, 22.367454651879918 ], [ 114.192585146676549, 22.367541665388043 ], [ 114.19237370515836, 22.367785700065049 ], [ 114.1924086163542, 22.368604828253787 ], [ 114.19319649156914, 22.367862730768046 ], [ 114.193878919936893, 22.367533768055729 ], [ 114.194574770075064, 22.367488016809965 ], [ 114.196408246503964, 22.36881251345136 ], [ 114.197258315085293, 22.368758044571265 ], [ 114.197064040733252, 22.369442015799823 ], [ 114.196541560594468, 22.370021650271507 ], [ 114.196167111347663, 22.371403412772782 ], [ 114.197088992917529, 22.371343305182943 ], [ 114.197202248257184, 22.372350128284751 ], [ 114.197557087803034, 22.372975929320823 ], [ 114.197585225444683, 22.37396148614884 ], [ 114.198053104872145, 22.374076717445586 ], [ 114.198960791922516, 22.373786506418899 ], [ 114.199359225628825, 22.374069371386465 ], [ 114.199114060288849, 22.374248401892487 ], [ 114.198781573347659, 22.375832167892273 ], [ 114.198393069875351, 22.376067727342296 ], [ 114.199486846592293, 22.378219965013837 ], [ 114.200450252505931, 22.377949375558643 ], [ 114.200509685139082, 22.376557428111141 ], [ 114.20265607050213, 22.376537169460747 ], [ 114.207663495006159, 22.378460798025316 ], [ 114.208929293054098, 22.378649750491711 ], [ 114.210412162794199, 22.378552642307159 ], [ 114.210366490314698, 22.378041099455359 ], [ 114.20877749186505, 22.376549180164677 ] ] ] } },
{ "type": "Feature", "properties": { "codigo_dcca": "R41", "nombre_en": "Kwong Yuen", "nombre_zh": "廣源", "codigo": "R", "distrito_en": "Sha Tin", "distrito_es": "Sha Tin", "region": "Nuevos Territorios", "area_km2_poligono": 0.0895 }, "geometry": { "type": "Polygon", "coordinates": [ [ [ 114.21551809436292, 22.379890313880974 ], [ 114.215099941969967, 22.379378960428813 ], [ 114.214200198339256, 22.37936502890766 ], [ 114.213585785096001, 22.38019515626317 ], [ 114.212753866977067, 22.380465617691282 ], [ 114.213277891147058, 22.380628763375597 ], [ 114.213632973021873, 22.381030974835213 ], [ 114.214149453523802, 22.383262325998636 ], [ 114.214948993003674, 22.382853869687938 ], [ 114.216247619076924, 22.381512760610228 ], [ 114.216834719500582, 22.381438105669716 ], [ 114.217432205749191, 22.381752932491018 ], [ 114.217503867517664, 22.380883762659916 ], [ 114.216479526107008, 22.380884016900993 ], [ 114.216208420382088, 22.380414360343412 ], [ 114.215725165752261, 22.380806952876593 ], [ 114.215463455391941, 22.380383095629597 ], [ 114.21551809436292, 22.379890313880974 ] ] ] } },
{ "type": "Feature", "properties": { "codigo_dcca": "R01", "nombre_en": "Sha Tin Town Centre", "nombre_zh": "沙田市中心", "codigo": "R", "distrito_en": "Sha Tin", "distrito_es": "Sha Tin", "region": "Nuevos Territorios", "area_km2_poligono": 0.7947 }, "geometry": { "type": "Polygon", "coordinates": [ [ [ 114.193385962003575, 22.381598350562786 ], [ 114.189736472936644, 22.377935124256059 ], [ 114.182020176587159, 22.374183071683284 ], [ 114.181473740334141, 22.374185391057964 ], [ 114.180907235199598, 22.374563207703158 ], [ 114.179838280725889, 22.376197188497379 ], [ 114.179053677038496, 22.378349059106014 ], [ 114.179724067670037, 22.377827201327303 ], [ 114.180615661684456, 22.377502896625273 ], [ 114.181639095403568, 22.377515412878672 ], [ 114.182828769209692, 22.37786646211369 ], [ 114.182767953634183, 22.378054678649008 ], [ 114.181995741864256, 22.378261224295457 ], [ 114.18187634854057, 22.378839100625203 ], [ 114.180402715759158, 22.378799676424357 ], [ 114.180633820142575, 22.381465148603343 ], [ 114.180874401259317, 22.382120876297915 ], [ 114.180535036009388, 22.382874183667102 ], [ 114.180719195442592, 22.382958560565474 ], [ 114.181178341343667, 22.382354921561149 ], [ 114.182007513040304, 22.382796742666166 ], [ 114.183330769204801, 22.382505704364352 ], [ 114.183536980918291, 22.381958635800487 ], [ 114.184283421187942, 22.381586572611369 ], [ 114.185230383769579, 22.380241718357254 ], [ 114.185511746941629, 22.380256269752135 ], [ 114.18558668792798, 22.380531344588437 ], [ 114.186078390992478, 22.380056880458266 ], [ 114.187964919687204, 22.3827167481247 ], [ 114.189981464244667, 22.384421938859898 ], [ 114.193385962003575, 22.381598350562786 ] ] ] } },
{ "type": "Feature", "properties": { "codigo_dcca": "R05", "nombre_en": "Yue Shing", "nombre_zh": "愉城", "codigo": "R", "distrito_en": "Sha Tin", "distrito_es": "Sha Tin", "region": "Nuevos Territorios", "area_km2_poligono": 0.1663 }, "geometry": { "type": "Polygon", "coordinates": [ [ [ 114.206584989246224, 22.385403685016193 ], [ 114.203129506093589, 22.382113272259492 ], [ 114.202509836284122, 22.38165604796459 ], [ 114.201803975712124, 22.382848494663875 ], [ 114.201638933345606, 22.385394477073561 ], [ 114.201908262876145, 22.385383228676716 ], [ 114.204017147659314, 22.387373900864386 ], [ 114.205010469051814, 22.386441763293259 ], [ 114.204612344742543, 22.386056093505726 ], [ 114.205002654617843, 22.385683065538853 ], [ 114.205624395066479, 22.386261035777348 ], [ 114.206584989246224, 22.385403685016193 ] ] ] } },
{ "type": "Feature", "properties": { "codigo_dcca": "R06", "nombre_en": "Wong Uk", "nombre_zh": "王屋", "codigo": "R", "distrito_en": "Sha Tin", "distrito_es": "Sha Tin", "region": "Nuevos Territorios", "area_km2_poligono": 0.692 }, "geometry": { "type": "Polygon", "coordinates": [ [ [ 114.201638933345606, 22.385394477073561 ], [ 114.201770367481615, 22.383008240775393 ], [ 114.201993369305313, 22.382377252594843 ], [ 114.204646475847028, 22.378817725486336 ], [ 114.203754294554273, 22.378316185389551 ], [ 114.202510775687458, 22.37793789094583 ], [ 114.201060555962101, 22.377833342373258 ], [ 114.197622575984383, 22.378726623802475 ], [ 114.195975182327743, 22.379498250877166 ], [ 114.193385962003575, 22.381598350562786 ], [ 114.200009330911087, 22.388448831232509 ], [ 114.201280172089099, 22.386586497110081 ], [ 114.201638933345606, 22.385394477073561 ] ] ] } },
{ "type": "Feature", "properties": { "codigo_dcca": "R04", "nombre_en": "City One", "nombre_zh": "第一城", "codigo": "R", "distrito_en": "Sha Tin", "distrito_es": "Sha Tin", "region": "Nuevos Territorios", "area_km2_poligono": 0.2312 }, "geometry": { "type": "Polygon", "coordinates": [ [ [ 114.207517738819973, 22.386349837020148 ], [ 114.206584989246224, 22.385403685016193 ], [ 114.205624395066479, 22.386261035777348 ], [ 114.205002654617843, 22.385683065538853 ], [ 114.204612344742543, 22.386056093505726 ], [ 114.205010469051814, 22.386441763293259 ], [ 114.204017147659314, 22.387373900864386 ], [ 114.201908262876145, 22.385383228676716 ], [ 114.201638933345606, 22.385394477073561 ], [ 114.201280172089099, 22.386586497110081 ], [ 114.200009330911087, 22.388448831232509 ], [ 114.202725809702429, 22.391296011715067 ], [ 114.203700303360378, 22.390435669188637 ], [ 114.204323412858173, 22.389301819386109 ], [ 114.207517738819973, 22.386349837020148 ] ] ] } },
{ "type": "Feature", "properties": { "codigo_dcca": "R03", "nombre_en": "Wo Che Estate", "nombre_zh": "禾輋邨", "codigo": "R", "distrito_en": "Sha Tin", "distrito_es": "Sha Tin", "region": "Nuevos Territorios", "area_km2_poligono": 0.3009 }, "geometry": { "type": "Polygon", "coordinates": [ [ [ 114.200009330911087, 22.388448831232509 ], [ 114.195612295292392, 22.38391210696896 ], [ 114.192597483693433, 22.38639127979576 ], [ 114.194843709445436, 22.388778750525717 ], [ 114.194830852205911, 22.389305763889009 ], [ 114.194299179981115, 22.389730283527502 ], [ 114.196963718899653, 22.391353389580257 ], [ 114.198137899459311, 22.3890577724693 ], [ 114.199315383114154, 22.389488422920589 ], [ 114.200009330911087, 22.388448831232509 ] ] ] } },
{ "type": "Feature", "properties": { "codigo_dcca": "R02", "nombre_en": "Lek Yuen", "nombre_zh": "瀝源", "codigo": "R", "distrito_en": "Sha Tin", "distrito_es": "Sha Tin", "region": "Nuevos Territorios", "area_km2_poligono": 1.2994 }, "geometry": { "type": "Polygon", "coordinates": [ [ [ 114.198227102375924, 22.392102507198715 ], [ 114.194299179981115, 22.389730283527502 ], [ 114.194830852205911, 22.389305763889009 ], [ 114.194843709445436, 22.388778750525717 ], [ 114.192597483693433, 22.38639127979576 ], [ 114.195612295292392, 22.38391210696896 ], [ 114.193385962003575, 22.381598350562786 ], [ 114.189981464244667, 22.384421938859898 ], [ 114.187964919687204, 22.3827167481247 ], [ 114.186078390992478, 22.380056880458266 ], [ 114.18558668792798, 22.380531344588437 ], [ 114.185511746941629, 22.380256269752135 ], [ 114.185230383769579, 22.380241718357254 ], [ 114.184283421187942, 22.381586572611369 ], [ 114.183536980918291, 22.381958635800487 ], [ 114.183330769204801, 22.382505704364352 ], [ 114.182007513040304, 22.382796742666166 ], [ 114.181178341343667, 22.382354921561149 ], [ 114.180719195442592, 22.382958560565474 ], [ 114.180982184864391, 22.383073991222815 ], [ 114.180602991432409, 22.383679939588532 ], [ 114.180084662040613, 22.383400456138052 ], [ 114.179414312175922, 22.383821895638679 ], [ 114.178922740521259, 22.383790485540732 ], [ 114.178273698623855, 22.384102930642079 ], [ 114.178046991659059, 22.384442191165117 ], [ 114.178208531828716, 22.385096017716688 ], [ 114.177476107611156, 22.385417960362439 ], [ 114.176884376589939, 22.386280809811943 ], [ 114.176929686918029, 22.38724733727657 ], [ 114.178548762025159, 22.386901432245953 ], [ 114.179281078419081, 22.387329496533035 ], [ 114.179346100815323, 22.385690952851775 ], [ 114.179489886110261, 22.38574423965898 ], [ 114.179627330624768, 22.385316678297588 ], [ 114.18017843233649, 22.385303772261381 ], [ 114.180063121931369, 22.385819579899959 ], [ 114.180478597050751, 22.386513530437288 ], [ 114.180128157737812, 22.387231807411613 ], [ 114.180247778429646, 22.388219535960133 ], [ 114.180674060595834, 22.389289462107293 ], [ 114.181218651343087, 22.389559144645208 ], [ 114.18381585450372, 22.388448679082437 ], [ 114.184833508238526, 22.388717804598894 ], [ 114.185646343876527, 22.38957139906702 ], [ 114.185871732670051, 22.388375294639051 ], [ 114.187724892652213, 22.387872875987082 ], [ 114.187908185392672, 22.388156566301674 ], [ 114.188483893098834, 22.388239769180188 ], [ 114.188679026690181, 22.3880814500295 ], [ 114.189460294995911, 22.389388594440888 ], [ 114.190158570530031, 22.38958979251932 ], [ 114.190345133511826, 22.389976183798975 ], [ 114.190960856136712, 22.39003186754115 ], [ 114.191491246987724, 22.390523441617162 ], [ 114.191578418565982, 22.390862132193824 ], [ 114.191209015867031, 22.391152496494335 ], [ 114.191177949584088, 22.391995136525438 ], [ 114.191714470514043, 22.392432246178981 ], [ 114.192605137403191, 22.391144103471763 ], [ 114.193092958909602, 22.390744942540476 ], [ 114.193681700679917, 22.390730857899438 ], [ 114.193656973718475, 22.391351988301427 ], [ 114.193899744345245, 22.391564297349063 ], [ 114.194815671271925, 22.391700179595407 ], [ 114.194921736482939, 22.392616006313091 ], [ 114.195942662546841, 22.392718014986908 ], [ 114.196589057973583, 22.393466295878817 ], [ 114.196917421345617, 22.393209138699969 ], [ 114.197547035298456, 22.394099314219062 ], [ 114.198878167627541, 22.393030214655674 ], [ 114.198227102375924, 22.392102507198715 ] ] ] } },
{ "type": "Feature", "properties": { "codigo_dcca": "R21", "nombre_en": "Chung Tin", "nombre_zh": "松田", "codigo": "R", "distrito_en": "Sha Tin", "distrito_es": "Sha Tin", "region": "Nuevos Territorios", "area_km2_poligono": 4.4916 }, "geometry": { "type": "Polygon", "coordinates": [ [ [ 114.17896522846145, 22.387294291007258 ], [ 114.178548762025159, 22.386901432245953 ], [ 114.176929686918029, 22.38724733727657 ], [ 114.176884376589939, 22.386280809811943 ], [ 114.177476107611156, 22.385417960362439 ], [ 114.178208531828716, 22.385096017716688 ], [ 114.178046991659059, 22.384442191165117 ], [ 114.178273698623855, 22.384102930642079 ], [ 114.178922740521259, 22.383790485540732 ], [ 114.179414312175922, 22.383821895638679 ], [ 114.180084662040613, 22.383400456138052 ], [ 114.180602991432409, 22.383679939588532 ], [ 114.180982184864391, 22.383073991222815 ], [ 114.180535036009388, 22.382874183667102 ], [ 114.180874401259317, 22.382120876297915 ], [ 114.180633820142575, 22.381465148603343 ], [ 114.180402715759158, 22.378799676424357 ], [ 114.18187634854057, 22.378839100625203 ], [ 114.181995741864256, 22.378261224295457 ], [ 114.182767953634183, 22.378054678649008 ], [ 114.182828769209692, 22.37786646211369 ], [ 114.181338608711016, 22.37747768293756 ], [ 114.180240877707874, 22.377599161367272 ], [ 114.179053677038496, 22.378349059106014 ], [ 114.177310501796967, 22.379059261484663 ], [ 114.176320865078111, 22.379773910247852 ], [ 114.175715003909033, 22.380526538399767 ], [ 114.174699878896533, 22.380589895395705 ], [ 114.173880055673663, 22.380135583794416 ], [ 114.173656634163819, 22.379283449960081 ], [ 114.173965415197046, 22.378369177939923 ], [ 114.175493606556884, 22.375950252882532 ], [ 114.174261649752495, 22.376242330527262 ], [ 114.174091430558278, 22.37597875361012 ], [ 114.17299025913097, 22.376059446090089 ], [ 114.1726891826751, 22.37644817593803 ], [ 114.172253368716312, 22.376558706917471 ], [ 114.171952509079958, 22.377323015131115 ], [ 114.166124220251334, 22.375281536296161 ], [ 114.165070714867909, 22.374443736749512 ], [ 114.165123015597842, 22.373469183408584 ], [ 114.163990235974268, 22.373107316203068 ], [ 114.164113587517946, 22.373004134025962 ], [ 114.163759801413732, 22.372736865213913 ], [ 114.163051489661768, 22.373739249947381 ], [ 114.16289733592447, 22.373272014971132 ], [ 114.161720888092688, 22.373822979663068 ], [ 114.161154389720579, 22.373244249147128 ], [ 114.160768237206469, 22.373225463884619 ], [ 114.160199113871144, 22.373709027608019 ], [ 114.160155259700517, 22.373995742537467 ], [ 114.158938642269632, 22.374796169327052 ], [ 114.159314526034152, 22.373960416564298 ], [ 114.159031097494292, 22.374121147188415 ], [ 114.158912035029232, 22.373828788586998 ], [ 114.158548582490468, 22.373810623647898 ], [ 114.157657192673852, 22.374215097400896 ], [ 114.157943896844557, 22.373682158067471 ], [ 114.157918945585237, 22.373015114750654 ], [ 114.156918886172207, 22.373159076953382 ], [ 114.156643903654484, 22.373591144904331 ], [ 114.155579152754981, 22.374181668665202 ], [ 114.155491376904166, 22.37405167161868 ], [ 114.154652160400147, 22.374251467676398 ], [ 114.154444902523423, 22.374512421533478 ], [ 114.154312786333023, 22.374301179039559 ], [ 114.1531927472208, 22.374459839272284 ], [ 114.152318870849825, 22.375213424559512 ], [ 114.150662783793024, 22.375925764426572 ], [ 114.150391095769024, 22.376880003492662 ], [ 114.150757860575339, 22.377762752103528 ], [ 114.150684571247297, 22.378532493489089 ], [ 114.14954256236021, 22.379620600838312 ], [ 114.149348951843066, 22.379571414907968 ], [ 114.149009509639811, 22.380280199026149 ], [ 114.150070780101913, 22.380505319426881 ], [ 114.15186219259391, 22.381447299992267 ], [ 114.153255199505764, 22.381728006135397 ], [ 114.154294278520666, 22.381602747339425 ], [ 114.155282304626397, 22.382135041752996 ], [ 114.155844044995419, 22.382726298858778 ], [ 114.156909817129076, 22.383118656351485 ], [ 114.157149958132237, 22.383647766026165 ], [ 114.157009980260028, 22.384622611853406 ], [ 114.157425488985325, 22.385064263762196 ], [ 114.160600972212308, 22.386836049468094 ], [ 114.16233937166632, 22.389548214535171 ], [ 114.162903222913712, 22.391091317286538 ], [ 114.163721743689649, 22.39165524200429 ], [ 114.164302671864334, 22.391783575544263 ], [ 114.1646538253123, 22.392180665027666 ], [ 114.165159284749933, 22.392281726662151 ], [ 114.165472535986282, 22.392843645554073 ], [ 114.167286480442243, 22.393605540725535 ], [ 114.168176191653515, 22.394920631340373 ], [ 114.169594006025179, 22.39509501755661 ], [ 114.171116897607504, 22.394897156884575 ], [ 114.171429537088812, 22.394218750506443 ], [ 114.172637326467836, 22.393778250925987 ], [ 114.17382825911757, 22.392903600097416 ], [ 114.17542993988215, 22.392291678256399 ], [ 114.176356199417782, 22.391398981225148 ], [ 114.178223541162566, 22.390648955593182 ], [ 114.178796320284306, 22.390011711324856 ], [ 114.179191855598177, 22.388990824206729 ], [ 114.17896522846145, 22.387294291007258 ] ] ] } },
{ "type": "Feature", "properties": { "codigo_dcca": "R39", "nombre_en": "Bik Woo", "nombre_zh": "碧湖", "codigo": "R", "distrito_en": "Sha Tin", "distrito_es": "Sha Tin", "region": "Nuevos Territorios", "area_km2_poligono": 0.5656 }, "geometry": { "type": "Polygon", "coordinates": [ [ [ 114.210701435045038, 22.384447134962507 ], [ 114.209465038667858, 22.385945692387406 ], [ 114.204966432658111, 22.390209410203759 ], [ 114.204059820495317, 22.389636164557491 ], [ 114.203700303360378, 22.390435669188662 ], [ 114.202725809702429, 22.391296011715067 ], [ 114.208569970704843, 22.397435636323056 ], [ 114.210260807311016, 22.395967522096246 ], [ 114.209676865184619, 22.394217113613003 ], [ 114.209512674796173, 22.392662553387705 ], [ 114.209684651604263, 22.391562945255643 ], [ 114.211147782109265, 22.38799361928886 ], [ 114.210701435045038, 22.384447134962507 ] ] ] } },
{ "type": "Feature", "properties": { "codigo_dcca": "R40", "nombre_en": "Kwong Hong", "nombre_zh": "廣康", "codigo": "R", "distrito_en": "Sha Tin", "distrito_es": "Sha Tin", "region": "Nuevos Territorios", "area_km2_poligono": 2.102 }, "geometry": { "type": "Polygon", "coordinates": [ [ [ 114.215055539404474, 22.382762952340325 ], [ 114.215264447665177, 22.383009138112026 ], [ 114.215705591198557, 22.382918897255667 ], [ 114.215375661600717, 22.382589816358575 ], [ 114.215606613267283, 22.382367817106982 ], [ 114.215969171674885, 22.382583955663655 ], [ 114.216062422738858, 22.383133296885489 ], [ 114.21647109386069, 22.38334227102299 ], [ 114.216293737849639, 22.383767572487198 ], [ 114.2166722363161, 22.384230112427989 ], [ 114.213894186421271, 22.384324247601807 ], [ 114.21201291306383, 22.383718530890196 ], [ 114.211424444876869, 22.383883418749456 ], [ 114.210701434923379, 22.384447133833699 ], [ 114.211147782109265, 22.38799361928886 ], [ 114.209684651604263, 22.391562945255643 ], [ 114.209502318094593, 22.393016479304062 ], [ 114.209832019928214, 22.394791864965548 ], [ 114.210778325723453, 22.397106730246037 ], [ 114.211413153521363, 22.396936117829437 ], [ 114.212132480341097, 22.397390124669535 ], [ 114.213431575483824, 22.397223087570893 ], [ 114.214682346853479, 22.397605359008658 ], [ 114.214932731440442, 22.397875393618644 ], [ 114.214823899905795, 22.398498451868953 ], [ 114.215100589249545, 22.398712960460244 ], [ 114.21482309014678, 22.399092424492938 ], [ 114.215540951956271, 22.399296163037167 ], [ 114.215188606396637, 22.400313822228902 ], [ 114.215899300698723, 22.400248650521895 ], [ 114.216265866476988, 22.400085479682954 ], [ 114.216228464785246, 22.399904363990437 ], [ 114.216891757487389, 22.399883593418252 ], [ 114.217272638509925, 22.399695700256053 ], [ 114.217195457925513, 22.39951697877644 ], [ 114.218022800907178, 22.399184537896893 ], [ 114.218471099482272, 22.397770372417291 ], [ 114.219206554011635, 22.397516017784454 ], [ 114.219404384577416, 22.397101438495326 ], [ 114.2197461714469, 22.397087874641496 ], [ 114.220256884070039, 22.396470114856754 ], [ 114.219134376396397, 22.39570958307705 ], [ 114.21929239194786, 22.394954193815582 ], [ 114.218726532768954, 22.394607289891077 ], [ 114.220874137761612, 22.392840775962739 ], [ 114.221611004453322, 22.3930880457531 ], [ 114.2224734969694, 22.392920424142627 ], [ 114.224463493507329, 22.391597422233176 ], [ 114.224340869105674, 22.390613592963298 ], [ 114.222576647723187, 22.389238040798976 ], [ 114.221583514840859, 22.382592407651547 ], [ 114.223405717570714, 22.382120626524472 ], [ 114.224146323887439, 22.381548779530807 ], [ 114.224267662334256, 22.38105852202543 ], [ 114.223863679999155, 22.38060337510889 ], [ 114.222741811757615, 22.380486327584688 ], [ 114.221480967655026, 22.380686878120464 ], [ 114.220165835571535, 22.381375632548068 ], [ 114.21985767013247, 22.381278862418103 ], [ 114.219722491956929, 22.380861326863581 ], [ 114.218882479906696, 22.38011824483651 ], [ 114.218277115400966, 22.379845173442057 ], [ 114.218192774142338, 22.379553328423878 ], [ 114.217638474632579, 22.37953197650759 ], [ 114.217096502969241, 22.379833578328839 ], [ 114.215679950190349, 22.379705366051809 ], [ 114.215463455391941, 22.380383095629629 ], [ 114.215725165752275, 22.38080695287664 ], [ 114.216208420382117, 22.38041436034343 ], [ 114.216479526107008, 22.380884016900993 ], [ 114.217503867517692, 22.380883762659916 ], [ 114.217432205749205, 22.381752932491036 ], [ 114.216834719500582, 22.381438105669723 ], [ 114.216247619076924, 22.381512760610249 ], [ 114.215055539404474, 22.382762952340325 ] ] ] } },
{ "type": "Feature", "properties": { "codigo_dcca": "R37", "nombre_en": "Yu Yan", "nombre_zh": "愉欣", "codigo": "R", "distrito_en": "Sha Tin", "distrito_es": "Sha Tin", "region": "Nuevos Territorios", "area_km2_poligono": 11.0637 }, "geometry": { "type": "Polygon", "coordinates": [ [ [ 114.218198141317927, 22.407354485587266 ], [ 114.221066887626762, 22.405073363221508 ], [ 114.220442846396836, 22.404597679708214 ], [ 114.220603298687777, 22.404419392374638 ], [ 114.221286099763645, 22.404477425696154 ], [ 114.222747788819319, 22.403546334003234 ], [ 114.223710459188013, 22.403337561583008 ], [ 114.225711199172338, 22.402408949812578 ], [ 114.226951358926186, 22.400789834804236 ], [ 114.227709064495741, 22.400219087172598 ], [ 114.22834918099386, 22.398869293883614 ], [ 114.229404444733063, 22.397850177910769 ], [ 114.229837063092049, 22.396632300122089 ], [ 114.232014118514911, 22.393534478046448 ], [ 114.234263675283998, 22.392799451229077 ], [ 114.23508555099589, 22.392193914445503 ], [ 114.237412043410203, 22.389361298983417 ], [ 114.239511062513216, 22.387514318989346 ], [ 114.239672129948246, 22.387030518880476 ], [ 114.240279340577061, 22.386481867661203 ], [ 114.246761420285026, 22.383571204657098 ], [ 114.246267508504658, 22.383004076806472 ], [ 114.246288265233204, 22.382428616093144 ], [ 114.245642533276339, 22.381589685742423 ], [ 114.245645374689843, 22.381246479576561 ], [ 114.244708813209442, 22.380489214401603 ], [ 114.244484632519104, 22.379723041341109 ], [ 114.242752607681382, 22.379130468895511 ], [ 114.241533893380875, 22.377199376591925 ], [ 114.24027489956778, 22.375786940719902 ], [ 114.237462452760184, 22.373405412922359 ], [ 114.235689315291339, 22.372944471855718 ], [ 114.233679198158441, 22.371387576978332 ], [ 114.231957545968257, 22.370794469066873 ], [ 114.229632199237642, 22.370941367418506 ], [ 114.227713944569189, 22.370567332009866 ], [ 114.226879906010851, 22.370644947615823 ], [ 114.226697970475072, 22.370267093919903 ], [ 114.226916666423392, 22.369071139557882 ], [ 114.225722367355104, 22.367337587193468 ], [ 114.225096134122552, 22.364988561302958 ], [ 114.223615470887566, 22.364021815841848 ], [ 114.223799496496312, 22.363587998478792 ], [ 114.223788565156738, 22.361476922213786 ], [ 114.224733490235764, 22.358576954740762 ], [ 114.217632415078214, 22.358104479789674 ], [ 114.217086595163352, 22.357496968724604 ], [ 114.216489297972643, 22.357206964504911 ], [ 114.214421726306881, 22.357306694381695 ], [ 114.214275975911207, 22.35717893681948 ], [ 114.21458082765956, 22.356899027313933 ], [ 114.21380623616011, 22.357032984618797 ], [ 114.214169465397575, 22.355803373541772 ], [ 114.213197159579195, 22.355762885068653 ], [ 114.210971487520681, 22.355197144840826 ], [ 114.209104728949455, 22.355917100171656 ], [ 114.208104672717667, 22.355161917675225 ], [ 114.207246987169697, 22.354970010175304 ], [ 114.2068672615911, 22.354654138071332 ], [ 114.206495903220272, 22.35679973054221 ], [ 114.206768710572732, 22.357012413053276 ], [ 114.206158908107085, 22.356978605885587 ], [ 114.206323427776937, 22.357339283337179 ], [ 114.206649176170799, 22.357457000136552 ], [ 114.206641951907727, 22.357817031483584 ], [ 114.206945034072689, 22.357808811786992 ], [ 114.206658823353223, 22.358080548882509 ], [ 114.206879180228938, 22.358124622383706 ], [ 114.207337426983258, 22.359187956219213 ], [ 114.20770922259662, 22.362491765779907 ], [ 114.208093607333751, 22.363699202323925 ], [ 114.207998330728358, 22.364650796195839 ], [ 114.208572430434771, 22.366838071601276 ], [ 114.207880245717888, 22.367571774708523 ], [ 114.207662678818537, 22.369552448298467 ], [ 114.207250055789643, 22.370218636878569 ], [ 114.207827859037906, 22.371452920330452 ], [ 114.207822251074859, 22.372831568038826 ], [ 114.208761536858773, 22.374243462887492 ], [ 114.20832432143682, 22.375088598668111 ], [ 114.208692212129506, 22.37574982344265 ], [ 114.20877749186505, 22.376549180164691 ], [ 114.210366490314684, 22.37804109945532 ], [ 114.210412162794199, 22.378552642307142 ], [ 114.208929293054098, 22.378649750491693 ], [ 114.207663495006159, 22.378460798025333 ], [ 114.20265607050213, 22.376537169460725 ], [ 114.200509685139082, 22.376557428111127 ], [ 114.200450252505917, 22.377949375558632 ], [ 114.202510775687458, 22.37793789094583 ], [ 114.204646475847028, 22.378817725486336 ], [ 114.202509836284122, 22.38165604796459 ], [ 114.207517738819973, 22.386349837020148 ], [ 114.210554424008819, 22.383585730661881 ], [ 114.210465545018664, 22.383062340080432 ], [ 114.211441567579797, 22.382918819845926 ], [ 114.214149453523802, 22.383262325998636 ], [ 114.213632973021873, 22.381030974835213 ], [ 114.213277891147058, 22.380628763375597 ], [ 114.212753866977067, 22.380465617691282 ], [ 114.213585785096001, 22.38019515626317 ], [ 114.214200198339256, 22.37936502890766 ], [ 114.215099941969967, 22.379378960428813 ], [ 114.215377144792626, 22.379936737330038 ], [ 114.215679950190335, 22.379705366051809 ], [ 114.217096502969241, 22.379833578328839 ], [ 114.217638474632579, 22.379531976507561 ], [ 114.21819277414231, 22.379553328423871 ], [ 114.218277115400952, 22.379845173442042 ], [ 114.218882479906696, 22.38011824483651 ], [ 114.219722491956915, 22.380861326863563 ], [ 114.21985767013247, 22.381278862418103 ], [ 114.220190792085234, 22.381379328377033 ], [ 114.221467374943231, 22.38069184865925 ], [ 114.222570937861761, 22.380505213652029 ], [ 114.223572319053957, 22.380526645894765 ], [ 114.224166025917626, 22.380830756820654 ], [ 114.224227273033392, 22.381418183500013 ], [ 114.223647181503679, 22.381968374465814 ], [ 114.222593698636757, 22.382465210122277 ], [ 114.221583514840859, 22.382592407651533 ], [ 114.222576647723187, 22.389238040798976 ], [ 114.224340869105674, 22.390613592963277 ], [ 114.224463493507329, 22.391597422233176 ], [ 114.2224734969694, 22.392920424142627 ], [ 114.221611004453322, 22.3930880457531 ], [ 114.220874137761612, 22.392840775962714 ], [ 114.218701165111838, 22.394632852801745 ], [ 114.219292391947832, 22.394954193815572 ], [ 114.219134376396354, 22.39570958307705 ], [ 114.219992441875092, 22.396365106666725 ], [ 114.220292093797212, 22.396365188965742 ], [ 114.219206554011606, 22.397516017784447 ], [ 114.218471099482272, 22.397770372417291 ], [ 114.218022800907178, 22.399184537896883 ], [ 114.217195457925499, 22.399516978776397 ], [ 114.217272638509911, 22.399695700256053 ], [ 114.216891757487389, 22.39988359341827 ], [ 114.21622846478526, 22.399904363990427 ], [ 114.216265866476988, 22.400085479682936 ], [ 114.215899300698723, 22.40024865052186 ], [ 114.215188606396623, 22.400313822228881 ], [ 114.215540951956228, 22.399296163037132 ], [ 114.21482309014678, 22.399092424492938 ], [ 114.215100589249531, 22.398712960460269 ], [ 114.214823899905767, 22.398498451868935 ], [ 114.214806749846062, 22.397713081843847 ], [ 114.213628179036704, 22.39724878893124 ], [ 114.212226177324936, 22.39739668742908 ], [ 114.211413153521363, 22.396936117829416 ], [ 114.210778325723453, 22.397106730246033 ], [ 114.210260807311016, 22.39596752209625 ], [ 114.208569970704843, 22.397435636323017 ], [ 114.218198141317927, 22.407354485587266 ] ] ] } },
{ "type": "Feature", "properties": { "codigo_dcca": "R36", "nombre_en": "On Tai", "nombre_zh": "鞍泰", "codigo": "R", "distrito_en": "Sha Tin", "distrito_es": "Sha Tin", "region": "Nuevos Territorios", "area_km2_poligono": 0.2358 }, "geometry": { "type": "Polygon", "coordinates": [ [ [ 114.223885987102136, 22.410767799317789 ], [ 114.222031211752963, 22.407115252927468 ], [ 114.220514400138441, 22.405488248062632 ], [ 114.218198141317941, 22.407354485587277 ], [ 114.219171736352394, 22.409083780861405 ], [ 114.219906892799614, 22.412226761938488 ], [ 114.223885987102136, 22.410767799317789 ] ] ] } },
{ "type": "Feature", "properties": { "codigo_dcca": "R34", "nombre_en": "Heng On", "nombre_zh": "恆安", "codigo": "R", "distrito_en": "Sha Tin", "distrito_es": "Sha Tin", "region": "Nuevos Territorios", "area_km2_poligono": 0.2042 }, "geometry": { "type": "Polygon", "coordinates": [ [ [ 114.229865932430201, 22.418406816392849 ], [ 114.232528411351268, 22.417109585901258 ], [ 114.229806726715907, 22.415035629807171 ], [ 114.228817255266165, 22.414511948129363 ], [ 114.227128425690495, 22.415456899773829 ], [ 114.225517933732121, 22.41581220072613 ], [ 114.225101971101921, 22.415674836361895 ], [ 114.226382405947405, 22.418845105782193 ], [ 114.227613430777893, 22.418222965909013 ], [ 114.228562793013708, 22.418438637797184 ], [ 114.229587173590659, 22.417916651791771 ], [ 114.229865932430201, 22.418406816392849 ] ] ] } },
{ "type": "Feature", "properties": { "codigo_dcca": "R23", "nombre_en": "Fo Tan", "nombre_zh": "火炭", "codigo": "R", "distrito_en": "Sha Tin", "distrito_es": "Sha Tin", "region": "Nuevos Territorios", "area_km2_poligono": 7.3384 }, "geometry": { "type": "Polygon", "coordinates": [ [ [ 114.185578892032964, 22.401057607396041 ], [ 114.185084977628094, 22.399552110407075 ], [ 114.183342420885026, 22.401252961384856 ], [ 114.181231762038166, 22.402565542978362 ], [ 114.180646184118672, 22.402557430387365 ], [ 114.180096574616599, 22.402881438752171 ], [ 114.179488149288005, 22.403731797994901 ], [ 114.178851779522006, 22.404187891706172 ], [ 114.177355563386385, 22.404341342471344 ], [ 114.177333715646185, 22.405446602526208 ], [ 114.17570824771505, 22.405697466609645 ], [ 114.175037996494183, 22.406329026495424 ], [ 114.171938635946816, 22.406684430683448 ], [ 114.171326184059083, 22.407455414931754 ], [ 114.17060837806639, 22.407134663553439 ], [ 114.169922877715607, 22.407243027838629 ], [ 114.169519384858845, 22.407550200480053 ], [ 114.168946527646568, 22.407531445187075 ], [ 114.167075431084001, 22.405902632767152 ], [ 114.166662090580459, 22.406209387316817 ], [ 114.166489356726032, 22.407342315441522 ], [ 114.165989775096733, 22.407752727779794 ], [ 114.165277818083396, 22.408954601256482 ], [ 114.165211543159387, 22.409643415522702 ], [ 114.165681039559686, 22.410158430573645 ], [ 114.165644634302581, 22.410810980516107 ], [ 114.165243220895476, 22.411324976878984 ], [ 114.167838378087879, 22.41207862837182 ], [ 114.16919477434358, 22.412927753984615 ], [ 114.173408417629204, 22.412836681316371 ], [ 114.173422673029577, 22.415720143841572 ], [ 114.185126184468842, 22.415628253680424 ], [ 114.185242928907741, 22.418346911567983 ], [ 114.198675560662977, 22.418605298908499 ], [ 114.198817761760395, 22.419422917259123 ], [ 114.200113747588034, 22.419571179223084 ], [ 114.202111927289792, 22.418175741573055 ], [ 114.201786726053768, 22.41770498780901 ], [ 114.201417519180822, 22.41795544167049 ], [ 114.200759556650794, 22.417741057382511 ], [ 114.200723104836428, 22.416265905876418 ], [ 114.201219224897756, 22.416243634844825 ], [ 114.202955721076464, 22.414604691300585 ], [ 114.203619015832302, 22.414473405864747 ], [ 114.204262037528139, 22.413343854786596 ], [ 114.205725318608458, 22.411927916996849 ], [ 114.205525829884166, 22.411046856514691 ], [ 114.204490702332421, 22.41164586690314 ], [ 114.201633332833481, 22.410978923030253 ], [ 114.202077075224437, 22.40972193616286 ], [ 114.202805942776138, 22.40885257243691 ], [ 114.202265940971046, 22.408183670204028 ], [ 114.202657378090791, 22.407761604064227 ], [ 114.202194919251468, 22.407344052960788 ], [ 114.201684227611949, 22.407550515228845 ], [ 114.201295467986114, 22.407080744892628 ], [ 114.202778075041238, 22.405432800173447 ], [ 114.20326725892474, 22.405400409807683 ], [ 114.20336033122382, 22.405159695658032 ], [ 114.204148573215448, 22.404930234890273 ], [ 114.205454277996665, 22.40411665001627 ], [ 114.203478847636703, 22.402877108970063 ], [ 114.201619894813277, 22.401087586193064 ], [ 114.200324971784013, 22.398986480467531 ], [ 114.201332944943957, 22.398425373933588 ], [ 114.200928315993522, 22.397796225157329 ], [ 114.201361722372923, 22.397553365789044 ], [ 114.203585327759484, 22.401103148588245 ], [ 114.205500052079799, 22.403369548638594 ], [ 114.207187125821875, 22.404756686669177 ], [ 114.209379123727246, 22.406076022390277 ], [ 114.213590699120545, 22.402627582239553 ], [ 114.200009330911101, 22.388448831232498 ], [ 114.199315383114154, 22.389488422920589 ], [ 114.198137899459326, 22.389057772469339 ], [ 114.197010148663452, 22.391163156011462 ], [ 114.196963718899653, 22.391353389580257 ], [ 114.198382540607398, 22.392253666386441 ], [ 114.198878167627541, 22.393030214655674 ], [ 114.197547035298456, 22.394099314219062 ], [ 114.196844887682389, 22.39326594058118 ], [ 114.19642879547574, 22.395058999504865 ], [ 114.191209968874418, 22.399951030376929 ], [ 114.190244691114458, 22.400578354993314 ], [ 114.188104929247586, 22.40350213355692 ], [ 114.187633608763107, 22.403689204553011 ], [ 114.186725885320854, 22.402999225785496 ], [ 114.185306839154791, 22.402787441766424 ], [ 114.185578892032964, 22.401057607396041 ] ] ] } },
{ "type": "Feature", "properties": { "codigo_dcca": "R33", "nombre_en": "Yiu On", "nombre_zh": "耀安", "codigo": "R", "distrito_en": "Sha Tin", "distrito_es": "Sha Tin", "region": "Nuevos Territorios", "area_km2_poligono": 0.1105 }, "geometry": { "type": "Polygon", "coordinates": [ [ [ 114.231730601815102, 22.417467646629259 ], [ 114.229765200499401, 22.418457672972135 ], [ 114.229319163387586, 22.419092471671455 ], [ 114.229406982702571, 22.419931979819257 ], [ 114.230783402944581, 22.422094072953097 ], [ 114.23241090097612, 22.421147605842862 ], [ 114.232235413348718, 22.418643703659122 ], [ 114.231730601815102, 22.417467646629259 ] ] ] } },
{ "type": "Feature", "properties": { "codigo_dcca": "R26", "nombre_en": "Chung On", "nombre_zh": "頌安", "codigo": "R", "distrito_en": "Sha Tin", "distrito_es": "Sha Tin", "region": "Nuevos Territorios", "area_km2_poligono": 0.3034 }, "geometry": { "type": "Polygon", "coordinates": [ [ [ 114.226200283024454, 22.418366651454527 ], [ 114.224796744908929, 22.418814556642541 ], [ 114.22442834956982, 22.418686546130683 ], [ 114.221978802964955, 22.419564672128928 ], [ 114.222523312497344, 22.421492959480894 ], [ 114.224250569956624, 22.420823285245923 ], [ 114.224540072945302, 22.420388842976323 ], [ 114.226501839781733, 22.419376684525073 ], [ 114.227027070122674, 22.420742860986888 ], [ 114.226057860626156, 22.421023140142392 ], [ 114.226290313620211, 22.421766963886846 ], [ 114.22529169606473, 22.422193089644416 ], [ 114.226605221227999, 22.424547712239654 ], [ 114.230783402944581, 22.422094072953097 ], [ 114.229339259826503, 22.419739742913698 ], [ 114.229352040388306, 22.41898622640846 ], [ 114.229865932430215, 22.418406816392846 ], [ 114.229587173590673, 22.417916651791803 ], [ 114.228562793013751, 22.418438637797188 ], [ 114.227613430777893, 22.41822296590901 ], [ 114.226382405947419, 22.418845105782161 ], [ 114.226200283024454, 22.418366651454527 ] ] ] } },
{ "type": "Feature", "properties": { "codigo_dcca": "R35", "nombre_en": "Tai Shui Hang", "nombre_zh": "大水坑", "codigo": "R", "distrito_en": "Sha Tin", "distrito_es": "Sha Tin", "region": "Nuevos Territorios", "area_km2_poligono": 9.2902 }, "geometry": { "type": "Polygon", "coordinates": [ [ [ 114.248212465831855, 22.423456306044219 ], [ 114.248386840888315, 22.416790481095603 ], [ 114.249011219524576, 22.415073292001072 ], [ 114.248479069913813, 22.414190166865371 ], [ 114.250941454758333, 22.41168995996113 ], [ 114.251786187477236, 22.410404504985685 ], [ 114.252069461750764, 22.409081009428295 ], [ 114.251664101632784, 22.408096260098798 ], [ 114.251792166200786, 22.405978866494621 ], [ 114.252363400988415, 22.405271377525391 ], [ 114.253510984855666, 22.404748495463238 ], [ 114.253563955173988, 22.403849367194073 ], [ 114.253027250689485, 22.403100387900707 ], [ 114.254062210831449, 22.401987159049508 ], [ 114.254384918491652, 22.401300822231349 ], [ 114.253462543456834, 22.400392902237137 ], [ 114.252746126484254, 22.39911622817484 ], [ 114.252855242833988, 22.397112218297387 ], [ 114.252207289962101, 22.395397014875517 ], [ 114.252465155078085, 22.394073519064182 ], [ 114.252325821584506, 22.392565886834749 ], [ 114.252781737643502, 22.390227710698863 ], [ 114.253450673308535, 22.38913281601533 ], [ 114.254439725236651, 22.388603761562376 ], [ 114.254444178716653, 22.386741649585684 ], [ 114.246540075166521, 22.386992666747812 ], [ 114.24723454768052, 22.386174616719753 ], [ 114.247520865052863, 22.385310993909457 ], [ 114.24737506138915, 22.384521248531748 ], [ 114.246761420285026, 22.383571204657098 ], [ 114.240279340577061, 22.386481867661203 ], [ 114.239672129948246, 22.387030518880476 ], [ 114.239511062513216, 22.387514318989346 ], [ 114.237412043410203, 22.389361298983417 ], [ 114.23508555099589, 22.392193914445503 ], [ 114.234263675283998, 22.392799451229077 ], [ 114.232014118514911, 22.393534478046448 ], [ 114.229837063092049, 22.396632300122089 ], [ 114.229404444733063, 22.397850177910769 ], [ 114.22834918099386, 22.398869293883614 ], [ 114.227709064495741, 22.400219087172598 ], [ 114.226951358926186, 22.400789834804236 ], [ 114.225711199172338, 22.402408949812578 ], [ 114.223710459188013, 22.403337561583008 ], [ 114.222747788819319, 22.403546334003234 ], [ 114.221286099763645, 22.404477425696154 ], [ 114.220745995269624, 22.404358262357739 ], [ 114.220442846396836, 22.404597679708214 ], [ 114.221066887626762, 22.405073363221508 ], [ 114.220514400138455, 22.405488248062628 ], [ 114.222031211752963, 22.407115252927468 ], [ 114.224576683146552, 22.411840304234364 ], [ 114.224368408397282, 22.413402938193148 ], [ 114.225101971101921, 22.415674836361895 ], [ 114.225517933732121, 22.41581220072613 ], [ 114.227128425690495, 22.415456899773829 ], [ 114.228817255266165, 22.414511948129363 ], [ 114.230564950443622, 22.415566254631131 ], [ 114.23369648499326, 22.418063944912678 ], [ 114.236513278757059, 22.421001040945093 ], [ 114.237980665827678, 22.422162922436605 ], [ 114.243273904323132, 22.424718750555119 ], [ 114.24650703812739, 22.424143357498838 ], [ 114.248212465831855, 22.423456306044219 ] ] ] } },
{ "type": "Feature", "properties": { "codigo_dcca": "R32", "nombre_en": "Kam Ying", "nombre_zh": "錦英", "codigo": "R", "distrito_en": "Sha Tin", "distrito_es": "Sha Tin", "region": "Nuevos Territorios", "area_km2_poligono": 0.3147 }, "geometry": { "type": "Polygon", "coordinates": [ [ [ 114.239798914125387, 22.424115263073514 ], [ 114.240214852109787, 22.423212369012873 ], [ 114.237222374180249, 22.421623176071215 ], [ 114.232528411351268, 22.417109585901258 ], [ 114.231730601815102, 22.417467646629259 ], [ 114.232235413348718, 22.418643703659122 ], [ 114.23241090097612, 22.421147605842862 ], [ 114.228502544712498, 22.423426525787768 ], [ 114.22964882769142, 22.424131235034604 ], [ 114.229887456816812, 22.423471643797068 ], [ 114.230178189407184, 22.423287290227648 ], [ 114.232486816140877, 22.423872941553736 ], [ 114.233016271603262, 22.423674873493404 ], [ 114.233315349359017, 22.424007840239341 ], [ 114.233182751868156, 22.42448353069031 ], [ 114.234214575992056, 22.424778373719796 ], [ 114.233996185768831, 22.423836644855989 ], [ 114.232540140105769, 22.421847938129726 ], [ 114.233782296188281, 22.421609868065442 ], [ 114.234706624025506, 22.421972302944763 ], [ 114.236865264412273, 22.423838494012454 ], [ 114.237670498848573, 22.423993959463282 ], [ 114.239197063492, 22.423789839538294 ], [ 114.239798914125387, 22.424115263073514 ] ] ] } },
{ "type": "Feature", "properties": { "codigo_dcca": "R31", "nombre_en": "Fu Lung", "nombre_zh": "富龍", "codigo": "R", "distrito_en": "Sha Tin", "distrito_es": "Sha Tin", "region": "Nuevos Territorios", "area_km2_poligono": 0.2107 }, "geometry": { "type": "Polygon", "coordinates": [ [ [ 114.239798914125387, 22.424115263073514 ], [ 114.239197063492, 22.423789839538294 ], [ 114.237670498848573, 22.423993959463282 ], [ 114.236865264412273, 22.423838494012454 ], [ 114.234163067714235, 22.421681796621709 ], [ 114.23357094689888, 22.421602609671936 ], [ 114.232540140105769, 22.421847938129726 ], [ 114.234071363767711, 22.423997071724266 ], [ 114.234092340714398, 22.425409574975067 ], [ 114.238260137116526, 22.425997155953294 ], [ 114.240273569428169, 22.427280645538584 ], [ 114.241180116428183, 22.425761136699439 ], [ 114.239971224676609, 22.425378080478762 ], [ 114.240021323493593, 22.424664283245853 ], [ 114.239798914125387, 22.424115263073514 ] ] ] } },
{ "type": "Feature", "properties": { "codigo_dcca": "R30", "nombre_en": "Lee On", "nombre_zh": "利安", "codigo": "R", "distrito_en": "Sha Tin", "distrito_es": "Sha Tin", "region": "Nuevos Territorios", "area_km2_poligono": 0.4104 }, "geometry": { "type": "Polygon", "coordinates": [ [ [ 114.247522324245054, 22.428971057616266 ], [ 114.247048207526475, 22.427729963256578 ], [ 114.247241907002078, 22.427620366442806 ], [ 114.247897611880433, 22.427862700935314 ], [ 114.249341496178928, 22.425774729317986 ], [ 114.248853895363425, 22.425340076040463 ], [ 114.248633864987283, 22.42434912478166 ], [ 114.249428746524558, 22.422421404528194 ], [ 114.248334004684466, 22.419942205114719 ], [ 114.248212465831855, 22.423456306044219 ], [ 114.24650703812739, 22.424143357498838 ], [ 114.243273904323132, 22.424718750555119 ], [ 114.240214852109787, 22.423212369012873 ], [ 114.239798914125387, 22.424115263073514 ], [ 114.240021323493593, 22.424664283245853 ], [ 114.239971224676609, 22.425378080478762 ], [ 114.241180116428183, 22.425761136699439 ], [ 114.240224565072779, 22.427362788675854 ], [ 114.242282837523717, 22.428982070231967 ], [ 114.242682591604193, 22.42770942433075 ], [ 114.242903215135229, 22.427630118962519 ], [ 114.244120406862464, 22.428046354660747 ], [ 114.244657679324362, 22.427725051623845 ], [ 114.24548067340892, 22.427824328122572 ], [ 114.247522324245054, 22.428971057616266 ] ] ] } },
{ "type": "Feature", "properties": { "codigo_dcca": "R27", "nombre_en": "Kam To", "nombre_zh": "錦濤", "codigo": "R", "distrito_en": "Sha Tin", "distrito_es": "Sha Tin", "region": "Nuevos Territorios", "area_km2_poligono": 0.3611 }, "geometry": { "type": "Polygon", "coordinates": [ [ [ 114.22964882769142, 22.424131235034604 ], [ 114.228502544712498, 22.423426525787768 ], [ 114.226605221228041, 22.42454771223964 ], [ 114.22529169606473, 22.422193089644416 ], [ 114.226290313620169, 22.421766963886846 ], [ 114.226057860626113, 22.421023140142392 ], [ 114.227027070122645, 22.420742860986866 ], [ 114.226501839781719, 22.419376684525059 ], [ 114.224540072945317, 22.420388842976323 ], [ 114.224250569956624, 22.420823285245923 ], [ 114.222523312497344, 22.421492959480869 ], [ 114.224568747811247, 22.429004901346662 ], [ 114.22905112980466, 22.426426263135312 ], [ 114.229276313448096, 22.425360928437485 ], [ 114.228434707849416, 22.425136846336695 ], [ 114.228631079096559, 22.424527732152196 ], [ 114.2288735370593, 22.424594199806638 ], [ 114.228943960543802, 22.42436619373057 ], [ 114.229527048616063, 22.424525690497969 ], [ 114.22964882769142, 22.424131235034604 ] ] ] } },
{ "type": "Feature", "properties": { "codigo_dcca": "R28", "nombre_en": "Ma On Shan Town Centre", "nombre_zh": "馬鞍山市中心", "codigo": "R", "distrito_en": "Sha Tin", "distrito_es": "Sha Tin", "region": "Nuevos Territorios", "area_km2_poligono": 0.8057 }, "geometry": { "type": "Polygon", "coordinates": [ [ [ 114.233617983376746, 22.427373698609319 ], [ 114.234214575992056, 22.424778373719796 ], [ 114.233182751868156, 22.42448353069031 ], [ 114.233315349359017, 22.424007840239341 ], [ 114.233016271603262, 22.423674873493404 ], [ 114.232486816140877, 22.423872941553736 ], [ 114.230096346293195, 22.423312927660394 ], [ 114.229527048616063, 22.424525690497969 ], [ 114.228943960543802, 22.42436619373057 ], [ 114.2288735370593, 22.424594199806638 ], [ 114.228631079096559, 22.424527732152196 ], [ 114.228434707849416, 22.425136846336695 ], [ 114.229276313448096, 22.425360928437485 ], [ 114.22905112980466, 22.426426263135312 ], [ 114.224568747811247, 22.429004901346662 ], [ 114.227272903846682, 22.438992199334333 ], [ 114.233617983376746, 22.427373698609319 ] ] ] } },
{ "type": "Feature", "properties": { "codigo_dcca": "R29", "nombre_en": "Wu Kai Sha", "nombre_zh": "烏溪沙", "codigo": "R", "distrito_en": "Sha Tin", "distrito_es": "Sha Tin", "region": "Nuevos Territorios", "area_km2_poligono": 2.5082 }, "geometry": { "type": "Polygon", "coordinates": [ [ [ 114.227272903846682, 22.438992199334333 ], [ 114.249607930631427, 22.438961245153283 ], [ 114.249718248160463, 22.432436877529337 ], [ 114.249115735191879, 22.431940472767163 ], [ 114.249487402467565, 22.431415952073735 ], [ 114.248003401756051, 22.429902113325799 ], [ 114.248606210878648, 22.429657933684762 ], [ 114.24880519085751, 22.429293420640885 ], [ 114.247522324245054, 22.428971057616266 ], [ 114.24548067340892, 22.427824328122572 ], [ 114.244657679324362, 22.427725051623845 ], [ 114.244120406862464, 22.428046354660747 ], [ 114.242969140522391, 22.427630236473053 ], [ 114.242682591604193, 22.42770942433075 ], [ 114.242282837523717, 22.428982070231967 ], [ 114.238571158467096, 22.426106116468624 ], [ 114.234092340714398, 22.425409574975067 ], [ 114.233617983376746, 22.427373698609319 ], [ 114.227272903846682, 22.438992199334333 ] ] ] } },
{ "type": "Feature", "properties": { "codigo_dcca": "R24", "nombre_en": "Chun Ma", "nombre_zh": "駿馬", "codigo": "R", "distrito_en": "Sha Tin", "distrito_es": "Sha Tin", "region": "Nuevos Territorios", "area_km2_poligono": 5.9509 }, "geometry": { "type": "Polygon", "coordinates": [ [ [ 114.227272903846682, 22.438992199334333 ], [ 114.219276988419921, 22.409407261640805 ], [ 114.218633935218037, 22.407951885208533 ], [ 114.213590699120545, 22.402627582239568 ], [ 114.209379123727246, 22.406076022390241 ], [ 114.207918529439311, 22.40524419461482 ], [ 114.205992465412436, 22.403818484142509 ], [ 114.204425467538385, 22.402216116164176 ], [ 114.201361722372923, 22.397553365789008 ], [ 114.200928315993494, 22.397796225157279 ], [ 114.201332944943971, 22.398425373933584 ], [ 114.200324971784013, 22.398986480467531 ], [ 114.200431693452785, 22.39940212102842 ], [ 114.201619894813291, 22.401087586193061 ], [ 114.202945524958096, 22.402452103190271 ], [ 114.205454277996665, 22.404116650016253 ], [ 114.204148573215434, 22.404930234890244 ], [ 114.203360331223806, 22.405159695658032 ], [ 114.20326725892474, 22.405400409807658 ], [ 114.202778075041252, 22.405432800173408 ], [ 114.201295467986085, 22.407080744892635 ], [ 114.201684227611949, 22.407550515228806 ], [ 114.202194919251468, 22.407344052960784 ], [ 114.202657378090791, 22.407761604064227 ], [ 114.202265940971046, 22.408183670204028 ], [ 114.202805942776138, 22.408852572436906 ], [ 114.202077075224423, 22.409721936162839 ], [ 114.201633332833481, 22.410978923030239 ], [ 114.204490702332421, 22.411645866903122 ], [ 114.205525829884124, 22.411046856514673 ], [ 114.205725318608458, 22.411927916996834 ], [ 114.204262037528139, 22.413343854786579 ], [ 114.203619015832288, 22.41447340586474 ], [ 114.202955721076421, 22.414604691300589 ], [ 114.201219224897756, 22.416243634844843 ], [ 114.200723104836413, 22.416265905876401 ], [ 114.20075955665078, 22.417741057382507 ], [ 114.201417519180822, 22.417955441670482 ], [ 114.201786726053768, 22.417704987809003 ], [ 114.202111927289792, 22.418175741573055 ], [ 114.200193942844166, 22.419545575262301 ], [ 114.198817761760381, 22.419422917259116 ], [ 114.199203269637707, 22.421639378403206 ], [ 114.200126396373193, 22.42168344314398 ], [ 114.200242897095222, 22.422218500310471 ], [ 114.200052829225299, 22.422557333265516 ], [ 114.200531154779384, 22.424348621748958 ], [ 114.201002916395367, 22.424454614823865 ], [ 114.202329966955631, 22.42539362558357 ], [ 114.202515378737289, 22.425045299778496 ], [ 114.202222763779645, 22.424874399103768 ], [ 114.202486124296556, 22.423364064325142 ], [ 114.202202550938665, 22.422898714351291 ], [ 114.202388195260042, 22.422829005922278 ], [ 114.203163944968324, 22.423395543903489 ], [ 114.203544346048261, 22.423059827612633 ], [ 114.203362802728847, 22.422474131625613 ], [ 114.203529861699096, 22.422388603532372 ], [ 114.203687963374847, 22.422698846538061 ], [ 114.203980347797668, 22.422597448613015 ], [ 114.203290071516193, 22.424323197189025 ], [ 114.203406461121219, 22.42470943868236 ], [ 114.20365711329228, 22.424665039561798 ], [ 114.204727577559041, 22.426094012398163 ], [ 114.205044216034139, 22.426056300337784 ], [ 114.205208470363814, 22.425202322701047 ], [ 114.206149302195485, 22.425530918234852 ], [ 114.206624394584523, 22.42545744065395 ], [ 114.207718432045922, 22.426715884768743 ], [ 114.214707578525775, 22.431361450886484 ], [ 114.227272903846682, 22.438992199334333 ] ] ] } },
{ "type": "Feature", "properties": { "codigo_dcca": "R10", "nombre_en": "Jat Chuen", "nombre_zh": "乙泉", "codigo": "R", "distrito_en": "Sha Tin", "distrito_es": "Sha Tin", "region": "Nuevos Territorios", "area_km2_poligono": 0.7026 }, "geometry": { "type": "Polygon", "coordinates": [ [ [ 114.197088992917529, 22.371343305182943 ], [ 114.196167111347663, 22.371403412772782 ], [ 114.196374478706829, 22.370499603608273 ], [ 114.197258315085293, 22.368758044571265 ], [ 114.196408246503964, 22.36881251345136 ], [ 114.194574770075064, 22.367488016809965 ], [ 114.193878919936893, 22.367533768055729 ], [ 114.19319649156914, 22.367862730768046 ], [ 114.1924086163542, 22.368604828253787 ], [ 114.192226889825832, 22.369722132672972 ], [ 114.191954452059292, 22.370079767666315 ], [ 114.190871092834286, 22.37109738105827 ], [ 114.189907890389122, 22.371662375979088 ], [ 114.190097206544436, 22.372877491387062 ], [ 114.189873057569258, 22.373594398586729 ], [ 114.188001202847261, 22.375238149815143 ], [ 114.186965824500433, 22.376591876580356 ], [ 114.190210779573093, 22.378251795429119 ], [ 114.193385962003575, 22.381598350562797 ], [ 114.194276624683212, 22.380874893838257 ], [ 114.19176996057567, 22.37825391665498 ], [ 114.193873492749518, 22.376550623138804 ], [ 114.192888125668816, 22.375925856294277 ], [ 114.191093594301023, 22.375266371111024 ], [ 114.192184637482782, 22.373558949660193 ], [ 114.196682964329582, 22.374779713666854 ], [ 114.198393069875351, 22.376067727342296 ], [ 114.198781573347659, 22.375832167892273 ], [ 114.199114060288849, 22.374248401892487 ], [ 114.199359225628825, 22.374069371386465 ], [ 114.198960791922516, 22.373786506418899 ], [ 114.198053104872145, 22.374076717445586 ], [ 114.197585225444683, 22.37396148614884 ], [ 114.197557087803034, 22.372975929320823 ], [ 114.197202248257184, 22.372350128284751 ], [ 114.197088992917529, 22.371343305182943 ] ] ] } },
{ "type": "Feature", "properties": { "codigo_dcca": "R22", "nombre_en": "Sui Wo", "nombre_zh": "穗禾", "codigo": "R", "distrito_en": "Sha Tin", "distrito_es": "Sha Tin", "region": "Nuevos Territorios", "area_km2_poligono": 3.9548 }, "geometry": { "type": "Polygon", "coordinates": [ [ [ 114.169147313106961, 22.407586269975965 ], [ 114.17060837806639, 22.407134663553439 ], [ 114.171326184059083, 22.407455414931754 ], [ 114.171938635946816, 22.406684430683448 ], [ 114.175037996494183, 22.406329026495424 ], [ 114.17570824771505, 22.405697466609645 ], [ 114.177198245047236, 22.405519749926579 ], [ 114.177429863200217, 22.40530844550187 ], [ 114.177355563386385, 22.404341342471344 ], [ 114.178851779522006, 22.404187891706172 ], [ 114.179488149288005, 22.403731797994901 ], [ 114.180096574616599, 22.402881438752171 ], [ 114.180646184118672, 22.402557430387365 ], [ 114.181231762038166, 22.402565542978362 ], [ 114.183342420885026, 22.401252961384856 ], [ 114.185084977628094, 22.399552110407075 ], [ 114.185578892032964, 22.401057607396041 ], [ 114.185306839154791, 22.402787441766424 ], [ 114.186725885320854, 22.402999225785496 ], [ 114.187633608763107, 22.403689204553011 ], [ 114.18805741109405, 22.403535099093524 ], [ 114.190244691114458, 22.400578354993314 ], [ 114.191209968874418, 22.399951030376929 ], [ 114.19642879547574, 22.395058999504865 ], [ 114.196844887682389, 22.39326594058118 ], [ 114.196589057973583, 22.393466295878842 ], [ 114.195942662546841, 22.39271801498694 ], [ 114.194921736482939, 22.392616006313105 ], [ 114.194815671271925, 22.391700179595414 ], [ 114.193899744345259, 22.391564297349056 ], [ 114.19365697371849, 22.391351988301434 ], [ 114.193681700679917, 22.390730857899438 ], [ 114.193092958909617, 22.390744942540461 ], [ 114.192605137403191, 22.391144103471774 ], [ 114.191714470514043, 22.392432246178995 ], [ 114.191177949584116, 22.391995136525477 ], [ 114.191209015867017, 22.391152496494367 ], [ 114.191578418565996, 22.390862132193845 ], [ 114.191491246987709, 22.390523441617145 ], [ 114.190960856136712, 22.390031867541182 ], [ 114.190345133511826, 22.389976183798993 ], [ 114.190158570530045, 22.389589792519342 ], [ 114.189460294995911, 22.389388594440884 ], [ 114.188679026690181, 22.3880814500295 ], [ 114.188483893098848, 22.388239769180199 ], [ 114.187908185392672, 22.388156566301674 ], [ 114.187724892652213, 22.387872875987071 ], [ 114.185871732670037, 22.388375294639069 ], [ 114.185646343876556, 22.389571399067023 ], [ 114.18483350823854, 22.38871780459889 ], [ 114.18381585450372, 22.388448679082458 ], [ 114.181605557670665, 22.389492560728826 ], [ 114.180985706737133, 22.389518152245483 ], [ 114.180571324386847, 22.389082196088463 ], [ 114.18015869191683, 22.387801966651821 ], [ 114.180128157737812, 22.38723180741162 ], [ 114.180478597050779, 22.386513530437323 ], [ 114.180063121931383, 22.385819579899977 ], [ 114.180178432336461, 22.385303772261405 ], [ 114.179627330624783, 22.385316678297588 ], [ 114.179489886110275, 22.385744239659012 ], [ 114.179346100815323, 22.385690952851792 ], [ 114.179281078419081, 22.387329496533052 ], [ 114.178934825962642, 22.387402034526698 ], [ 114.179197772650639, 22.388029471329752 ], [ 114.179191855598205, 22.388990824206761 ], [ 114.178598902192064, 22.390306659276277 ], [ 114.178223541162581, 22.390648955593175 ], [ 114.176356199417796, 22.391398981225183 ], [ 114.17542993988215, 22.392291678256399 ], [ 114.173828259117585, 22.392903600097409 ], [ 114.172637326467836, 22.393778250926001 ], [ 114.171429537088812, 22.394218750506464 ], [ 114.171116897607519, 22.394897156884575 ], [ 114.169594006025179, 22.395095017556621 ], [ 114.168176191653515, 22.394920631340398 ], [ 114.167634759281086, 22.395678677204756 ], [ 114.167693687864968, 22.397450628884059 ], [ 114.166727352323832, 22.398189944138608 ], [ 114.166214544703408, 22.398259915755315 ], [ 114.166444362886736, 22.398560312426408 ], [ 114.165981074285853, 22.398607276743761 ], [ 114.166122000387986, 22.399073332498403 ], [ 114.166961532003455, 22.399451953771997 ], [ 114.167255650899051, 22.400362192174711 ], [ 114.167892037787638, 22.401020091817394 ], [ 114.167275579235522, 22.401921788400472 ], [ 114.167691761830156, 22.402547779802866 ], [ 114.167187663065818, 22.402571076290965 ], [ 114.167346245848293, 22.40314499211453 ], [ 114.167086158948706, 22.403921581649133 ], [ 114.167214886410321, 22.404526786384697 ], [ 114.167721281010103, 22.404999571408414 ], [ 114.167075431084001, 22.405902632767152 ], [ 114.169147313106961, 22.407586269975965 ] ] ] } },
{ "type": "Feature", "properties": { "codigo_dcca": "R25", "nombre_en": "Hoi Nam", "nombre_zh": "海嵐", "codigo": "R", "distrito_en": "Sha Tin", "distrito_es": "Sha Tin", "region": "Nuevos Territorios", "area_km2_poligono": 0.3705 }, "geometry": { "type": "Polygon", "coordinates": [ [ [ 114.221978802964955, 22.419564672128928 ], [ 114.22442834956982, 22.418686546130683 ], [ 114.224796744908929, 22.418814556642541 ], [ 114.226200283024454, 22.418366651454527 ], [ 114.225355115210036, 22.41649592060574 ], [ 114.224368408397282, 22.413402938193148 ], [ 114.224576683146552, 22.411840304234399 ], [ 114.223885987102136, 22.410767799317789 ], [ 114.219906892799614, 22.412226761938488 ], [ 114.221978802964955, 22.419564672128928 ] ] ] } },
{ "type": "Feature", "properties": { "codigo_dcca": "R38", "nombre_en": "Di Yee", "nombre_zh": "帝怡", "codigo": "R", "distrito_en": "Sha Tin", "distrito_es": "Sha Tin", "region": "Nuevos Territorios", "area_km2_poligono": 0.1665 }, "geometry": { "type": "Polygon", "coordinates": [ [ [ 114.211758071427212, 22.383752287108969 ], [ 114.212338902499454, 22.383756171135555 ], [ 114.213894186421271, 22.384324247601807 ], [ 114.2166722363161, 22.384230112427989 ], [ 114.216293737849639, 22.383767572487198 ], [ 114.21647109386069, 22.38334227102299 ], [ 114.216062422738858, 22.383133296885489 ], [ 114.215987897045679, 22.382609083439483 ], [ 114.215636251523151, 22.382369218040576 ], [ 114.215375661600717, 22.382589816358575 ], [ 114.215705591198557, 22.382918897255667 ], [ 114.215264447665177, 22.383009138112026 ], [ 114.215055539404474, 22.382762952340325 ], [ 114.213966072576866, 22.383298156151465 ], [ 114.211441567579769, 22.382918819845941 ], [ 114.21046554501865, 22.383062340080446 ], [ 114.210554424008834, 22.383585730661903 ], [ 114.204059820495317, 22.389636164557491 ], [ 114.204966432658111, 22.390209410203759 ], [ 114.209465038667858, 22.385945692387406 ], [ 114.210701434984202, 22.384447134398108 ], [ 114.211758071427212, 22.383752287108969 ] ] ] } },
{ "type": "Feature", "properties": { "codigo_dcca": "D05", "nombre_en": "Lei Tung II", "nombre_zh": "利東二", "codigo": "D", "distrito_en": "Southern", "distrito_es": "Sur", "region": "Isla de Hong Kong", "area_km2_poligono": 0.1097 }, "geometry": { "type": "Polygon", "coordinates": [ [ [ 114.157440680740493, 22.240891973865512 ], [ 114.157449049216424, 22.240405122177361 ], [ 114.1546475775, 22.240348909445508 ], [ 114.15342284113683, 22.23981074395553 ], [ 114.153012205471356, 22.240814869020983 ], [ 114.153025997976641, 22.241686331698691 ], [ 114.153400025399975, 22.24202955184635 ], [ 114.154238520902737, 22.242016124470691 ], [ 114.154427654456669, 22.242196764225056 ], [ 114.154285269671092, 22.242734864655603 ], [ 114.1560644144637, 22.243514476214411 ], [ 114.156072805354114, 22.242462276796857 ], [ 114.156852621985749, 22.242462374460793 ], [ 114.157098093149457, 22.242075448845284 ], [ 114.156969363929605, 22.241206967923372 ], [ 114.157143899668597, 22.240893789875148 ], [ 114.157440680740493, 22.240891973865512 ] ] ] } },
{ "type": "Feature", "properties": { "codigo_dcca": "D04", "nombre_en": "Lei Tung I", "nombre_zh": "利東一", "codigo": "D", "distrito_en": "Southern", "distrito_es": "Sur", "region": "Isla de Hong Kong", "area_km2_poligono": 2.1375 }, "geometry": { "type": "Polygon", "coordinates": [ [ [ 114.157296215872705, 22.243637003560316 ], [ 114.157643418278866, 22.243399781889245 ], [ 114.158932484003941, 22.243441903457907 ], [ 114.159486131616802, 22.243221696169538 ], [ 114.1590552699341, 22.242103922495566 ], [ 114.160611427670631, 22.240828709211247 ], [ 114.161139237348294, 22.239234059926648 ], [ 114.160648019240071, 22.23845287574791 ], [ 114.160701941577258, 22.238132029931272 ], [ 114.160997913338591, 22.238009873849172 ], [ 114.160916954909581, 22.237831591208298 ], [ 114.160554507756672, 22.237946813973398 ], [ 114.160882614607999, 22.237669739915738 ], [ 114.160536985934812, 22.237469061909582 ], [ 114.160935396569457, 22.237389739667101 ], [ 114.160899952759422, 22.237208065907645 ], [ 114.160585093326972, 22.237270102668589 ], [ 114.160839466926816, 22.236990908113764 ], [ 114.160631163864835, 22.236392712940368 ], [ 114.163148080982651, 22.236441682703521 ], [ 114.166242505538079, 22.227038633818061 ], [ 114.161694244107963, 22.221920035922881 ], [ 114.149133406820312, 22.231512196284697 ], [ 114.15389918278909, 22.23689043321243 ], [ 114.154322310356406, 22.238399835758738 ], [ 114.15342284113683, 22.23981074395553 ], [ 114.1546475775, 22.240348909445508 ], [ 114.157449049216424, 22.240405122177361 ], [ 114.157440680740493, 22.240891973865512 ], [ 114.157143899668597, 22.240893789875148 ], [ 114.156969363929605, 22.241206967923372 ], [ 114.157098093149457, 22.242075448845284 ], [ 114.156852621985749, 22.242462374460793 ], [ 114.156072805354114, 22.242462276796857 ], [ 114.1560644144637, 22.243514476214411 ], [ 114.157296215872705, 22.243637003560316 ] ] ] } },
{ "type": "Feature", "properties": { "codigo_dcca": "D06", "nombre_en": "South Horizons East", "nombre_zh": "海怡東", "codigo": "D", "distrito_en": "Southern", "distrito_es": "Sur", "region": "Isla de Hong Kong", "area_km2_poligono": 1.0309 }, "geometry": { "type": "Polygon", "coordinates": [ [ [ 114.151535383741376, 22.243414118053217 ], [ 114.153600038459103, 22.242702609968259 ], [ 114.154285269671092, 22.242734864655581 ], [ 114.154427654456683, 22.242196764225028 ], [ 114.154238520902709, 22.242016124470688 ], [ 114.153507329563425, 22.242054961541616 ], [ 114.153076302937919, 22.241815586144163 ], [ 114.153007943563949, 22.240892189086058 ], [ 114.153673702709312, 22.23929432417593 ], [ 114.154286256320873, 22.238567566681226 ], [ 114.154269496994871, 22.237882388315622 ], [ 114.15389918278909, 22.236890433212423 ], [ 114.149133406820297, 22.231512196284708 ], [ 114.141896471755501, 22.237037684371224 ], [ 114.14745127846507, 22.243149491846694 ], [ 114.148820720149217, 22.242843467074707 ], [ 114.149128617095286, 22.244239599366633 ], [ 114.150635782860618, 22.243958272629051 ], [ 114.151535383741376, 22.243414118053217 ] ] ] } },
{ "type": "Feature", "properties": { "codigo_dcca": "D07", "nombre_en": "South Horizons West", "nombre_zh": "海怡西", "codigo": "D", "distrito_en": "Southern", "distrito_es": "Sur", "region": "Isla de Hong Kong", "area_km2_poligono": 0.3267 }, "geometry": { "type": "Polygon", "coordinates": [ [ [ 114.149128617095286, 22.244239599366633 ], [ 114.148820720149217, 22.242843467074707 ], [ 114.14745127846507, 22.243149491846694 ], [ 114.141896471755501, 22.237037684371224 ], [ 114.139607177765484, 22.238785433719642 ], [ 114.145166990654445, 22.244852059114997 ], [ 114.147201785972754, 22.244995127302811 ], [ 114.148176136020169, 22.245575929218163 ], [ 114.148084761152262, 22.244636307389641 ], [ 114.148251474346594, 22.244325690533415 ], [ 114.149128617095286, 22.244239599366633 ] ] ] } },
{ "type": "Feature", "properties": { "codigo_dcca": "D02", "nombre_en": "Ap Lei Chau Estate", "nombre_zh": "鴨脷洲邨", "codigo": "D", "distrito_en": "Southern", "distrito_es": "Sur", "region": "Isla de Hong Kong", "area_km2_poligono": 0.0917 }, "geometry": { "type": "Polygon", "coordinates": [ [ [ 114.15348711209765, 22.244757181337466 ], [ 114.153734708367423, 22.244210427270122 ], [ 114.151535383741376, 22.243414118053217 ], [ 114.150635782860618, 22.243958272629051 ], [ 114.148251474346594, 22.244325690533415 ], [ 114.148084761152262, 22.244636307389641 ], [ 114.148176136020169, 22.245575929218163 ], [ 114.148376762950136, 22.245704407744977 ], [ 114.149401656705109, 22.245528178652453 ], [ 114.150755494645054, 22.24571713347877 ], [ 114.15348711209765, 22.244757181337466 ] ] ] } },
{ "type": "Feature", "properties": { "codigo_dcca": "D03", "nombre_en": "Ap Lei Chau North", "nombre_zh": "鴨脷洲北", "codigo": "D", "distrito_en": "Southern", "distrito_es": "Sur", "region": "Isla de Hong Kong", "area_km2_poligono": 0.1533 }, "geometry": { "type": "Polygon", "coordinates": [ [ [ 114.159486131616816, 22.243221696169545 ], [ 114.158932484003927, 22.243441903457907 ], [ 114.157643418278866, 22.243399781889249 ], [ 114.157296215872705, 22.243637003560295 ], [ 114.156316230713244, 22.243549240162668 ], [ 114.153867520689502, 22.24266895449475 ], [ 114.151535383741376, 22.243414118053217 ], [ 114.153734708367423, 22.244210427270122 ], [ 114.15348711209765, 22.244757181337466 ], [ 114.154017772889887, 22.244596185501027 ], [ 114.157518379758088, 22.245778853767941 ], [ 114.158728595947281, 22.245542389285699 ], [ 114.1593763431664, 22.245145986325173 ], [ 114.159828406629487, 22.244147069764335 ], [ 114.159486131616816, 22.243221696169545 ] ] ] } },
{ "type": "Feature", "properties": { "codigo_dcca": "D01", "nombre_en": "Aberdeen", "nombre_zh": "香港仔", "codigo": "D", "distrito_en": "Southern", "distrito_es": "Sur", "region": "Isla de Hong Kong", "area_km2_poligono": 1.0428 }, "geometry": { "type": "Polygon", "coordinates": [ [ [ 114.15646762618357, 22.250759123567303 ], [ 114.157084927277765, 22.250675277694572 ], [ 114.157305068469782, 22.250388183149635 ], [ 114.156888746440941, 22.249460339542708 ], [ 114.156768571449717, 22.248487161479446 ], [ 114.156922999206571, 22.248169698129395 ], [ 114.156365131051061, 22.248032046566276 ], [ 114.156340382782744, 22.247437879325034 ], [ 114.155787423736115, 22.247125853104951 ], [ 114.156891706878724, 22.246912570343348 ], [ 114.158378980119394, 22.247367106219915 ], [ 114.158577963956787, 22.247016007039154 ], [ 114.159337334052111, 22.246803400060692 ], [ 114.159920696817352, 22.24635498942914 ], [ 114.160353993079795, 22.245737299588058 ], [ 114.161583916604712, 22.245139633944024 ], [ 114.162127849259093, 22.24517216737167 ], [ 114.162174093940749, 22.245538139700436 ], [ 114.162878308337056, 22.245646208525617 ], [ 114.163783378607079, 22.245357455538478 ], [ 114.164153749616503, 22.245444251566148 ], [ 114.164603762219144, 22.244783014726835 ], [ 114.164406246490159, 22.244422594464726 ], [ 114.163613210112928, 22.244177032985249 ], [ 114.163855700939621, 22.243750334921689 ], [ 114.16356741486409, 22.243226568447266 ], [ 114.16366334067385, 22.242859750066508 ], [ 114.163440871519285, 22.242690108658635 ], [ 114.163805873121504, 22.242647107109367 ], [ 114.163471562250777, 22.242303941267899 ], [ 114.163918516750584, 22.242547579942588 ], [ 114.164278517251546, 22.242231028618146 ], [ 114.164585223217287, 22.242446370491361 ], [ 114.165050048711961, 22.241993832301691 ], [ 114.164771768145911, 22.241751256871467 ], [ 114.16511596981077, 22.241929665049742 ], [ 114.165678309758832, 22.241382210542319 ], [ 114.165568434767138, 22.239759064378681 ], [ 114.164440872854797, 22.238413889235041 ], [ 114.162722985927232, 22.237907868463981 ], [ 114.164401687658838, 22.238144491907626 ], [ 114.164963456091542, 22.236518703475085 ], [ 114.165437771204779, 22.236134508767442 ], [ 114.16299351661695, 22.236547166105829 ], [ 114.160631163864821, 22.236392712940358 ], [ 114.160839466926816, 22.236990908113771 ], [ 114.160585093326972, 22.237270102668575 ], [ 114.160899952759408, 22.237208065907648 ], [ 114.160935396569414, 22.237389739667066 ], [ 114.160536985934783, 22.237469061909579 ], [ 114.160882614607999, 22.237669739915734 ], [ 114.160554507756657, 22.237946813973402 ], [ 114.160916954909581, 22.237831591208291 ], [ 114.160997913338591, 22.238009873849137 ], [ 114.160701941577258, 22.238132029931272 ], [ 114.160648019240071, 22.238452875747896 ], [ 114.161139237348237, 22.23923405992663 ], [ 114.160611427670631, 22.240828709211229 ], [ 114.1590552699341, 22.242103922495566 ], [ 114.159828406629487, 22.244147069764335 ], [ 114.1593763431664, 22.245145986325173 ], [ 114.158728595947281, 22.245542389285699 ], [ 114.157518379758088, 22.245778853767941 ], [ 114.154017772889887, 22.244596185501027 ], [ 114.150755494645054, 22.24571713347877 ], [ 114.149401656705109, 22.245528178652453 ], [ 114.148376762950136, 22.245704407744977 ], [ 114.147201785972754, 22.244995127302811 ], [ 114.145526776899629, 22.244886300856798 ], [ 114.144211627563109, 22.248148951306433 ], [ 114.146707356467573, 22.248295476908506 ], [ 114.148856509170443, 22.247811699447698 ], [ 114.149073590867445, 22.248541198256437 ], [ 114.151521914187157, 22.248248742136408 ], [ 114.151533750400802, 22.248567788603602 ], [ 114.152880435632298, 22.249134360182445 ], [ 114.152783944096328, 22.249670542051831 ], [ 114.153615487894072, 22.249732423675596 ], [ 114.153451184741044, 22.250635223356621 ], [ 114.153693859524921, 22.250584054174613 ], [ 114.154343446285907, 22.250991726546967 ], [ 114.156433723819674, 22.250601353510426 ], [ 114.15646762618357, 22.250759123567303 ] ] ] } },
{ "type": "Feature", "properties": { "codigo_dcca": "D14", "nombre_en": "Shek Yue", "nombre_zh": "石漁", "codigo": "D", "distrito_en": "Southern", "distrito_es": "Sur", "region": "Isla de Hong Kong", "area_km2_poligono": 0.0747 }, "geometry": { "type": "Polygon", "coordinates": [ [ [ 114.156922999206571, 22.248169698129395 ], [ 114.156768571449717, 22.248487161479446 ], [ 114.156888746440941, 22.249460339542708 ], [ 114.157305068469782, 22.250388183149635 ], [ 114.157084927277765, 22.250675277694572 ], [ 114.15646762618357, 22.250759123567303 ], [ 114.156405842347212, 22.251137816956302 ], [ 114.157622772736929, 22.252242009731422 ], [ 114.158275742309584, 22.251343506913351 ], [ 114.159141019092999, 22.249249562419031 ], [ 114.158857413551985, 22.24881507471494 ], [ 114.158049212181652, 22.248400493562638 ], [ 114.157358180219759, 22.248088781814605 ], [ 114.156922999206571, 22.248169698129395 ] ] ] } },
{ "type": "Feature", "properties": { "codigo_dcca": "D08", "nombre_en": "Wah Kwai", "nombre_zh": "華貴", "codigo": "D", "distrito_en": "Southern", "distrito_es": "Sur", "region": "Isla de Hong Kong", "area_km2_poligono": 1.0071 }, "geometry": { "type": "Polygon", "coordinates": [ [ [ 114.1409030475847, 22.251906421293761 ], [ 114.141654536288542, 22.249862674328284 ], [ 114.142095313702555, 22.249528363381419 ], [ 114.141512418158825, 22.249034151731859 ], [ 114.141719867556859, 22.248914043587483 ], [ 114.141647639684251, 22.248732466325755 ], [ 114.141433277765032, 22.248797422566369 ], [ 114.141265980767287, 22.248304230109955 ], [ 114.142151883742031, 22.248019955322402 ], [ 114.144211627563109, 22.248148951306433 ], [ 114.145526776899629, 22.244886300856798 ], [ 114.144815782493623, 22.244593839437805 ], [ 114.139607177765484, 22.238785433719642 ], [ 114.132613431595985, 22.244124291042979 ], [ 114.137411876559526, 22.249374676898043 ], [ 114.137420699860201, 22.250570601596312 ], [ 114.138188135480888, 22.251414051612549 ], [ 114.139185811488943, 22.25142575466527 ], [ 114.139189343374596, 22.251786467456824 ], [ 114.139851289573983, 22.25205528175573 ], [ 114.140376936642767, 22.252578230972009 ], [ 114.1409030475847, 22.251906421293761 ] ] ] } },
{ "type": "Feature", "properties": { "codigo_dcca": "D09", "nombre_en": "Wah Fu South", "nombre_zh": "華富南", "codigo": "D", "distrito_en": "Southern", "distrito_es": "Sur", "region": "Isla de Hong Kong", "area_km2_poligono": 0.4923 }, "geometry": { "type": "Polygon", "coordinates": [ [ [ 114.139151747785007, 22.252015467449347 ], [ 114.139185811488943, 22.25142575466527 ], [ 114.138200105157097, 22.251420240465226 ], [ 114.137420699860201, 22.250570601596312 ], [ 114.137411876559526, 22.249374676898043 ], [ 114.132613431595985, 22.244124291042979 ], [ 114.128714372264156, 22.247100433361545 ], [ 114.132413185710092, 22.251303639261394 ], [ 114.132941124546974, 22.252468810977163 ], [ 114.133895329868608, 22.253168301280351 ], [ 114.134846240566333, 22.253170635762896 ], [ 114.135294403897774, 22.253639153474232 ], [ 114.135602130423621, 22.253615490200762 ], [ 114.135945807391536, 22.253134052878689 ], [ 114.135925191418409, 22.252300697782793 ], [ 114.136671157761214, 22.250832226275044 ], [ 114.137369302717062, 22.251021138224679 ], [ 114.137879860037771, 22.251968235276454 ], [ 114.139151747785007, 22.252015467449347 ] ] ] } },
{ "type": "Feature", "properties": { "codigo_dcca": "D13", "nombre_en": "Tin Wan", "nombre_zh": "田灣", "codigo": "D", "distrito_en": "Southern", "distrito_es": "Sur", "region": "Isla de Hong Kong", "area_km2_poligono": 0.5911 }, "geometry": { "type": "Polygon", "coordinates": [ [ [ 114.153835983281866, 22.255927140804513 ], [ 114.153090293060757, 22.254528779627702 ], [ 114.153766366702229, 22.253485807910256 ], [ 114.152393323404013, 22.251984511658499 ], [ 114.151754105625997, 22.250938409979447 ], [ 114.152446589027463, 22.251056564232886 ], [ 114.153451184741044, 22.250635223356621 ], [ 114.153615487894072, 22.249732423675596 ], [ 114.152783944096328, 22.249670542051831 ], [ 114.152880435632298, 22.249134360182445 ], [ 114.151533750400802, 22.248567788603602 ], [ 114.151521914187157, 22.248248742136408 ], [ 114.149073590867445, 22.248541198256437 ], [ 114.148856509170443, 22.247811699447698 ], [ 114.146707356467573, 22.248295476908506 ], [ 114.142151883742031, 22.248019955322402 ], [ 114.141265980767287, 22.248304230109955 ], [ 114.141433277765032, 22.248797422566369 ], [ 114.141647639684251, 22.248732466325755 ], [ 114.141719867556859, 22.248914043587483 ], [ 114.141512418158825, 22.249034151731859 ], [ 114.142095313702555, 22.249528363381419 ], [ 114.141654536288542, 22.249862674328284 ], [ 114.14131419658618, 22.250529930702751 ], [ 114.146080725669918, 22.25270327552262 ], [ 114.146829363399021, 22.252091957075553 ], [ 114.148003859372096, 22.252350175778165 ], [ 114.148970329353062, 22.253560959416635 ], [ 114.149472756544696, 22.253360374308723 ], [ 114.15047429358934, 22.253711128324472 ], [ 114.150819460983001, 22.25407851530575 ], [ 114.151749384106722, 22.254136277101196 ], [ 114.152316701548941, 22.255055414484339 ], [ 114.15285852471699, 22.255382206690797 ], [ 114.153527138267108, 22.256248660702838 ], [ 114.153790453348506, 22.256226013213706 ], [ 114.153835983281866, 22.255927140804513 ] ] ] } },
{ "type": "Feature", "properties": { "codigo_dcca": "D10", "nombre_en": "Wah Fu North", "nombre_zh": "華富北", "codigo": "D", "distrito_en": "Southern", "distrito_es": "Sur", "region": "Isla de Hong Kong", "area_km2_poligono": 0.203 }, "geometry": { "type": "Polygon", "coordinates": [ [ [ 114.140376936642767, 22.252578230972009 ], [ 114.13950481293179, 22.251849664569512 ], [ 114.139189343374596, 22.251786467456824 ], [ 114.139151747785007, 22.252015467449347 ], [ 114.137879860037771, 22.251968235276454 ], [ 114.137369302717062, 22.251021138224679 ], [ 114.136671157761214, 22.250832226275044 ], [ 114.135925191418409, 22.252300697782793 ], [ 114.135945807391536, 22.253134052878689 ], [ 114.135602130423621, 22.253615490200762 ], [ 114.135294403897774, 22.253639153474232 ], [ 114.134846240566333, 22.253170635762896 ], [ 114.133895329868608, 22.253168301280351 ], [ 114.13371516291069, 22.253461172262327 ], [ 114.134665774174636, 22.253886991746278 ], [ 114.134367052971257, 22.255219505907437 ], [ 114.135348627553611, 22.255541476782913 ], [ 114.135697899478188, 22.256018854159674 ], [ 114.137333823405555, 22.256839587275348 ], [ 114.138282731629047, 22.254714267878182 ], [ 114.140376936642767, 22.252578230972009 ] ] ] } },
{ "type": "Feature", "properties": { "codigo_dcca": "D15", "nombre_en": "Wong Chuk Hang", "nombre_zh": "黃竹坑", "codigo": "D", "distrito_en": "Southern", "distrito_es": "Sur", "region": "Isla de Hong Kong", "area_km2_poligono": 2.6942 }, "geometry": { "type": "Polygon", "coordinates": [ [ [ 114.163383989729653, 22.258822294713514 ], [ 114.163156320042077, 22.257700974544221 ], [ 114.163340412867015, 22.256455309261295 ], [ 114.164582343185657, 22.256609019170664 ], [ 114.165273342936501, 22.256244140628159 ], [ 114.165699678357299, 22.256266981834923 ], [ 114.165880977355101, 22.25657718842773 ], [ 114.165303186117342, 22.256942881334975 ], [ 114.165229156017702, 22.257256818048774 ], [ 114.166013224114181, 22.257411964719811 ], [ 114.167591212220586, 22.257138369748041 ], [ 114.167680214406104, 22.257451648487017 ], [ 114.1696400393311, 22.256775756661195 ], [ 114.170761470841455, 22.256127147835532 ], [ 114.171270545883075, 22.25556160258839 ], [ 114.17216269507891, 22.255464722568377 ], [ 114.172950296212349, 22.255827270278704 ], [ 114.174058157609366, 22.255028120632236 ], [ 114.174097938717921, 22.25212976829085 ], [ 114.173915051668089, 22.252016023841954 ], [ 114.174676501685823, 22.251803255065315 ], [ 114.173315517968291, 22.250146907108213 ], [ 114.174275046875422, 22.249945206891319 ], [ 114.175301098097435, 22.252045455641873 ], [ 114.176087159865688, 22.251551772480745 ], [ 114.176882674494607, 22.250202953217556 ], [ 114.175518945224596, 22.249524130460578 ], [ 114.175563603968598, 22.24903659191564 ], [ 114.17607649408059, 22.248666960626142 ], [ 114.174690028817579, 22.247731262199054 ], [ 114.174067831595721, 22.247869115101391 ], [ 114.174135698591158, 22.247435806441104 ], [ 114.173784969063874, 22.246961735004732 ], [ 114.173833405699867, 22.245605662584321 ], [ 114.173596527044822, 22.244450995710867 ], [ 114.173018803154804, 22.244906662153717 ], [ 114.169987358511548, 22.244780937167654 ], [ 114.1691736760026, 22.24526404211651 ], [ 114.166556350578517, 22.244150297978759 ], [ 114.166535978027966, 22.243897211944329 ], [ 114.16684194672581, 22.243664916825782 ], [ 114.166733058828143, 22.243488387433711 ], [ 114.167650194232763, 22.242904698700563 ], [ 114.16659223211245, 22.242569931490991 ], [ 114.165851513431988, 22.242008752868571 ], [ 114.165019164961777, 22.242767921857396 ], [ 114.163615721079921, 22.242951696578118 ], [ 114.163855700939621, 22.243750334921689 ], [ 114.163613210112928, 22.244177032985249 ], [ 114.164406246490159, 22.244422594464726 ], [ 114.164603762219144, 22.244783014726835 ], [ 114.164175451441665, 22.245433235831275 ], [ 114.163783378607079, 22.245357455538478 ], [ 114.162878308337056, 22.245646208525617 ], [ 114.162174093940749, 22.245538139700436 ], [ 114.162127849259093, 22.24517216737167 ], [ 114.161583916604712, 22.245139633944024 ], [ 114.160353993079795, 22.245737299588058 ], [ 114.159920696817352, 22.24635498942914 ], [ 114.159337334052111, 22.246803400060692 ], [ 114.158577963956787, 22.247016007039154 ], [ 114.158378980119394, 22.247367106219915 ], [ 114.156891706878724, 22.246912570343348 ], [ 114.155787423736115, 22.247125853104951 ], [ 114.156340382782744, 22.247437879325034 ], [ 114.156365131051061, 22.248032046566276 ], [ 114.157454021600955, 22.248124897894886 ], [ 114.159106722052741, 22.249123580811208 ], [ 114.159135916325042, 22.249481108285945 ], [ 114.158275742309584, 22.251343506913351 ], [ 114.157622772736929, 22.252242009731422 ], [ 114.156456488082796, 22.251236212456014 ], [ 114.156433723819674, 22.250601353510426 ], [ 114.154343446285907, 22.250991726546967 ], [ 114.153693859524921, 22.250584054174613 ], [ 114.152446589027463, 22.251056564232886 ], [ 114.151768479676818, 22.250901819922646 ], [ 114.152393323404013, 22.251984511658499 ], [ 114.153766366702229, 22.253485807910256 ], [ 114.153101085325048, 22.254618979492125 ], [ 114.153529842130325, 22.255621057022591 ], [ 114.154201779862078, 22.256240014343977 ], [ 114.154238745628518, 22.256828367215899 ], [ 114.155227197873501, 22.258031891574998 ], [ 114.155157989262406, 22.259332667832187 ], [ 114.15831300965479, 22.257875175038812 ], [ 114.161779054803148, 22.258979648751698 ], [ 114.162250592572349, 22.258498601306801 ], [ 114.162681814035807, 22.258427631321293 ], [ 114.163383989729653, 22.258822294713514 ] ] ] } },
{ "type": "Feature", "properties": { "codigo_dcca": "D16", "nombre_en": "Bays Area", "nombre_zh": "海灣", "codigo": "D", "distrito_en": "Southern", "distrito_es": "Sur", "region": "Isla de Hong Kong", "area_km2_poligono": 23.2782 }, "geometry": { "type": "Polygon", "coordinates": [ [ [ 114.210202485049678, 22.256693108406729 ], [ 114.207956823681329, 22.255975399639542 ], [ 114.206481472301434, 22.254171971818543 ], [ 114.204427982778597, 22.253580075361558 ], [ 114.203675787522158, 22.252180312438199 ], [ 114.202605799956117, 22.252557371586025 ], [ 114.202085128734538, 22.251965195019753 ], [ 114.201043966081201, 22.251749981074994 ], [ 114.200638977664042, 22.251130862106134 ], [ 114.199512629140472, 22.250687572179547 ], [ 114.200254540810391, 22.248242186852416 ], [ 114.198128487876005, 22.243186285310262 ], [ 114.198798207730434, 22.242951895218148 ], [ 114.198885007975775, 22.243437580445814 ], [ 114.199863434977473, 22.242619030458652 ], [ 114.200578226638271, 22.242548081922809 ], [ 114.201246932747551, 22.242774336820364 ], [ 114.202278421938416, 22.24173380821728 ], [ 114.204305031961027, 22.241024434458684 ], [ 114.20620525044302, 22.238488241547621 ], [ 114.20609984689203, 22.230552525625033 ], [ 114.21136733433319, 22.229480117992821 ], [ 114.211067048516611, 22.224006089600888 ], [ 114.209678548048373, 22.225530306272315 ], [ 114.209395571529271, 22.225431278361096 ], [ 114.209082418022447, 22.223838072678138 ], [ 114.20807857420192, 22.223545231451009 ], [ 114.207319042514868, 22.22361611306161 ], [ 114.206066507008487, 22.224137450501303 ], [ 114.205331829750222, 22.225019410572916 ], [ 114.203881317838324, 22.225087921333813 ], [ 114.203704897421815, 22.223883110844227 ], [ 114.202911664773808, 22.223003360794383 ], [ 114.203014533797656, 22.221060126899143 ], [ 114.203533224330954, 22.219663408152069 ], [ 114.203708533412495, 22.219500293789924 ], [ 114.203871750222817, 22.219706239045873 ], [ 114.204733786215982, 22.219852851439335 ], [ 114.206418467682269, 22.219508203967347 ], [ 114.206753951869388, 22.219246649524976 ], [ 114.206807344467819, 22.218284905719837 ], [ 114.206398771367489, 22.217623454179943 ], [ 114.207093692109652, 22.217490746594493 ], [ 114.207029773633096, 22.216845117112676 ], [ 114.207249063442106, 22.216654763133576 ], [ 114.207221840284063, 22.192658530573109 ], [ 114.200012301902532, 22.192644098734263 ], [ 114.161694244107949, 22.221920035922853 ], [ 114.166242505538079, 22.227038633818051 ], [ 114.163099339157327, 22.236521690475723 ], [ 114.165437771204779, 22.236134508767442 ], [ 114.164963456091542, 22.236518703475085 ], [ 114.164401687658838, 22.238144491907626 ], [ 114.162834429340265, 22.237849124456503 ], [ 114.162717061823301, 22.237976726919118 ], [ 114.164440872854797, 22.238413889235041 ], [ 114.165568434767138, 22.239759064378681 ], [ 114.165678309758832, 22.241382210542319 ], [ 114.16511596981077, 22.241929665049742 ], [ 114.164771768145911, 22.241751256871467 ], [ 114.165050048711961, 22.241993832301691 ], [ 114.164585223217287, 22.242446370491361 ], [ 114.164278517251546, 22.242231028618146 ], [ 114.163918516750584, 22.242547579942588 ], [ 114.163588908746817, 22.242224706648877 ], [ 114.163805873121504, 22.242647107109367 ], [ 114.163440871519285, 22.242690108658635 ], [ 114.16394330623379, 22.243031301205633 ], [ 114.164169691799643, 22.242811440012733 ], [ 114.165019164961777, 22.242767921857396 ], [ 114.165851513431988, 22.242008752868571 ], [ 114.16659223211245, 22.242569931490991 ], [ 114.167650194232763, 22.242904698700563 ], [ 114.166733058828143, 22.243488387433711 ], [ 114.16684194672581, 22.243664916825782 ], [ 114.166535978027966, 22.243897211944329 ], [ 114.166556350578517, 22.244150297978759 ], [ 114.1691736760026, 22.24526404211651 ], [ 114.169987358511548, 22.244780937167654 ], [ 114.173018803154804, 22.244906662153717 ], [ 114.173596527044822, 22.244450995710867 ], [ 114.173833405699867, 22.245605662584321 ], [ 114.173784969063874, 22.246961735004732 ], [ 114.174135698591158, 22.247435806441104 ], [ 114.174067831595721, 22.247869115101391 ], [ 114.174690028817579, 22.247731262199054 ], [ 114.17607649408059, 22.248666960626142 ], [ 114.175563603968598, 22.24903659191564 ], [ 114.175518945224596, 22.249524130460578 ], [ 114.176882674494607, 22.250202953217556 ], [ 114.176087159865688, 22.251551772480745 ], [ 114.175301098097435, 22.252045455641873 ], [ 114.174275046875422, 22.249945206891319 ], [ 114.173315517968291, 22.250146907108213 ], [ 114.174676501685823, 22.251803255065315 ], [ 114.173915051668089, 22.252016023841954 ], [ 114.174097938717921, 22.25212976829085 ], [ 114.174058157609366, 22.255028120632236 ], [ 114.174384910874068, 22.255088923871671 ], [ 114.176023165174882, 22.254134254305974 ], [ 114.1767980890112, 22.254248277483363 ], [ 114.177131063944998, 22.254712904985645 ], [ 114.177879450426801, 22.255080811187373 ], [ 114.178266479360019, 22.256597363897736 ], [ 114.178599171801977, 22.256915772786073 ], [ 114.18032287015329, 22.25595142341475 ], [ 114.182999265232183, 22.255689138426529 ], [ 114.18336319520111, 22.255161886859216 ], [ 114.184396550145522, 22.255266868645677 ], [ 114.184571321212616, 22.255050214741438 ], [ 114.184979902350648, 22.255072933970784 ], [ 114.185578619368371, 22.254398221764163 ], [ 114.187113571208315, 22.254036860027064 ], [ 114.188229731972029, 22.254496067178561 ], [ 114.188352085687086, 22.255663344328415 ], [ 114.188933159963511, 22.256777315803767 ], [ 114.18964953800527, 22.257296551092534 ], [ 114.190899826500583, 22.257235851867179 ], [ 114.191426701673208, 22.257014572191228 ], [ 114.191786965301915, 22.257216871434117 ], [ 114.192358120444908, 22.257111231330835 ], [ 114.192562752920878, 22.257502004557654 ], [ 114.193150921403131, 22.257110882699681 ], [ 114.194415836699307, 22.257049071272284 ], [ 114.195693868588251, 22.25750196917939 ], [ 114.196469411607694, 22.258121678733392 ], [ 114.19698156528078, 22.258113930920814 ], [ 114.19746967381279, 22.257813022163074 ], [ 114.198742411390413, 22.258176619591325 ], [ 114.199291381021453, 22.258702147189535 ], [ 114.200408668858117, 22.259234870121219 ], [ 114.201800786061597, 22.258873164762541 ], [ 114.20436457432541, 22.259384003275333 ], [ 114.205075586755925, 22.259309558882975 ], [ 114.205743788470642, 22.257980001597964 ], [ 114.206231461906754, 22.257592363219963 ], [ 114.206860164648376, 22.25765362964545 ], [ 114.207671031707719, 22.257292431873903 ], [ 114.208748543416149, 22.257653359955125 ], [ 114.209351013862431, 22.256957680807378 ], [ 114.210023532524858, 22.257038902050073 ], [ 114.210202485049678, 22.256693108406729 ] ] ] } },
{ "type": "Feature", "properties": { "codigo_dcca": "D17", "nombre_en": "Stanley & Shek O", "nombre_zh": "赤柱及石澳", "codigo": "D", "distrito_en": "Southern", "distrito_es": "Sur", "region": "Isla de Hong Kong", "area_km2_poligono": 53.472 }, "geometry": { "type": "Polygon", "coordinates": [ [ [ 114.212383046327702, 22.26042483740083 ], [ 114.214015760632705, 22.259769676881714 ], [ 114.214630105415281, 22.25985743051622 ], [ 114.215215897763144, 22.259053474159135 ], [ 114.21694281140816, 22.257768915103995 ], [ 114.217137305897097, 22.257411008947567 ], [ 114.217481260728064, 22.257716412476512 ], [ 114.217762081584013, 22.257633079277554 ], [ 114.218205882391999, 22.258181904635268 ], [ 114.218606706979401, 22.257747255693697 ], [ 114.220011878350618, 22.257382672725022 ], [ 114.221361767834196, 22.256697991913708 ], [ 114.228254294653496, 22.257196246377255 ], [ 114.230037377608028, 22.256408008979214 ], [ 114.230492985083956, 22.25579734125159 ], [ 114.230757559701217, 22.25613429603375 ], [ 114.231445959125551, 22.255742008951888 ], [ 114.232041201485515, 22.255005917162304 ], [ 114.233157532644611, 22.25494870408297 ], [ 114.23373315110959, 22.254608526164741 ], [ 114.234450407140088, 22.255237620318788 ], [ 114.234731080202351, 22.256128982351981 ], [ 114.23527038269377, 22.256153181107084 ], [ 114.235784346856008, 22.25680789898567 ], [ 114.236344003725847, 22.256436128433197 ], [ 114.23659236904939, 22.257245193490252 ], [ 114.236950378122145, 22.256899394842474 ], [ 114.237507264178817, 22.25721821397692 ], [ 114.238759404240213, 22.256233282197105 ], [ 114.239559207061134, 22.256260681480086 ], [ 114.240223079372811, 22.25591827919563 ], [ 114.242661985158733, 22.255390415514995 ], [ 114.242896556454809, 22.25453757298262 ], [ 114.24397757600255, 22.253952177768699 ], [ 114.244116367174811, 22.253632082697358 ], [ 114.247381852917556, 22.253391394309112 ], [ 114.250178744888714, 22.245801117794038 ], [ 114.261582453409773, 22.245735427959236 ], [ 114.309068687188685, 22.192828357666301 ], [ 114.207221840284063, 22.192658530573109 ], [ 114.207249063442106, 22.216654763133576 ], [ 114.207029773633096, 22.216845117112676 ], [ 114.207093692109652, 22.217490746594493 ], [ 114.206398771367489, 22.217623454179943 ], [ 114.206807344467819, 22.218284905719837 ], [ 114.206753951869388, 22.219246649524976 ], [ 114.206418467682269, 22.219508203967347 ], [ 114.204733786215982, 22.219852851439335 ], [ 114.203871750222817, 22.219706239045873 ], [ 114.203708533412495, 22.219500293789924 ], [ 114.203533224330954, 22.219663408152069 ], [ 114.203014533797656, 22.221060126899143 ], [ 114.202911664773808, 22.223003360794383 ], [ 114.203704897421815, 22.223883110844227 ], [ 114.203881317838324, 22.225087921333813 ], [ 114.205331829750222, 22.225019410572916 ], [ 114.206066507008487, 22.224137450501303 ], [ 114.207319042514868, 22.22361611306161 ], [ 114.20807857420192, 22.223545231451009 ], [ 114.209082418022447, 22.223838072678138 ], [ 114.209395571529271, 22.225431278361096 ], [ 114.209678548048373, 22.225530306272315 ], [ 114.211067048516611, 22.224006089600888 ], [ 114.21136733433319, 22.229480117992821 ], [ 114.20609984689203, 22.230552525625033 ], [ 114.20620525044302, 22.238488241547621 ], [ 114.204305031961027, 22.241024434458684 ], [ 114.202278421938416, 22.24173380821728 ], [ 114.201246932747551, 22.242774336820364 ], [ 114.200578226638271, 22.242548081922809 ], [ 114.199863434977473, 22.242619030458652 ], [ 114.198885007975775, 22.243437580445814 ], [ 114.198798207730434, 22.242951895218148 ], [ 114.198128487876005, 22.243186285310262 ], [ 114.200254540810391, 22.248242186852416 ], [ 114.199512629140472, 22.250687572179547 ], [ 114.200638977664042, 22.251130862106134 ], [ 114.201043966081201, 22.251749981074994 ], [ 114.202085128734538, 22.251965195019753 ], [ 114.202605799956117, 22.252557371586025 ], [ 114.203675787522158, 22.252180312438199 ], [ 114.204138627399274, 22.252826334456898 ], [ 114.204196591798166, 22.253418582957554 ], [ 114.206481472301434, 22.254171971818543 ], [ 114.207465078644844, 22.255571677918073 ], [ 114.208737755951191, 22.256244461279529 ], [ 114.210375603121761, 22.256742289870992 ], [ 114.210549002682043, 22.256345979450391 ], [ 114.211357446186398, 22.255784734541656 ], [ 114.210900009481264, 22.254872318578197 ], [ 114.211281811766312, 22.254670818124364 ], [ 114.211626921263559, 22.255565719577476 ], [ 114.21231789620046, 22.255606623537254 ], [ 114.212724699394741, 22.255861984572029 ], [ 114.210651970174993, 22.256605959874211 ], [ 114.210402316096264, 22.257696238375654 ], [ 114.210745430414264, 22.258033724219136 ], [ 114.211269702543106, 22.257677805868536 ], [ 114.212088259679632, 22.258393797872635 ], [ 114.211408661244747, 22.258867394380601 ], [ 114.211881261989362, 22.259714486418041 ], [ 114.211675634254803, 22.260157412244052 ], [ 114.212383046327702, 22.26042483740083 ] ] ] } },
{ "type": "Feature", "properties": { "codigo_dcca": "D12", "nombre_en": "Chi Fu", "nombre_zh": "置富", "codigo": "D", "distrito_en": "Southern", "distrito_es": "Sur", "region": "Isla de Hong Kong", "area_km2_poligono": 1.4226 }, "geometry": { "type": "Polygon", "coordinates": [ [ [ 114.13930735928966, 22.266605084776234 ], [ 114.139805815086291, 22.266387578494019 ], [ 114.140079985618428, 22.266488567307469 ], [ 114.143034761037796, 22.261826338773933 ], [ 114.143335079338598, 22.260550332894997 ], [ 114.143168296845559, 22.259848110524079 ], [ 114.144133254414882, 22.259090888052803 ], [ 114.144743807230711, 22.259181063490889 ], [ 114.14566365814818, 22.258423109521296 ], [ 114.145686453423721, 22.25813349155834 ], [ 114.146490515680895, 22.25731571855448 ], [ 114.146840360804745, 22.256347488729293 ], [ 114.146197869697176, 22.256042692383048 ], [ 114.146361858787458, 22.255714756589384 ], [ 114.146065397052496, 22.254787134101512 ], [ 114.145293276496943, 22.254730110994313 ], [ 114.145432065969402, 22.254034930147984 ], [ 114.146004593570154, 22.253298904974702 ], [ 114.146080725669947, 22.252703275522627 ], [ 114.141314196586194, 22.250529930702765 ], [ 114.140756489087437, 22.252174780279024 ], [ 114.138282731629047, 22.254714267878182 ], [ 114.137333823405569, 22.256839587275348 ], [ 114.135697899769227, 22.256018854159766 ], [ 114.134395638754171, 22.256300619200186 ], [ 114.133879412732071, 22.259173949558232 ], [ 114.133449970475297, 22.259934127551812 ], [ 114.133786805679094, 22.261053855228834 ], [ 114.134783469369708, 22.261336486765831 ], [ 114.133825843120974, 22.263128640716861 ], [ 114.132373718767255, 22.263418007471703 ], [ 114.132140473964327, 22.263712830467696 ], [ 114.133486884635616, 22.264492142617822 ], [ 114.133138302590353, 22.266181386320426 ], [ 114.133947643402365, 22.266566976619309 ], [ 114.134263073153605, 22.266225032686961 ], [ 114.134283789197184, 22.265895419328874 ], [ 114.134022725763629, 22.265654620663213 ], [ 114.134473999230536, 22.264905962387168 ], [ 114.135589741058993, 22.264747174475378 ], [ 114.136448664879467, 22.265463241048984 ], [ 114.13930735928966, 22.266605084776234 ] ] ] } },
{ "type": "Feature", "properties": { "codigo_dcca": "D11", "nombre_en": "Pokfulam", "nombre_zh": "薄扶林", "codigo": "D", "distrito_en": "Southern", "distrito_es": "Sur", "region": "Isla de Hong Kong", "area_km2_poligono": 5.8638 }, "geometry": { "type": "Polygon", "coordinates": [ [ [ 114.133486884518689, 22.264492142535506 ], [ 114.132140473964327, 22.263712830467696 ], [ 114.132373718767255, 22.263418007471703 ], [ 114.133825843120974, 22.263128640716861 ], [ 114.134783469369708, 22.261336486765831 ], [ 114.133786805679094, 22.261053855228834 ], [ 114.133461505379202, 22.259649484274718 ], [ 114.133879412732071, 22.259173949558232 ], [ 114.134395638754171, 22.256300619200186 ], [ 114.135697899769227, 22.256018854159766 ], [ 114.13534862755364, 22.255541476782913 ], [ 114.134321199089783, 22.255169861393465 ], [ 114.134631230080799, 22.253813048725519 ], [ 114.133800610219822, 22.253597223819426 ], [ 114.13376020058196, 22.252909753685127 ], [ 114.132941124546974, 22.252468810977163 ], [ 114.132413185710107, 22.251303639261394 ], [ 114.128714372264156, 22.247100433361553 ], [ 114.110241289616255, 22.261197880009117 ], [ 114.110105208758853, 22.27302924607821 ], [ 114.116283274894187, 22.273035459537645 ], [ 114.118532440896502, 22.274235479377637 ], [ 114.119248691926657, 22.273532473696253 ], [ 114.120330758482979, 22.273337042306636 ], [ 114.121251851290978, 22.272581188277616 ], [ 114.122002510042535, 22.272463963769308 ], [ 114.12285208966918, 22.272870229927893 ], [ 114.123758995630681, 22.272743214786413 ], [ 114.125328647274927, 22.273432487225975 ], [ 114.126183070802213, 22.274253009145205 ], [ 114.128159390162779, 22.274688980658141 ], [ 114.129266470408368, 22.275603751370163 ], [ 114.129680104667614, 22.275552243812008 ], [ 114.136354487207214, 22.272068342524904 ], [ 114.140079985618428, 22.266488567307469 ], [ 114.138709470642809, 22.266506692097842 ], [ 114.136448664879467, 22.265463241048984 ], [ 114.135589741058993, 22.264747174475378 ], [ 114.134473999230536, 22.264905962387168 ], [ 114.134022725763629, 22.265654620663213 ], [ 114.134283789197184, 22.265895419328874 ], [ 114.134263073153605, 22.266225032686961 ], [ 114.133947643402365, 22.266566976619309 ], [ 114.133138302590353, 22.266181386320426 ], [ 114.133486884518689, 22.264492142535506 ] ] ] } },
{ "type": "Feature", "properties": { "codigo_dcca": "F06", "nombre_en": "Nam Cheong South", "nombre_zh": "南昌南", "codigo": "F", "distrito_en": "Sham Shui Po", "distrito_es": "Sham Shui Po", "region": "Kowloon", "area_km2_poligono": 0.145 }, "geometry": { "type": "Polygon", "coordinates": [ [ [ 114.163450988377761, 22.326323752203162 ], [ 114.162647689321631, 22.326946791241138 ], [ 114.16219820389307, 22.326455153275059 ], [ 114.161376338364278, 22.327076056219518 ], [ 114.163680786434782, 22.329676905263767 ], [ 114.166008479493641, 22.327886800265215 ], [ 114.166440395609911, 22.328363742731728 ], [ 114.167365600744304, 22.327611452348467 ], [ 114.167879874905736, 22.327877612904839 ], [ 114.168530224304561, 22.326556292514081 ], [ 114.163450988377761, 22.326323752203162 ] ] ] } },
{ "type": "Feature", "properties": { "codigo_dcca": "F08", "nombre_en": "Nam Cheong West", "nombre_zh": "南昌西", "codigo": "F", "distrito_en": "Sham Shui Po", "distrito_es": "Sham Shui Po", "region": "Kowloon", "area_km2_poligono": 0.3294 }, "geometry": { "type": "Polygon", "coordinates": [ [ [ 114.154973081232669, 22.325056332982786 ], [ 114.157883490923865, 22.328316180898796 ], [ 114.156729968714274, 22.329206313009596 ], [ 114.157113155674949, 22.329637281430443 ], [ 114.157305999742164, 22.329486828175337 ], [ 114.158141290966327, 22.330407883490277 ], [ 114.161821113088578, 22.327587716797559 ], [ 114.161376338364278, 22.327076056219518 ], [ 114.16219820389307, 22.326455153275059 ], [ 114.162647689321631, 22.326946791241138 ], [ 114.163450988377761, 22.326323752203162 ], [ 114.160587115829159, 22.326209688476059 ], [ 114.161891547289812, 22.325229232145258 ], [ 114.161923201877769, 22.324615471142227 ], [ 114.161651999086587, 22.324958192920857 ], [ 114.159099243066251, 22.324994688298627 ], [ 114.158367114317059, 22.3247564609315 ], [ 114.158079115666524, 22.32447989320141 ], [ 114.159005000349708, 22.323648470057293 ], [ 114.159012447801715, 22.322785877965067 ], [ 114.15860627792496, 22.322070140442658 ], [ 114.157674568249178, 22.321832095019406 ], [ 114.154973081232669, 22.325056332982786 ] ] ] } },
{ "type": "Feature", "properties": { "codigo_dcca": "F07", "nombre_en": "Nam Cheong Central", "nombre_zh": "南昌中", "codigo": "F", "distrito_en": "Sham Shui Po", "distrito_es": "Sham Shui Po", "region": "Kowloon", "area_km2_poligono": 0.1089 }, "geometry": { "type": "Polygon", "coordinates": [ [ [ 114.163680786434753, 22.329676905263739 ], [ 114.161821113088564, 22.327587716797542 ], [ 114.159095372401836, 22.329661820776597 ], [ 114.16098489955867, 22.331759369093533 ], [ 114.163680786434753, 22.329676905263739 ] ] ] } },
{ "type": "Feature", "properties": { "codigo_dcca": "F05", "nombre_en": "Nam Cheong East", "nombre_zh": "南昌東", "codigo": "F", "distrito_en": "Sham Shui Po", "distrito_es": "Sham Shui Po", "region": "Kowloon", "area_km2_poligono": 0.1441 }, "geometry": { "type": "Polygon", "coordinates": [ [ [ 114.168015319919661, 22.331743639913292 ], [ 114.167567256572625, 22.330660387671728 ], [ 114.167107875217127, 22.330517686600768 ], [ 114.167587523538899, 22.329640077506113 ], [ 114.167033553576118, 22.329364901161135 ], [ 114.167226141269197, 22.328970330372748 ], [ 114.167415179952258, 22.329373692475794 ], [ 114.168284601105924, 22.328965567305492 ], [ 114.167918115738971, 22.328230358682568 ], [ 114.167700590543376, 22.328241860571197 ], [ 114.167879874905722, 22.327877612904853 ], [ 114.167365600744304, 22.327611452348457 ], [ 114.166440395609911, 22.328363742731728 ], [ 114.166008479493641, 22.32788680026524 ], [ 114.163680786434753, 22.329676905263739 ], [ 114.166554118466067, 22.332862686532739 ], [ 114.168015319919661, 22.331743639913292 ] ] ] } },
{ "type": "Feature", "properties": { "codigo_dcca": "F03", "nombre_en": "Nam Cheong North", "nombre_zh": "南昌北", "codigo": "F", "distrito_en": "Sham Shui Po", "distrito_es": "Sham Shui Po", "region": "Kowloon", "area_km2_poligono": 0.1065 }, "geometry": { "type": "Polygon", "coordinates": [ [ [ 114.162596139101964, 22.333570498786901 ], [ 114.163292752009184, 22.333487292773331 ], [ 114.164364278025829, 22.332200349757272 ], [ 114.164785580713314, 22.332672231195865 ], [ 114.165723640771191, 22.331930784266653 ], [ 114.163680786434782, 22.329676905263767 ], [ 114.16098489955867, 22.331759369093536 ], [ 114.162596139101964, 22.333570498786901 ] ] ] } },
{ "type": "Feature", "properties": { "codigo_dcca": "F10", "nombre_en": "Lai Kok", "nombre_zh": "麗閣", "codigo": "F", "distrito_en": "Sham Shui Po", "distrito_es": "Sham Shui Po", "region": "Kowloon", "area_km2_poligono": 0.1458 }, "geometry": { "type": "Polygon", "coordinates": [ [ [ 114.15728924151621, 22.334605855565048 ], [ 114.16098489955867, 22.331759369093533 ], [ 114.159095372401836, 22.329661820776597 ], [ 114.155579925242563, 22.332410081085396 ], [ 114.15728924151621, 22.334605855565048 ] ] ] } },
{ "type": "Feature", "properties": { "codigo_dcca": "F04", "nombre_en": "Shek Kip Mei", "nombre_zh": "石硤尾", "codigo": "F", "distrito_en": "Sham Shui Po", "distrito_es": "Sham Shui Po", "region": "Kowloon", "area_km2_poligono": 0.112 }, "geometry": { "type": "Polygon", "coordinates": [ [ [ 114.164754503686382, 22.335051908688353 ], [ 114.166133598926933, 22.333971722757969 ], [ 114.166543501273082, 22.334421508198723 ], [ 114.168628358491588, 22.332834014401758 ], [ 114.168749767615665, 22.331568611360108 ], [ 114.16799141113421, 22.331757626980441 ], [ 114.166554118466067, 22.332862686532753 ], [ 114.165723640771191, 22.331930784266653 ], [ 114.164785580713314, 22.332672231195865 ], [ 114.164364278025829, 22.332200349757272 ], [ 114.163429662015403, 22.33323609500405 ], [ 114.163000909619853, 22.334199202363202 ], [ 114.163646821389904, 22.334442393851944 ], [ 114.163999861711901, 22.334163467644224 ], [ 114.164754503686382, 22.335051908688353 ] ] ] } },
{ "type": "Feature", "properties": { "codigo_dcca": "F14", "nombre_en": "Lai Chi Kok South", "nombre_zh": "荔枝角南", "codigo": "F", "distrito_en": "Sham Shui Po", "distrito_es": "Sham Shui Po", "region": "Kowloon", "area_km2_poligono": 2.8963 }, "geometry": { "type": "Polygon", "coordinates": [ [ [ 114.148730673213308, 22.331579019622751 ], [ 114.147558444298625, 22.329325329931951 ], [ 114.146830432770699, 22.328884233467701 ], [ 114.146335271966862, 22.328155011768356 ], [ 114.149526260469671, 22.322612687686004 ], [ 114.1495249859382, 22.313796370484763 ], [ 114.13176506006225, 22.313753025436728 ], [ 114.131961867575455, 22.318284687287175 ], [ 114.131076038270194, 22.31906471008034 ], [ 114.130334332170818, 22.321224851329312 ], [ 114.132493937343042, 22.322823978967076 ], [ 114.135108593073497, 22.323612176345289 ], [ 114.135506408349826, 22.323960208720692 ], [ 114.136251303134614, 22.325417870381276 ], [ 114.138019509921193, 22.326699472511983 ], [ 114.137981505209396, 22.327099093864064 ], [ 114.140049081980109, 22.328598201548189 ], [ 114.140567084037386, 22.328374991949563 ], [ 114.140491124516402, 22.329033187018467 ], [ 114.142006754309278, 22.330295895721996 ], [ 114.142145550074687, 22.330965895233366 ], [ 114.141779050433897, 22.331553499437515 ], [ 114.138755581448677, 22.332884538720439 ], [ 114.138969187025396, 22.333188774745054 ], [ 114.144589482830852, 22.331000995975632 ], [ 114.144873114069028, 22.335093701150527 ], [ 114.145062040541021, 22.33514497778566 ], [ 114.146177838897145, 22.333540125053226 ], [ 114.148730673213308, 22.331579019622751 ] ] ] } },
{ "type": "Feature", "properties": { "codigo_dcca": "F13", "nombre_en": "Lai Chi Kok Central", "nombre_zh": "荔枝角中", "codigo": "F", "distrito_en": "Sham Shui Po", "distrito_es": "Sham Shui Po", "region": "Kowloon", "area_km2_poligono": 0.091 }, "geometry": { "type": "Polygon", "coordinates": [ [ [ 114.150628937705633, 22.334173849985955 ], [ 114.150051202355598, 22.333485228184855 ], [ 114.149413019987165, 22.33392930849935 ], [ 114.14698955178541, 22.333774583919176 ], [ 114.146475716930425, 22.333311310156091 ], [ 114.145980592315922, 22.333767342109862 ], [ 114.145312216885884, 22.334988364205564 ], [ 114.144873114069, 22.335093701150548 ], [ 114.1449310497959, 22.335929537476268 ], [ 114.145576995693276, 22.335163906670775 ], [ 114.146338429773508, 22.334928145996741 ], [ 114.148656451791794, 22.335702368543206 ], [ 114.149565875452694, 22.335678258951692 ], [ 114.150205425624691, 22.335176021451911 ], [ 114.150628937705633, 22.334173849985955 ] ] ] } },
{ "type": "Feature", "properties": { "codigo_dcca": "F15", "nombre_en": "Mei Foo South", "nombre_zh": "美孚南", "codigo": "F", "distrito_en": "Sham Shui Po", "distrito_es": "Sham Shui Po", "region": "Kowloon", "area_km2_poligono": 0.3206 }, "geometry": { "type": "Polygon", "coordinates": [ [ [ 114.1449310497959, 22.335929537476268 ], [ 114.144589482830824, 22.331000995975632 ], [ 114.138969187025396, 22.333188774745054 ], [ 114.138742729228255, 22.333672038178875 ], [ 114.138300580688522, 22.333624920476325 ], [ 114.13674081961824, 22.334285878348378 ], [ 114.137504308184461, 22.335811654711357 ], [ 114.138148334411781, 22.335534426592083 ], [ 114.138470000169434, 22.336200914308296 ], [ 114.140319335852496, 22.335412854969768 ], [ 114.140890542060532, 22.336575100218699 ], [ 114.142212982712152, 22.336551935731897 ], [ 114.142241175437718, 22.336696593487144 ], [ 114.144182534424374, 22.336346646102324 ], [ 114.1449310497959, 22.335929537476268 ] ] ] } },
{ "type": "Feature", "properties": { "codigo_dcca": "F25", "nombre_en": "Nam Shan, Tai Hang Tung & Tai Hang Sai", "nombre_zh": "南山、大坑東及大坑西", "codigo": "F", "distrito_en": "Sham Shui Po", "distrito_es": "Sham Shui Po", "region": "Kowloon", "area_km2_poligono": 0.4463 }, "geometry": { "type": "Polygon", "coordinates": [ [ [ 114.170340489760648, 22.336831188965672 ], [ 114.170954519337357, 22.335619462655774 ], [ 114.172735511260626, 22.335522456821778 ], [ 114.172696093225227, 22.334781388615635 ], [ 114.1722232868226, 22.334371550189601 ], [ 114.173020597386909, 22.333781160731142 ], [ 114.17270085774301, 22.333847952086021 ], [ 114.171326171056165, 22.331260776532478 ], [ 114.1720440655114, 22.330130622003587 ], [ 114.172146712068454, 22.326700455662625 ], [ 114.168530224304561, 22.326556292514081 ], [ 114.167700590543362, 22.328241860571197 ], [ 114.167918115738971, 22.328230358682568 ], [ 114.168284601105924, 22.328965567305492 ], [ 114.167415179952258, 22.329373692475816 ], [ 114.167226141269211, 22.328970330372762 ], [ 114.167033553576118, 22.329364901161135 ], [ 114.167587523538913, 22.329640077506109 ], [ 114.167125624652186, 22.330578228685994 ], [ 114.16728328958456, 22.33046024446611 ], [ 114.167382784755262, 22.330731438671258 ], [ 114.167567256572639, 22.330660387671742 ], [ 114.168015319919675, 22.331743639913299 ], [ 114.168749767615665, 22.331568611360108 ], [ 114.168755774102962, 22.332615590948055 ], [ 114.167377317797929, 22.333786668714325 ], [ 114.168890293570954, 22.33550425285987 ], [ 114.169230765448575, 22.33683294682864 ], [ 114.170340489760648, 22.336831188965672 ] ] ] } },
{ "type": "Feature", "properties": { "codigo_dcca": "F02", "nombre_en": "Cheung Sha Wan", "nombre_zh": "長沙灣", "codigo": "F", "distrito_en": "Sham Shui Po", "distrito_es": "Sham Shui Po", "region": "Kowloon", "area_km2_poligono": 0.1794 }, "geometry": { "type": "Polygon", "coordinates": [ [ [ 114.16203024070704, 22.337152420428385 ], [ 114.162287945451368, 22.335953969042158 ], [ 114.162834824897175, 22.336147840447165 ], [ 114.163260831211247, 22.33505122156474 ], [ 114.163516844188038, 22.335161867366988 ], [ 114.163646821389904, 22.334442393851944 ], [ 114.163000909619853, 22.334199202363202 ], [ 114.163292752009184, 22.333487292773331 ], [ 114.162596139101964, 22.333570498786901 ], [ 114.16098489955867, 22.331759369093536 ], [ 114.158289019990292, 22.333841959085792 ], [ 114.161885889312842, 22.337931583168356 ], [ 114.162374063997902, 22.337677741909136 ], [ 114.16203024070704, 22.337152420428385 ] ] ] } },
{ "type": "Feature", "properties": { "codigo_dcca": "F23", "nombre_en": "Ha Pak Tin", "nombre_zh": "下白田", "codigo": "F", "distrito_en": "Sham Shui Po", "distrito_es": "Sham Shui Po", "region": "Kowloon", "area_km2_poligono": 0.1516 }, "geometry": { "type": "Polygon", "coordinates": [ [ [ 114.169361166226139, 22.337481230756115 ], [ 114.168943677130727, 22.335600205341706 ], [ 114.167377317797602, 22.333786673229568 ], [ 114.166543501273082, 22.334421508198705 ], [ 114.166133598926919, 22.333971722757969 ], [ 114.164754503686382, 22.335051908688332 ], [ 114.164646455812075, 22.335707177294321 ], [ 114.16504384052763, 22.335759701426451 ], [ 114.164864232376758, 22.336870042672384 ], [ 114.165169701934033, 22.337054198363816 ], [ 114.166035276016103, 22.336884492569371 ], [ 114.166280908858639, 22.338142892171927 ], [ 114.169361166226139, 22.337481230756115 ] ] ] } },
{ "type": "Feature", "properties": { "codigo_dcca": "F16", "nombre_en": "Mei Foo Central", "nombre_zh": "美孚中", "codigo": "F", "distrito_en": "Sham Shui Po", "distrito_es": "Sham Shui Po", "region": "Kowloon", "area_km2_poligono": 0.1732 }, "geometry": { "type": "Polygon", "coordinates": [ [ [ 114.142268369657629, 22.336836076503207 ], [ 114.142212982712152, 22.336551935731897 ], [ 114.140890542060532, 22.336575100218699 ], [ 114.140319335852496, 22.335412854969768 ], [ 114.138470000169434, 22.336200914308296 ], [ 114.138148334411781, 22.335534426592083 ], [ 114.137504308184461, 22.335811654711357 ], [ 114.13674081961824, 22.334285878348378 ], [ 114.134985169342372, 22.335063951415659 ], [ 114.133585502405197, 22.336095155499898 ], [ 114.135039540808549, 22.336619978555866 ], [ 114.135811344403763, 22.337824456842018 ], [ 114.137733695573644, 22.33748713448691 ], [ 114.138145360122451, 22.33832865686529 ], [ 114.142268369657629, 22.336836076503207 ] ] ] } },
{ "type": "Feature", "properties": { "codigo_dcca": "F11", "nombre_en": "Fortune", "nombre_zh": "幸福", "codigo": "F", "distrito_en": "Sham Shui Po", "distrito_es": "Sham Shui Po", "region": "Kowloon", "area_km2_poligono": 0.3296 }, "geometry": { "type": "Polygon", "coordinates": [ [ [ 114.154236600320004, 22.330910461829404 ], [ 114.151000540880716, 22.333434919406535 ], [ 114.150628937705662, 22.334173849985973 ], [ 114.151723811211809, 22.335406101006257 ], [ 114.150716110415061, 22.336029502988684 ], [ 114.15096949176764, 22.337206913817198 ], [ 114.150607119418666, 22.338155065783049 ], [ 114.151893136405135, 22.338709745971062 ], [ 114.1524314078613, 22.338534083951643 ], [ 114.157293482775799, 22.334610940291373 ], [ 114.154236600320004, 22.330910461829404 ] ] ] } },
{ "type": "Feature", "properties": { "codigo_dcca": "F01", "nombre_en": "Po Lai", "nombre_zh": "寶麗", "codigo": "F", "distrito_en": "Sham Shui Po", "distrito_es": "Sham Shui Po", "region": "Kowloon", "area_km2_poligono": 0.1438 }, "geometry": { "type": "Polygon", "coordinates": [ [ [ 114.156985822575152, 22.33938581915319 ], [ 114.160655200067367, 22.336550418626526 ], [ 114.158289019990292, 22.333841959085792 ], [ 114.156333456807047, 22.335352701640243 ], [ 114.157599576790446, 22.336716229928012 ], [ 114.155826599977374, 22.338088657049607 ], [ 114.156985822575152, 22.33938581915319 ] ] ] } },
{ "type": "Feature", "properties": { "codigo_dcca": "F18", "nombre_en": "Lai Chi Kok North", "nombre_zh": "荔枝角北", "codigo": "F", "distrito_en": "Sham Shui Po", "distrito_es": "Sham Shui Po", "region": "Kowloon", "area_km2_poligono": 0.5307 }, "geometry": { "type": "Polygon", "coordinates": [ [ [ 114.155962647217947, 22.340176145540187 ], [ 114.153598275149847, 22.337465803197134 ], [ 114.152051280539936, 22.338695917335741 ], [ 114.150607119418666, 22.338155065783049 ], [ 114.15096949176764, 22.337206913817198 ], [ 114.150716110415061, 22.336029502988684 ], [ 114.151723811211809, 22.335406101006257 ], [ 114.150628937705633, 22.334173849985969 ], [ 114.150205425624691, 22.335176021451922 ], [ 114.149453636305054, 22.335707589398762 ], [ 114.148556959187019, 22.335676939174984 ], [ 114.146599311478397, 22.334950211419976 ], [ 114.145576995693276, 22.335163906670775 ], [ 114.144931049795957, 22.335929537476272 ], [ 114.145116438017197, 22.336007381298746 ], [ 114.144897568966584, 22.336829210895495 ], [ 114.144101186555076, 22.338850906942547 ], [ 114.143003424842419, 22.340100304789257 ], [ 114.141951959110969, 22.340252472718859 ], [ 114.14279569134618, 22.341080078093391 ], [ 114.143492158229606, 22.341264780645435 ], [ 114.144083157758544, 22.34102220463534 ], [ 114.145092949974241, 22.34006799175609 ], [ 114.146783266141597, 22.339995500559425 ], [ 114.149426585400235, 22.340660745619804 ], [ 114.151327340147134, 22.341458982664811 ], [ 114.151831384160403, 22.340186698039936 ], [ 114.154699462599424, 22.341152128380966 ], [ 114.155962647217947, 22.340176145540187 ] ] ] } },
{ "type": "Feature", "properties": { "codigo_dcca": "F17", "nombre_en": "Mei Foo North", "nombre_zh": "美孚北", "codigo": "F", "distrito_en": "Sham Shui Po", "distrito_es": "Sham Shui Po", "region": "Kowloon", "area_km2_poligono": 0.4396 }, "geometry": { "type": "Polygon", "coordinates": [ [ [ 114.141951959110969, 22.340252472718856 ], [ 114.143003424842405, 22.34010030478926 ], [ 114.143942129704001, 22.339068601815388 ], [ 114.145116438017183, 22.336007381298757 ], [ 114.142241175437718, 22.336696593487144 ], [ 114.142268369657629, 22.336836076503207 ], [ 114.138145360122451, 22.33832865686529 ], [ 114.137733695573644, 22.33748713448691 ], [ 114.135811344403763, 22.337824456842018 ], [ 114.135039540808549, 22.336619978555866 ], [ 114.133585502405197, 22.336095155499898 ], [ 114.132453900902462, 22.337548040336557 ], [ 114.131673376528013, 22.339313418753843 ], [ 114.132993081411342, 22.338781952821723 ], [ 114.133860993782051, 22.339284221829054 ], [ 114.134109141603275, 22.339701626218986 ], [ 114.135201850027585, 22.339642444348797 ], [ 114.135838691036881, 22.340343604699935 ], [ 114.135966328836105, 22.341393350262926 ], [ 114.137159832762876, 22.341917501123241 ], [ 114.138180012599847, 22.342035461169168 ], [ 114.13827490443272, 22.341256317329037 ], [ 114.140348465573865, 22.340044416484375 ], [ 114.141279201869949, 22.33988771722592 ], [ 114.141951959110969, 22.340252472718856 ] ] ] } },
{ "type": "Feature", "properties": { "codigo_dcca": "F21", "nombre_en": "Lei Cheng Uk", "nombre_zh": "李鄭屋", "codigo": "F", "distrito_en": "Sham Shui Po", "distrito_es": "Sham Shui Po", "region": "Kowloon", "area_km2_poligono": 0.2151 }, "geometry": { "type": "Polygon", "coordinates": [ [ [ 114.163142257095146, 22.338855756606407 ], [ 114.162374063997902, 22.337677741909136 ], [ 114.161885889312842, 22.337931583168356 ], [ 114.160655200067367, 22.336550418626526 ], [ 114.156985822575152, 22.33938581915319 ], [ 114.158621940009752, 22.341213081047659 ], [ 114.158394281305704, 22.342857616576101 ], [ 114.159248201723827, 22.342518990445708 ], [ 114.160273360232367, 22.341297283030066 ], [ 114.162596060879082, 22.339855791211793 ], [ 114.163142257095146, 22.338855756606407 ] ] ] } },
{ "type": "Feature", "properties": { "codigo_dcca": "F20", "nombre_en": "So Uk", "nombre_zh": "蘇屋", "codigo": "F", "distrito_en": "Sham Shui Po", "distrito_es": "Sham Shui Po", "region": "Kowloon", "area_km2_poligono": 0.1681 }, "geometry": { "type": "Polygon", "coordinates": [ [ [ 114.158394281305704, 22.342857616576101 ], [ 114.158621940009752, 22.341213081047659 ], [ 114.156985822575081, 22.33938581960475 ], [ 114.154699462599424, 22.341152128380966 ], [ 114.151831384160403, 22.340186698039936 ], [ 114.151327340147134, 22.341458982664811 ], [ 114.154448604830151, 22.342776684221064 ], [ 114.158394281305704, 22.342857616576101 ] ] ] } },
{ "type": "Feature", "properties": { "codigo_dcca": "F24", "nombre_en": "Yau Yat Tsuen", "nombre_zh": "又一村", "codigo": "F", "distrito_en": "Sham Shui Po", "distrito_es": "Sham Shui Po", "region": "Kowloon", "area_km2_poligono": 0.9658 }, "geometry": { "type": "Polygon", "coordinates": [ [ [ 114.173128024095291, 22.342980856646122 ], [ 114.173795646924376, 22.341542702743002 ], [ 114.173153394899188, 22.34094596741776 ], [ 114.173084909913371, 22.340539915265751 ], [ 114.173487948143972, 22.340326522659517 ], [ 114.173958549397454, 22.340551230357921 ], [ 114.176219693243084, 22.335791645698421 ], [ 114.176847548372081, 22.333387761278782 ], [ 114.176766845528633, 22.332013216731241 ], [ 114.17612472964818, 22.329809274653773 ], [ 114.174474344718973, 22.326648075812919 ], [ 114.172146712068454, 22.326700455662614 ], [ 114.1720440655114, 22.330130622003548 ], [ 114.17132617105618, 22.331260776532456 ], [ 114.17270085774301, 22.333847952086003 ], [ 114.173020597386895, 22.333781160731089 ], [ 114.172223286822586, 22.334371550189587 ], [ 114.172696093225198, 22.334781388615635 ], [ 114.172721551481274, 22.335556321130245 ], [ 114.170954519337357, 22.335619462655742 ], [ 114.170340489760648, 22.336831188965668 ], [ 114.169230765448575, 22.33683294682864 ], [ 114.169353689206432, 22.33770943302072 ], [ 114.16902280731469, 22.338251513724515 ], [ 114.16642747401913, 22.338862358377856 ], [ 114.165771598653151, 22.339239341337702 ], [ 114.165334720725212, 22.339819525175017 ], [ 114.165056758918183, 22.340867620378528 ], [ 114.164963912242555, 22.342068697445768 ], [ 114.166322865518637, 22.342004024050766 ], [ 114.168479701841889, 22.341234970822402 ], [ 114.169228062133016, 22.341574873172004 ], [ 114.171181235817855, 22.343386828324576 ], [ 114.172035709299962, 22.343436433691803 ], [ 114.173128024095291, 22.342980856646122 ] ] ] } },
{ "type": "Feature", "properties": { "codigo_dcca": "F22", "nombre_en": "Lung Ping & Sheung Pak Tin", "nombre_zh": "龍坪及上白田", "codigo": "F", "distrito_en": "Sham Shui Po", "distrito_es": "Sham Shui Po", "region": "Kowloon", "area_km2_poligono": 1.5926 }, "geometry": { "type": "Polygon", "coordinates": [ [ [ 114.162522588354975, 22.339924806300569 ], [ 114.160273360232367, 22.341297283030066 ], [ 114.159248201723827, 22.342518990445708 ], [ 114.15868780974796, 22.342782641816953 ], [ 114.155007065950812, 22.342818978320341 ], [ 114.154056554474465, 22.34265590894849 ], [ 114.149714411727601, 22.340757204413308 ], [ 114.148923052805017, 22.340602060298956 ], [ 114.146953142070203, 22.341515015642099 ], [ 114.146842404709005, 22.344165638305903 ], [ 114.147963322132668, 22.345058630730737 ], [ 114.150748261555904, 22.344999058853713 ], [ 114.151155997533692, 22.345681473476361 ], [ 114.151258007780996, 22.347220071900825 ], [ 114.152538075205655, 22.346188617368878 ], [ 114.154076725469608, 22.346432097117511 ], [ 114.154935541023491, 22.34685512580927 ], [ 114.156036873221623, 22.34663410340502 ], [ 114.156319690089418, 22.346249816724466 ], [ 114.157192051640578, 22.34648014101009 ], [ 114.158246733870229, 22.345507032480349 ], [ 114.158681445821486, 22.345449168756662 ], [ 114.159514220740817, 22.346049611874669 ], [ 114.159687470451686, 22.346809940586407 ], [ 114.160114284129435, 22.34731786408403 ], [ 114.160569218052373, 22.347381819692622 ], [ 114.160941938970794, 22.346992323336487 ], [ 114.161282637153363, 22.347515569172316 ], [ 114.161844694139575, 22.347626255577989 ], [ 114.162991039094123, 22.348466461778671 ], [ 114.163732238544327, 22.348622101939515 ], [ 114.164142472984395, 22.348043266535036 ], [ 114.164571328745524, 22.347962909497056 ], [ 114.16471712318463, 22.347619984846816 ], [ 114.165508395954078, 22.347265746011189 ], [ 114.165619455109322, 22.346527405812793 ], [ 114.166145659989269, 22.345752889854019 ], [ 114.167014523720226, 22.346351635161344 ], [ 114.168248800207124, 22.345825765174549 ], [ 114.169318507703593, 22.345908113860681 ], [ 114.169651548583772, 22.346189855495549 ], [ 114.170421530851911, 22.346051855614824 ], [ 114.171477341400433, 22.346599498358252 ], [ 114.172144666541584, 22.346376500226224 ], [ 114.172725114764887, 22.346468212333871 ], [ 114.174007488171867, 22.344227747406599 ], [ 114.173128024095305, 22.342980856646108 ], [ 114.172035709299976, 22.343436433691824 ], [ 114.171130057985806, 22.343367501116393 ], [ 114.168650406093462, 22.341265421584104 ], [ 114.167924342656491, 22.341297730795525 ], [ 114.166209198122232, 22.342029040345192 ], [ 114.164963912242584, 22.342068697445807 ], [ 114.165142342596539, 22.340368687543211 ], [ 114.165636898884074, 22.339369715488644 ], [ 114.166427474019144, 22.338862358377877 ], [ 114.168910820290876, 22.338320953398455 ], [ 114.169259028849069, 22.33798373230681 ], [ 114.169361166226153, 22.337481230756122 ], [ 114.166280908858639, 22.338142892171941 ], [ 114.166035276016117, 22.336884492569371 ], [ 114.165174555527543, 22.337054216774199 ], [ 114.164874597985218, 22.336889477234706 ], [ 114.165043840527659, 22.335759701426468 ], [ 114.16464645581209, 22.335707177294342 ], [ 114.164754503686382, 22.335051908688353 ], [ 114.163999861711901, 22.334163467644224 ], [ 114.163646821389904, 22.334442393851944 ], [ 114.163516844188038, 22.335161867366988 ], [ 114.163260831211247, 22.33505122156474 ], [ 114.162834824897175, 22.336147840447165 ], [ 114.162287945451368, 22.335953969042158 ], [ 114.162016344410446, 22.336651222259313 ], [ 114.162169750621871, 22.337449313242161 ], [ 114.163086044586535, 22.338475835209575 ], [ 114.163042181403341, 22.339237914078097 ], [ 114.162522588354975, 22.339924806300569 ] ] ] } },
{ "type": "Feature", "properties": { "codigo_dcca": "F12", "nombre_en": "Pik Wui", "nombre_zh": "碧匯", "codigo": "F", "distrito_en": "Sham Shui Po", "distrito_es": "Sham Shui Po", "region": "Kowloon", "area_km2_poligono": 0.6848 }, "geometry": { "type": "Polygon", "coordinates": [ [ [ 114.150928315771736, 22.333522432241462 ], [ 114.152257289234214, 22.332433744367545 ], [ 114.150571895135386, 22.330514505623558 ], [ 114.153576184856178, 22.328317552724464 ], [ 114.156003200298954, 22.326150921570061 ], [ 114.152695486799573, 22.322613190452159 ], [ 114.149526260469671, 22.322612687686004 ], [ 114.146335271966862, 22.328155011768356 ], [ 114.146830432770699, 22.328884233467701 ], [ 114.147580578622467, 22.329356769385448 ], [ 114.148730673213308, 22.331579019622751 ], [ 114.146475716930425, 22.333311310156127 ], [ 114.14698955178541, 22.333774583919176 ], [ 114.149413019987179, 22.333929308499386 ], [ 114.150051202355613, 22.333485228184873 ], [ 114.150628937705662, 22.334173849985973 ], [ 114.150928315771736, 22.333522432241462 ] ] ] } },
{ "type": "Feature", "properties": { "codigo_dcca": "F09", "nombre_en": "Fu Cheong", "nombre_zh": "富昌", "codigo": "F", "distrito_en": "Sham Shui Po", "distrito_es": "Sham Shui Po", "region": "Kowloon", "area_km2_poligono": 0.2789 }, "geometry": { "type": "Polygon", "coordinates": [ [ [ 114.152257289234811, 22.332433741056306 ], [ 114.154236600320004, 22.330910461829404 ], [ 114.155579925242563, 22.33241008108542 ], [ 114.158141290966327, 22.330407883490277 ], [ 114.157305999742164, 22.329486828175337 ], [ 114.157113155674949, 22.329637281430443 ], [ 114.156729968714274, 22.329206313009596 ], [ 114.157883490923865, 22.328316180898796 ], [ 114.156003200298954, 22.326150921570061 ], [ 114.153576184856178, 22.328317552724464 ], [ 114.150571895182651, 22.330514505588102 ], [ 114.152257289234811, 22.332433741056306 ] ] ] } },
{ "type": "Feature", "properties": { "codigo_dcca": "F19", "nombre_en": "Un Chau", "nombre_zh": "元州", "codigo": "F", "distrito_en": "Sham Shui Po", "distrito_es": "Sham Shui Po", "region": "Kowloon", "area_km2_poligono": 0.0998 }, "geometry": { "type": "Polygon", "coordinates": [ [ [ 114.157599576790446, 22.336716229928012 ], [ 114.156333456807047, 22.335352701640243 ], [ 114.153598275149847, 22.337465803197134 ], [ 114.155962647218246, 22.340176143282545 ], [ 114.156985822575081, 22.33938581960475 ], [ 114.155826599977374, 22.338088657049607 ], [ 114.157599576790446, 22.336716229928012 ] ] ] } },
{ "type": "Feature", "properties": { "codigo_dcca": "G20", "nombre_en": "Whampoa West", "nombre_zh": "黃埔西", "codigo": "G", "distrito_en": "Kowloon City", "distrito_es": "Ciudad de Kowloon", "region": "Kowloon", "area_km2_poligono": 0.1452 }, "geometry": { "type": "Polygon", "coordinates": [ [ [ 114.190616038447473, 22.305486169661297 ], [ 114.189310552366408, 22.303655887944522 ], [ 114.187998820798583, 22.304503966997029 ], [ 114.187445776113975, 22.303746525483838 ], [ 114.188085481346434, 22.303365278903623 ], [ 114.187031412514358, 22.301944421049882 ], [ 114.187205965617764, 22.301213219212332 ], [ 114.186604544816973, 22.301035696938275 ], [ 114.18571326827545, 22.301273361401414 ], [ 114.18518569504856, 22.30330252762591 ], [ 114.186696962900555, 22.30438671667839 ], [ 114.185930908092558, 22.304896692964405 ], [ 114.186852871923406, 22.30614487659609 ], [ 114.188467107923813, 22.305142723346474 ], [ 114.189564363434599, 22.306645560078042 ], [ 114.190582779651152, 22.305984409270799 ], [ 114.190616038447473, 22.305486169661297 ] ] ] } },
{ "type": "Feature", "properties": { "codigo_dcca": "G21", "nombre_en": "Hung Hom Bay", "nombre_zh": "紅磡灣", "codigo": "G", "distrito_en": "Kowloon City", "distrito_es": "Ciudad de Kowloon", "region": "Kowloon", "area_km2_poligono": 0.1143 }, "geometry": { "type": "Polygon", "coordinates": [ [ [ 114.186696962900555, 22.30438671667839 ], [ 114.18518569504856, 22.30330252762591 ], [ 114.184608247756643, 22.304028044093112 ], [ 114.183716145177272, 22.303861307081959 ], [ 114.183179623737729, 22.304096567798549 ], [ 114.184404346167042, 22.305781617690897 ], [ 114.184707869026894, 22.305592457114976 ], [ 114.185210396047069, 22.306265997991517 ], [ 114.185483689589276, 22.306092668192157 ], [ 114.185935878922848, 22.306722004628146 ], [ 114.186203971025833, 22.306556051924204 ], [ 114.186913699933754, 22.307180810052607 ], [ 114.187391052489559, 22.306873738999116 ], [ 114.187651284148345, 22.30711303296297 ], [ 114.189718451323159, 22.306859464959256 ], [ 114.188467107923813, 22.305142723346474 ], [ 114.186852871923406, 22.30614487659609 ], [ 114.185930908092558, 22.304896692964405 ], [ 114.186696962900555, 22.30438671667839 ] ] ] } },
{ "type": "Feature", "properties": { "codigo_dcca": "G22", "nombre_en": "Hung Hom", "nombre_zh": "紅磡", "codigo": "G", "distrito_en": "Kowloon City", "distrito_es": "Ciudad de Kowloon", "region": "Kowloon", "area_km2_poligono": 0.149 }, "geometry": { "type": "Polygon", "coordinates": [ [ [ 114.181394223404979, 22.307520438548508 ], [ 114.18345754151413, 22.308853348152414 ], [ 114.184502643786701, 22.308201969587511 ], [ 114.184769206796588, 22.308547594198142 ], [ 114.186913699933754, 22.307180810052607 ], [ 114.186203971025833, 22.306556051924204 ], [ 114.185935878922848, 22.306722004628146 ], [ 114.185483689589276, 22.306092668192157 ], [ 114.185210396047069, 22.306265997991517 ], [ 114.184707869026894, 22.305592457114976 ], [ 114.184404346167042, 22.305781617690897 ], [ 114.183179623737729, 22.304096567798549 ], [ 114.182417038827523, 22.304851753182689 ], [ 114.181927334943722, 22.306691927592336 ], [ 114.181394223404979, 22.307520438548508 ] ] ] } },
{ "type": "Feature", "properties": { "codigo_dcca": "G19", "nombre_en": "Whampoa East", "nombre_zh": "黃埔東", "codigo": "G", "distrito_en": "Kowloon City", "distrito_es": "Ciudad de Kowloon", "region": "Kowloon", "area_km2_poligono": 2.1996 }, "geometry": { "type": "Polygon", "coordinates": [ [ [ 114.201911695336975, 22.310156520901121 ], [ 114.21083421092429, 22.302575939964388 ], [ 114.210865756929792, 22.300274896936337 ], [ 114.199542586678291, 22.300260396280638 ], [ 114.186857749495658, 22.294124124310986 ], [ 114.186858186363182, 22.300244815979696 ], [ 114.186604544816973, 22.301035696938275 ], [ 114.187223086163954, 22.301232606845893 ], [ 114.187031412514358, 22.301944421049882 ], [ 114.18808548075998, 22.303365278098418 ], [ 114.187445776113975, 22.303746525483838 ], [ 114.187998820798583, 22.304503966997029 ], [ 114.189310552366408, 22.303655887944522 ], [ 114.190673297853607, 22.305583261900495 ], [ 114.190582779651152, 22.305984409270799 ], [ 114.189564363434599, 22.306645560078042 ], [ 114.189718451323159, 22.306859464959256 ], [ 114.193435219074971, 22.306359056214006 ], [ 114.201911695336975, 22.310156520901121 ] ] ] } },
{ "type": "Feature", "properties": { "codigo_dcca": "G23", "nombre_en": "Ka Wai", "nombre_zh": "家維", "codigo": "G", "distrito_en": "Kowloon City", "distrito_es": "Ciudad de Kowloon", "region": "Kowloon", "area_km2_poligono": 0.1957 }, "geometry": { "type": "Polygon", "coordinates": [ [ [ 114.189718451323159, 22.306859464959246 ], [ 114.18765128414833, 22.307113032962956 ], [ 114.187391052489531, 22.306873738999094 ], [ 114.184769206796574, 22.308547594198139 ], [ 114.184502643786701, 22.308201969587511 ], [ 114.183457541514144, 22.308853348152407 ], [ 114.183087519538489, 22.308635499474022 ], [ 114.183345345768572, 22.30920328867861 ], [ 114.183175534205873, 22.309879461988935 ], [ 114.183587980435846, 22.310275292857874 ], [ 114.184301933324193, 22.309528909129011 ], [ 114.184759971540757, 22.309995263951937 ], [ 114.184166724449639, 22.310556715527209 ], [ 114.185250769607507, 22.311938905094173 ], [ 114.186788427846295, 22.311172914457188 ], [ 114.187313808478564, 22.312188824179671 ], [ 114.187608008404069, 22.312289270346021 ], [ 114.187457859901102, 22.307994658811616 ], [ 114.188455055407388, 22.307852358345869 ], [ 114.189660123916241, 22.308880627827573 ], [ 114.1903136942896, 22.308880574812612 ], [ 114.190182570705787, 22.307799170519218 ], [ 114.189718451323159, 22.306859464959246 ] ] ] } },
{ "type": "Feature", "properties": { "codigo_dcca": "G17", "nombre_en": "To Kwa Wan South", "nombre_zh": "土瓜灣南", "codigo": "G", "distrito_en": "Kowloon City", "distrito_es": "Ciudad de Kowloon", "region": "Kowloon", "area_km2_poligono": 0.0997 }, "geometry": { "type": "Polygon", "coordinates": [ [ [ 114.189918910363403, 22.313629006773219 ], [ 114.189455544208641, 22.312302231415629 ], [ 114.187313808478564, 22.312188824179671 ], [ 114.186788427846295, 22.311172914457188 ], [ 114.185377553692732, 22.311967688023127 ], [ 114.186837192434567, 22.314506332299452 ], [ 114.186965862412052, 22.315481060103494 ], [ 114.187604614099968, 22.315484974324065 ], [ 114.187573573161913, 22.314189058270863 ], [ 114.187927921491763, 22.314513910243299 ], [ 114.189918910363403, 22.313629006773219 ] ] ] } },
{ "type": "Feature", "properties": { "codigo_dcca": "G25", "nombre_en": "Oi Chun", "nombre_zh": "愛俊", "codigo": "G", "distrito_en": "Kowloon City", "distrito_es": "Ciudad de Kowloon", "region": "Kowloon", "area_km2_poligono": 0.0922 }, "geometry": { "type": "Polygon", "coordinates": [ [ [ 114.180006781390631, 22.31125559333535 ], [ 114.179559709779738, 22.310664096926093 ], [ 114.179115695517282, 22.311043949054977 ], [ 114.177827927390638, 22.312607385213695 ], [ 114.177982022359757, 22.315064276492521 ], [ 114.179098187952533, 22.31590862571036 ], [ 114.179581645954869, 22.315720104485301 ], [ 114.180133904631091, 22.315045065935788 ], [ 114.179290451974282, 22.314433808667744 ], [ 114.179010189956884, 22.313656052218047 ], [ 114.179705956082771, 22.313319091586457 ], [ 114.180062008570232, 22.312668881568523 ], [ 114.180006781390631, 22.31125559333535 ] ] ] } },
{ "type": "Feature", "properties": { "codigo_dcca": "G18", "nombre_en": "Hok Yuen Laguna Verde", "nombre_zh": "鶴園海逸", "codigo": "G", "distrito_en": "Kowloon City", "distrito_es": "Ciudad de Kowloon", "region": "Kowloon", "area_km2_poligono": 0.9579 }, "geometry": { "type": "Polygon", "coordinates": [ [ [ 114.201911695336975, 22.310156520901121 ], [ 114.193435219074971, 22.306359056214006 ], [ 114.189718451323159, 22.306859464959256 ], [ 114.190182570705787, 22.307799170519235 ], [ 114.1903136942896, 22.308880574812651 ], [ 114.189660123916227, 22.308880627827591 ], [ 114.188455055407388, 22.307852358345883 ], [ 114.187457859901102, 22.307994658811619 ], [ 114.187608008404084, 22.312289270346028 ], [ 114.189455544208641, 22.312302231415643 ], [ 114.190357787112873, 22.314541684492735 ], [ 114.191642054374299, 22.314435598190315 ], [ 114.192069284226264, 22.314595300884555 ], [ 114.192181060519275, 22.314296792897157 ], [ 114.195803162157929, 22.316557391521332 ], [ 114.198152083361961, 22.313350297844494 ], [ 114.201911695336975, 22.310156520901121 ] ] ] } },
{ "type": "Feature", "properties": { "codigo_dcca": "G16", "nombre_en": "To Kwa Wan North", "nombre_zh": "土瓜灣北", "codigo": "G", "distrito_en": "Kowloon City", "distrito_es": "Ciudad de Kowloon", "region": "Kowloon", "area_km2_poligono": 0.0767 }, "geometry": { "type": "Polygon", "coordinates": [ [ [ 114.188965365500295, 22.316977184503525 ], [ 114.19093485751668, 22.315243710242093 ], [ 114.189918910363403, 22.313629006773219 ], [ 114.187927921491763, 22.314513910243299 ], [ 114.187573573161913, 22.314189058270863 ], [ 114.187604210285954, 22.315787743228842 ], [ 114.188129427883538, 22.316660605076031 ], [ 114.188695981855503, 22.316413352001007 ], [ 114.188965365500295, 22.316977184503525 ] ] ] } },
{ "type": "Feature", "properties": { "codigo_dcca": "G24", "nombre_en": "Oi Man", "nombre_zh": "愛民", "codigo": "G", "distrito_en": "Kowloon City", "distrito_es": "Ciudad de Kowloon", "region": "Kowloon", "area_km2_poligono": 0.3684 }, "geometry": { "type": "Polygon", "coordinates": [ [ [ 114.181223131535049, 22.315931718460046 ], [ 114.182219659702142, 22.312448134362874 ], [ 114.184759971540771, 22.309995263951951 ], [ 114.184301933324221, 22.309528909129039 ], [ 114.18358798043586, 22.310275292857916 ], [ 114.183148841985044, 22.309821323995859 ], [ 114.183345345768572, 22.30920328867861 ], [ 114.183087519538503, 22.308635499474057 ], [ 114.181323984185582, 22.307461610873393 ], [ 114.176702332447306, 22.312236131147909 ], [ 114.177237714565763, 22.31525674020132 ], [ 114.178147710953965, 22.31642998167472 ], [ 114.178514038723094, 22.317500275629559 ], [ 114.180477634227358, 22.316668859495689 ], [ 114.181223131535049, 22.315931718460046 ] ], [ [ 114.179412918543861, 22.310795043089609 ], [ 114.179702866095823, 22.310770763948856 ], [ 114.180006781390631, 22.31125559333535 ], [ 114.18006200857026, 22.312668881568545 ], [ 114.179705956082771, 22.313319091586457 ], [ 114.179010189956912, 22.313656052218064 ], [ 114.179290451974296, 22.314433808667772 ], [ 114.180133904631106, 22.315045065935809 ], [ 114.179581645954869, 22.315720104485301 ], [ 114.179098187952533, 22.31590862571036 ], [ 114.177982022359757, 22.315064276492521 ], [ 114.177813370019791, 22.312732684904422 ], [ 114.179412918543861, 22.310795043089609 ] ] ] } },
{ "type": "Feature", "properties": { "codigo_dcca": "G15", "nombre_en": "Hoi Sham", "nombre_zh": "海心", "codigo": "G", "distrito_en": "Kowloon City", "distrito_es": "Ciudad de Kowloon", "region": "Kowloon", "area_km2_poligono": 0.1969 }, "geometry": { "type": "Polygon", "coordinates": [ [ [ 114.194383380077625, 22.318556817069414 ], [ 114.195803162157944, 22.316557391521304 ], [ 114.192181060519275, 22.314296792897174 ], [ 114.19206928422625, 22.314595300884534 ], [ 114.191642054374299, 22.31443559819029 ], [ 114.190357787112859, 22.314541684492738 ], [ 114.19093485751668, 22.315243710242093 ], [ 114.189697488270895, 22.316390699130501 ], [ 114.192470631842852, 22.319300564933005 ], [ 114.194383380077625, 22.318556817069414 ] ] ] } },
{ "type": "Feature", "properties": { "codigo_dcca": "G06", "nombre_en": "Sheung Lok", "nombre_zh": "常樂", "codigo": "G", "distrito_en": "Kowloon City", "distrito_es": "Ciudad de Kowloon", "region": "Kowloon", "area_km2_poligono": 0.3788 }, "geometry": { "type": "Polygon", "coordinates": [ [ [ 114.184552996296787, 22.31935250098725 ], [ 114.185142486020183, 22.319507849907954 ], [ 114.18514076358997, 22.31840594855797 ], [ 114.185488226863797, 22.318406196618326 ], [ 114.185409888288163, 22.315396488027432 ], [ 114.184609799566488, 22.315396528384515 ], [ 114.184598195998674, 22.314073546098786 ], [ 114.18513256481512, 22.313216741370201 ], [ 114.185919512535477, 22.312813582153378 ], [ 114.184166724449653, 22.310556715527245 ], [ 114.182138983420884, 22.312592066759905 ], [ 114.181126690818886, 22.316098787110903 ], [ 114.179793383430621, 22.316986073173933 ], [ 114.180243513660358, 22.317959111106958 ], [ 114.181568424945738, 22.319740362681223 ], [ 114.183311879313095, 22.320075563158461 ], [ 114.184552996296787, 22.31935250098725 ] ] ] } },
{ "type": "Feature", "properties": { "codigo_dcca": "G04", "nombre_en": "Ma Tau Kok", "nombre_zh": "馬頭角", "codigo": "G", "distrito_en": "Kowloon City", "distrito_es": "Ciudad de Kowloon", "region": "Kowloon", "area_km2_poligono": 0.1825 }, "geometry": { "type": "Polygon", "coordinates": [ [ [ 114.192470631842852, 22.319300564933005 ], [ 114.189697488270895, 22.316390699130501 ], [ 114.188965365500295, 22.316977184503525 ], [ 114.188695981855503, 22.316413352001007 ], [ 114.188129427883538, 22.316660605076031 ], [ 114.18771018679378, 22.315784665749735 ], [ 114.187603466508961, 22.31634005465725 ], [ 114.186428466239178, 22.316312476772236 ], [ 114.186409273964244, 22.319525112451188 ], [ 114.187566179152512, 22.319540843517135 ], [ 114.187570921410142, 22.319108503492863 ], [ 114.188491138503579, 22.318711093749638 ], [ 114.189498798664545, 22.320766814809367 ], [ 114.192470631842852, 22.319300564933005 ] ] ] } },
{ "type": "Feature", "properties": { "codigo_dcca": "G05", "nombre_en": "Lok Man", "nombre_zh": "樂民", "codigo": "G", "distrito_en": "Kowloon City", "distrito_es": "Ciudad de Kowloon", "region": "Kowloon", "area_km2_poligono": 0.151 }, "geometry": { "type": "Polygon", "coordinates": [ [ [ 114.185134026226606, 22.321006037551392 ], [ 114.187549229234889, 22.321022990781596 ], [ 114.187566179152512, 22.319540843517146 ], [ 114.186409273964244, 22.319525112451206 ], [ 114.186428466239178, 22.316312476772236 ], [ 114.187603466508961, 22.31634005465725 ], [ 114.187604614099968, 22.315484974324075 ], [ 114.186965862412066, 22.315481060103494 ], [ 114.186837192434567, 22.314506332299452 ], [ 114.185919512535477, 22.312813582153378 ], [ 114.18513256481512, 22.313216741370201 ], [ 114.184598195998674, 22.314073546098786 ], [ 114.184609799566488, 22.315396528384515 ], [ 114.185409888288163, 22.315396488027432 ], [ 114.185488226863797, 22.318406196618326 ], [ 114.18514076358997, 22.31840594855797 ], [ 114.185027578382133, 22.319339130854651 ], [ 114.185591813919331, 22.320095649299137 ], [ 114.185134026226606, 22.321006037551392 ] ] ] } },
{ "type": "Feature", "properties": { "codigo_dcca": "G03", "nombre_en": "Ma Hang Chung", "nombre_zh": "馬坑涌", "codigo": "G", "distrito_en": "Kowloon City", "distrito_es": "Ciudad de Kowloon", "region": "Kowloon", "area_km2_poligono": 0.1428 }, "geometry": { "type": "Polygon", "coordinates": [ [ [ 114.189137715257019, 22.32333435686731 ], [ 114.188683252887287, 22.322426897170878 ], [ 114.193567834744741, 22.320295355905003 ], [ 114.193089590415624, 22.319800546103547 ], [ 114.194663128057954, 22.319124910296118 ], [ 114.194345401110525, 22.318481117696752 ], [ 114.189498798664545, 22.320766814809367 ], [ 114.188491138503579, 22.318711093749656 ], [ 114.187570921410185, 22.319108503492867 ], [ 114.187577836035047, 22.322202609958754 ], [ 114.187867241384353, 22.322777721761934 ], [ 114.188435645268228, 22.322530469649223 ], [ 114.188874322323173, 22.32344874078078 ], [ 114.189137715257019, 22.32333435686731 ] ] ] } },
{ "type": "Feature", "properties": { "codigo_dcca": "G07", "nombre_en": "Ho Man Tin", "nombre_zh": "何文田", "codigo": "G", "distrito_en": "Kowloon City", "distrito_es": "Ciudad de Kowloon", "region": "Kowloon", "area_km2_poligono": 0.5114 }, "geometry": { "type": "Polygon", "coordinates": [ [ [ 114.182899256349614, 22.323198700991181 ], [ 114.183160505768342, 22.322690521612206 ], [ 114.184217992316519, 22.323176179058326 ], [ 114.185591813919331, 22.320095649299137 ], [ 114.184767312844386, 22.319337437021275 ], [ 114.183311879313095, 22.320075563158461 ], [ 114.181735244441015, 22.319814860121379 ], [ 114.181210506945945, 22.31943503029251 ], [ 114.179793383430621, 22.316986073173933 ], [ 114.178514038723094, 22.317500275629559 ], [ 114.178147710953965, 22.31642998167472 ], [ 114.177237714565763, 22.31525674020132 ], [ 114.176702332447306, 22.312236131147909 ], [ 114.175603560936736, 22.313936173408994 ], [ 114.174256127576044, 22.316978214604514 ], [ 114.177258357049894, 22.321122681049125 ], [ 114.181364238502439, 22.322999346718746 ], [ 114.181595338465101, 22.322563785671299 ], [ 114.182899256349614, 22.323198700991181 ] ] ] } },
{ "type": "Feature", "properties": { "codigo_dcca": "G02", "nombre_en": "Sung Wong Toi", "nombre_zh": "宋皇臺", "codigo": "G", "distrito_en": "Kowloon City", "distrito_es": "Ciudad de Kowloon", "region": "Kowloon", "area_km2_poligono": 0.1756 }, "geometry": { "type": "Polygon", "coordinates": [ [ [ 114.188683252887287, 22.322426897170878 ], [ 114.189137715257019, 22.32333435686731 ], [ 114.189383886412372, 22.323227451316022 ], [ 114.189953135293919, 22.324355011695779 ], [ 114.190523645196009, 22.324077454512494 ], [ 114.1914298236522, 22.324067983628055 ], [ 114.192452990262623, 22.32299747440241 ], [ 114.194538626210488, 22.322096332159241 ], [ 114.196026589261422, 22.320746369267134 ], [ 114.195265882078459, 22.320344135601488 ], [ 114.1946619634071, 22.319125407106874 ], [ 114.193089590415624, 22.319800546103547 ], [ 114.193567834744741, 22.320295355905003 ], [ 114.188683252887287, 22.322426897170878 ] ] ] } },
{ "type": "Feature", "properties": { "codigo_dcca": "G08", "nombre_en": "Kadoorie", "nombre_zh": "嘉道理", "codigo": "G", "distrito_en": "Kowloon City", "distrito_es": "Ciudad de Kowloon", "region": "Kowloon", "area_km2_poligono": 0.4329 }, "geometry": { "type": "Polygon", "coordinates": [ [ [ 114.178106876583158, 22.321519769795049 ], [ 114.177258357049894, 22.321122681049111 ], [ 114.174256127576029, 22.316978214604489 ], [ 114.173129717172557, 22.319651790521206 ], [ 114.172737766395826, 22.321774015602571 ], [ 114.172959599364788, 22.323559143087618 ], [ 114.174474344718973, 22.326648075812919 ], [ 114.178451671836655, 22.326985214682093 ], [ 114.177978439484676, 22.321999773803558 ], [ 114.178106876583158, 22.321519769795049 ] ] ] } },
{ "type": "Feature", "properties": { "codigo_dcca": "G01", "nombre_en": "Ma Tau Wai", "nombre_zh": "馬頭圍", "codigo": "G", "distrito_en": "Kowloon City", "distrito_es": "Ciudad de Kowloon", "region": "Kowloon", "area_km2_poligono": 0.351 }, "geometry": { "type": "Polygon", "coordinates": [ [ [ 114.185134026226606, 22.321006037551392 ], [ 114.184217992316519, 22.323176179058326 ], [ 114.183160505768342, 22.322690521612206 ], [ 114.182899256349614, 22.323198700991181 ], [ 114.181595338465101, 22.322563785671299 ], [ 114.181364238502439, 22.322999346718746 ], [ 114.1856371646535, 22.324957707073953 ], [ 114.185248041827307, 22.32698056120153 ], [ 114.191186436148598, 22.327935796738018 ], [ 114.191363812224949, 22.327451958304678 ], [ 114.190620205598051, 22.32676668308277 ], [ 114.190113169015461, 22.325851484493182 ], [ 114.18982853667238, 22.324788182946495 ], [ 114.189953135293919, 22.324355011695779 ], [ 114.189383886412372, 22.323227451316022 ], [ 114.188874319896613, 22.323448740555186 ], [ 114.188435645268228, 22.322530469649223 ], [ 114.187867241384353, 22.322777721761934 ], [ 114.187532322956983, 22.322063767627348 ], [ 114.187549229234889, 22.321022990781596 ], [ 114.185134026226606, 22.321006037551392 ] ] ] } },
{ "type": "Feature", "properties": { "codigo_dcca": "G09", "nombre_en": "Prince", "nombre_zh": "太子", "codigo": "G", "distrito_en": "Kowloon City", "distrito_es": "Ciudad de Kowloon", "region": "Kowloon", "area_km2_poligono": 0.7569 }, "geometry": { "type": "Polygon", "coordinates": [ [ [ 114.187130230166744, 22.331771104747972 ], [ 114.186941836555164, 22.327277272664681 ], [ 114.185248041827307, 22.326980561201516 ], [ 114.185637164653471, 22.324957707073938 ], [ 114.178106876583158, 22.321519769795049 ], [ 114.177978439484676, 22.321999773803558 ], [ 114.178451671836655, 22.326985214682093 ], [ 114.174474344718973, 22.326648075812919 ], [ 114.176442914959054, 22.330734810310791 ], [ 114.176397536920447, 22.329556202553693 ], [ 114.177058182627832, 22.329523385834719 ], [ 114.177311169451158, 22.330079894954892 ], [ 114.177912764524947, 22.330398283301147 ], [ 114.182027420525841, 22.330201725232133 ], [ 114.182201438937881, 22.330868501619076 ], [ 114.182854333783226, 22.330836095004791 ], [ 114.183827376982705, 22.329643450118851 ], [ 114.185414327734904, 22.329583961643756 ], [ 114.185491449648367, 22.331823930160812 ], [ 114.187130230166744, 22.331771104747972 ] ] ] } },
{ "type": "Feature", "properties": { "codigo_dcca": "G11", "nombre_en": "Lung Shing", "nombre_zh": "龍城", "codigo": "G", "distrito_en": "Kowloon City", "distrito_es": "Ciudad de Kowloon", "region": "Kowloon", "area_km2_poligono": 0.3039 }, "geometry": { "type": "Polygon", "coordinates": [ [ [ 114.194182669128082, 22.330429109648836 ], [ 114.19149245313173, 22.328012357737119 ], [ 114.186941836555164, 22.327277272664681 ], [ 114.187167293818916, 22.332470412463845 ], [ 114.188782262676426, 22.332328069787771 ], [ 114.18981000708574, 22.332655349261426 ], [ 114.19073041210693, 22.333420045599372 ], [ 114.19174920727994, 22.331900749649755 ], [ 114.192514437445766, 22.331307855904605 ], [ 114.191643655309463, 22.330523162231543 ], [ 114.194182669128082, 22.330429109648836 ] ] ] } },
{ "type": "Feature", "properties": { "codigo_dcca": "G14", "nombre_en": "Kai Tak Central & South", "nombre_zh": "啟德中及南", "codigo": "G", "distrito_en": "Kowloon City", "distrito_es": "Ciudad de Kowloon", "region": "Kowloon", "area_km2_poligono": 4.257 }, "geometry": { "type": "Polygon", "coordinates": [ [ [ 114.203473848628192, 22.3344298093783 ], [ 114.200582407020462, 22.331474148867301 ], [ 114.202910788176425, 22.329393646009585 ], [ 114.20332789644813, 22.329958027581625 ], [ 114.203636698517755, 22.330040056890862 ], [ 114.203875253794948, 22.329709664445481 ], [ 114.204810145794539, 22.329679079563569 ], [ 114.204822102458493, 22.328904749179905 ], [ 114.205148467859928, 22.328084869012947 ], [ 114.204969448150408, 22.327642004207402 ], [ 114.201754692401096, 22.324479404891942 ], [ 114.2017100528127, 22.323766428709472 ], [ 114.202151713534278, 22.323638360758235 ], [ 114.20203903279257, 22.323147863788638 ], [ 114.202255179439987, 22.322819053347814 ], [ 114.2034479491697, 22.322734362676293 ], [ 114.204371213315014, 22.321947111225327 ], [ 114.204937988, 22.321384507457495 ], [ 114.20500339618394, 22.320846345073665 ], [ 114.20640727871897, 22.320002276484608 ], [ 114.208594301037749, 22.317283689988397 ], [ 114.209973780731701, 22.316835640822742 ], [ 114.210863897451119, 22.316029466658911 ], [ 114.210567053476325, 22.315731013260244 ], [ 114.210813791191583, 22.315486521523507 ], [ 114.209827736310672, 22.314517326549208 ], [ 114.210491856239173, 22.313879945822773 ], [ 114.208967753044647, 22.312455027582253 ], [ 114.211898685119081, 22.309855160048055 ], [ 114.212850275280729, 22.309379399897242 ], [ 114.213199754082524, 22.309984986464894 ], [ 114.215292148460364, 22.308127838566286 ], [ 114.215448925604605, 22.307808497155232 ], [ 114.215316296844463, 22.306859709941037 ], [ 114.219331577859535, 22.303105451101224 ], [ 114.219386227385726, 22.295677439841185 ], [ 114.210865756929792, 22.300274896936337 ], [ 114.21083421092429, 22.302575939964388 ], [ 114.198152083361961, 22.313350297844494 ], [ 114.194424324363609, 22.318439893515599 ], [ 114.195265882078459, 22.320344135601488 ], [ 114.196026589261422, 22.320746369267134 ], [ 114.194538626210488, 22.322096332159241 ], [ 114.192452990262623, 22.32299747440241 ], [ 114.191602975925335, 22.323992291605496 ], [ 114.190413675440894, 22.324103652472076 ], [ 114.189876854450048, 22.324470790000543 ], [ 114.190113169015461, 22.325851484493182 ], [ 114.190620205598051, 22.32676668308277 ], [ 114.191363812224949, 22.327451958304678 ], [ 114.191186436148598, 22.327935796738018 ], [ 114.192436496616423, 22.328732458698553 ], [ 114.19547743649882, 22.331678184231972 ], [ 114.196881991055932, 22.332203415712073 ], [ 114.197746014264212, 22.333353115989055 ], [ 114.198619045089387, 22.333846043455406 ], [ 114.202298376267535, 22.335194277914393 ], [ 114.203854550989675, 22.33527925646646 ], [ 114.203473848628192, 22.3344298093783 ] ] ] } },
{ "type": "Feature", "properties": { "codigo_dcca": "G10", "nombre_en": "Kowloon Tong", "nombre_zh": "九龍塘", "codigo": "G", "distrito_en": "Kowloon City", "distrito_es": "Ciudad de Kowloon", "region": "Kowloon", "area_km2_poligono": 2.0376 }, "geometry": { "type": "Polygon", "coordinates": [ [ [ 114.178537509007739, 22.348743063310383 ], [ 114.179452405758184, 22.349018979908941 ], [ 114.181266471534741, 22.346753325711706 ], [ 114.181517383495589, 22.346249214484658 ], [ 114.181697875833677, 22.344139298735083 ], [ 114.182698365898972, 22.344069278700886 ], [ 114.184452975448494, 22.343096721900078 ], [ 114.183670785239471, 22.340516840479005 ], [ 114.18318719142448, 22.339687176416579 ], [ 114.18429624653146, 22.339457978353206 ], [ 114.186149842631437, 22.337933512605758 ], [ 114.186073687214872, 22.336135195386007 ], [ 114.186528105564946, 22.336115418962343 ], [ 114.186710020059394, 22.334779442535396 ], [ 114.18745156743735, 22.334753360480953 ], [ 114.187130230166744, 22.331771104747972 ], [ 114.185491449648367, 22.331823930160812 ], [ 114.185414327734904, 22.329583961643756 ], [ 114.183827376982705, 22.329643450118851 ], [ 114.182854333783226, 22.330836095004791 ], [ 114.182201438937881, 22.330868501619076 ], [ 114.182027420525841, 22.330201725232133 ], [ 114.177912764524947, 22.330398283301147 ], [ 114.177311169451158, 22.330079894954892 ], [ 114.177058182627832, 22.329523385834719 ], [ 114.176397536920447, 22.329556202553693 ], [ 114.176852780304586, 22.332708860386781 ], [ 114.176796130603918, 22.333894485105137 ], [ 114.175981729814609, 22.33637104637765 ], [ 114.173958549397454, 22.340551230357921 ], [ 114.173417850887574, 22.340326521197699 ], [ 114.173051445201011, 22.340658467823157 ], [ 114.173795646924376, 22.341542702743002 ], [ 114.173128024095291, 22.342980856646122 ], [ 114.174007488171895, 22.344227747406588 ], [ 114.172725114764873, 22.346468212333882 ], [ 114.17334270240697, 22.34709332245744 ], [ 114.172886669897977, 22.347946447359273 ], [ 114.173340754964826, 22.348108357710839 ], [ 114.173473162227737, 22.348494444142911 ], [ 114.17428257373048, 22.348028608314372 ], [ 114.175640929534239, 22.349170177347503 ], [ 114.176320055036996, 22.349082367739634 ], [ 114.176885964922363, 22.349326509767582 ], [ 114.177183456793983, 22.348805436965392 ], [ 114.177898288257438, 22.349069595828457 ], [ 114.178537509007739, 22.348743063310383 ] ] ] } },
{ "type": "Feature", "properties": { "codigo_dcca": "G13", "nombre_en": "Kai Tak East", "nombre_zh": "啟德東", "codigo": "G", "distrito_en": "Kowloon City", "distrito_es": "Ciudad de Kowloon", "region": "Kowloon", "area_km2_poligono": 0.0458 }, "geometry": { "type": "Polygon", "coordinates": [ [ [ 114.204786369681131, 22.331218435628386 ], [ 114.204810145794539, 22.329679079563569 ], [ 114.203875253794948, 22.329709664445481 ], [ 114.203636698517755, 22.330040056890862 ], [ 114.20332789644813, 22.329958027581625 ], [ 114.202910788176425, 22.329393646009585 ], [ 114.201770527685525, 22.330420855434703 ], [ 114.202637548452628, 22.33127789713771 ], [ 114.204786369681131, 22.331218435628386 ] ] ] } },
{ "type": "Feature", "properties": { "codigo_dcca": "G12", "nombre_en": "Kai Tak North", "nombre_zh": "啟德北", "codigo": "G", "distrito_en": "Kowloon City", "distrito_es": "Ciudad de Kowloon", "region": "Kowloon", "area_km2_poligono": 0.1205 }, "geometry": { "type": "Polygon", "coordinates": [ [ [ 114.204708683451116, 22.334780587842513 ], [ 114.204786369681131, 22.331218435628386 ], [ 114.202637548452628, 22.33127789713771 ], [ 114.201770527685525, 22.330420855434703 ], [ 114.200582407020462, 22.331474148867301 ], [ 114.203473848628192, 22.3344298093783 ], [ 114.203854550989675, 22.33527925646646 ], [ 114.204708683451116, 22.334780587842513 ] ] ] } },
{ "type": "Feature", "properties": { "codigo_dcca": "P11", "nombre_en": "Wan Tau Tong", "nombre_zh": "運頭塘", "codigo": "P", "distrito_en": "Tai Po", "distrito_es": "Tai Po", "region": "Nuevos Territorios", "area_km2_poligono": 0.1233 }, "geometry": { "type": "Polygon", "coordinates": [ [ [ 114.171214993453859, 22.44332599112462 ], [ 114.169523425080385, 22.442023939093829 ], [ 114.167845648352824, 22.441405674328905 ], [ 114.166802606020795, 22.440373792588886 ], [ 114.164934797876313, 22.439900596004438 ], [ 114.165298003544493, 22.442055777558096 ], [ 114.166984977031987, 22.443215833512561 ], [ 114.167504288005745, 22.44394614834075 ], [ 114.168457379639349, 22.443447502727569 ], [ 114.170073087774682, 22.443064362066988 ], [ 114.171214993453859, 22.44332599112462 ] ] ] } },
{ "type": "Feature", "properties": { "codigo_dcca": "P10", "nombre_en": "Tai Po Kau", "nombre_zh": "大埔滘", "codigo": "P", "distrito_en": "Tai Po", "distrito_es": "Tai Po", "region": "Nuevos Territorios", "area_km2_poligono": 16.8056 }, "geometry": { "type": "Polygon", "coordinates": [ [ [ 114.185358155877381, 22.440088332107557 ], [ 114.186904406469068, 22.439372151035155 ], [ 114.188638439705187, 22.439060481809392 ], [ 114.190109131705015, 22.439161508798733 ], [ 114.19226381529073, 22.439665217045448 ], [ 114.193465478123784, 22.439602787594929 ], [ 114.196224642140692, 22.438345077566609 ], [ 114.198123788604534, 22.436916554225149 ], [ 114.199607135827904, 22.435320081866205 ], [ 114.200260323263777, 22.434144385255227 ], [ 114.200991289635624, 22.431697192399223 ], [ 114.201979347836314, 22.430262378989628 ], [ 114.207505656930181, 22.426538207363453 ], [ 114.206624394584523, 22.42545744065395 ], [ 114.206149302195485, 22.425530918234852 ], [ 114.205354766928437, 22.425176596206377 ], [ 114.205044216034139, 22.426056300337784 ], [ 114.204727577559041, 22.426094012398163 ], [ 114.20365711329228, 22.424665039561798 ], [ 114.203406461121219, 22.42470943868236 ], [ 114.203290071516193, 22.424323197189025 ], [ 114.203980347797668, 22.422597448613015 ], [ 114.203687963374847, 22.422698846538061 ], [ 114.203529861699096, 22.422388603532372 ], [ 114.203362802728847, 22.422474131625613 ], [ 114.203544346048261, 22.423059827612633 ], [ 114.203163944968324, 22.423395543903489 ], [ 114.202388195260042, 22.422829005922278 ], [ 114.202202550938665, 22.422898714351291 ], [ 114.202486124296556, 22.423364064325142 ], [ 114.202222763779645, 22.424874399103768 ], [ 114.202515378737289, 22.425045299778496 ], [ 114.202329966955631, 22.42539362558357 ], [ 114.201002916395367, 22.424454614823865 ], [ 114.200531154779384, 22.424348621748958 ], [ 114.200052829225299, 22.422557333265516 ], [ 114.200242897095222, 22.422218500310471 ], [ 114.200126396373193, 22.42168344314398 ], [ 114.199203269637707, 22.421639378403206 ], [ 114.198675560662977, 22.418605298908474 ], [ 114.185242928907698, 22.418346911567951 ], [ 114.185126184468828, 22.415628253680392 ], [ 114.173422673029563, 22.415720143841572 ], [ 114.17340841762919, 22.412836681316385 ], [ 114.161478532471989, 22.41309423285082 ], [ 114.160784759373911, 22.412858334180829 ], [ 114.160472041410173, 22.413077689545261 ], [ 114.15997356484516, 22.412706837342423 ], [ 114.160092844177555, 22.412051082595312 ], [ 114.158745385846956, 22.41302545373599 ], [ 114.15889653403724, 22.412397815383052 ], [ 114.158235297634192, 22.411854746236472 ], [ 114.157824559645974, 22.412151332012723 ], [ 114.15656243819042, 22.412319136709922 ], [ 114.155144297201019, 22.412900100759284 ], [ 114.152620778197587, 22.412400898060685 ], [ 114.149303540600769, 22.412503386802456 ], [ 114.148246812562533, 22.412298843326841 ], [ 114.147327437012905, 22.411833978062894 ], [ 114.147048290131394, 22.41289803466012 ], [ 114.147281152494756, 22.413832082835341 ], [ 114.146777091838771, 22.415053372371585 ], [ 114.146943143528915, 22.415892019320054 ], [ 114.146165403860564, 22.416858587059409 ], [ 114.143876801051903, 22.415883412937099 ], [ 114.143159652055033, 22.41578416451695 ], [ 114.141875192216276, 22.416019596436193 ], [ 114.140841075758956, 22.416807649475988 ], [ 114.139453545951142, 22.417314025879882 ], [ 114.138355215324168, 22.417252180144697 ], [ 114.138505515403693, 22.41769426708392 ], [ 114.138304606833216, 22.418749259659432 ], [ 114.13963388627495, 22.419707380233682 ], [ 114.139630808652157, 22.420285592201715 ], [ 114.139944908763908, 22.420534273361188 ], [ 114.140029841944738, 22.421776390087064 ], [ 114.140624013909303, 22.423183454841705 ], [ 114.140879147157804, 22.423607926209215 ], [ 114.141681059926881, 22.424104959553922 ], [ 114.141735807225359, 22.424477279944497 ], [ 114.141304473404531, 22.425535421939024 ], [ 114.14185856865879, 22.425890693388279 ], [ 114.142214840588281, 22.42692591533681 ], [ 114.143966114028757, 22.427457607176859 ], [ 114.145360194361871, 22.428688476384519 ], [ 114.146090970959648, 22.428833447852867 ], [ 114.148195042441543, 22.430073456485019 ], [ 114.148587692642877, 22.430527523502402 ], [ 114.148963633566922, 22.432073045255645 ], [ 114.147726175839878, 22.43472450610841 ], [ 114.148659334627013, 22.434984342662858 ], [ 114.149656182524041, 22.435939259400808 ], [ 114.150222633886912, 22.436827283120799 ], [ 114.150000289381964, 22.437322630417448 ], [ 114.150082709376278, 22.437903745308091 ], [ 114.150638782687778, 22.438089764670544 ], [ 114.15147664587117, 22.438818999835192 ], [ 114.151242803909227, 22.439403947143163 ], [ 114.151499608940952, 22.439789732781687 ], [ 114.151567565979803, 22.44228088570862 ], [ 114.153094200957, 22.443352996529221 ], [ 114.154171581328384, 22.443618366854704 ], [ 114.154303020039549, 22.444157521506973 ], [ 114.155260283252616, 22.444135392227928 ], [ 114.156144056000343, 22.444696181795983 ], [ 114.157688063795163, 22.445064110514707 ], [ 114.158401593180017, 22.443924468897706 ], [ 114.158860909224288, 22.441816911426098 ], [ 114.15986100790461, 22.440582989454494 ], [ 114.161733086737271, 22.439848565610784 ], [ 114.161489266015707, 22.440474461851469 ], [ 114.16167560146215, 22.440972843414158 ], [ 114.162505778787093, 22.441030768367323 ], [ 114.162780826236244, 22.441382619223749 ], [ 114.162575471756995, 22.44158326702971 ], [ 114.163724776013495, 22.441710368839754 ], [ 114.165133127280242, 22.441502036052352 ], [ 114.164934797876313, 22.439900596004438 ], [ 114.166802606020795, 22.440373792588886 ], [ 114.167845648352824, 22.441405674328905 ], [ 114.169523425080385, 22.442023939093829 ], [ 114.171442549072765, 22.443536571075619 ], [ 114.17216805721948, 22.444588009664443 ], [ 114.171891461609732, 22.444585653506103 ], [ 114.172076240156642, 22.446692436897873 ], [ 114.175734424285579, 22.445794352550607 ], [ 114.176327968257837, 22.445116177435313 ], [ 114.176332656342296, 22.443571337425148 ], [ 114.176679341463768, 22.442950322661613 ], [ 114.177207996225732, 22.442605413033693 ], [ 114.17825894809954, 22.443208975872523 ], [ 114.178494074018701, 22.443581127779119 ], [ 114.179572811387672, 22.443114771304316 ], [ 114.179093112482022, 22.442268832560828 ], [ 114.183053985974297, 22.439259896960166 ], [ 114.185358155877381, 22.440088332107557 ] ] ] } },
{ "type": "Feature", "properties": { "codigo_dcca": "P09", "nombre_en": "Wang Fuk", "nombre_zh": "宏福", "codigo": "P", "distrito_en": "Tai Po", "distrito_es": "Tai Po", "region": "Nuevos Territorios", "area_km2_poligono": 4.0318 }, "geometry": { "type": "Polygon", "coordinates": [ [ [ 114.204607875233904, 22.445061449361166 ], [ 114.21470757852579, 22.431361450886484 ], [ 114.207505656930181, 22.426538207363485 ], [ 114.201979347836314, 22.430262378989628 ], [ 114.200991289635624, 22.431697192399223 ], [ 114.200260323263777, 22.434144385255227 ], [ 114.199558984748464, 22.435387555253001 ], [ 114.197848943424077, 22.437157614189239 ], [ 114.195894871144631, 22.438541439965384 ], [ 114.194109503945725, 22.439415789454333 ], [ 114.192930216935466, 22.439671473327824 ], [ 114.188638439705187, 22.439060481809392 ], [ 114.186904406469068, 22.439372151035155 ], [ 114.18535815587741, 22.440088332107575 ], [ 114.183053985974311, 22.43925989696017 ], [ 114.179093112482036, 22.442268832560863 ], [ 114.179572811387644, 22.443114771304348 ], [ 114.178494074018687, 22.44358112777913 ], [ 114.17825894809954, 22.443208975872551 ], [ 114.177207996225732, 22.442605413033728 ], [ 114.176806436844785, 22.442843465337987 ], [ 114.176359449557836, 22.443458140735494 ], [ 114.176356199617302, 22.444982779644992 ], [ 114.176134138984096, 22.445456191376834 ], [ 114.175549940321801, 22.44590746664748 ], [ 114.17409311012689, 22.446240527689131 ], [ 114.174454659265351, 22.447131161851043 ], [ 114.175303541580575, 22.447998249060635 ], [ 114.174797097624747, 22.448445061141985 ], [ 114.175202989305063, 22.449092901260784 ], [ 114.174717855934773, 22.449528497428755 ], [ 114.174990416628177, 22.449781859074672 ], [ 114.176851736287517, 22.448881732473133 ], [ 114.204607875233904, 22.445061449361166 ] ] ] } },
{ "type": "Feature", "properties": { "codigo_dcca": "P12", "nombre_en": "San Fu", "nombre_zh": "新富", "codigo": "P", "distrito_en": "Tai Po", "distrito_es": "Tai Po", "region": "Nuevos Territorios", "area_km2_poligono": 0.9414 }, "geometry": { "type": "Polygon", "coordinates": [ [ [ 114.162593784695915, 22.449467098763922 ], [ 114.164780253104183, 22.446862930963992 ], [ 114.166451152723425, 22.445557270685828 ], [ 114.168429212573912, 22.444811479345649 ], [ 114.17216805721948, 22.444588009664443 ], [ 114.171993246793846, 22.444169731876919 ], [ 114.171214993453859, 22.44332599112462 ], [ 114.170073087774682, 22.443064362066988 ], [ 114.168457379639349, 22.443447502727569 ], [ 114.167504288005745, 22.44394614834075 ], [ 114.166984977031987, 22.443215833512561 ], [ 114.165439225964946, 22.442256507576527 ], [ 114.165133127280242, 22.441502036052352 ], [ 114.162976145512516, 22.441666978156682 ], [ 114.162575471756995, 22.44158326702971 ], [ 114.162780826236244, 22.441382619223749 ], [ 114.162505778787093, 22.441030768367323 ], [ 114.161744198722573, 22.441027032595798 ], [ 114.161489266015707, 22.440474461851469 ], [ 114.161733086737271, 22.439848565610784 ], [ 114.160086311900557, 22.440434091682061 ], [ 114.158924847164016, 22.441686274896938 ], [ 114.158401593180017, 22.443924468897706 ], [ 114.157896221950168, 22.444838346623158 ], [ 114.155362573806713, 22.446498856262316 ], [ 114.154790701561865, 22.447122837594364 ], [ 114.153747624000559, 22.449973984161534 ], [ 114.154245796661144, 22.450480897611087 ], [ 114.156165450164124, 22.449922901623051 ], [ 114.157005598796871, 22.450039978452875 ], [ 114.157783931034331, 22.450519769643506 ], [ 114.160713267026637, 22.449177324346241 ], [ 114.161409140747367, 22.449091946253393 ], [ 114.162593784695915, 22.449467098763922 ] ] ] } },
{ "type": "Feature", "properties": { "codigo_dcca": "P01", "nombre_en": "Tai Po Hui", "nombre_zh": "大埔墟", "codigo": "P", "distrito_en": "Tai Po", "distrito_es": "Tai Po", "region": "Nuevos Territorios", "area_km2_poligono": 0.3965 }, "geometry": { "type": "Polygon", "coordinates": [ [ [ 114.167283316160066, 22.450658940036664 ], [ 114.167027935940183, 22.449553308786761 ], [ 114.169445038924408, 22.448439468366022 ], [ 114.172366638111882, 22.448414615596135 ], [ 114.172496740663647, 22.446844503521305 ], [ 114.172462852588978, 22.446624267922825 ], [ 114.172076240156642, 22.446692436897873 ], [ 114.171891461609732, 22.444585653506103 ], [ 114.168429212573912, 22.444811479345649 ], [ 114.166451152723425, 22.445557270685828 ], [ 114.164780253104183, 22.446862930963992 ], [ 114.162593784695915, 22.449467098763922 ], [ 114.164804541857535, 22.450333244632699 ], [ 114.167283316160066, 22.450658940036664 ] ] ] } },
{ "type": "Feature", "properties": { "codigo_dcca": "P08", "nombre_en": "Kwong Fuk & Plover Cove", "nombre_zh": "廣福及寶湖", "codigo": "P", "distrito_en": "Tai Po", "distrito_es": "Tai Po", "region": "Nuevos Territorios", "area_km2_poligono": 0.2335 }, "geometry": { "type": "Polygon", "coordinates": [ [ [ 114.176934080694281, 22.449533622577317 ], [ 114.176851736287517, 22.448881732473122 ], [ 114.174990416628177, 22.449781859074644 ], [ 114.174717855934773, 22.449528497428734 ], [ 114.175202989305049, 22.449092901260766 ], [ 114.174797097624747, 22.448445061141985 ], [ 114.17530354158059, 22.447998249060621 ], [ 114.174454659265336, 22.447131161851043 ], [ 114.174093110126861, 22.446240527689142 ], [ 114.172462852588978, 22.446624267922825 ], [ 114.172366638111882, 22.448414615596135 ], [ 114.169551525405609, 22.448416617137809 ], [ 114.167027935940183, 22.449553308786761 ], [ 114.167283316160066, 22.450658940036664 ], [ 114.16847466778961, 22.450638931490307 ], [ 114.168458179270019, 22.449702807208411 ], [ 114.169548811821159, 22.44921974915648 ], [ 114.169546357817708, 22.450631695902228 ], [ 114.173458523602278, 22.450576558920137 ], [ 114.173714015547205, 22.450789456891467 ], [ 114.176934080694281, 22.449533622577317 ] ] ] } },
{ "type": "Feature", "properties": { "codigo_dcca": "P15", "nombre_en": "Tai Wo", "nombre_zh": "太和", "codigo": "P", "distrito_en": "Tai Po", "distrito_es": "Tai Po", "region": "Nuevos Territorios", "area_km2_poligono": 0.1232 }, "geometry": { "type": "Polygon", "coordinates": [ [ [ 114.165115684556739, 22.451505627384861 ], [ 114.164724226328175, 22.450793908887924 ], [ 114.16415198249436, 22.450429405054674 ], [ 114.164342350400588, 22.450198655821836 ], [ 114.162593784695915, 22.449467098763922 ], [ 114.161044651784451, 22.45126052810329 ], [ 114.159090043972753, 22.452812532320337 ], [ 114.15978673731874, 22.453331234951602 ], [ 114.160706559326627, 22.453413921975766 ], [ 114.165115684556739, 22.451505627384861 ] ] ] } },
{ "type": "Feature", "properties": { "codigo_dcca": "P07", "nombre_en": "Fu Ming Sun", "nombre_zh": "富明新", "codigo": "P", "distrito_en": "Tai Po", "distrito_es": "Tai Po", "region": "Nuevos Territorios", "area_km2_poligono": 0.1531 }, "geometry": { "type": "Polygon", "coordinates": [ [ [ 114.177125974314578, 22.450954653796028 ], [ 114.176934080694281, 22.449533622577317 ], [ 114.17412279850079, 22.450728599067755 ], [ 114.172079477168552, 22.450619897385643 ], [ 114.172480808515388, 22.452435705948442 ], [ 114.172169559182166, 22.454277131492017 ], [ 114.173838814981735, 22.454428963903851 ], [ 114.173839169791691, 22.453290838880147 ], [ 114.1758119412859, 22.453290863499646 ], [ 114.175727093735887, 22.452594579434308 ], [ 114.176307542374005, 22.451686679328656 ], [ 114.176424223316488, 22.451020485483145 ], [ 114.177125974314578, 22.450954653796028 ] ] ] } },
{ "type": "Feature", "properties": { "codigo_dcca": "P03", "nombre_en": "Tai Po Central", "nombre_zh": "大埔中", "codigo": "P", "distrito_en": "Tai Po", "distrito_es": "Tai Po", "region": "Nuevos Territorios", "area_km2_poligono": 0.169 }, "geometry": { "type": "Polygon", "coordinates": [ [ [ 114.172169559182166, 22.454277131492017 ], [ 114.172480808515388, 22.452435705948442 ], [ 114.172079477168552, 22.450619897385643 ], [ 114.169546357817708, 22.450631695902228 ], [ 114.169548811821159, 22.44921974915648 ], [ 114.168458179270019, 22.449702807208411 ], [ 114.16847466778961, 22.450638931490307 ], [ 114.168828909008852, 22.450632980334195 ], [ 114.168625543739836, 22.454253989476186 ], [ 114.16913615340917, 22.454761733316811 ], [ 114.169504926865798, 22.454437331798562 ], [ 114.170700428778574, 22.454439828957156 ], [ 114.17070046082857, 22.454153211684787 ], [ 114.172169559182166, 22.454277131492017 ] ] ] } },
{ "type": "Feature", "properties": { "codigo_dcca": "P16", "nombre_en": "Old Market & Serenity", "nombre_zh": "舊墟及太湖", "codigo": "P", "distrito_en": "Tai Po", "distrito_es": "Tai Po", "region": "Nuevos Territorios", "area_km2_poligono": 0.6065 }, "geometry": { "type": "Polygon", "coordinates": [ [ [ 114.157948108952382, 22.45931731002592 ], [ 114.157430419878779, 22.459307766620807 ], [ 114.15790807298221, 22.458200105694957 ], [ 114.158746542891095, 22.458036604276522 ], [ 114.159041104329589, 22.456903351634356 ], [ 114.160302897622415, 22.455932097747883 ], [ 114.159525108596512, 22.455087931003035 ], [ 114.159919964307562, 22.454759504053758 ], [ 114.162438296747112, 22.454259398636172 ], [ 114.162882025610855, 22.453865114237377 ], [ 114.165723816376968, 22.455367305520056 ], [ 114.16605667065464, 22.454430636312576 ], [ 114.165115684556739, 22.451505627384861 ], [ 114.160706559326641, 22.453413921975748 ], [ 114.15978673731874, 22.453331234951637 ], [ 114.159090043972768, 22.452812532320348 ], [ 114.154541623354049, 22.45477920966205 ], [ 114.153328608292625, 22.45557242962407 ], [ 114.151515029095492, 22.457265986051691 ], [ 114.150351739660906, 22.459053018877384 ], [ 114.151367650590231, 22.459571452015354 ], [ 114.151647671604124, 22.459119974076049 ], [ 114.157678504994792, 22.460652990922561 ], [ 114.157948108952382, 22.45931731002592 ] ] ] } },
{ "type": "Feature", "properties": { "codigo_dcca": "P06", "nombre_en": "Yee Fu", "nombre_zh": "怡富", "codigo": "P", "distrito_en": "Tai Po", "distrito_es": "Tai Po", "region": "Nuevos Territorios", "area_km2_poligono": 0.1945 }, "geometry": { "type": "Polygon", "coordinates": [ [ [ 114.177125974314578, 22.450954653796028 ], [ 114.176424223316488, 22.451020485483145 ], [ 114.176307542374005, 22.451686679328656 ], [ 114.175727093735887, 22.452594579434308 ], [ 114.1758119412859, 22.453290863499646 ], [ 114.173839169791691, 22.453290838880147 ], [ 114.173838814981735, 22.454428963903851 ], [ 114.172169559182166, 22.454277131492017 ], [ 114.172093975768504, 22.455935073557786 ], [ 114.17502852020759, 22.45566893378745 ], [ 114.176464069591262, 22.456521173456853 ], [ 114.177545326518612, 22.456694276891678 ], [ 114.177998473853364, 22.453996095224685 ], [ 114.177125974314578, 22.450954653796028 ] ] ] } },
{ "type": "Feature", "properties": { "codigo_dcca": "P04", "nombre_en": "Tai Yuen", "nombre_zh": "大元", "codigo": "P", "distrito_en": "Tai Po", "distrito_es": "Tai Po", "region": "Nuevos Territorios", "area_km2_poligono": 0.1382 }, "geometry": { "type": "Polygon", "coordinates": [ [ [ 114.168373912514312, 22.457043082917487 ], [ 114.170934829072266, 22.456087613660408 ], [ 114.172093975768504, 22.455935073557786 ], [ 114.172169559182166, 22.454277131492017 ], [ 114.17070046082857, 22.454153211684787 ], [ 114.170700428778574, 22.454439828957156 ], [ 114.169504926865798, 22.454437331798562 ], [ 114.16913615340917, 22.454761733316811 ], [ 114.168625543739836, 22.454253989476186 ], [ 114.168622226784706, 22.453498059804065 ], [ 114.167362796605062, 22.453497746939533 ], [ 114.1674467685596, 22.4551865713496 ], [ 114.166368409162558, 22.455175722630049 ], [ 114.166366434640665, 22.455723644630307 ], [ 114.168373912514312, 22.457043082917487 ] ] ] } },
{ "type": "Feature", "properties": { "codigo_dcca": "P02", "nombre_en": "Chung Ting", "nombre_zh": "頌汀", "codigo": "P", "distrito_en": "Tai Po", "distrito_es": "Tai Po", "region": "Nuevos Territorios", "area_km2_poligono": 0.2301 }, "geometry": { "type": "Polygon", "coordinates": [ [ [ 114.1696758797558, 22.456672780476062 ], [ 114.168373912514312, 22.457043082917487 ], [ 114.166366434640665, 22.455723644630307 ], [ 114.166368409162558, 22.455175722630049 ], [ 114.1674467685596, 22.4551865713496 ], [ 114.167362796605062, 22.453497746939533 ], [ 114.168622226784706, 22.453498059804065 ], [ 114.168828909008852, 22.450632980334195 ], [ 114.166112886473144, 22.450604674773619 ], [ 114.164342350400588, 22.450198655821836 ], [ 114.16415198249436, 22.450429405054674 ], [ 114.164724226328175, 22.450793908887924 ], [ 114.165054202623253, 22.451329438877284 ], [ 114.166018691845167, 22.454200086528811 ], [ 114.165990497130323, 22.454960032615968 ], [ 114.165252910556234, 22.455835419580062 ], [ 114.165346338110169, 22.456141838201233 ], [ 114.168614569402251, 22.458138812911077 ], [ 114.170011779977784, 22.458329366186657 ], [ 114.170184247778081, 22.460036306954873 ], [ 114.17055910444023, 22.460804071721004 ], [ 114.171141612328569, 22.460379292542946 ], [ 114.170732271052856, 22.457650314991358 ], [ 114.170018215796162, 22.457650286383767 ], [ 114.1696758797558, 22.456672780476062 ] ] ] } },
{ "type": "Feature", "properties": { "codigo_dcca": "P05", "nombre_en": "Fu Heng", "nombre_zh": "富亨", "codigo": "P", "distrito_en": "Tai Po", "distrito_es": "Tai Po", "region": "Nuevos Territorios", "area_km2_poligono": 0.4007 }, "geometry": { "type": "Polygon", "coordinates": [ [ [ 114.177030881040196, 22.456655411299504 ], [ 114.17477765845031, 22.455647609901142 ], [ 114.170934829072266, 22.456087613660408 ], [ 114.1696758797558, 22.456672780476062 ], [ 114.170018215796162, 22.457650286383767 ], [ 114.170732271052856, 22.457650314991358 ], [ 114.171141612328569, 22.460379292542946 ], [ 114.170581731135542, 22.460834595477632 ], [ 114.17112837396283, 22.461224983480257 ], [ 114.171906169359318, 22.461343876777825 ], [ 114.173034607469233, 22.460860607393325 ], [ 114.174259526294819, 22.461878253465688 ], [ 114.174887091291822, 22.462707165957482 ], [ 114.17674961356991, 22.462592319650547 ], [ 114.176881730477035, 22.462432679636063 ], [ 114.176036159976391, 22.46169587535389 ], [ 114.177358205860187, 22.459269199292155 ], [ 114.176540166734341, 22.458510922888202 ], [ 114.176048017656669, 22.457508948722165 ], [ 114.177030881040196, 22.456655411299504 ] ] ] } },
{ "type": "Feature", "properties": { "codigo_dcca": "P13", "nombre_en": "Lam Tsuen Valley", "nombre_zh": "林村谷", "codigo": "P", "distrito_en": "Tai Po", "distrito_es": "Tai Po", "region": "Nuevos Territorios", "area_km2_poligono": 18.4604 }, "geometry": { "type": "Polygon", "coordinates": [ [ [ 114.153493931095767, 22.481548262725674 ], [ 114.15402217855582, 22.475919047581183 ], [ 114.152737038049779, 22.469074016348319 ], [ 114.151713298172936, 22.46694406969354 ], [ 114.149443128201384, 22.464354675543184 ], [ 114.148349872054069, 22.462065641507003 ], [ 114.148297819125474, 22.461425816941563 ], [ 114.14867828966112, 22.460470553964797 ], [ 114.150065878222406, 22.459545170377318 ], [ 114.151638092178544, 22.45715138505491 ], [ 114.151474304078647, 22.45703853898031 ], [ 114.152410918463218, 22.455879247070129 ], [ 114.15425667003025, 22.451907059613184 ], [ 114.155060464831948, 22.451279455592314 ], [ 114.156895186623942, 22.450928633194298 ], [ 114.157783931034331, 22.450519769643542 ], [ 114.157005598796886, 22.450039978452889 ], [ 114.156165450164124, 22.449922901623083 ], [ 114.154245796661158, 22.450480897611062 ], [ 114.153747624000573, 22.449973984161566 ], [ 114.15485174425838, 22.447033263837771 ], [ 114.155519990154701, 22.446385409491565 ], [ 114.157688063795163, 22.445064110514721 ], [ 114.156144056000343, 22.444696181795987 ], [ 114.15526028325263, 22.444135392227945 ], [ 114.154303020039549, 22.444157521506977 ], [ 114.154171581328384, 22.443618366854704 ], [ 114.153094200957014, 22.443352996529242 ], [ 114.151567565979803, 22.44228088570862 ], [ 114.151499608940995, 22.439789732781708 ], [ 114.151242803909227, 22.439403947143191 ], [ 114.151476645871156, 22.438818999835192 ], [ 114.150638782687778, 22.438089764670561 ], [ 114.150082709376278, 22.437903745308091 ], [ 114.150000289381964, 22.437322630417462 ], [ 114.150222633886926, 22.436827283120813 ], [ 114.149656182524041, 22.435939259400794 ], [ 114.148659334626998, 22.434984342662858 ], [ 114.147726175839864, 22.434724506108413 ], [ 114.148963633566936, 22.432073045255642 ], [ 114.148587692642892, 22.430527523502413 ], [ 114.148195042441543, 22.430073456485054 ], [ 114.146090970959662, 22.42883344785287 ], [ 114.145360194361885, 22.428688476384519 ], [ 114.143966114028757, 22.427457607176859 ], [ 114.142214840588295, 22.426925915336817 ], [ 114.14185856865879, 22.425890693388279 ], [ 114.141304473404546, 22.425535421939053 ], [ 114.141735807225373, 22.424477279944501 ], [ 114.141681059926881, 22.424104959553969 ], [ 114.140879147157804, 22.423607926209201 ], [ 114.140624013909303, 22.423183454841705 ], [ 114.140029841944738, 22.4217763900871 ], [ 114.139944908763908, 22.420534273361209 ], [ 114.139630808652143, 22.420285592201729 ], [ 114.13963388627495, 22.419707380233696 ], [ 114.138304606833216, 22.418749259659425 ], [ 114.138505515403693, 22.41769426708392 ], [ 114.138324653059286, 22.417308974608172 ], [ 114.137522344679837, 22.417535834850586 ], [ 114.136792655364744, 22.417054168323951 ], [ 114.136242824631083, 22.417229276704418 ], [ 114.135518444282539, 22.417142310150389 ], [ 114.134016202154285, 22.416607242133473 ], [ 114.132432428707162, 22.416882271538299 ], [ 114.132083248469442, 22.416694205680738 ], [ 114.131363869287057, 22.416775685570119 ], [ 114.130753795892829, 22.416475565207072 ], [ 114.130006813677994, 22.416759521726693 ], [ 114.128439298008104, 22.416898716274599 ], [ 114.12786817450467, 22.416775747691577 ], [ 114.127851306615796, 22.41640683828178 ], [ 114.125810984935242, 22.416209224942463 ], [ 114.125572969590507, 22.415934866711975 ], [ 114.125555680888837, 22.416940703605917 ], [ 114.126055487533947, 22.418572317431618 ], [ 114.126004974869417, 22.420029622459758 ], [ 114.1251766137934, 22.421033774776248 ], [ 114.124371454820277, 22.422736627279953 ], [ 114.122963321560775, 22.423293235864392 ], [ 114.121984607982569, 22.424640623649477 ], [ 114.121354239155337, 22.425782943896575 ], [ 114.121445322658403, 22.426954426085057 ], [ 114.121019256917123, 22.427600527032077 ], [ 114.120154766624211, 22.427770838665335 ], [ 114.119414404404949, 22.428386355893494 ], [ 114.118452299555202, 22.428385523345639 ], [ 114.117956528129753, 22.428944997688255 ], [ 114.117442187195394, 22.430036231778018 ], [ 114.117512914169737, 22.430511594490085 ], [ 114.116932851367352, 22.431148028296683 ], [ 114.116622298918287, 22.431902525642297 ], [ 114.116898514748385, 22.434809227717739 ], [ 114.11513646824028, 22.436391396246428 ], [ 114.115040291997033, 22.437021044416621 ], [ 114.114219620126903, 22.43806715978144 ], [ 114.113678487891747, 22.439511334583646 ], [ 114.112502438199868, 22.44112893827695 ], [ 114.112857324849557, 22.441955528427187 ], [ 114.112083069809387, 22.443111352532455 ], [ 114.111954722320149, 22.443798184280066 ], [ 114.11526647926776, 22.44850253948065 ], [ 114.118076371594526, 22.450932876186492 ], [ 114.118509567835304, 22.45279046914456 ], [ 114.12057672531175, 22.454931562180981 ], [ 114.121798871074631, 22.455644304769628 ], [ 114.122300040919811, 22.457855207565615 ], [ 114.123017154913498, 22.458692028038239 ], [ 114.123859490121376, 22.45915397884367 ], [ 114.123931743621043, 22.460029340733001 ], [ 114.124381646451184, 22.460425697968766 ], [ 114.124069818806362, 22.461402021000143 ], [ 114.12446128551403, 22.462108843177742 ], [ 114.124932410873924, 22.462336571381293 ], [ 114.124816201004649, 22.463554838551083 ], [ 114.125417273793929, 22.463834405712568 ], [ 114.12685827341879, 22.463831472191227 ], [ 114.12749072908656, 22.46467432348458 ], [ 114.128099270261345, 22.46699243902302 ], [ 114.129305307208071, 22.467442125923512 ], [ 114.129980960912604, 22.468292908564393 ], [ 114.131139902853846, 22.468647116408079 ], [ 114.132810509498455, 22.467877863636065 ], [ 114.134005390893023, 22.467805616859398 ], [ 114.135742566631464, 22.468452837052261 ], [ 114.136243823046229, 22.469248652923749 ], [ 114.137467868444787, 22.469984294896491 ], [ 114.13764607081319, 22.470422106213498 ], [ 114.138715788767016, 22.471152120250828 ], [ 114.138497455212331, 22.471341951216196 ], [ 114.138706178827505, 22.471579220903678 ], [ 114.141655970936526, 22.472589122472858 ], [ 114.142137298549642, 22.473384915330932 ], [ 114.143582828593267, 22.473540741839177 ], [ 114.143933381439339, 22.473974400410842 ], [ 114.143892858346916, 22.474732577242065 ], [ 114.145790260813186, 22.474681083008086 ], [ 114.146540495038394, 22.475512512020089 ], [ 114.148132344812311, 22.47653524540334 ], [ 114.148507717859445, 22.477346387843795 ], [ 114.148422567734386, 22.477968324801505 ], [ 114.148995208641011, 22.479719214707234 ], [ 114.149795104136828, 22.479704324258389 ], [ 114.15107946622912, 22.480418361796691 ], [ 114.151521300139947, 22.480125503195907 ], [ 114.152935093340346, 22.480131679094256 ], [ 114.153317971772623, 22.480798613467396 ], [ 114.153016456650789, 22.482336313132617 ], [ 114.153316732979448, 22.48398974431645 ], [ 114.153802471959523, 22.482198478790533 ], [ 114.153493931095767, 22.481548262725674 ] ] ] } },
{ "type": "Feature", "properties": { "codigo_dcca": "P17", "nombre_en": "Hong Lok Yuen", "nombre_zh": "康樂園", "codigo": "P", "distrito_en": "Tai Po", "distrito_es": "Tai Po", "region": "Nuevos Territorios", "area_km2_poligono": 19.3479 }, "geometry": { "type": "Polygon", "coordinates": [ [ [ 114.160247818007292, 22.45592711657007 ], [ 114.159041104329589, 22.456903351634356 ], [ 114.158746542891095, 22.458036604276522 ], [ 114.15790807298221, 22.458200105694957 ], [ 114.157430419878779, 22.459307766620807 ], [ 114.157818494868849, 22.459225364934404 ], [ 114.158030468916863, 22.459405416259962 ], [ 114.157678504994792, 22.460652990922561 ], [ 114.151647671604124, 22.459119974076049 ], [ 114.151367650590231, 22.459571452015354 ], [ 114.150351739660906, 22.459053018877384 ], [ 114.149966761397621, 22.459631846101534 ], [ 114.148791989511949, 22.460344147656311 ], [ 114.148339129297469, 22.461243246896068 ], [ 114.148349872054069, 22.462065641507003 ], [ 114.149443128201384, 22.464354675543184 ], [ 114.151713298172936, 22.46694406969354 ], [ 114.152471393765381, 22.468290252702968 ], [ 114.154005919621355, 22.475698215393042 ], [ 114.153493931095767, 22.481548262725674 ], [ 114.15380122571608, 22.481919556250869 ], [ 114.153644854576839, 22.48326718739925 ], [ 114.153152745512969, 22.484198078965491 ], [ 114.151191175159312, 22.485531832166199 ], [ 114.151892318546729, 22.485771762772639 ], [ 114.152064952331912, 22.486306976548072 ], [ 114.152326556792687, 22.486318846380083 ], [ 114.151491623515511, 22.486959605268321 ], [ 114.151940846233231, 22.487302063174315 ], [ 114.151442862800408, 22.488225452891673 ], [ 114.159533839147869, 22.488294388262695 ], [ 114.163480963513848, 22.489740378171561 ], [ 114.164070356462304, 22.489758017180648 ], [ 114.164433787094467, 22.488948632297575 ], [ 114.163801130130707, 22.487521317599096 ], [ 114.163853408982988, 22.487127261933935 ], [ 114.164236576836785, 22.486997733094242 ], [ 114.164055247790714, 22.48602797938921 ], [ 114.164750073258062, 22.486010333404884 ], [ 114.165125005633413, 22.485659601944075 ], [ 114.165589281753356, 22.48563265215801 ], [ 114.166355288851662, 22.486091394406291 ], [ 114.168447973508236, 22.48640451092346 ], [ 114.168888993186769, 22.486960363940312 ], [ 114.170112445211728, 22.48525190242265 ], [ 114.169607565569038, 22.485019835142364 ], [ 114.169642401978962, 22.484658277135303 ], [ 114.170669584788172, 22.484663710890604 ], [ 114.171490780652093, 22.484325388812366 ], [ 114.171786757249777, 22.483969229921396 ], [ 114.171955689177949, 22.484114678932734 ], [ 114.171998875177081, 22.486017920429358 ], [ 114.172436454844146, 22.486675744068368 ], [ 114.172377495626606, 22.487059661214222 ], [ 114.172854555593588, 22.487644600307046 ], [ 114.173627361336273, 22.488098630311065 ], [ 114.173815683934606, 22.488832580227665 ], [ 114.174221317344362, 22.489074448690364 ], [ 114.174411140547747, 22.489830675856368 ], [ 114.174865741712765, 22.490377084754758 ], [ 114.17482377571163, 22.490675584238719 ], [ 114.175625571326407, 22.491409529293044 ], [ 114.176325969940038, 22.491715465045949 ], [ 114.177186233342269, 22.49250604109999 ], [ 114.177537940984422, 22.493221419334002 ], [ 114.178247768842766, 22.493439453736137 ], [ 114.179215150965661, 22.494434140978594 ], [ 114.183344023203389, 22.495623520475768 ], [ 114.186114326599665, 22.495618905815888 ], [ 114.188906501085043, 22.495115014374409 ], [ 114.190860874728486, 22.495105572963393 ], [ 114.1914903257709, 22.49487200892376 ], [ 114.191577198893754, 22.494344643745986 ], [ 114.192378073655149, 22.494728486927162 ], [ 114.193828392284033, 22.494974843384206 ], [ 114.195761904695317, 22.493079761128026 ], [ 114.197135412991543, 22.493277766174124 ], [ 114.197565051438659, 22.492974244883818 ], [ 114.199324784200059, 22.493044066851947 ], [ 114.200166285293179, 22.492794247647318 ], [ 114.200598235855466, 22.492932214233054 ], [ 114.202495770593231, 22.492471165204062 ], [ 114.204924018113502, 22.490893898675111 ], [ 114.205578100495003, 22.490756187133769 ], [ 114.206636657969895, 22.489889356133343 ], [ 114.207561824826627, 22.489545160181645 ], [ 114.207230811445754, 22.487826285286879 ], [ 114.206306151644682, 22.486934984232668 ], [ 114.206028019333971, 22.486310302200664 ], [ 114.205146668969832, 22.485754475185551 ], [ 114.204929845415748, 22.485194374902939 ], [ 114.203122828883366, 22.484878786870929 ], [ 114.20201767599022, 22.483668680552167 ], [ 114.202153742557698, 22.48283443885299 ], [ 114.20160330597561, 22.482895452525241 ], [ 114.200675168656957, 22.482461211515641 ], [ 114.200612577355614, 22.482106849299647 ], [ 114.199654307717324, 22.481152364668628 ], [ 114.199141082374069, 22.480839948016111 ], [ 114.198101994237945, 22.480899725241173 ], [ 114.196847690131747, 22.481779998935281 ], [ 114.196431704053751, 22.481915479127785 ], [ 114.1955540664013, 22.481740862941315 ], [ 114.19418567644388, 22.480979761086736 ], [ 114.193326834475229, 22.480015339655157 ], [ 114.192395687545726, 22.47963740090713 ], [ 114.19158763680673, 22.477838229458882 ], [ 114.189977644308854, 22.476739014522128 ], [ 114.188911459360497, 22.4764212180587 ], [ 114.188517351812749, 22.476063868211259 ], [ 114.188011825489909, 22.475126185148937 ], [ 114.187488722810258, 22.472589665150036 ], [ 114.18896394921228, 22.473622189914501 ], [ 114.189957951642029, 22.473887100850764 ], [ 114.191299593268056, 22.473875445265783 ], [ 114.191603029042838, 22.474176401749578 ], [ 114.193699336546885, 22.473882003138016 ], [ 114.194423726291689, 22.473190827534527 ], [ 114.194860250400936, 22.473293960965126 ], [ 114.194773825376998, 22.472801668043754 ], [ 114.194377430275793, 22.472603719595082 ], [ 114.194699221999528, 22.472050381170188 ], [ 114.194307236620475, 22.472286777392551 ], [ 114.19335763166022, 22.472016027923271 ], [ 114.192582694025376, 22.472079959555192 ], [ 114.190867917007381, 22.471054740142673 ], [ 114.189929317005891, 22.469858991933766 ], [ 114.190281989502154, 22.468102273785242 ], [ 114.190475695705899, 22.468322807689123 ], [ 114.191963923609038, 22.467160043373319 ], [ 114.192301965798009, 22.465452600672336 ], [ 114.19294950065067, 22.465241116836793 ], [ 114.193037860343949, 22.464000362655501 ], [ 114.192291545010761, 22.463128095946132 ], [ 114.191988747715087, 22.461610569048347 ], [ 114.197292372977699, 22.459820584756716 ], [ 114.197186350539127, 22.459323617024623 ], [ 114.204607875233904, 22.445061449361166 ], [ 114.176851736287517, 22.448881732473133 ], [ 114.17720342487857, 22.451639071276343 ], [ 114.178002516605645, 22.454137837055345 ], [ 114.177545326518612, 22.456694276891703 ], [ 114.17703088104021, 22.456655411299497 ], [ 114.176048017656669, 22.457508948722165 ], [ 114.176540166734341, 22.458510922888209 ], [ 114.177358205860187, 22.459269199292184 ], [ 114.176036159976405, 22.461695875353893 ], [ 114.176881730477064, 22.462432679636066 ], [ 114.176749613569925, 22.462592319650579 ], [ 114.174887091291822, 22.462707165957514 ], [ 114.174259526294819, 22.461878253465695 ], [ 114.173034607469205, 22.46086060739335 ], [ 114.172247235059743, 22.461300658147827 ], [ 114.170932886162177, 22.46112772766838 ], [ 114.17018424777811, 22.460036306954876 ], [ 114.170011779977784, 22.458329366186664 ], [ 114.168614569402237, 22.458138812911088 ], [ 114.165539525258481, 22.45632085326859 ], [ 114.165252910556219, 22.455835419580094 ], [ 114.165723816376968, 22.455367305520056 ], [ 114.162882025610855, 22.453865114237377 ], [ 114.162438296747112, 22.454259398636172 ], [ 114.159826816159608, 22.454816449267888 ], [ 114.159525108596512, 22.455087931003035 ], [ 114.160247818007292, 22.45592711657007 ] ] ] } },
{ "type": "Feature", "properties": { "codigo_dcca": "P19", "nombre_en": "Sai Kung North", "nombre_zh": "西貢北", "codigo": "P", "distrito_en": "Tai Po", "distrito_es": "Tai Po", "region": "Nuevos Territorios", "area_km2_poligono": 176.6725 }, "geometry": { "type": "Polygon", "coordinates": [ [ [ 114.456059586472861, 22.466226298637764 ], [ 114.363793744003502, 22.442019771766933 ], [ 114.364787521923986, 22.43885421218393 ], [ 114.36392895507214, 22.435583096258998 ], [ 114.364528492709468, 22.433964914649756 ], [ 114.366095773907446, 22.433452784779153 ], [ 114.366689218426743, 22.432450531870508 ], [ 114.366770686393437, 22.431692773594811 ], [ 114.36619330439791, 22.430362076348512 ], [ 114.366376817355032, 22.429849257379082 ], [ 114.365931932729737, 22.429130639933085 ], [ 114.366420083434747, 22.428169653488251 ], [ 114.366260707949493, 22.427019416635645 ], [ 114.366437454752401, 22.426548696231276 ], [ 114.367862713710991, 22.425361419499211 ], [ 114.368027647321014, 22.423170926614944 ], [ 114.367558395974598, 22.422623008195195 ], [ 114.366995519947267, 22.422357282601979 ], [ 114.366671299937906, 22.42155157017757 ], [ 114.366022460605279, 22.420999360872823 ], [ 114.366393621207195, 22.420755013460269 ], [ 114.365952013519518, 22.420017508588334 ], [ 114.365621104723147, 22.418638051974689 ], [ 114.366065400567933, 22.417908711724372 ], [ 114.365330392230646, 22.415990626882198 ], [ 114.364723321481591, 22.415122387496041 ], [ 114.36330121916474, 22.414134576730479 ], [ 114.362130585177894, 22.412892763422498 ], [ 114.360308257854825, 22.410284543002437 ], [ 114.3595597660062, 22.408398728658888 ], [ 114.358379088118184, 22.407960112897584 ], [ 114.358238961427688, 22.407503030700159 ], [ 114.356224800215728, 22.407502957708978 ], [ 114.35553406978525, 22.406606536932721 ], [ 114.355580171013031, 22.405800390329404 ], [ 114.354611139333386, 22.405972134760635 ], [ 114.352307185700269, 22.405801673475047 ], [ 114.350727146581121, 22.406320014002119 ], [ 114.351524001318907, 22.406815613860985 ], [ 114.352056795460442, 22.407887522583199 ], [ 114.352044969340398, 22.408347095836781 ], [ 114.34887267757405, 22.410099930412724 ], [ 114.346944406199071, 22.410390268977395 ], [ 114.346273902349679, 22.410799213534091 ], [ 114.345436692638316, 22.410773566572651 ], [ 114.344731291306985, 22.41104126854049 ], [ 114.344481429773865, 22.411670093443028 ], [ 114.343617606667252, 22.412607347021162 ], [ 114.34344203455575, 22.413575711217177 ], [ 114.342809426367268, 22.414453698709611 ], [ 114.34184102305025, 22.414901165490566 ], [ 114.341712011232588, 22.415362139704722 ], [ 114.339749831536167, 22.417009046378631 ], [ 114.339060534156474, 22.418066177267111 ], [ 114.338519857569892, 22.418448030337217 ], [ 114.3375930351677, 22.418805170590346 ], [ 114.336372451736139, 22.417061433487238 ], [ 114.335699482653723, 22.416442823537928 ], [ 114.334845799554444, 22.416101559522339 ], [ 114.334792555499831, 22.415672682629584 ], [ 114.334285678691231, 22.415151749270255 ], [ 114.332955526606625, 22.414687392891171 ], [ 114.331539779525315, 22.414690009636132 ], [ 114.32476767648221, 22.417435390443529 ], [ 114.324089549009742, 22.41805896739729 ], [ 114.322229929657041, 22.42070023770399 ], [ 114.322320851178588, 22.421407313218211 ], [ 114.322860231815184, 22.422222033358462 ], [ 114.322566448295504, 22.422955644175385 ], [ 114.321676337860538, 22.423677400355341 ], [ 114.320916693834903, 22.423766307211185 ], [ 114.319942643145069, 22.424294434370601 ], [ 114.319248736143365, 22.425204712694793 ], [ 114.317998516452661, 22.42607588554942 ], [ 114.313804932452527, 22.426351655654692 ], [ 114.311180013502707, 22.426808227512961 ], [ 114.309968649890763, 22.427362770400677 ], [ 114.308611005708357, 22.427366195444232 ], [ 114.308004266067528, 22.427708085731002 ], [ 114.306668421444542, 22.426151166981956 ], [ 114.306162577198634, 22.424104213720415 ], [ 114.306510319917976, 22.422325999340881 ], [ 114.306090184285637, 22.421343911757695 ], [ 114.30680353223606, 22.420523915057242 ], [ 114.307106938750223, 22.419547901721867 ], [ 114.305636610160803, 22.418505140335107 ], [ 114.305579879149803, 22.417811383651138 ], [ 114.306159657567136, 22.417049227653276 ], [ 114.306032730803011, 22.416596694923726 ], [ 114.303623757405433, 22.414967383681095 ], [ 114.302929634179819, 22.414779948448849 ], [ 114.302460142136681, 22.414762442790732 ], [ 114.299596433168091, 22.415671068324365 ], [ 114.298131485033579, 22.415176546036751 ], [ 114.296447158850441, 22.41556560618055 ], [ 114.295296127805727, 22.415556646952307 ], [ 114.294090962110602, 22.41607243452016 ], [ 114.292491489559595, 22.415988249212276 ], [ 114.291029059447411, 22.4166466265279 ], [ 114.29069118148341, 22.416024123427935 ], [ 114.288271703052885, 22.415065238288395 ], [ 114.287651976337528, 22.414336227674916 ], [ 114.287641430505545, 22.413959113134311 ], [ 114.28722511269163, 22.413724713983925 ], [ 114.286714159040244, 22.412207436006227 ], [ 114.286739698314364, 22.411559888055802 ], [ 114.287192646514598, 22.411059805514 ], [ 114.287567597471011, 22.409671708505449 ], [ 114.287298305726623, 22.408957626719101 ], [ 114.286440353967478, 22.407535476023927 ], [ 114.285000653198679, 22.406439304981141 ], [ 114.28435527552287, 22.40518144547006 ], [ 114.283120424176801, 22.404003485233545 ], [ 114.281842007985333, 22.401378353082396 ], [ 114.276733811171994, 22.402818359573022 ], [ 114.27476318968985, 22.401262229528854 ], [ 114.272325958487627, 22.397921301850566 ], [ 114.271725225351389, 22.398142496341425 ], [ 114.270499470378908, 22.397897039618933 ], [ 114.258060463210271, 22.398459368074331 ], [ 114.252447380256072, 22.393600175320316 ], [ 114.252207289962101, 22.395397014875517 ], [ 114.252855242833988, 22.397112218297387 ], [ 114.252746126484254, 22.39911622817484 ], [ 114.253462543456834, 22.400392902237137 ], [ 114.254384918491652, 22.401300822231349 ], [ 114.254062210831449, 22.401987159049508 ], [ 114.253027250689485, 22.403100387900707 ], [ 114.253563955173988, 22.403849367194073 ], [ 114.253510984855666, 22.404748495463238 ], [ 114.252363400988415, 22.405271377525391 ], [ 114.251792166200786, 22.405978866494621 ], [ 114.251664101632784, 22.408096260098798 ], [ 114.252069461750764, 22.409081009428295 ], [ 114.251786187477236, 22.410404504985685 ], [ 114.250941454758333, 22.41168995996113 ], [ 114.248479069913813, 22.414190166865371 ], [ 114.249011219524576, 22.415073292001072 ], [ 114.248386840888315, 22.416790481095603 ], [ 114.248254914456325, 22.419490652968967 ], [ 114.249428746524558, 22.422421404528194 ], [ 114.248633864987283, 22.42434912478166 ], [ 114.248853895363425, 22.425340076040463 ], [ 114.249341496178928, 22.425774729317986 ], [ 114.247931874562966, 22.427830862485209 ], [ 114.247193505623059, 22.427622040107746 ], [ 114.247045207006366, 22.427963627954654 ], [ 114.247522324245054, 22.428971057616266 ], [ 114.24880519085751, 22.429293420640885 ], [ 114.248606210878648, 22.429657933684762 ], [ 114.248003401756051, 22.429902113325799 ], [ 114.249487402467565, 22.431415952073735 ], [ 114.249115735191879, 22.431940472767163 ], [ 114.249727994974336, 22.432500086377335 ], [ 114.249607930631427, 22.438961245153283 ], [ 114.248170891598491, 22.438963330596053 ], [ 114.360738051318165, 22.511998447078838 ], [ 114.43529218587139, 22.560960371612264 ], [ 114.455166094726607, 22.544966206847867 ], [ 114.454916364153632, 22.468714691391007 ], [ 114.456059586472861, 22.466226298637764 ] ] ] } },
{ "type": "Feature", "properties": { "codigo_dcca": "P18", "nombre_en": "Shuen Wan", "nombre_zh": "船灣", "codigo": "P", "distrito_en": "Tai Po", "distrito_es": "Tai Po", "region": "Nuevos Territorios", "area_km2_poligono": 102.1801 }, "geometry": { "type": "Polygon", "coordinates": [ [ [ 114.43529218587139, 22.560960371612264 ], [ 114.360738051318165, 22.511998447078838 ], [ 114.248170891598491, 22.438963330596053 ], [ 114.22725876959845, 22.43899222052184 ], [ 114.214707578525775, 22.431361450886484 ], [ 114.204607875233904, 22.445061449361173 ], [ 114.197186350539127, 22.459323617024623 ], [ 114.197292372977699, 22.459820584756713 ], [ 114.191988747715087, 22.461610569048318 ], [ 114.192291545010761, 22.463128095946132 ], [ 114.193037860343949, 22.464000362655511 ], [ 114.192949500650684, 22.465241116836761 ], [ 114.192301965798009, 22.465452600672336 ], [ 114.191963923609009, 22.467160043373315 ], [ 114.190475695705899, 22.468322807689123 ], [ 114.190281989502139, 22.46810227378527 ], [ 114.189929317005891, 22.469858991933741 ], [ 114.190867917007367, 22.471054740142673 ], [ 114.192582694025376, 22.472079959555206 ], [ 114.193357631660177, 22.472016027923228 ], [ 114.19430723662046, 22.472286777392558 ], [ 114.194699221999528, 22.472050381170167 ], [ 114.194377430275793, 22.472603719595064 ], [ 114.194773825376998, 22.472801668043754 ], [ 114.194860250400936, 22.473293960965115 ], [ 114.194423726291674, 22.473190827534527 ], [ 114.193699336546842, 22.473882003137991 ], [ 114.191603029042838, 22.474176401749578 ], [ 114.191299593268042, 22.473875445265755 ], [ 114.189957951642029, 22.473887100850742 ], [ 114.18896394921228, 22.473622189914501 ], [ 114.18748872281023, 22.472589665150036 ], [ 114.188011825489923, 22.475126185148962 ], [ 114.188517351812735, 22.476063868211252 ], [ 114.188911459360497, 22.476421218058679 ], [ 114.189977644308854, 22.476739014522128 ], [ 114.191587636806702, 22.477838229458847 ], [ 114.192395687545726, 22.479637400907105 ], [ 114.193326834475229, 22.480015339655129 ], [ 114.19418567644388, 22.480979761086736 ], [ 114.1955540664013, 22.481740862941322 ], [ 114.196431704053751, 22.481915479127771 ], [ 114.196847690131719, 22.481779998935281 ], [ 114.198101994237945, 22.480899725241194 ], [ 114.199141082374055, 22.480839948016101 ], [ 114.199654307717324, 22.481152364668596 ], [ 114.200612577355628, 22.48210684929963 ], [ 114.200675168656957, 22.482461211515606 ], [ 114.201603305975624, 22.482895452525252 ], [ 114.202153742557698, 22.482834438852965 ], [ 114.202017675990234, 22.483668680552167 ], [ 114.203122828883352, 22.48487878687094 ], [ 114.204929845415748, 22.485194374902939 ], [ 114.205146668969832, 22.485754475185551 ], [ 114.206028019333928, 22.486310302200646 ], [ 114.206306151644682, 22.486934984232668 ], [ 114.207230811445768, 22.487826285286861 ], [ 114.207561824826627, 22.489545160181638 ], [ 114.209332078705657, 22.490265249646352 ], [ 114.212045333221837, 22.490397580311893 ], [ 114.212768480003831, 22.490182262357592 ], [ 114.213263010743191, 22.490367410087703 ], [ 114.214646325741754, 22.489933921183585 ], [ 114.216158591606074, 22.490169866977464 ], [ 114.21766607986531, 22.489969893200971 ], [ 114.219436605068893, 22.489102245379609 ], [ 114.220523265351233, 22.489198615995061 ], [ 114.221762984526279, 22.487887503024975 ], [ 114.223173957675257, 22.487437904182624 ], [ 114.223634143254131, 22.486966221525091 ], [ 114.2241028741104, 22.487487256581428 ], [ 114.22403005113938, 22.488464999849899 ], [ 114.224591701121525, 22.48901780220076 ], [ 114.224684592513782, 22.490259969792362 ], [ 114.22686304433374, 22.490919737828282 ], [ 114.229249408621641, 22.492601559813078 ], [ 114.230429154677466, 22.494065432881648 ], [ 114.231360011693809, 22.49656728083928 ], [ 114.232454097295289, 22.498346644004314 ], [ 114.23364638653868, 22.49776734380406 ], [ 114.234583658857403, 22.497824570389767 ], [ 114.235539591911049, 22.498344158876328 ], [ 114.23521294998632, 22.499070068181545 ], [ 114.236545073271344, 22.500078617884945 ], [ 114.237687919858089, 22.500182491360491 ], [ 114.238327754291632, 22.500722112237199 ], [ 114.238473041766682, 22.502991790537237 ], [ 114.23929774281855, 22.503465884280654 ], [ 114.240236619248051, 22.503435030985564 ], [ 114.241284084784937, 22.503911681638801 ], [ 114.241593478201779, 22.504194750456865 ], [ 114.241649058649628, 22.504650554832512 ], [ 114.242512080260155, 22.504584888571561 ], [ 114.242184378513841, 22.502242955173063 ], [ 114.244945710090519, 22.500821286489149 ], [ 114.247513142079526, 22.497795740778837 ], [ 114.247547141744334, 22.496868205292994 ], [ 114.248790059006765, 22.494811127547855 ], [ 114.250496317529127, 22.494230063582158 ], [ 114.251685401864762, 22.493155612097713 ], [ 114.253478812102188, 22.493287687644937 ], [ 114.254232137282898, 22.492836304544056 ], [ 114.255853352817226, 22.492730051889403 ], [ 114.256381869768148, 22.492990553613488 ], [ 114.257628399024, 22.492903657181571 ], [ 114.258405534325689, 22.493226788678975 ], [ 114.259498457300637, 22.493231622986603 ], [ 114.260173799317045, 22.493485309222521 ], [ 114.261047912236336, 22.492895450052679 ], [ 114.26242789253314, 22.492820213328063 ], [ 114.263316071638016, 22.493182092808411 ], [ 114.26380325324152, 22.492990584977921 ], [ 114.264669934269989, 22.493604091460547 ], [ 114.265211453141035, 22.493694388337733 ], [ 114.265991601317566, 22.494438776412739 ], [ 114.265988802559264, 22.495819226807292 ], [ 114.266506323995898, 22.495799488218548 ], [ 114.267578063993639, 22.495285564790642 ], [ 114.26857469789752, 22.495838581543261 ], [ 114.269441152731019, 22.496039391432824 ], [ 114.271133863406945, 22.495835767908265 ], [ 114.274361029562954, 22.495984826339043 ], [ 114.280554351461362, 22.498253862474261 ], [ 114.282643397569274, 22.496964175336373 ], [ 114.284880275716731, 22.496861641092888 ], [ 114.287067250637563, 22.496236115152673 ], [ 114.28864758649253, 22.495369427771063 ], [ 114.290270799346217, 22.493979302449702 ], [ 114.292035419637813, 22.493404350220615 ], [ 114.293639734795846, 22.491993705343098 ], [ 114.296024497935719, 22.492116353060556 ], [ 114.297882943550718, 22.490823839111506 ], [ 114.300308335146667, 22.49059049632881 ], [ 114.301109082792209, 22.489955785032286 ], [ 114.302225289719942, 22.490064242474482 ], [ 114.303855802340834, 22.490969309805884 ], [ 114.305101181437593, 22.491068976258575 ], [ 114.30802931190776, 22.492787467905288 ], [ 114.308741514636608, 22.493443305246949 ], [ 114.31024187957658, 22.493834395309158 ], [ 114.3115973488039, 22.495211484537332 ], [ 114.312469771197655, 22.495563515446332 ], [ 114.313855895663323, 22.495582480611475 ], [ 114.314668681974467, 22.496205813838998 ], [ 114.315304353548044, 22.496393073689312 ], [ 114.315736798495408, 22.496852898663494 ], [ 114.316124803402388, 22.49786500457358 ], [ 114.316030287138361, 22.498792253097854 ], [ 114.316990108236524, 22.499169559072445 ], [ 114.318828798567637, 22.500454804734186 ], [ 114.320945938899143, 22.501071063137566 ], [ 114.322191501052131, 22.502271308771878 ], [ 114.322875480245401, 22.502418905718581 ], [ 114.324406501253847, 22.503298639952654 ], [ 114.326525365674868, 22.502970553461267 ], [ 114.327793025873277, 22.503938446551778 ], [ 114.329854720863509, 22.505001353286765 ], [ 114.331832348401889, 22.506734791647922 ], [ 114.332800482216257, 22.507946562607014 ], [ 114.333892241924474, 22.50871175503136 ], [ 114.334789565763685, 22.509026389358773 ], [ 114.335852138450321, 22.510063302341969 ], [ 114.336189572354016, 22.568131095463382 ], [ 114.434004586307637, 22.561996394886023 ], [ 114.43529218587139, 22.560960371612264 ] ] ] } },
{ "type": "Feature", "properties": { "codigo_dcca": "N05", "nombre_en": "Wah Ming", "nombre_zh": "華明", "codigo": "N", "distrito_en": "North", "distrito_es": "Norte", "region": "Nuevos Territorios", "area_km2_poligono": 0.0985 }, "geometry": { "type": "Polygon", "coordinates": [ [ [ 114.143459783002868, 22.483324395843198 ], [ 114.141066578454769, 22.482207371512782 ], [ 114.140089854587842, 22.482323273883928 ], [ 114.139343268641397, 22.483142684022148 ], [ 114.139503143751739, 22.484898016056473 ], [ 114.139251146509622, 22.485560383099223 ], [ 114.14026762503677, 22.485939090351216 ], [ 114.141148896486072, 22.484811200247162 ], [ 114.143459783002868, 22.483324395843198 ] ] ] } },
{ "type": "Feature", "properties": { "codigo_dcca": "N06", "nombre_en": "Yan Shing", "nombre_zh": "欣盛", "codigo": "N", "distrito_en": "North", "distrito_es": "Norte", "region": "Nuevos Territorios", "area_km2_poligono": 3.072 }, "geometry": { "type": "Polygon", "coordinates": [ [ [ 114.141103064320703, 22.486419036194089 ], [ 114.139251146509622, 22.485560383099223 ], [ 114.139503143751739, 22.484898016056473 ], [ 114.13928487815221, 22.483427083210756 ], [ 114.139640781557645, 22.482644608384863 ], [ 114.140299799177768, 22.482239176229278 ], [ 114.141066578454769, 22.482207371512782 ], [ 114.143459783002868, 22.483324395843198 ], [ 114.143650256825936, 22.481962712315084 ], [ 114.144820291310097, 22.481504167861001 ], [ 114.145821525163328, 22.481592500439525 ], [ 114.145610546969365, 22.482014983686987 ], [ 114.145590534306322, 22.483508420248221 ], [ 114.145902046565638, 22.483584299662105 ], [ 114.146741735510332, 22.482141570437168 ], [ 114.147934023011715, 22.481966418015428 ], [ 114.148386633880463, 22.482535649302221 ], [ 114.14819786749095, 22.483282169031622 ], [ 114.14883919903022, 22.482964068067393 ], [ 114.149596403261853, 22.483755234738513 ], [ 114.149978443412436, 22.483245821121557 ], [ 114.150320807045389, 22.483235655380163 ], [ 114.150615745047276, 22.483561123526844 ], [ 114.15086039247447, 22.483389612420037 ], [ 114.151221531602346, 22.484375899427665 ], [ 114.152069911542497, 22.48497803978098 ], [ 114.153316732979434, 22.483989744316425 ], [ 114.153016456650775, 22.482336313132599 ], [ 114.153317971772623, 22.480798613467371 ], [ 114.152935093340346, 22.480131679094267 ], [ 114.151521300139919, 22.480125503195904 ], [ 114.151079466229092, 22.480418361796708 ], [ 114.149795104136828, 22.479704324258357 ], [ 114.148995208640969, 22.479719214707234 ], [ 114.148422567734343, 22.477968324801513 ], [ 114.148507717859431, 22.477346387843799 ], [ 114.148132344812282, 22.476535245403344 ], [ 114.146540495038394, 22.475512512020078 ], [ 114.145790260813158, 22.474681083008093 ], [ 114.143892858346916, 22.47473257724204 ], [ 114.143933381439339, 22.473974400410849 ], [ 114.143582828593267, 22.473540741839159 ], [ 114.142137298549585, 22.473384915330932 ], [ 114.141655970936498, 22.47258912247284 ], [ 114.138706178827505, 22.471579220903646 ], [ 114.138497455212288, 22.471341951216189 ], [ 114.13871578876703, 22.471152120250814 ], [ 114.13764607081319, 22.470422106213473 ], [ 114.137467868444787, 22.469984294896477 ], [ 114.136243823046229, 22.469248652923742 ], [ 114.135742566631464, 22.468452837052222 ], [ 114.134005390893037, 22.46780561685938 ], [ 114.132810509498455, 22.467877863636044 ], [ 114.131332992937359, 22.46865493716766 ], [ 114.130680953946651, 22.468406234775863 ], [ 114.130751225612002, 22.469600889674187 ], [ 114.129986416805892, 22.471022645067055 ], [ 114.129501980353353, 22.471340437716748 ], [ 114.129518211099082, 22.471843057749769 ], [ 114.129089794734426, 22.472251034315192 ], [ 114.12808271674723, 22.474230192198483 ], [ 114.12834571891679, 22.475905477395873 ], [ 114.127760927422443, 22.475583438311887 ], [ 114.126492030201106, 22.476303421594348 ], [ 114.128945703053589, 22.479130481514577 ], [ 114.12937433309915, 22.481237782935882 ], [ 114.131454000915582, 22.482846011741731 ], [ 114.131295914550748, 22.484287067007958 ], [ 114.134124085001815, 22.486686507148299 ], [ 114.135047508910276, 22.487106464434198 ], [ 114.135305046726941, 22.486775837529549 ], [ 114.136141236284033, 22.486509446137028 ], [ 114.138037614361252, 22.486953460280411 ], [ 114.138679819841727, 22.486890283358473 ], [ 114.13914395679133, 22.487626325518786 ], [ 114.140181270570324, 22.488022213938567 ], [ 114.141103064320703, 22.486419036194089 ] ] ] } },
{ "type": "Feature", "properties": { "codigo_dcca": "N04", "nombre_en": "Wah Do", "nombre_zh": "華都", "codigo": "N", "distrito_en": "North", "distrito_es": "Norte", "region": "Nuevos Territorios", "area_km2_poligono": 0.1318 }, "geometry": { "type": "Polygon", "coordinates": [ [ [ 114.144223677759712, 22.485050579607488 ], [ 114.144120604547012, 22.484182086183353 ], [ 114.143459783002868, 22.483324395843198 ], [ 114.141227944387779, 22.484749413610356 ], [ 114.14026762503677, 22.485939090351216 ], [ 114.141103064320703, 22.486419036194089 ], [ 114.140180813530051, 22.488023387787329 ], [ 114.141140292629032, 22.488274467816687 ], [ 114.141780219393354, 22.488056027324888 ], [ 114.142797856850422, 22.486977509278528 ], [ 114.144023847488285, 22.4861227284626 ], [ 114.144223677759712, 22.485050579607488 ] ] ] } },
{ "type": "Feature", "properties": { "codigo_dcca": "N03", "nombre_en": "Cheung Wah", "nombre_zh": "祥華", "codigo": "N", "distrito_en": "North", "distrito_es": "Norte", "region": "Nuevos Territorios", "area_km2_poligono": 0.1812 }, "geometry": { "type": "Polygon", "coordinates": [ [ [ 114.140265002525197, 22.490261240383809 ], [ 114.137965195038561, 22.492150629662277 ], [ 114.140147805766404, 22.494424526386698 ], [ 114.14091523018557, 22.494788922347205 ], [ 114.143444446671509, 22.493459514389237 ], [ 114.144717854532232, 22.492064016512536 ], [ 114.143991268719134, 22.491416579901127 ], [ 114.142149948184226, 22.490941158804219 ], [ 114.140632464594475, 22.492011388153689 ], [ 114.140047587402805, 22.491392790597182 ], [ 114.140601633667941, 22.490763849301054 ], [ 114.140265002525197, 22.490261240383809 ] ] ] } },
{ "type": "Feature", "properties": { "codigo_dcca": "N08", "nombre_en": "Shing Fuk", "nombre_zh": "盛福", "codigo": "N", "distrito_en": "North", "distrito_es": "Norte", "region": "Nuevos Territorios", "area_km2_poligono": 0.143 }, "geometry": { "type": "Polygon", "coordinates": [ [ [ 114.134211872197227, 22.495511255388074 ], [ 114.138643814288969, 22.491606466456982 ], [ 114.138325365937675, 22.491260354716243 ], [ 114.137325990679599, 22.491688361504238 ], [ 114.136077691042217, 22.491194864272408 ], [ 114.134802159230034, 22.491029208018102 ], [ 114.134360418099632, 22.491076104459086 ], [ 114.134203736571436, 22.49129778652831 ], [ 114.133906853740626, 22.491205344769128 ], [ 114.133384551072041, 22.491809934609304 ], [ 114.133681764972494, 22.493563988991941 ], [ 114.133191640747583, 22.494534263556645 ], [ 114.134211872197227, 22.495511255388074 ] ] ] } },
{ "type": "Feature", "properties": { "codigo_dcca": "N09", "nombre_en": "Ching Ho", "nombre_zh": "清河", "codigo": "N", "distrito_en": "North", "distrito_es": "Norte", "region": "Nuevos Territorios", "area_km2_poligono": 0.0928 }, "geometry": { "type": "Polygon", "coordinates": [ [ [ 114.129287649674652, 22.495761554603977 ], [ 114.127896844457467, 22.492836373102847 ], [ 114.12712586316978, 22.492462007676671 ], [ 114.125469856019933, 22.492549137369483 ], [ 114.124657563480113, 22.492222806746312 ], [ 114.124006307600098, 22.492289229871094 ], [ 114.124831401933335, 22.492655978938728 ], [ 114.124599172085539, 22.493480803618382 ], [ 114.125409636746681, 22.493539761898216 ], [ 114.12540930662648, 22.494432922273614 ], [ 114.127385489579993, 22.49464802182905 ], [ 114.127856503924022, 22.494937418330672 ], [ 114.128653967157021, 22.496030869479455 ], [ 114.129287649674652, 22.495761554603977 ] ] ] } },
{ "type": "Feature", "properties": { "codigo_dcca": "N07", "nombre_en": "Fanling South", "nombre_zh": "粉嶺南", "codigo": "N", "distrito_en": "North", "distrito_es": "Norte", "region": "Nuevos Territorios", "area_km2_poligono": 0.6795 }, "geometry": { "type": "Polygon", "coordinates": [ [ [ 114.134211872197227, 22.495511255388074 ], [ 114.133191640747583, 22.494534263556645 ], [ 114.133681764972494, 22.493563988991941 ], [ 114.133355698222644, 22.492090681975093 ], [ 114.133642005994133, 22.491411492237344 ], [ 114.134802159230034, 22.491029208018102 ], [ 114.136247042634096, 22.491236166921411 ], [ 114.137325990679599, 22.491688361504238 ], [ 114.138325365937675, 22.491260354716243 ], [ 114.138643814288969, 22.491606466456982 ], [ 114.141995639747194, 22.489070486509924 ], [ 114.146295481115544, 22.487625762420567 ], [ 114.146118615345628, 22.486104791529669 ], [ 114.145740979568856, 22.485505100008115 ], [ 114.145129687479368, 22.48513227788423 ], [ 114.144223677759712, 22.485050579607488 ], [ 114.144023847488285, 22.4861227284626 ], [ 114.142797856850422, 22.486977509278528 ], [ 114.141780219393354, 22.488056027324888 ], [ 114.141274262968082, 22.488266198492088 ], [ 114.139218314606367, 22.487668514886405 ], [ 114.138679819841727, 22.486890283358473 ], [ 114.137896374853057, 22.486932258945487 ], [ 114.136153966203835, 22.486509810566947 ], [ 114.135438693422415, 22.486708477989318 ], [ 114.135047508910276, 22.487106464434198 ], [ 114.135602057806238, 22.487653100325446 ], [ 114.135679786143655, 22.488945524618806 ], [ 114.134950221385637, 22.489801202168696 ], [ 114.133645447226272, 22.490781785210988 ], [ 114.131653972584857, 22.490423147612493 ], [ 114.131468059761744, 22.491200089186965 ], [ 114.130685124395285, 22.491852809983911 ], [ 114.130739311563602, 22.491442475064737 ], [ 114.13029289434597, 22.49139952458755 ], [ 114.12901518990094, 22.492593836284257 ], [ 114.128057526188186, 22.493074408951816 ], [ 114.129287649674652, 22.495761554603977 ], [ 114.129861689755046, 22.495634286037365 ], [ 114.130163774603645, 22.496346908158511 ], [ 114.130872429247361, 22.497115146960422 ], [ 114.131478834576853, 22.497348212687754 ], [ 114.134211872197227, 22.495511255388074 ] ] ] } },
{ "type": "Feature", "properties": { "codigo_dcca": "N10", "nombre_en": "Yu Tai", "nombre_zh": "御太", "codigo": "N", "distrito_en": "North", "distrito_es": "Norte", "region": "Nuevos Territorios", "area_km2_poligono": 5.6274 }, "geometry": { "type": "Polygon", "coordinates": [ [ [ 114.112004441653269, 22.478166896040769 ], [ 114.112241993168965, 22.478304280574729 ], [ 114.112764640789663, 22.47784006099473 ], [ 114.112978130982725, 22.477904555598865 ], [ 114.113192003270612, 22.47875543578127 ], [ 114.113643944903671, 22.478949486186522 ], [ 114.112559553577924, 22.479007088572445 ], [ 114.112273774279984, 22.479229692012396 ], [ 114.112927122465038, 22.482234377881152 ], [ 114.112357275018098, 22.482606032225725 ], [ 114.112104996380026, 22.483437785218104 ], [ 114.111356794318965, 22.484025190963163 ], [ 114.111622836637906, 22.484648965775509 ], [ 114.111675417014737, 22.485729989796422 ], [ 114.11081556211424, 22.486426886460464 ], [ 114.110741963079448, 22.486893728173332 ], [ 114.110260765775919, 22.487139888567274 ], [ 114.11135456327581, 22.4887265087796 ], [ 114.110969306062771, 22.488783541326065 ], [ 114.110792966722926, 22.488479207842424 ], [ 114.110426501769524, 22.48876500492495 ], [ 114.10903811262051, 22.488919225999716 ], [ 114.10717901115143, 22.489871014023251 ], [ 114.10689188405118, 22.490441159387117 ], [ 114.105719655063822, 22.490828980607716 ], [ 114.105462642230364, 22.491272945847449 ], [ 114.105670227219321, 22.491727456291468 ], [ 114.105322896092289, 22.491977778663227 ], [ 114.104963161037844, 22.491913168681258 ], [ 114.10447366071952, 22.493066844646751 ], [ 114.104216242502361, 22.494830572639732 ], [ 114.10398120581965, 22.494985003669736 ], [ 114.104146188731789, 22.495975414291074 ], [ 114.104878844246031, 22.49614873837497 ], [ 114.104962495066744, 22.496363112070917 ], [ 114.107076374537613, 22.496397787715409 ], [ 114.107463546535996, 22.496034806665449 ], [ 114.107878193025357, 22.496077283014966 ], [ 114.10821526317504, 22.495421702969487 ], [ 114.109425314512322, 22.495502286249454 ], [ 114.11011892594604, 22.494946943814462 ], [ 114.109559402451566, 22.494786647432079 ], [ 114.109367465698739, 22.494432602798781 ], [ 114.109346415232054, 22.493833607866112 ], [ 114.109715236702556, 22.493751603375426 ], [ 114.11023573215553, 22.494330342595177 ], [ 114.11072752729163, 22.49445320496752 ], [ 114.110662962915612, 22.494692366537127 ], [ 114.111122003355078, 22.494622541744548 ], [ 114.111210857967734, 22.494227561380065 ], [ 114.11193063699406, 22.494441810068075 ], [ 114.112567174602717, 22.495493320551141 ], [ 114.112647482245293, 22.496617464982368 ], [ 114.114163343212567, 22.497235162661962 ], [ 114.114782942333647, 22.497044310345462 ], [ 114.11588226103801, 22.497348358873829 ], [ 114.115636983636676, 22.498002960293114 ], [ 114.114880622693363, 22.498808200173301 ], [ 114.11450477855017, 22.499964721745645 ], [ 114.114718637416317, 22.500893877850281 ], [ 114.115290614337738, 22.501575557558919 ], [ 114.116377796801331, 22.502182657768678 ], [ 114.118034813921469, 22.502335658921215 ], [ 114.120058321246475, 22.501906565477285 ], [ 114.123868133150779, 22.500060037862163 ], [ 114.123919357323231, 22.499733615106223 ], [ 114.128815561713651, 22.498622044785364 ], [ 114.131478834576868, 22.497348212687751 ], [ 114.130872429247361, 22.497115146960439 ], [ 114.130163774603659, 22.4963469081585 ], [ 114.129861689755046, 22.495634286037383 ], [ 114.128653967157021, 22.49603086947948 ], [ 114.127856503924022, 22.494937418330672 ], [ 114.127385489580007, 22.494648021829047 ], [ 114.12540930662648, 22.494432922273624 ], [ 114.125409636746681, 22.493539761898244 ], [ 114.124599172085539, 22.493480803618382 ], [ 114.124831401933349, 22.492655978938732 ], [ 114.123980376600358, 22.492323843917887 ], [ 114.124657563480127, 22.492222806746348 ], [ 114.125469856019933, 22.492549137369469 ], [ 114.127125863169795, 22.492462007676664 ], [ 114.128138925208816, 22.49301670223279 ], [ 114.12901518990094, 22.492593836284286 ], [ 114.130292894345985, 22.49139952458756 ], [ 114.130739311563602, 22.491442475064765 ], [ 114.130685124395285, 22.491852809983911 ], [ 114.131468059761744, 22.491200089186997 ], [ 114.131653972584857, 22.490423147612525 ], [ 114.133293947829912, 22.490825126852801 ], [ 114.133893694770194, 22.490672999090346 ], [ 114.135679786143655, 22.488945524618806 ], [ 114.135602057806224, 22.487653100325431 ], [ 114.135047508910276, 22.487106464434195 ], [ 114.134124085001815, 22.486686507148288 ], [ 114.131295914550748, 22.484287067007958 ], [ 114.131454000915596, 22.482846011741742 ], [ 114.12937433309915, 22.481237782935892 ], [ 114.128945703053589, 22.479130481514577 ], [ 114.126746032949256, 22.476697750648313 ], [ 114.126293560148738, 22.475722947478832 ], [ 114.125478000290386, 22.474899892248331 ], [ 114.124879913313052, 22.474458682079586 ], [ 114.123881520775072, 22.474760081650395 ], [ 114.123283975584883, 22.474541889999177 ], [ 114.121633437321876, 22.474478662290846 ], [ 114.120402105128349, 22.475001864857784 ], [ 114.119662878546592, 22.475010815472412 ], [ 114.119001998231795, 22.475464331182749 ], [ 114.116337441235274, 22.475968262126298 ], [ 114.115837194060106, 22.47595713782226 ], [ 114.115360918101004, 22.475572486957564 ], [ 114.114245358859975, 22.475229308319317 ], [ 114.114345638201172, 22.475376235974842 ], [ 114.11315321579184, 22.47579338105713 ], [ 114.113513688970258, 22.476117606594471 ], [ 114.114602199644466, 22.476182778478275 ], [ 114.114311116914777, 22.4767991181578 ], [ 114.113898013300656, 22.476782591023611 ], [ 114.113863093459955, 22.476471222328719 ], [ 114.113372058069743, 22.476455455973227 ], [ 114.112962250146595, 22.476171069316258 ], [ 114.111593504276343, 22.476299226983219 ], [ 114.111630777818348, 22.476741865606389 ], [ 114.112059126422253, 22.477107699414795 ], [ 114.112004441653269, 22.478166896040769 ] ] ] } },
{ "type": "Feature", "properties": { "codigo_dcca": "N01", "nombre_en": "Luen Wo Hui", "nombre_zh": "聯和墟", "codigo": "N", "distrito_en": "North", "distrito_es": "Norte", "region": "Nuevos Territorios", "area_km2_poligono": 0.2316 }, "geometry": { "type": "Polygon", "coordinates": [ [ [ 114.141446276356945, 22.501903437039804 ], [ 114.144195053720438, 22.502184158266015 ], [ 114.14409822520652, 22.501529444357512 ], [ 114.145751144888067, 22.500073259979349 ], [ 114.142036670449343, 22.496288340803638 ], [ 114.140953982737628, 22.497628141749527 ], [ 114.1405098344311, 22.498996983178252 ], [ 114.141195960873887, 22.499361400128176 ], [ 114.140887295214995, 22.49996024403163 ], [ 114.140304589252153, 22.499844352936773 ], [ 114.139857891464288, 22.501930324921393 ], [ 114.140005365282462, 22.502432945037334 ], [ 114.141446276356945, 22.501903437039804 ] ] ] } },
{ "type": "Feature", "properties": { "codigo_dcca": "N12", "nombre_en": "Choi Yuen", "nombre_zh": "彩園", "codigo": "N", "distrito_en": "North", "distrito_es": "Norte", "region": "Nuevos Territorios", "area_km2_poligono": 0.1265 }, "geometry": { "type": "Polygon", "coordinates": [ [ [ 114.127389871872467, 22.499024477382751 ], [ 114.126050913722125, 22.499366827441914 ], [ 114.12600830694025, 22.499156767098302 ], [ 114.123919357323231, 22.499733615106223 ], [ 114.12348129206481, 22.503163925694601 ], [ 114.124414033062337, 22.502971676998477 ], [ 114.127149421259872, 22.501491027487074 ], [ 114.127428276300833, 22.501194031506682 ], [ 114.126805330187182, 22.501013701031074 ], [ 114.126808804463607, 22.500541177927225 ], [ 114.127296655041093, 22.500490857835757 ], [ 114.127713585821638, 22.499926721548956 ], [ 114.127389871872467, 22.499024477382751 ] ] ] } },
{ "type": "Feature", "properties": { "codigo_dcca": "N02", "nombre_en": "Fanling Town", "nombre_zh": "粉嶺市", "codigo": "N", "distrito_en": "North", "distrito_es": "Norte", "region": "Nuevos Territorios", "area_km2_poligono": 1.3718 }, "geometry": { "type": "Polygon", "coordinates": [ [ [ 114.141195960873887, 22.499361400128176 ], [ 114.140538906671893, 22.498876952250512 ], [ 114.141189311582409, 22.497139423863597 ], [ 114.142036670449343, 22.496288340803638 ], [ 114.146993435700679, 22.501337397562459 ], [ 114.147815467486637, 22.500441570378968 ], [ 114.147574138486746, 22.499184559270933 ], [ 114.147629774903351, 22.497156568517571 ], [ 114.145619823760029, 22.49537264312913 ], [ 114.145684966691107, 22.494539727948585 ], [ 114.146994034067347, 22.493384138816424 ], [ 114.147744534288691, 22.491971921406147 ], [ 114.146072932065181, 22.490286032169237 ], [ 114.146295481115544, 22.487625762420606 ], [ 114.142245465477515, 22.488946588995951 ], [ 114.140265002525211, 22.490261240383823 ], [ 114.140601633667941, 22.490763849301061 ], [ 114.140047587402805, 22.491392790597182 ], [ 114.140632464594475, 22.492011388153696 ], [ 114.142149948184226, 22.490941158804219 ], [ 114.143868717671324, 22.491368603441352 ], [ 114.144403579818444, 22.491712020762648 ], [ 114.144717854532232, 22.492064016512536 ], [ 114.143444446671509, 22.493459514389244 ], [ 114.14091523018557, 22.494788922347222 ], [ 114.140555569387558, 22.494757668829063 ], [ 114.137965195038561, 22.492150629662287 ], [ 114.134130694980144, 22.495577977552745 ], [ 114.131478834576868, 22.497348212687751 ], [ 114.131621773755271, 22.498149591947215 ], [ 114.129635373819752, 22.499839258795422 ], [ 114.130533793005768, 22.500681495102722 ], [ 114.13095158487998, 22.500798070558638 ], [ 114.131829851433167, 22.500470930544068 ], [ 114.132349173034513, 22.499920681486874 ], [ 114.132698862854696, 22.499987403901706 ], [ 114.132907162573531, 22.500132660498654 ], [ 114.132654604761214, 22.50044621691146 ], [ 114.133539471922049, 22.501248717054306 ], [ 114.134406168878584, 22.50038414328391 ], [ 114.135858429760162, 22.502366391867216 ], [ 114.136867478410863, 22.50335930182775 ], [ 114.137346021166408, 22.503561077453238 ], [ 114.137178794319325, 22.502729102822137 ], [ 114.138586139765835, 22.501992689828434 ], [ 114.138671236418674, 22.503125680677222 ], [ 114.140005365282462, 22.502432945037334 ], [ 114.13987447229232, 22.501707892162443 ], [ 114.14030458659289, 22.499844352641009 ], [ 114.140887295214995, 22.49996024403163 ], [ 114.141195960873887, 22.499361400128176 ] ] ] } },
{ "type": "Feature", "properties": { "codigo_dcca": "N17", "nombre_en": "Tin Ping East", "nombre_zh": "天平東", "codigo": "N", "distrito_en": "North", "distrito_es": "Norte", "region": "Nuevos Territorios", "area_km2_poligono": 0.7863 }, "geometry": { "type": "Polygon", "coordinates": [ [ [ 114.148291227223652, 22.502725143208384 ], [ 114.145751144888067, 22.500073259979349 ], [ 114.14409822520652, 22.501529444357505 ], [ 114.144195053720438, 22.502184158266012 ], [ 114.14125367609833, 22.501925771915829 ], [ 114.138671236418645, 22.503125680677204 ], [ 114.138586139765835, 22.501992689828434 ], [ 114.137178794319325, 22.502729102822126 ], [ 114.137346021166408, 22.503561077453234 ], [ 114.136867478410849, 22.503359301827725 ], [ 114.135858429760162, 22.502366391867199 ], [ 114.134406168878584, 22.500384143283899 ], [ 114.133408991673193, 22.501398703799712 ], [ 114.134005828109949, 22.50289254412758 ], [ 114.134525732826361, 22.502439672088329 ], [ 114.134988586866967, 22.502854766445889 ], [ 114.132423790124577, 22.504825711200962 ], [ 114.132036503564649, 22.505700106470346 ], [ 114.134001363868705, 22.506531806641785 ], [ 114.135344257845318, 22.507561739337 ], [ 114.137463565945495, 22.506285898857435 ], [ 114.138575453063623, 22.506076336811333 ], [ 114.142543653397041, 22.507400209055884 ], [ 114.145326304341765, 22.507557951379859 ], [ 114.146539855080903, 22.505991349270406 ], [ 114.146755155007355, 22.503717393693893 ], [ 114.148291227223652, 22.502725143208384 ] ] ] } },
{ "type": "Feature", "properties": { "codigo_dcca": "N14", "nombre_en": "Tin Ping West", "nombre_zh": "天平西", "codigo": "N", "distrito_en": "North", "distrito_es": "Norte", "region": "Nuevos Territorios", "area_km2_poligono": 0.2127 }, "geometry": { "type": "Polygon", "coordinates": [ [ [ 114.135344257845318, 22.507561739337 ], [ 114.134001363868705, 22.506531806641785 ], [ 114.132036503564649, 22.505700106470346 ], [ 114.132423790124577, 22.504825711200962 ], [ 114.134988586866967, 22.502854766445889 ], [ 114.134525732826361, 22.502439672088329 ], [ 114.134005828109949, 22.50289254412758 ], [ 114.133408991673193, 22.501398703799712 ], [ 114.128628958447166, 22.506219959073661 ], [ 114.12931120818736, 22.507304449006021 ], [ 114.130578269770851, 22.507241641351495 ], [ 114.130786421593996, 22.507771468408105 ], [ 114.131663465837534, 22.507035641245718 ], [ 114.132906830195509, 22.507799621467552 ], [ 114.134385379587968, 22.507774769029563 ], [ 114.134890260854988, 22.50804772724074 ], [ 114.135344257845318, 22.507561739337 ] ] ] } },
{ "type": "Feature", "properties": { "codigo_dcca": "N13", "nombre_en": "Shek Wu Hui", "nombre_zh": "石湖墟", "codigo": "N", "distrito_en": "North", "distrito_es": "Norte", "region": "Nuevos Territorios", "area_km2_poligono": 0.6698 }, "geometry": { "type": "Polygon", "coordinates": [ [ [ 114.120029510311952, 22.505411881987818 ], [ 114.120731015879514, 22.506175728424978 ], [ 114.120934512179119, 22.507064837075109 ], [ 114.120777601929831, 22.507467601984199 ], [ 114.121800787235387, 22.508514124543773 ], [ 114.12397541780355, 22.506651948388221 ], [ 114.124930438484895, 22.506432278858632 ], [ 114.125461363315935, 22.506019354182389 ], [ 114.126783910276629, 22.507575741749516 ], [ 114.12780449482986, 22.507198260601438 ], [ 114.133539471922049, 22.501248717054306 ], [ 114.132654604761214, 22.50044621691146 ], [ 114.132907162573531, 22.500132660498654 ], [ 114.132698862854696, 22.499987403901706 ], [ 114.132349173034513, 22.499920681486874 ], [ 114.131829851433167, 22.500470930544068 ], [ 114.13095158487998, 22.500798070558638 ], [ 114.130533793005768, 22.500681495102722 ], [ 114.129635373819752, 22.499839258795422 ], [ 114.131621773755271, 22.498149591947215 ], [ 114.131478834576868, 22.497348212687751 ], [ 114.12944100395778, 22.498383746353539 ], [ 114.127389871872452, 22.499024477382768 ], [ 114.127713585821638, 22.49992672154897 ], [ 114.127296655041121, 22.500490857835764 ], [ 114.126808804463593, 22.500541177927225 ], [ 114.126805330187182, 22.501013701031074 ], [ 114.127428276300833, 22.501194031506685 ], [ 114.126986203033113, 22.501636862996786 ], [ 114.124234792629522, 22.503043401115317 ], [ 114.122642478042948, 22.503361817509784 ], [ 114.120029510311952, 22.505411881987818 ] ] ] } },
{ "type": "Feature", "properties": { "codigo_dcca": "N15", "nombre_en": "Fung Tsui", "nombre_zh": "鳳翠", "codigo": "N", "distrito_en": "North", "distrito_es": "Norte", "region": "Nuevos Territorios", "area_km2_poligono": 3.4403 }, "geometry": { "type": "Polygon", "coordinates": [ [ [ 114.128649162614465, 22.521924446900517 ], [ 114.128785763674927, 22.521544092567215 ], [ 114.129618682624439, 22.522000824077093 ], [ 114.130036406381691, 22.521901440456929 ], [ 114.130470645235675, 22.521069851244864 ], [ 114.13129103819702, 22.520754365730493 ], [ 114.131770683241669, 22.520833742201678 ], [ 114.13329468623769, 22.520125675043317 ], [ 114.133984595743129, 22.520097802815123 ], [ 114.135273996751124, 22.518880512909526 ], [ 114.135731076768892, 22.518700727223553 ], [ 114.135650434496981, 22.518231046048186 ], [ 114.136794086659151, 22.517954987139383 ], [ 114.138250660998409, 22.516211586892677 ], [ 114.137340893968968, 22.514391167846291 ], [ 114.137690748112945, 22.512700739685037 ], [ 114.137453893583697, 22.509827061758127 ], [ 114.137303222813884, 22.50901954621223 ], [ 114.137046277877502, 22.508837429324664 ], [ 114.137027837803259, 22.507976433104879 ], [ 114.136723405096745, 22.507949889514336 ], [ 114.136193503432892, 22.506946463008823 ], [ 114.134890260855002, 22.508047727240758 ], [ 114.134385379587968, 22.507774769029549 ], [ 114.132906830195537, 22.507799621467573 ], [ 114.131663465837562, 22.507035641245722 ], [ 114.13078642159401, 22.507771468408137 ], [ 114.130578269770879, 22.507241641351492 ], [ 114.12931120818736, 22.507304449006021 ], [ 114.128628958447166, 22.506219959073654 ], [ 114.12780449482986, 22.507198260601438 ], [ 114.126783910276629, 22.507575741749516 ], [ 114.125461363315935, 22.506019354182389 ], [ 114.124930438484895, 22.506432278858632 ], [ 114.12397541780355, 22.506651948388221 ], [ 114.121800787235387, 22.508514124543773 ], [ 114.120777601929831, 22.507467601984199 ], [ 114.120934512179119, 22.507064837075109 ], [ 114.120731015879514, 22.506175728424978 ], [ 114.120029510311952, 22.505411881987818 ], [ 114.122449807698189, 22.503476023084257 ], [ 114.123481292064824, 22.503163925694622 ], [ 114.123868133150779, 22.500060037862163 ], [ 114.119600087121754, 22.502094849449545 ], [ 114.118545370728057, 22.502322885871315 ], [ 114.116377796801331, 22.502182657768678 ], [ 114.116860410071311, 22.503120941836457 ], [ 114.11650533647304, 22.504462200389735 ], [ 114.117088885713329, 22.505078666090288 ], [ 114.116768001219242, 22.505174830642218 ], [ 114.116146790510371, 22.505969378977859 ], [ 114.11605382066152, 22.507424277796261 ], [ 114.118279234185465, 22.506975271232228 ], [ 114.118099659822221, 22.508564480065395 ], [ 114.118802610579081, 22.50841045987983 ], [ 114.119347056555256, 22.50868978420192 ], [ 114.117900989016633, 22.51008329923954 ], [ 114.116654318828537, 22.512340035134955 ], [ 114.116295740651495, 22.513882415194839 ], [ 114.116170144911422, 22.517335157811093 ], [ 114.116600165671542, 22.517266697484573 ], [ 114.117066666490828, 22.51839051122229 ], [ 114.118883250521833, 22.519715496996199 ], [ 114.118816427308644, 22.520248354918674 ], [ 114.119222140636154, 22.520170008674729 ], [ 114.119490448263065, 22.520926713775875 ], [ 114.119790863488362, 22.52109296119518 ], [ 114.12120889208893, 22.521194146033356 ], [ 114.122521502190992, 22.520990282214655 ], [ 114.123456801027899, 22.521539189844319 ], [ 114.125090853419451, 22.521853104204833 ], [ 114.127987503625661, 22.522077971398186 ], [ 114.128649162614465, 22.521924446900517 ] ] ] } },
{ "type": "Feature", "properties": { "codigo_dcca": "N18", "nombre_en": "Queen's Hill", "nombre_zh": "皇后山", "codigo": "N", "distrito_en": "North", "distrito_es": "Norte", "region": "Nuevos Territorios", "area_km2_poligono": 15.9204 }, "geometry": { "type": "Polygon", "coordinates": [ [ [ 114.174313037664533, 22.52624433599053 ], [ 114.175101606502949, 22.525850198148913 ], [ 114.175058506449574, 22.524346542506649 ], [ 114.17480917487093, 22.52355497372746 ], [ 114.175058346166878, 22.521691235124294 ], [ 114.174816711924421, 22.521287195474368 ], [ 114.176413295533877, 22.519988179855606 ], [ 114.17589498646123, 22.519170134336015 ], [ 114.175027760063799, 22.51849731899436 ], [ 114.177913195520858, 22.518713937237571 ], [ 114.179332841257505, 22.518524500456568 ], [ 114.19287616666702, 22.507028356156916 ], [ 114.193815900902379, 22.505937596954954 ], [ 114.194692616003195, 22.49422842360006 ], [ 114.193828392284033, 22.494974843384206 ], [ 114.192378073655149, 22.494728486927162 ], [ 114.191577198893754, 22.494344643745986 ], [ 114.1914903257709, 22.49487200892376 ], [ 114.190860874728486, 22.495105572963393 ], [ 114.188906501085043, 22.495115014374409 ], [ 114.186114326599665, 22.495618905815888 ], [ 114.183344023203389, 22.495623520475768 ], [ 114.179384520196848, 22.494522591159914 ], [ 114.178247768842766, 22.493439453736137 ], [ 114.177537940984422, 22.493221419334002 ], [ 114.177066342203091, 22.492383020146658 ], [ 114.17482377571163, 22.490675584238719 ], [ 114.174865741712765, 22.490377084754758 ], [ 114.174411140547747, 22.489830675856368 ], [ 114.174221317344362, 22.489074448690364 ], [ 114.173815683934606, 22.488832580227665 ], [ 114.173627361336273, 22.488098630311065 ], [ 114.172854555593588, 22.487644600307046 ], [ 114.172377495626606, 22.487059661214222 ], [ 114.172436454844146, 22.486675744068368 ], [ 114.171998875177081, 22.486017920429358 ], [ 114.171955689177949, 22.484114678932734 ], [ 114.171786757249777, 22.483969229921396 ], [ 114.171490780652093, 22.484325388812366 ], [ 114.170669584788172, 22.484663710890604 ], [ 114.169642401978962, 22.484658277135303 ], [ 114.169607565569038, 22.485019835142364 ], [ 114.170112445211728, 22.48525190242265 ], [ 114.168888993186769, 22.486960363940312 ], [ 114.168447973508236, 22.48640451092346 ], [ 114.166355288851662, 22.486091394406291 ], [ 114.165589281753356, 22.48563265215801 ], [ 114.165125005633413, 22.485659601944075 ], [ 114.164750073258062, 22.486010333404884 ], [ 114.164055247790714, 22.48602797938921 ], [ 114.164236576836785, 22.486997733094242 ], [ 114.163853408982988, 22.487127261933935 ], [ 114.163801130130707, 22.487521317599096 ], [ 114.164433787094467, 22.488948632297575 ], [ 114.164299139900663, 22.489574130953955 ], [ 114.163824133358418, 22.489790705607536 ], [ 114.159533839147869, 22.488294388262695 ], [ 114.151442862800408, 22.488225452891673 ], [ 114.151940846233231, 22.487302063174315 ], [ 114.151491623515511, 22.486959605268321 ], [ 114.152326556792687, 22.486318846380083 ], [ 114.152064952331912, 22.486306976548072 ], [ 114.151892318546729, 22.485771762772639 ], [ 114.151191175159312, 22.485531832166199 ], [ 114.152069911542497, 22.484978039780984 ], [ 114.151221531602346, 22.484375899427665 ], [ 114.150860392474456, 22.483389612420069 ], [ 114.150615745047261, 22.483561123526858 ], [ 114.150320807045389, 22.483235655380181 ], [ 114.149978443412436, 22.483245821121571 ], [ 114.149596403261882, 22.483755234738517 ], [ 114.148839199030263, 22.482964068067371 ], [ 114.14819786749095, 22.483282169031618 ], [ 114.148386633880463, 22.482535649302225 ], [ 114.147860386333008, 22.481962928086549 ], [ 114.146741735510332, 22.482141570437186 ], [ 114.145884739923332, 22.483584296339728 ], [ 114.145467843186495, 22.483420503429645 ], [ 114.145821525163356, 22.48159250043955 ], [ 114.144614861649771, 22.481536338412226 ], [ 114.143650256825936, 22.48196271231512 ], [ 114.143459783002868, 22.483324395843198 ], [ 114.144120604547027, 22.484182086183353 ], [ 114.144223677759683, 22.485050579607506 ], [ 114.145422727551164, 22.485262842733452 ], [ 114.146118615345628, 22.486104791529709 ], [ 114.146335574309518, 22.488476696115917 ], [ 114.146072932065181, 22.490286032169237 ], [ 114.147744534288691, 22.491971921406147 ], [ 114.146994034067347, 22.493384138816424 ], [ 114.145684966691107, 22.494539727948585 ], [ 114.145619823760029, 22.49537264312913 ], [ 114.147629774903351, 22.497156568517571 ], [ 114.147574138486746, 22.499184559270933 ], [ 114.147815467486637, 22.500441570378968 ], [ 114.146993435700679, 22.501337397562459 ], [ 114.148291227223652, 22.50272514320838 ], [ 114.146755155007355, 22.503717393693933 ], [ 114.146539855080917, 22.50599134927042 ], [ 114.145326304341765, 22.507557951379876 ], [ 114.142543653397055, 22.507400209055906 ], [ 114.138804767623597, 22.506090704284244 ], [ 114.13775167458958, 22.506182778824488 ], [ 114.136193503432892, 22.506946463008823 ], [ 114.136723405096745, 22.507949889514336 ], [ 114.137027837803259, 22.507976433104879 ], [ 114.137046277877502, 22.508837429324664 ], [ 114.137303222813884, 22.50901954621223 ], [ 114.137690748112945, 22.512700739685037 ], [ 114.137340893968968, 22.514391167846291 ], [ 114.138250660998409, 22.516211586892677 ], [ 114.138712297306014, 22.516241912499247 ], [ 114.140877136874337, 22.517630749168646 ], [ 114.142351922025995, 22.517719461115995 ], [ 114.143641498563554, 22.517402937687418 ], [ 114.144287746322902, 22.517602225484346 ], [ 114.144267250817379, 22.517338687971193 ], [ 114.144808213446495, 22.516700800631462 ], [ 114.144928938386556, 22.515910838447585 ], [ 114.146451924855228, 22.514898186869495 ], [ 114.147361474745395, 22.514792194857026 ], [ 114.148032947954206, 22.51503725630252 ], [ 114.149517168375667, 22.514527596756057 ], [ 114.150485219112127, 22.514658138687295 ], [ 114.150991285227718, 22.514247735928432 ], [ 114.15139372449957, 22.514232999242871 ], [ 114.152833022653923, 22.514889972461464 ], [ 114.154469398317659, 22.517124024897662 ], [ 114.156290839705676, 22.517417700647631 ], [ 114.157057419486691, 22.518076156023781 ], [ 114.157924778117277, 22.518332740915895 ], [ 114.15889498279877, 22.519211362706503 ], [ 114.161180493198287, 22.519805745516479 ], [ 114.161635769805628, 22.520284272388448 ], [ 114.161997483191868, 22.520234684262736 ], [ 114.164613065686822, 22.521490008228522 ], [ 114.1653270119034, 22.522067038245687 ], [ 114.166844310710317, 22.522651133557886 ], [ 114.16688136687354, 22.52220082751257 ], [ 114.167266804311254, 22.522234841210153 ], [ 114.168309788463773, 22.521433653302861 ], [ 114.16837689331048, 22.521150175485374 ], [ 114.16947320231148, 22.521334358645685 ], [ 114.169932681671781, 22.522413634537276 ], [ 114.169919903115485, 22.523126491231686 ], [ 114.170393905682602, 22.523963264733254 ], [ 114.170323661904177, 22.52449767898063 ], [ 114.170932278536995, 22.524869365247863 ], [ 114.171591797214816, 22.525923249775719 ], [ 114.173579634593594, 22.52592418734249 ], [ 114.174313037664533, 22.52624433599053 ] ] ] } },
{ "type": "Feature", "properties": { "codigo_dcca": "N11", "nombre_en": "Sheung Shui Rural", "nombre_zh": "上水鄉郊", "codigo": "N", "distrito_en": "North", "distrito_es": "Norte", "region": "Nuevos Territorios", "area_km2_poligono": 19.7158 }, "geometry": { "type": "Polygon", "coordinates": [ [ [ 114.09667884327979, 22.534184424974288 ], [ 114.097894018229653, 22.534144036965891 ], [ 114.103278877331235, 22.535164119358711 ], [ 114.103347308282352, 22.534548515620223 ], [ 114.102652146953801, 22.531960992150765 ], [ 114.102759607400927, 22.531637538314264 ], [ 114.103351037422968, 22.531561186931761 ], [ 114.103795769037376, 22.531785170566593 ], [ 114.104295965030431, 22.532555884517556 ], [ 114.104657496624014, 22.534602306455827 ], [ 114.105100280635583, 22.534780546835506 ], [ 114.106237602179803, 22.53441766859321 ], [ 114.107483608556706, 22.534616417605985 ], [ 114.108039966414793, 22.535343409934306 ], [ 114.108335579579133, 22.536411636645532 ], [ 114.108998758531115, 22.536753264770383 ], [ 114.109709758898035, 22.53616996770652 ], [ 114.109911390392298, 22.535630488367698 ], [ 114.109759213730271, 22.531875550847911 ], [ 114.109923948810604, 22.530831367381943 ], [ 114.111418054993734, 22.529882105723814 ], [ 114.112348088429712, 22.529620682042857 ], [ 114.113055491131448, 22.529776168682115 ], [ 114.113094743494557, 22.529181824244567 ], [ 114.11285830877263, 22.528763254662088 ], [ 114.113153288820897, 22.528803674138711 ], [ 114.113589051788225, 22.526836808206458 ], [ 114.116121813650693, 22.521906591648563 ], [ 114.116501018868519, 22.520570510980214 ], [ 114.116570661052066, 22.518063309555338 ], [ 114.116463992639723, 22.517288373551825 ], [ 114.116170144911422, 22.517335157811093 ], [ 114.116144627006662, 22.516341852559808 ], [ 114.116347705536541, 22.516328789790837 ], [ 114.116257650759664, 22.514438166193923 ], [ 114.116578982170068, 22.512568285830184 ], [ 114.11753239228689, 22.510596170683524 ], [ 114.119347056555256, 22.50868978420192 ], [ 114.118802610579081, 22.50841045987983 ], [ 114.118099659822221, 22.508564480065395 ], [ 114.118279234185465, 22.506975271232228 ], [ 114.11605382066152, 22.507424277796261 ], [ 114.116146790510371, 22.505969378977859 ], [ 114.116768001219242, 22.505174830642218 ], [ 114.117088885713329, 22.505078666090288 ], [ 114.11650533647304, 22.504462200389735 ], [ 114.116856357997463, 22.50308317922595 ], [ 114.116377796801331, 22.502182657768678 ], [ 114.115290614337738, 22.501575557558919 ], [ 114.114718637416317, 22.500893877850281 ], [ 114.11450477855017, 22.499964721745645 ], [ 114.114947705427795, 22.498641570092769 ], [ 114.11561458791364, 22.498035452164427 ], [ 114.115868073302195, 22.497323835990034 ], [ 114.114782942333647, 22.497044310345462 ], [ 114.114163343212567, 22.497235162661962 ], [ 114.112647482245293, 22.496617464982368 ], [ 114.112567174602717, 22.495493320551141 ], [ 114.111991179177181, 22.494487284422188 ], [ 114.111210857967734, 22.494227561380065 ], [ 114.111122003355078, 22.494622541744548 ], [ 114.110662962915612, 22.494692366537127 ], [ 114.11072752729163, 22.49445320496752 ], [ 114.11023573215553, 22.494330342595177 ], [ 114.109715236702556, 22.493751603375426 ], [ 114.109346415232054, 22.493833607866112 ], [ 114.109367465698739, 22.494432602798781 ], [ 114.109559402451566, 22.494786647432079 ], [ 114.11011892594604, 22.494946943814462 ], [ 114.109404776576596, 22.495509249119831 ], [ 114.108197280898139, 22.495429027990042 ], [ 114.107878193025357, 22.496077283014966 ], [ 114.107463546535996, 22.496034806665449 ], [ 114.107076374537613, 22.496397787715409 ], [ 114.104962495066744, 22.496363112070917 ], [ 114.104878844246031, 22.49614873837497 ], [ 114.104217571806956, 22.496026206314077 ], [ 114.103993346115786, 22.494906345399738 ], [ 114.104216242502361, 22.494830572639732 ], [ 114.104449912968477, 22.493154257242008 ], [ 114.104963161037844, 22.491913168681258 ], [ 114.105322896092289, 22.491977778663227 ], [ 114.105673972508285, 22.491719863381093 ], [ 114.105462642230364, 22.491272945847449 ], [ 114.105719655063822, 22.490828980607716 ], [ 114.10689188405118, 22.490441159387117 ], [ 114.10717901115143, 22.489871014023251 ], [ 114.10903811262051, 22.488919225999716 ], [ 114.110426501769524, 22.48876500492495 ], [ 114.110792966722926, 22.488479207842424 ], [ 114.110969306062771, 22.488783541326065 ], [ 114.11135456327581, 22.4887265087796 ], [ 114.110260765775919, 22.487139888567274 ], [ 114.110741963079448, 22.486893728173332 ], [ 114.11081556211424, 22.486426886460464 ], [ 114.111675417014737, 22.485729989796422 ], [ 114.111622836637906, 22.484648965775509 ], [ 114.111356794318965, 22.484025190963163 ], [ 114.112104996380026, 22.483437785218104 ], [ 114.112357275018098, 22.482606032225725 ], [ 114.112927122465038, 22.482234377881152 ], [ 114.112273774279984, 22.479229692012396 ], [ 114.112559553577924, 22.479007088572445 ], [ 114.113643944903671, 22.478949486186522 ], [ 114.113192003270612, 22.47875543578127 ], [ 114.113122187470481, 22.478085632941294 ], [ 114.112869074204681, 22.477857447076875 ], [ 114.112109220975071, 22.478310034695621 ], [ 114.112059126422253, 22.477107699414795 ], [ 114.111630777818348, 22.476741865606389 ], [ 114.111629526832587, 22.47626452796635 ], [ 114.112962250146595, 22.476171069316258 ], [ 114.113372058069743, 22.476455455973227 ], [ 114.113863093459955, 22.476471222328719 ], [ 114.113898013300656, 22.476782591023611 ], [ 114.114311116914777, 22.4767991181578 ], [ 114.114602199644466, 22.476182778478275 ], [ 114.113513688970258, 22.476117606594471 ], [ 114.11315321579184, 22.47579338105713 ], [ 114.114345638201172, 22.475376235974842 ], [ 114.114245358859975, 22.475229308319317 ], [ 114.115360918101004, 22.475572486957564 ], [ 114.115837194060106, 22.47595713782226 ], [ 114.116337441235274, 22.475968262126298 ], [ 114.119001998231795, 22.475464331182749 ], [ 114.119662878546592, 22.475010815472412 ], [ 114.120402105128349, 22.475001864857784 ], [ 114.121745775630984, 22.474470772002171 ], [ 114.123283975584883, 22.474541889999177 ], [ 114.123881520775072, 22.474760081650395 ], [ 114.124486321049105, 22.474449289569947 ], [ 114.12498294515413, 22.474496652035114 ], [ 114.126293560148738, 22.475722947478832 ], [ 114.126492030201106, 22.476303421594338 ], [ 114.127760927422457, 22.475583438311919 ], [ 114.12834571891679, 22.475905477395873 ], [ 114.12808271674723, 22.474230192198462 ], [ 114.12908979473444, 22.472251034315203 ], [ 114.129518211099082, 22.471843057749791 ], [ 114.129501980353396, 22.471340437716758 ], [ 114.129986416805892, 22.47102264506707 ], [ 114.130751225612002, 22.469600889674187 ], [ 114.130680953946651, 22.468406234775863 ], [ 114.129980960912604, 22.468292908564393 ], [ 114.129305307208071, 22.467442125923512 ], [ 114.128099270261345, 22.46699243902302 ], [ 114.1279092551964, 22.466507971276453 ], [ 114.126577395399849, 22.466170464916122 ], [ 114.125954199975084, 22.465694528485216 ], [ 114.123669773798113, 22.466255375974583 ], [ 114.123334545051137, 22.465905525672909 ], [ 114.122654415370818, 22.465680603524458 ], [ 114.121507126117834, 22.465949167313894 ], [ 114.120763633859951, 22.46660951345045 ], [ 114.120298382407057, 22.467762626834698 ], [ 114.118816020991616, 22.46801699320018 ], [ 114.116864002389164, 22.469342884691233 ], [ 114.116101746033877, 22.469424767272141 ], [ 114.116088001135097, 22.470262812462877 ], [ 114.114875075497565, 22.471426941335416 ], [ 114.114385820000493, 22.470948871740923 ], [ 114.11340671024378, 22.471329871412649 ], [ 114.112341979801172, 22.471213435307217 ], [ 114.111621133749949, 22.47064837383407 ], [ 114.110867600427412, 22.470693246565354 ], [ 114.109822584618911, 22.470308778978158 ], [ 114.108865903516929, 22.469173733137886 ], [ 114.104254561170023, 22.469984272184192 ], [ 114.103390816062614, 22.469494098177496 ], [ 114.102585396456078, 22.46934679539817 ], [ 114.100705748834756, 22.467880227353806 ], [ 114.099470167203108, 22.467394001315121 ], [ 114.098351289427825, 22.467384367123532 ], [ 114.097216899313437, 22.46689109317952 ], [ 114.096278853976628, 22.466747097863518 ], [ 114.094226150086143, 22.466817092937664 ], [ 114.092440756748161, 22.466020227124943 ], [ 114.091044412490575, 22.465907576460939 ], [ 114.090154287028142, 22.466237659237251 ], [ 114.089159540224159, 22.465939469821755 ], [ 114.088933630456012, 22.466093324621159 ], [ 114.090108968431551, 22.468255220852061 ], [ 114.089554504078919, 22.47144064598141 ], [ 114.089773799646764, 22.473129669149451 ], [ 114.089328252625151, 22.476687212279451 ], [ 114.08964474349969, 22.479290941299098 ], [ 114.089265232592609, 22.481579411100228 ], [ 114.091248092153819, 22.484359574072311 ], [ 114.092291174629835, 22.484895744829089 ], [ 114.09209780667139, 22.487130974743671 ], [ 114.092654747664497, 22.490576950625531 ], [ 114.092458507207297, 22.491086686120155 ], [ 114.093198355653868, 22.492014574691751 ], [ 114.092458497305159, 22.492513416326744 ], [ 114.092787957394847, 22.492866107996811 ], [ 114.092113105554091, 22.493526598820523 ], [ 114.092074017155426, 22.494009063133682 ], [ 114.091382635974014, 22.494162476534775 ], [ 114.090570417215858, 22.495900610834461 ], [ 114.089703087973916, 22.49653194635416 ], [ 114.090315446013463, 22.497094390977519 ], [ 114.090391933462584, 22.4987765133891 ], [ 114.091061323886564, 22.499399570509652 ], [ 114.091698502100158, 22.50126329243199 ], [ 114.091224956610347, 22.503200347698179 ], [ 114.091367837052957, 22.504852251912919 ], [ 114.089311103789271, 22.504482608641993 ], [ 114.090438116125767, 22.507035960822787 ], [ 114.089664247559753, 22.508357753604276 ], [ 114.091410213598991, 22.508534591824585 ], [ 114.09235607384268, 22.5090362675855 ], [ 114.093268956448966, 22.510390920876112 ], [ 114.091823943421119, 22.512036329432195 ], [ 114.091440325520182, 22.514512136835219 ], [ 114.091221149300196, 22.514797596858262 ], [ 114.090527151432568, 22.514927236595504 ], [ 114.091350665423107, 22.516546640337449 ], [ 114.091158148171743, 22.517949477712754 ], [ 114.091750373710184, 22.519092394866519 ], [ 114.091661234571546, 22.520802472862279 ], [ 114.089665913461559, 22.52095183260602 ], [ 114.089755333650828, 22.521531458659258 ], [ 114.089289145678521, 22.522374334503819 ], [ 114.089415599184235, 22.523169688983941 ], [ 114.088646967553544, 22.522499686600948 ], [ 114.088489700913158, 22.521422729829812 ], [ 114.087512394743626, 22.520225098655441 ], [ 114.085978553851845, 22.519165999181265 ], [ 114.085217270770713, 22.519320772618652 ], [ 114.084654659750925, 22.52029680525051 ], [ 114.084114222820943, 22.520484768915288 ], [ 114.085319108083198, 22.522505107586987 ], [ 114.085122689705003, 22.523807941148789 ], [ 114.083736654842653, 22.525049496903176 ], [ 114.080606594788534, 22.52662025633899 ], [ 114.079677190960865, 22.527301480680471 ], [ 114.078682787256199, 22.528463788074141 ], [ 114.078339333938814, 22.529421743670284 ], [ 114.078501922781172, 22.529967249166731 ], [ 114.079559585255367, 22.530699711483027 ], [ 114.085247240032487, 22.532379370738003 ], [ 114.085947728449298, 22.532959326627864 ], [ 114.088473375623437, 22.536145998512747 ], [ 114.089607552789076, 22.536712305271315 ], [ 114.09179196826291, 22.537011945647404 ], [ 114.092721709379333, 22.536891021402333 ], [ 114.093819183489089, 22.536351937957949 ], [ 114.095719473547007, 22.534607178571513 ], [ 114.09667884327979, 22.534184424974288 ] ] ] } },
{ "type": "Feature", "properties": { "codigo_dcca": "N16", "nombre_en": "Sha Ta", "nombre_zh": "沙打", "codigo": "N", "distrito_en": "North", "distrito_es": "Norte", "region": "Nuevos Territorios", "area_km2_poligono": 133.0615 }, "geometry": { "type": "Polygon", "coordinates": [ [ [ 114.162340805191576, 22.520410507229982 ], [ 114.161635769805628, 22.520284272388448 ], [ 114.161217776590561, 22.519825001890222 ], [ 114.160754604240239, 22.519819393563662 ], [ 114.160407787386646, 22.519498021806459 ], [ 114.15889498279877, 22.519211362706503 ], [ 114.157924778117277, 22.518332740915895 ], [ 114.157057419486691, 22.518076156023781 ], [ 114.156290839705676, 22.517417700647631 ], [ 114.154469398317659, 22.517124024897662 ], [ 114.152833022653923, 22.514889972461464 ], [ 114.151304258686295, 22.514220342551809 ], [ 114.150485219112127, 22.514658138687295 ], [ 114.149517168375667, 22.514527596756057 ], [ 114.148032947954206, 22.51503725630252 ], [ 114.147361474745395, 22.514792194857026 ], [ 114.146451924855228, 22.514898186869495 ], [ 114.144928938386556, 22.515910838447585 ], [ 114.144808213446495, 22.516700800631462 ], [ 114.144267250817379, 22.517338687971193 ], [ 114.144287746322902, 22.517602225484346 ], [ 114.143641498563554, 22.517402937687418 ], [ 114.142351922025995, 22.517719461115995 ], [ 114.140877136874337, 22.517630749168646 ], [ 114.138712297306014, 22.516241912499247 ], [ 114.138250660998409, 22.516211586892677 ], [ 114.136794086659151, 22.517954987139383 ], [ 114.135650434496981, 22.518231046048186 ], [ 114.135731076768892, 22.518700727223553 ], [ 114.135273996751124, 22.518880512909526 ], [ 114.133984595743129, 22.520097802815123 ], [ 114.13329468623769, 22.520125675043317 ], [ 114.131770683241669, 22.520833742201678 ], [ 114.13129103819702, 22.520754365730493 ], [ 114.130470645235675, 22.521069851244864 ], [ 114.130362371525834, 22.521572007779476 ], [ 114.129732565495672, 22.521992901689224 ], [ 114.128785763674927, 22.521544092567215 ], [ 114.128649162614465, 22.521924446900517 ], [ 114.127987503625661, 22.522077971398186 ], [ 114.123456801027899, 22.521539189844319 ], [ 114.122521502190992, 22.520990282214655 ], [ 114.12120889208893, 22.521194146033356 ], [ 114.119790863488362, 22.52109296119518 ], [ 114.119490448263065, 22.520926713775875 ], [ 114.119222140636154, 22.520170008674729 ], [ 114.118816427308644, 22.520248354918674 ], [ 114.118883250521833, 22.519715496996199 ], [ 114.117066666490828, 22.51839051122229 ], [ 114.116918670027502, 22.517810742612919 ], [ 114.116463992639723, 22.517288373551825 ], [ 114.116605999884484, 22.51972810734128 ], [ 114.116262369333185, 22.521541185714241 ], [ 114.113722557880166, 22.526523615504317 ], [ 114.113153288820897, 22.528803674138711 ], [ 114.112837167838507, 22.528866102022537 ], [ 114.113094743494557, 22.529181824244567 ], [ 114.113055491131448, 22.529776168682115 ], [ 114.115552601763454, 22.531019589464105 ], [ 114.115517356235969, 22.534229938794702 ], [ 114.1157383673238, 22.534701930951154 ], [ 114.117232167370915, 22.535127477605702 ], [ 114.118291752988057, 22.534713761833117 ], [ 114.12076140645587, 22.534379895368154 ], [ 114.120888563473727, 22.534627019082297 ], [ 114.120323907218861, 22.535668237930548 ], [ 114.120901432774673, 22.536102022969253 ], [ 114.121298971611935, 22.535964204027394 ], [ 114.121876928628069, 22.535269688596873 ], [ 114.122178059318543, 22.535260146760503 ], [ 114.122417340635309, 22.535708377081395 ], [ 114.12124009878022, 22.537353584197096 ], [ 114.121409459396219, 22.537964608896157 ], [ 114.12294394555478, 22.538993930623882 ], [ 114.124345095338555, 22.539231846869829 ], [ 114.125031573754569, 22.539826239099927 ], [ 114.125170714913679, 22.54060943154586 ], [ 114.125885087274526, 22.541329079885564 ], [ 114.126477201484548, 22.541000308944536 ], [ 114.125656431194443, 22.540640362228597 ], [ 114.125668219836058, 22.540174797485246 ], [ 114.127151754810839, 22.539273067702084 ], [ 114.128778066043481, 22.540334699719942 ], [ 114.129397592523318, 22.541372714115621 ], [ 114.129354965576709, 22.542078937684426 ], [ 114.130047486003718, 22.542273807739225 ], [ 114.13110960142771, 22.541608504561456 ], [ 114.132052561963647, 22.542357584072018 ], [ 114.132419193376933, 22.541794625702913 ], [ 114.133312974726437, 22.541913357175751 ], [ 114.134295085416866, 22.541116755174603 ], [ 114.134857215224358, 22.541920793213293 ], [ 114.137227838099705, 22.543629926480346 ], [ 114.139098999737229, 22.543443168349345 ], [ 114.139574784094734, 22.542966630650227 ], [ 114.140628506529097, 22.542718816790448 ], [ 114.141183940324581, 22.542850079527902 ], [ 114.142072473252725, 22.541934651256366 ], [ 114.142693775890493, 22.542113648389208 ], [ 114.143448877021044, 22.541887777363687 ], [ 114.1442240902159, 22.542154656693295 ], [ 114.1445166398086, 22.540896093227875 ], [ 114.145966647927921, 22.541350423869989 ], [ 114.146417175298282, 22.541092359196313 ], [ 114.146765322872085, 22.541473098910931 ], [ 114.148540604479891, 22.541881177270092 ], [ 114.148658401162379, 22.542350730764362 ], [ 114.148253958308985, 22.543011599364679 ], [ 114.148677258040124, 22.544232964822971 ], [ 114.150525993652849, 22.54625555077692 ], [ 114.151305582037807, 22.546251468303581 ], [ 114.15200288698864, 22.54705344465803 ], [ 114.151902077960571, 22.547776443208242 ], [ 114.151290179109452, 22.548172110796191 ], [ 114.150638948107797, 22.547917043420881 ], [ 114.151079624528506, 22.547008626325947 ], [ 114.149839647905438, 22.547152222060511 ], [ 114.149616510975321, 22.547507961766922 ], [ 114.149509747519005, 22.548831294652103 ], [ 114.149966307896648, 22.550644446545064 ], [ 114.150336863328448, 22.550904265658978 ], [ 114.151151135619088, 22.550802923923982 ], [ 114.151625949846959, 22.551403353849881 ], [ 114.151946327007892, 22.554846913694455 ], [ 114.152679195543854, 22.555030594076399 ], [ 114.154418693273016, 22.554487807090133 ], [ 114.155123678678052, 22.554676782285242 ], [ 114.155844116160367, 22.554407430942941 ], [ 114.156163946388261, 22.554507429139782 ], [ 114.1574316546413, 22.557471088772296 ], [ 114.15941625118181, 22.560550007505061 ], [ 114.16126336072648, 22.561940271140465 ], [ 114.162216620501582, 22.561462196016254 ], [ 114.163085482930583, 22.559581617136509 ], [ 114.163660189928819, 22.55918559516223 ], [ 114.164760530783269, 22.559209332064427 ], [ 114.165481085601996, 22.559465845897556 ], [ 114.167551345545874, 22.5612153878185 ], [ 114.168973398886038, 22.561117304115054 ], [ 114.170068338582936, 22.559984319045164 ], [ 114.171008113490345, 22.559609416761027 ], [ 114.173406186484257, 22.559609476929818 ], [ 114.175587079321531, 22.560091574728506 ], [ 114.177027704988561, 22.559745483270927 ], [ 114.177453244456373, 22.558884368294972 ], [ 114.177797462027812, 22.555633646701104 ], [ 114.180996334857369, 22.554146833066572 ], [ 114.181212069675553, 22.554352854397557 ], [ 114.181268251213211, 22.555149490711276 ], [ 114.181671196078412, 22.555452564147064 ], [ 114.184602812418746, 22.555126192621074 ], [ 114.186601482862955, 22.554604464731717 ], [ 114.186938074936691, 22.554667647257837 ], [ 114.187339953068317, 22.555504236625605 ], [ 114.187740977976546, 22.555690054173894 ], [ 114.188330554249632, 22.555327129287793 ], [ 114.189041723646611, 22.554284254181084 ], [ 114.189601126431327, 22.554178158559889 ], [ 114.190654496528751, 22.554435869501283 ], [ 114.190859380982033, 22.554974493030887 ], [ 114.192144654955882, 22.556088005372423 ], [ 114.193049982116662, 22.555523981566157 ], [ 114.19460460476607, 22.555373444331369 ], [ 114.195790309192489, 22.555800254045888 ], [ 114.19630049935509, 22.557159474528312 ], [ 114.197501349402813, 22.55652039282786 ], [ 114.198132103627415, 22.556703174751473 ], [ 114.199009177139729, 22.556630344047708 ], [ 114.20065818007356, 22.557546334549034 ], [ 114.20107877958489, 22.55722441273657 ], [ 114.201125509214393, 22.556631492325732 ], [ 114.201549497577005, 22.556088759104618 ], [ 114.204951944100742, 22.556323666286684 ], [ 114.208493878891602, 22.556933973216463 ], [ 114.210602371426631, 22.555904177179496 ], [ 114.211215877120623, 22.556339038207046 ], [ 114.211534088218897, 22.556318651639444 ], [ 114.212703248997371, 22.555061689306804 ], [ 114.213464734943784, 22.554805896138966 ], [ 114.215205624964582, 22.554965254920191 ], [ 114.215849155606193, 22.555406015043069 ], [ 114.21623755809857, 22.555072285788317 ], [ 114.216687222639351, 22.555156626664953 ], [ 114.21694791895284, 22.55535995199542 ], [ 114.216920947393831, 22.555724504108014 ], [ 114.217863791811524, 22.555998120156119 ], [ 114.219229903700281, 22.554764854954364 ], [ 114.219801575474492, 22.553720544140344 ], [ 114.220430848677069, 22.553685589992959 ], [ 114.221278855007469, 22.551743430030765 ], [ 114.223262214295488, 22.550941400620491 ], [ 114.224181131107727, 22.550927415725891 ], [ 114.224586427739823, 22.550143354500882 ], [ 114.226068837159744, 22.548511342656589 ], [ 114.226898375479593, 22.548070830635233 ], [ 114.226620939141455, 22.547059518865247 ], [ 114.225655994842242, 22.545964497612268 ], [ 114.225399329762013, 22.545265229609186 ], [ 114.226338779966326, 22.543670230156877 ], [ 114.233628978257357, 22.543670820255318 ], [ 114.237054030783327, 22.550722268373146 ], [ 114.248664764225012, 22.555720305299591 ], [ 114.276020906716738, 22.565503654439627 ], [ 114.309080534671466, 22.566671859740776 ], [ 114.332962498987158, 22.568330074972518 ], [ 114.336189572354016, 22.568131095463361 ], [ 114.335852138450321, 22.510063302341994 ], [ 114.334789565763685, 22.509026389358791 ], [ 114.333892241924474, 22.508711755031364 ], [ 114.332800482216257, 22.507946562607014 ], [ 114.331832348401889, 22.506734791647943 ], [ 114.329854720863509, 22.505001353286779 ], [ 114.327793025873262, 22.503938446551789 ], [ 114.326525365674868, 22.502970553461246 ], [ 114.32470158249734, 22.503327176276375 ], [ 114.323967698877382, 22.503177555724211 ], [ 114.323075054311644, 22.502521743159431 ], [ 114.322021962753652, 22.502172425559436 ], [ 114.320945938899172, 22.501071063137616 ], [ 114.318089048457892, 22.500105735643956 ], [ 114.316990108236539, 22.499169559072456 ], [ 114.316030287138361, 22.498792253097868 ], [ 114.316124803402431, 22.497865004573626 ], [ 114.315736798495408, 22.496852898663537 ], [ 114.315304353548029, 22.496393073689323 ], [ 114.314668681974482, 22.496205813839026 ], [ 114.313855895663337, 22.495582480611507 ], [ 114.312469771197655, 22.495563515446353 ], [ 114.3115973488039, 22.495211484537379 ], [ 114.310868035547571, 22.494299699055954 ], [ 114.310038349815983, 22.49371836068114 ], [ 114.309687319443256, 22.493795435778164 ], [ 114.308741514636608, 22.493443305246981 ], [ 114.308029311907774, 22.492787467905298 ], [ 114.305101181437593, 22.4910689762586 ], [ 114.303855802340848, 22.490969309805877 ], [ 114.302225289719971, 22.49006424247451 ], [ 114.301109082792209, 22.489955785032301 ], [ 114.300535670032176, 22.490519866921478 ], [ 114.299961906191939, 22.490681354203751 ], [ 114.298218522223863, 22.490702805278872 ], [ 114.296024497935733, 22.492116353060549 ], [ 114.29363973479586, 22.49199370534313 ], [ 114.292035419637813, 22.493404350220615 ], [ 114.290270799346217, 22.493979302449702 ], [ 114.28864758649253, 22.495369427771063 ], [ 114.287067250637563, 22.496236115152687 ], [ 114.284880275716759, 22.496861641092892 ], [ 114.282643397569274, 22.49696417533637 ], [ 114.280554351461362, 22.498253862474261 ], [ 114.274361029562954, 22.495984826339065 ], [ 114.271133863406973, 22.495835767908265 ], [ 114.269441152731019, 22.496039391432834 ], [ 114.268574697897549, 22.495838581543275 ], [ 114.267578063993653, 22.495285564790606 ], [ 114.266506323995884, 22.495799488218591 ], [ 114.265988802559264, 22.495819226807292 ], [ 114.265991601317566, 22.49443877641276 ], [ 114.265211453141035, 22.493694388337701 ], [ 114.264669934269975, 22.493604091460536 ], [ 114.26380325324152, 22.492990584977932 ], [ 114.263316071638016, 22.493182092808425 ], [ 114.262427892533154, 22.492820213328059 ], [ 114.261047912236336, 22.492895450052689 ], [ 114.260173799317045, 22.493485309222525 ], [ 114.259498457300637, 22.49323162298662 ], [ 114.258405534325703, 22.493226788678985 ], [ 114.257628399024, 22.492903657181575 ], [ 114.256381869768148, 22.492990553613502 ], [ 114.255853352817255, 22.492730051889399 ], [ 114.254232137282884, 22.492836304544092 ], [ 114.253478812102173, 22.493287687644909 ], [ 114.251685401864776, 22.49315561209772 ], [ 114.250496317529127, 22.494230063582176 ], [ 114.248790059006765, 22.494811127547869 ], [ 114.24754714174432, 22.496868205293019 ], [ 114.247513142079526, 22.497795740778841 ], [ 114.244945710090548, 22.500821286489192 ], [ 114.242184378513855, 22.502242955173067 ], [ 114.24251208026017, 22.504584888571568 ], [ 114.241649058649614, 22.504650554832526 ], [ 114.241593478201779, 22.504194750456868 ], [ 114.241284084784937, 22.503911681638812 ], [ 114.240236619248066, 22.503435030985589 ], [ 114.239297742818565, 22.5034658842807 ], [ 114.238473041766696, 22.502991790537251 ], [ 114.238327754291646, 22.500722112237199 ], [ 114.237687919858104, 22.500182491360484 ], [ 114.236545073271344, 22.500078617884945 ], [ 114.23521294998632, 22.49907006818156 ], [ 114.235539591911007, 22.498344158876332 ], [ 114.234583658857403, 22.497824570389767 ], [ 114.23364638653868, 22.497767343804089 ], [ 114.232454097295289, 22.498346644004325 ], [ 114.231360011693809, 22.496567280839301 ], [ 114.230429154677481, 22.494065432881658 ], [ 114.229249408621641, 22.492601559813053 ], [ 114.22686304433374, 22.490919737828264 ], [ 114.22468459251381, 22.490259969792408 ], [ 114.224591701121525, 22.489017802200763 ], [ 114.22403005113938, 22.488464999849914 ], [ 114.224102874110415, 22.487487256581446 ], [ 114.223634143254145, 22.486966221525069 ], [ 114.223173957675257, 22.487437904182624 ], [ 114.221762984526279, 22.487887503024975 ], [ 114.220523265351247, 22.489198615995068 ], [ 114.219436605068907, 22.489102245379637 ], [ 114.217666079865324, 22.489969893200978 ], [ 114.216000073193513, 22.490165905099083 ], [ 114.215047263407257, 22.489898418433246 ], [ 114.213263010743191, 22.490367410087693 ], [ 114.212768480003803, 22.490182262357639 ], [ 114.211520421431345, 22.490388970736799 ], [ 114.209720609496188, 22.490149500420213 ], [ 114.209332078705671, 22.490265249646381 ], [ 114.207451048065082, 22.489528475008903 ], [ 114.202495770593231, 22.492471165204062 ], [ 114.200598235855466, 22.492932214233054 ], [ 114.200166285293179, 22.492794247647318 ], [ 114.199324784200059, 22.493044066851947 ], [ 114.197565051438659, 22.492974244883818 ], [ 114.197135412991543, 22.493277766174124 ], [ 114.195761904695317, 22.493079761128026 ], [ 114.194850570408946, 22.493860498507264 ], [ 114.193815900902379, 22.505937596954954 ], [ 114.19287616666702, 22.507028356156916 ], [ 114.179332841257505, 22.518524500456568 ], [ 114.177913195520858, 22.518713937237571 ], [ 114.175027760063799, 22.51849731899436 ], [ 114.17589498646123, 22.519170134336015 ], [ 114.176413295533877, 22.519988179855606 ], [ 114.174816711924421, 22.521287195474368 ], [ 114.175058346166878, 22.521691235124294 ], [ 114.17480917487093, 22.52355497372746 ], [ 114.175058506449574, 22.524346542506649 ], [ 114.17504726811805, 22.525985355016367 ], [ 114.174313037664533, 22.52624433599053 ], [ 114.173579634593594, 22.52592418734249 ], [ 114.171591797214816, 22.525923249775719 ], [ 114.170932278536995, 22.524869365247863 ], [ 114.170323661904177, 22.52449767898063 ], [ 114.170393905682602, 22.523963264733254 ], [ 114.169919903115485, 22.523126491231686 ], [ 114.169932681671781, 22.522413634537276 ], [ 114.169415243316791, 22.521307409359043 ], [ 114.16837689331048, 22.521150175485374 ], [ 114.168309788463773, 22.521433653302861 ], [ 114.167266804311254, 22.522234841210153 ], [ 114.16688136687354, 22.52220082751257 ], [ 114.166844310710317, 22.522651133557886 ], [ 114.1653270119034, 22.522067038245687 ], [ 114.164613065686822, 22.521490008228522 ], [ 114.162340805191576, 22.520410507229982 ] ] ] } },
{ "type": "Feature", "properties": { "codigo_dcca": "M12", "nombre_en": "Shap Pat Heung West", "nombre_zh": "十八鄉西", "codigo": "M", "distrito_en": "Yuen Long", "distrito_es": "Yuen Long", "region": "Nuevos Territorios", "area_km2_poligono": 7.2542 }, "geometry": { "type": "Polygon", "coordinates": [ [ [ 114.028533062871702, 22.432129736183931 ], [ 114.027961286443997, 22.432023597190593 ], [ 114.028402881795685, 22.431921144155417 ], [ 114.028020485041196, 22.431666406358552 ], [ 114.028064607591858, 22.431112414596662 ], [ 114.027377789386975, 22.431246500306056 ], [ 114.026422166319634, 22.429991327257177 ], [ 114.026290695550927, 22.429544479295686 ], [ 114.026577083040053, 22.428832512606995 ], [ 114.026391242644806, 22.428257513525306 ], [ 114.026584133558643, 22.427877241980802 ], [ 114.028080774849087, 22.426810884631976 ], [ 114.02864655827193, 22.426749094549692 ], [ 114.028784612710311, 22.427154002158584 ], [ 114.029195011537709, 22.426853573407854 ], [ 114.029950880845064, 22.426981131348622 ], [ 114.030398914352418, 22.426528579623113 ], [ 114.030653542108624, 22.426690599863502 ], [ 114.030643064556401, 22.427197749672093 ], [ 114.032878425302158, 22.427535906936193 ], [ 114.03323020219851, 22.427769581429271 ], [ 114.033190984397066, 22.428083651901108 ], [ 114.034149234832412, 22.428038633689205 ], [ 114.034785105013043, 22.427098696840009 ], [ 114.035225420046785, 22.425110531982188 ], [ 114.036682211162613, 22.423297673738357 ], [ 114.037630688681915, 22.42265678933548 ], [ 114.038080718014527, 22.422010026582907 ], [ 114.038929955417444, 22.419713322795758 ], [ 114.039053572753716, 22.418323829404315 ], [ 114.038788551755772, 22.417023875321394 ], [ 114.038039266940842, 22.415623249143248 ], [ 114.038175155595752, 22.414635558960438 ], [ 114.03740112601983, 22.413192835297064 ], [ 114.038691875838225, 22.411793994911314 ], [ 114.038818922590607, 22.41079163966927 ], [ 114.04140887812558, 22.408496757541528 ], [ 114.04184245695653, 22.407531139081001 ], [ 114.042413009774918, 22.407037927335416 ], [ 114.042108399661217, 22.404581914865936 ], [ 114.012172721316972, 22.40457475800784 ], [ 114.012166269348782, 22.414690003176915 ], [ 114.006941420089177, 22.414773770423604 ], [ 114.006769079906121, 22.421913807697699 ], [ 114.007667975515872, 22.42046911143067 ], [ 114.012205195159865, 22.418968845848354 ], [ 114.013343597062274, 22.419003513787001 ], [ 114.01408034094986, 22.418765826427194 ], [ 114.014689194578665, 22.41939751401517 ], [ 114.015633347495992, 22.419394747240393 ], [ 114.016105706899324, 22.41974673739842 ], [ 114.016989463465023, 22.419968047593059 ], [ 114.01695794618054, 22.420238577925211 ], [ 114.017373095782432, 22.420715507326417 ], [ 114.017250596588141, 22.421479850579821 ], [ 114.017871259388201, 22.421777817293055 ], [ 114.018221157532324, 22.422252088504216 ], [ 114.01808317806919, 22.423000026786955 ], [ 114.018353876564888, 22.424169537608009 ], [ 114.018169614427379, 22.424847101210336 ], [ 114.019199104064541, 22.426833453770289 ], [ 114.02042128151146, 22.430293141077779 ], [ 114.020768078948819, 22.430570043014129 ], [ 114.02047272259982, 22.430884883785861 ], [ 114.020449889389724, 22.431436522569271 ], [ 114.020924230600258, 22.432696475368143 ], [ 114.020537347623687, 22.433756221266496 ], [ 114.020859095638372, 22.434864269603235 ], [ 114.021458396000895, 22.435476786183347 ], [ 114.028616325186164, 22.434218674797023 ], [ 114.028533062871702, 22.432129736183931 ] ] ] } },
{ "type": "Feature", "properties": { "codigo_dcca": "M39", "nombre_en": "Pat Heung South", "nombre_zh": "八鄉南", "codigo": "M", "distrito_en": "Yuen Long", "distrito_es": "Yuen Long", "region": "Nuevos Territorios", "area_km2_poligono": 23.3585 }, "geometry": { "type": "Polygon", "coordinates": [ [ [ 114.104051735208415, 22.437165395425694 ], [ 114.106314127143818, 22.436167206188898 ], [ 114.108874524991023, 22.435681219149828 ], [ 114.110632658045702, 22.436028746299968 ], [ 114.11153874446299, 22.435409833341559 ], [ 114.111351822892132, 22.43635106575762 ], [ 114.112897399397269, 22.435484688690131 ], [ 114.114594200036393, 22.437434621635695 ], [ 114.115040291997033, 22.437021044416621 ], [ 114.11513646824028, 22.436391396246428 ], [ 114.116814776769232, 22.434952988666048 ], [ 114.116622298918287, 22.431902525642297 ], [ 114.116932851367352, 22.431148028296683 ], [ 114.117512914169737, 22.430511594490085 ], [ 114.117442187195394, 22.430036231778018 ], [ 114.117956528129753, 22.428944997688255 ], [ 114.118452299555202, 22.428385523345639 ], [ 114.119414404404949, 22.428386355893494 ], [ 114.120154766624211, 22.427770838665335 ], [ 114.121019256917123, 22.427600527032077 ], [ 114.121445322658403, 22.426954426085057 ], [ 114.121354239155337, 22.425782943896575 ], [ 114.121984607982569, 22.424640623649477 ], [ 114.122963321560775, 22.423293235864392 ], [ 114.124371454820277, 22.422736627279953 ], [ 114.1251766137934, 22.421033774776248 ], [ 114.126004974869417, 22.420029622459758 ], [ 114.126055487533947, 22.418572317431618 ], [ 114.125555680888837, 22.416940703605917 ], [ 114.125572969590507, 22.415934866711975 ], [ 114.12434033129729, 22.41426732601051 ], [ 114.123511017950349, 22.41403339065425 ], [ 114.124414018380861, 22.413754933040728 ], [ 114.123810898036936, 22.413480688090537 ], [ 114.123595842272621, 22.412899315891512 ], [ 114.124286792093841, 22.413089272581395 ], [ 114.124628810086264, 22.412378467305981 ], [ 114.124086174433856, 22.41279850679847 ], [ 114.123169251329074, 22.412092255542653 ], [ 114.123367494356984, 22.410992046466554 ], [ 114.120478404390468, 22.410959611662548 ], [ 114.118685829020649, 22.411643388361529 ], [ 114.118310618475746, 22.411487386694212 ], [ 114.117411638834227, 22.411817872529841 ], [ 114.116804483147874, 22.411357499617814 ], [ 114.116968897895902, 22.410418182043895 ], [ 114.115710782798246, 22.410122070963357 ], [ 114.114593625987141, 22.408453857496141 ], [ 114.112821641214893, 22.408104778103997 ], [ 114.112450499114047, 22.406784074713233 ], [ 114.110927291106918, 22.406318191759585 ], [ 114.110127437058964, 22.405654600993582 ], [ 114.109091534560335, 22.405369005252769 ], [ 114.107892619370958, 22.406112574925515 ], [ 114.10748664297094, 22.406144558853335 ], [ 114.106792860644177, 22.404802536059773 ], [ 114.105263331622623, 22.405626937172492 ], [ 114.105340434158393, 22.406577286171959 ], [ 114.104443605979384, 22.407406301562109 ], [ 114.103181732562291, 22.407304093322384 ], [ 114.102076825917507, 22.407549152221783 ], [ 114.101427114512177, 22.407158435214228 ], [ 114.10078125500992, 22.407334561322092 ], [ 114.100650635981054, 22.407052369215002 ], [ 114.100243980353071, 22.406986705980803 ], [ 114.099415620828836, 22.405813376926929 ], [ 114.097640959938317, 22.404366328976771 ], [ 114.097438743758616, 22.403743802996296 ], [ 114.096848402912215, 22.403521217339833 ], [ 114.096893858265943, 22.403004496857001 ], [ 114.096100368693925, 22.402668565468954 ], [ 114.096011215044797, 22.402114174925185 ], [ 114.095152669845461, 22.401370127235083 ], [ 114.094959744362583, 22.400845827373303 ], [ 114.093623969046874, 22.40021310994079 ], [ 114.093284424741157, 22.399772616796568 ], [ 114.09222538582344, 22.399365522079805 ], [ 114.091642145672623, 22.399487136577356 ], [ 114.09111448070098, 22.399249084675109 ], [ 114.090769675471122, 22.399499235939874 ], [ 114.090347538061408, 22.399479342261785 ], [ 114.089907141783783, 22.399945811229383 ], [ 114.089433010587015, 22.400604565152467 ], [ 114.089214905852941, 22.401397785196362 ], [ 114.088382154163071, 22.401532247340199 ], [ 114.08797867777632, 22.401357981359403 ], [ 114.087325782443358, 22.401541798159226 ], [ 114.086723947874233, 22.402014137988477 ], [ 114.085307058031177, 22.401782062060821 ], [ 114.084854943411742, 22.401542190335441 ], [ 114.084500534859643, 22.40080884759174 ], [ 114.083249018884644, 22.400448091195461 ], [ 114.082639611046233, 22.39978017596998 ], [ 114.082428283963566, 22.398707744455916 ], [ 114.081232606016627, 22.398215873167509 ], [ 114.081084381934616, 22.397660870401221 ], [ 114.080771901247715, 22.397473527986179 ], [ 114.079349497994727, 22.396955897401632 ], [ 114.078424924688832, 22.397253957872209 ], [ 114.078259266868216, 22.396898010185843 ], [ 114.077077296996649, 22.39642726593619 ], [ 114.075481834142266, 22.396660244980854 ], [ 114.0742423730741, 22.396324784065147 ], [ 114.07333212172378, 22.394793263519833 ], [ 114.074183046660238, 22.39361303183026 ], [ 114.073983474560166, 22.393215933216659 ], [ 114.073641053012437, 22.393702097883565 ], [ 114.073636202657298, 22.393326579455099 ], [ 114.072393135667596, 22.392962791413026 ], [ 114.071925861997386, 22.392505906802942 ], [ 114.071586437684786, 22.39296373137541 ], [ 114.070951331104894, 22.392814620571766 ], [ 114.070587191935857, 22.39237270895072 ], [ 114.070288974889507, 22.392846379299094 ], [ 114.069227159604466, 22.393363629681527 ], [ 114.069227680976852, 22.392673410786045 ], [ 114.068185551768977, 22.392585100107716 ], [ 114.067432053661719, 22.392014171501415 ], [ 114.066936870199029, 22.39123659853491 ], [ 114.065962121840457, 22.391817064110963 ], [ 114.065818561824031, 22.39770427249621 ], [ 114.057373796001684, 22.397830884900003 ], [ 114.057445472471088, 22.404873590389585 ], [ 114.059725947783477, 22.404873569830098 ], [ 114.059777454188009, 22.408602068004026 ], [ 114.051624704328376, 22.408616836540816 ], [ 114.051621330385274, 22.407721299294941 ], [ 114.05026809270008, 22.408553578005712 ], [ 114.049907803376868, 22.40936441307085 ], [ 114.050731565227025, 22.410415564317656 ], [ 114.051590445563562, 22.410875215189719 ], [ 114.052059024408976, 22.411908944074423 ], [ 114.053106484729398, 22.412159956775756 ], [ 114.054248955506935, 22.413683979596531 ], [ 114.054267248552236, 22.414387440308605 ], [ 114.05502555825818, 22.415130020586414 ], [ 114.054931389059618, 22.41630512106272 ], [ 114.055892923451836, 22.418527041366083 ], [ 114.055435507378462, 22.419488298777839 ], [ 114.055641688312221, 22.421664741952512 ], [ 114.055290547464125, 22.423053779086693 ], [ 114.056094219409999, 22.423326966302419 ], [ 114.057321181056352, 22.424478802245005 ], [ 114.058225214824887, 22.425698770647966 ], [ 114.05930867667216, 22.426392822088825 ], [ 114.061059751817169, 22.426807049646399 ], [ 114.062321446513252, 22.426047647330336 ], [ 114.063641004213835, 22.425677615000499 ], [ 114.063833741717261, 22.425250527742293 ], [ 114.064151406150316, 22.42516530339671 ], [ 114.065683973341976, 22.425745723638524 ], [ 114.067221697072341, 22.425799656810256 ], [ 114.067715369206908, 22.426207779703955 ], [ 114.067957974281427, 22.427074425380642 ], [ 114.067842174600628, 22.428537742659586 ], [ 114.068417526072778, 22.429163245470079 ], [ 114.068059670110742, 22.429510162844188 ], [ 114.068035310078031, 22.429906845504263 ], [ 114.068747098153764, 22.431017676532505 ], [ 114.06930291327744, 22.431022938083743 ], [ 114.069518485140449, 22.431230637529104 ], [ 114.070268299441665, 22.430908611193505 ], [ 114.070338249955185, 22.430663796436114 ], [ 114.071259633404011, 22.430917281313864 ], [ 114.071560639358879, 22.429863713448167 ], [ 114.07208582100931, 22.430012235736061 ], [ 114.072349524813106, 22.430429929872471 ], [ 114.0728912755593, 22.430455257694369 ], [ 114.0731269221655, 22.429784536276863 ], [ 114.074314522147915, 22.429829616883847 ], [ 114.074293148734697, 22.428964204261078 ], [ 114.075089192542379, 22.42886649689185 ], [ 114.075340236266868, 22.42838295165933 ], [ 114.075826210130487, 22.428521494626004 ], [ 114.07625775936647, 22.429186749120749 ], [ 114.076485469947087, 22.429024398426929 ], [ 114.076655075155728, 22.429306469058446 ], [ 114.077165463374101, 22.428915025304345 ], [ 114.077374092305519, 22.429145096577578 ], [ 114.076531420804898, 22.430038461132334 ], [ 114.076826312581062, 22.430464891694697 ], [ 114.07690491857926, 22.430008800022851 ], [ 114.077662717585625, 22.429347271047593 ], [ 114.078707034310113, 22.428851863778004 ], [ 114.079457792735283, 22.428764052595785 ], [ 114.079366308764449, 22.429149229740545 ], [ 114.078611732286134, 22.429524799265767 ], [ 114.078092022226755, 22.430573343381841 ], [ 114.077681717489753, 22.430854084723897 ], [ 114.078053030713605, 22.431424173131838 ], [ 114.077940530739895, 22.43154678488597 ], [ 114.077557299666722, 22.431229709755382 ], [ 114.076991738422052, 22.431506163666057 ], [ 114.076597867612591, 22.431233263017543 ], [ 114.076577242663888, 22.430817821959263 ], [ 114.076107062534888, 22.430560457479899 ], [ 114.075522812690792, 22.431307072728142 ], [ 114.074297918554493, 22.431872783099895 ], [ 114.073760845029454, 22.433079960635567 ], [ 114.073743325849179, 22.434107390563021 ], [ 114.074092881615286, 22.435354897138073 ], [ 114.073677590978903, 22.436615855378299 ], [ 114.073861498895042, 22.436664832934543 ], [ 114.075225284355284, 22.43461743624292 ], [ 114.078218336958514, 22.43280321263569 ], [ 114.086691867114538, 22.432841739963148 ], [ 114.088225924074223, 22.432718709108165 ], [ 114.089178751777794, 22.432364620963313 ], [ 114.089386078119134, 22.434310409168511 ], [ 114.090794325811785, 22.432877390488443 ], [ 114.090839832000299, 22.432567137121726 ], [ 114.09124756145988, 22.432468921693985 ], [ 114.09285529473685, 22.432870086087341 ], [ 114.093478750980452, 22.432458394293217 ], [ 114.094082346175497, 22.43280442690153 ], [ 114.094492576882402, 22.432794224469575 ], [ 114.094948760160307, 22.433799907944241 ], [ 114.095730305829164, 22.4341101013271 ], [ 114.09777645079474, 22.433861351542401 ], [ 114.098207469973815, 22.433320438688039 ], [ 114.100617558496467, 22.43347896800379 ], [ 114.100941981104583, 22.434017516901942 ], [ 114.099699184012664, 22.434261671593116 ], [ 114.099097778322843, 22.435267403532414 ], [ 114.098815293215836, 22.435288299234351 ], [ 114.098503071555385, 22.434966465053122 ], [ 114.098758551074226, 22.436560491849004 ], [ 114.099280974901518, 22.4365953934796 ], [ 114.09936566563745, 22.437184418641912 ], [ 114.100429833390521, 22.436663028459229 ], [ 114.101840397455376, 22.437387327433932 ], [ 114.102612544663515, 22.43822990077101 ], [ 114.103465268404904, 22.437858723327409 ], [ 114.104051735208415, 22.437165395425694 ] ] ] } },
{ "type": "Feature", "properties": { "codigo_dcca": "M05", "nombre_en": "Shap Pat Heung Central", "nombre_zh": "十八鄉中", "codigo": "M", "distrito_en": "Yuen Long", "distrito_es": "Yuen Long", "region": "Nuevos Territorios", "area_km2_poligono": 0.9183 }, "geometry": { "type": "Polygon", "coordinates": [ [ [ 114.025226223674878, 22.440955902194915 ], [ 114.025837907549274, 22.440580213268483 ], [ 114.025924378284174, 22.439167111911726 ], [ 114.02764335220327, 22.437670144081491 ], [ 114.029012562367001, 22.435991425132762 ], [ 114.029632064697694, 22.43742845446792 ], [ 114.029391851735284, 22.438717258452105 ], [ 114.029546088781714, 22.440645641741273 ], [ 114.032242718201687, 22.440635147722858 ], [ 114.032210249672019, 22.439504218680099 ], [ 114.032587774840124, 22.438866113307324 ], [ 114.03379892512018, 22.438772497586516 ], [ 114.033955270924366, 22.438473529738037 ], [ 114.03454326073782, 22.438598849685491 ], [ 114.034659179553927, 22.43788229442405 ], [ 114.035383908469754, 22.438235914375426 ], [ 114.034736402445773, 22.439301136580024 ], [ 114.034818233867327, 22.440638788328396 ], [ 114.03705827160303, 22.440625581082053 ], [ 114.038562053932793, 22.438410769495206 ], [ 114.035711982851993, 22.435635849072241 ], [ 114.034073684312432, 22.434716130111436 ], [ 114.031852983326644, 22.434001297288098 ], [ 114.030656391176791, 22.433895031944587 ], [ 114.021458396000895, 22.435476786183347 ], [ 114.021651163940334, 22.435997856409461 ], [ 114.020999531803341, 22.436324329465634 ], [ 114.020571571556673, 22.436990380383826 ], [ 114.020926742842406, 22.437899411606693 ], [ 114.020485920186616, 22.43843146512306 ], [ 114.021266557333902, 22.43954317061262 ], [ 114.021264966422621, 22.440325277087727 ], [ 114.025226223674878, 22.440955902194915 ] ] ] } },
{ "type": "Feature", "properties": { "codigo_dcca": "M13", "nombre_en": "Ping Shan South", "nombre_zh": "屏山南", "codigo": "M", "distrito_en": "Yuen Long", "distrito_es": "Yuen Long", "region": "Nuevos Territorios", "area_km2_poligono": 4.9132 }, "geometry": { "type": "Polygon", "coordinates": [ [ [ 114.017431070498944, 22.44403085068296 ], [ 114.016060126379045, 22.439058888155767 ], [ 114.018057257895265, 22.439315351173178 ], [ 114.019417328608554, 22.439129202043972 ], [ 114.019416665167526, 22.438899268422219 ], [ 114.020523475356455, 22.438700220209149 ], [ 114.020529619663549, 22.43827957935002 ], [ 114.020926742842406, 22.437899411606693 ], [ 114.020571571556673, 22.436990380383826 ], [ 114.020999531803341, 22.436324329465634 ], [ 114.021651163940334, 22.435997856409461 ], [ 114.020594296829842, 22.434245040043102 ], [ 114.020543766409261, 22.433627968099564 ], [ 114.020924230600258, 22.432696475368143 ], [ 114.020458178044066, 22.430931078495469 ], [ 114.020768078948819, 22.430570043014129 ], [ 114.02042128151146, 22.430293141077779 ], [ 114.019199104064541, 22.426833453770289 ], [ 114.018169614427379, 22.424847101210336 ], [ 114.018353876564888, 22.424169537608009 ], [ 114.01808317806919, 22.423000026786955 ], [ 114.018221157532324, 22.422252088504216 ], [ 114.017871259388201, 22.421777817293055 ], [ 114.017250596588141, 22.421479850579821 ], [ 114.017373095782432, 22.420715507326417 ], [ 114.01695794618054, 22.420238577925211 ], [ 114.016989463465023, 22.419968047593059 ], [ 114.016105706899324, 22.41974673739842 ], [ 114.015633347495992, 22.419394747240393 ], [ 114.014689194578665, 22.41939751401517 ], [ 114.01408034094986, 22.418765826427194 ], [ 114.013343597062274, 22.419003513787001 ], [ 114.0123005178867, 22.418951613498862 ], [ 114.007667975515872, 22.42046911143067 ], [ 114.006769079906121, 22.421913807697699 ], [ 114.001194913427909, 22.421940795950789 ], [ 113.999491214047865, 22.42227881376834 ], [ 113.998844538449063, 22.422651321994149 ], [ 113.998264781486185, 22.422364037738102 ], [ 113.997346660056508, 22.422366162911224 ], [ 113.996554605293994, 22.423323275952988 ], [ 113.995610425219283, 22.425055541225358 ], [ 113.993787192376487, 22.425659635968636 ], [ 113.993585107779396, 22.427279856407111 ], [ 113.994517618748247, 22.42775309532465 ], [ 113.994656985173393, 22.429005241805402 ], [ 113.995247370150423, 22.429403887119598 ], [ 113.996518033430576, 22.432304234787203 ], [ 113.995952688524127, 22.434143454394359 ], [ 113.996133067878333, 22.435122012500635 ], [ 113.997354624763474, 22.435648947042683 ], [ 113.999470016240409, 22.437030005723521 ], [ 114.000541870055642, 22.435637892030858 ], [ 114.004254738022141, 22.438085971698531 ], [ 114.005718279211891, 22.436918169452184 ], [ 114.007256801262372, 22.437178397094922 ], [ 114.007492800558566, 22.436990396326717 ], [ 114.008112586104829, 22.437434710395955 ], [ 114.008451188282606, 22.437340731930366 ], [ 114.008523948035915, 22.437629844912774 ], [ 114.009473086206725, 22.437550054242678 ], [ 114.009793244363891, 22.438621467538493 ], [ 114.011092513398992, 22.440957715227668 ], [ 114.011307134665529, 22.442372814308118 ], [ 114.014130955774846, 22.443415927295305 ], [ 114.017431070498944, 22.44403085068296 ] ] ] } },
{ "type": "Feature", "properties": { "codigo_dcca": "M03", "nombre_en": "Fung Cheung", "nombre_zh": "鳳翔", "codigo": "M", "distrito_en": "Yuen Long", "distrito_es": "Yuen Long", "region": "Nuevos Territorios", "area_km2_poligono": 0.2602 }, "geometry": { "type": "Polygon", "coordinates": [ [ [ 114.033843615167228, 22.438711387677181 ], [ 114.032587774840124, 22.438866113307324 ], [ 114.032210249672019, 22.439504218680099 ], [ 114.032242718201687, 22.440635147722858 ], [ 114.029546088781714, 22.440645641741273 ], [ 114.029147380459236, 22.44185878763664 ], [ 114.031063538444542, 22.441836797163173 ], [ 114.031093921216126, 22.444453528721219 ], [ 114.032070225307194, 22.444496669626261 ], [ 114.032261450810466, 22.443547281748028 ], [ 114.034897012929534, 22.443517101930272 ], [ 114.03705827160303, 22.440625581082053 ], [ 114.034818233867327, 22.440638788328396 ], [ 114.034736402445773, 22.439301136580024 ], [ 114.035383908469754, 22.438235914375426 ], [ 114.035083074509728, 22.437992072432209 ], [ 114.034659179553927, 22.43788229442405 ], [ 114.03454326073782, 22.438598849685491 ], [ 114.033955270924366, 22.438473529738037 ], [ 114.033843615167228, 22.438711387677181 ] ] ] } },
{ "type": "Feature", "properties": { "codigo_dcca": "M01", "nombre_en": "Fung Nin", "nombre_zh": "豐年", "codigo": "M", "distrito_en": "Yuen Long", "distrito_es": "Yuen Long", "region": "Nuevos Territorios", "area_km2_poligono": 0.4304 }, "geometry": { "type": "Polygon", "coordinates": [ [ [ 114.022233973851058, 22.444556830558319 ], [ 114.029529552605297, 22.444475082224169 ], [ 114.028681981692955, 22.443321671029722 ], [ 114.029586694813275, 22.440323472753516 ], [ 114.029391851735284, 22.438717258452105 ], [ 114.029632064697694, 22.43742845446792 ], [ 114.029012562367001, 22.435991425132762 ], [ 114.02764335220327, 22.437670144081491 ], [ 114.025924378284174, 22.439167111911726 ], [ 114.025837907549274, 22.440580213268483 ], [ 114.025226223674878, 22.440955902194915 ], [ 114.022175967618523, 22.440403498007917 ], [ 114.022233973851058, 22.444556830558319 ] ] ] } },
{ "type": "Feature", "properties": { "codigo_dcca": "M04", "nombre_en": "Yuen Lung", "nombre_zh": "元龍", "codigo": "M", "distrito_en": "Yuen Long", "distrito_es": "Yuen Long", "region": "Nuevos Territorios", "area_km2_poligono": 0.2876 }, "geometry": { "type": "Polygon", "coordinates": [ [ [ 114.038536040255053, 22.438449000171378 ], [ 114.035029643688517, 22.443414072846323 ], [ 114.032261450810466, 22.443547281748028 ], [ 114.032070225307166, 22.44449666962624 ], [ 114.033404896182304, 22.445698809382876 ], [ 114.033404427550281, 22.446154538799007 ], [ 114.033975347524077, 22.445942017170061 ], [ 114.035937189111863, 22.44590286976608 ], [ 114.036081623181474, 22.444405460736466 ], [ 114.039575732069977, 22.444363940424378 ], [ 114.039797293238465, 22.443078564642963 ], [ 114.039670331835254, 22.440996028534176 ], [ 114.039312247393696, 22.439796174336497 ], [ 114.038536040255053, 22.438449000171378 ] ] ] } },
{ "type": "Feature", "properties": { "codigo_dcca": "M06", "nombre_en": "Shui Pin", "nombre_zh": "水邊", "codigo": "M", "distrito_en": "Yuen Long", "distrito_es": "Yuen Long", "region": "Nuevos Territorios", "area_km2_poligono": 0.4361 }, "geometry": { "type": "Polygon", "coordinates": [ [ [ 114.025937225728853, 22.446104628793485 ], [ 114.025914383447827, 22.444518123170397 ], [ 114.022233973851058, 22.444556830558319 ], [ 114.022175967618523, 22.440403498007917 ], [ 114.021264966422621, 22.440325277087727 ], [ 114.021266557333902, 22.43954317061262 ], [ 114.020689097146885, 22.438696596709409 ], [ 114.018057257895265, 22.439315351173178 ], [ 114.016060126379045, 22.439058888155767 ], [ 114.017431070498944, 22.44403085068296 ], [ 114.017984221641953, 22.444093767497115 ], [ 114.01813792268311, 22.443288658705892 ], [ 114.01922240518735, 22.443538030923232 ], [ 114.020716939337902, 22.443478879927572 ], [ 114.021504189818558, 22.444165807662305 ], [ 114.021535255874852, 22.444568305810389 ], [ 114.019086623499973, 22.444277996300265 ], [ 114.018520265575233, 22.445669916051902 ], [ 114.021868253495555, 22.447576598651988 ], [ 114.022072400407694, 22.446920607485286 ], [ 114.022800126161755, 22.446128612501781 ], [ 114.025937225728853, 22.446104628793485 ] ] ] } },
{ "type": "Feature", "properties": { "codigo_dcca": "M02", "nombre_en": "Yuen Long Centre", "nombre_zh": "元朗中心", "codigo": "M", "distrito_en": "Yuen Long", "distrito_es": "Yuen Long", "region": "Nuevos Territorios", "area_km2_poligono": 0.2346 }, "geometry": { "type": "Polygon", "coordinates": [ [ [ 114.029667496148377, 22.447499002998711 ], [ 114.030709897260238, 22.446748654315037 ], [ 114.031499382545988, 22.447551902621235 ], [ 114.031798565293357, 22.44742108486906 ], [ 114.031658985451116, 22.446727693183675 ], [ 114.032242803852483, 22.446325866310101 ], [ 114.033404427550281, 22.446154538799018 ], [ 114.033404896182304, 22.445698809382886 ], [ 114.032232607878697, 22.444587896124222 ], [ 114.031093921216126, 22.444453528721219 ], [ 114.031063538444542, 22.441836797163173 ], [ 114.029147380459236, 22.44185878763664 ], [ 114.028681981692955, 22.443321671029722 ], [ 114.029529552605297, 22.444475082224169 ], [ 114.025914383447827, 22.444518123170397 ], [ 114.025937225728853, 22.446104628793485 ], [ 114.028934285311934, 22.446063551797977 ], [ 114.028960140541514, 22.447571367541698 ], [ 114.029667496148377, 22.447499002998711 ] ] ] } },
{ "type": "Feature", "properties": { "codigo_dcca": "M07", "nombre_en": "Nam Ping", "nombre_zh": "南屏", "codigo": "M", "distrito_en": "Yuen Long", "distrito_es": "Yuen Long", "region": "Nuevos Territorios", "area_km2_poligono": 0.1655 }, "geometry": { "type": "Polygon", "coordinates": [ [ [ 114.023778487068384, 22.449510815350759 ], [ 114.02523108004192, 22.449219667171029 ], [ 114.025932212234608, 22.44871812061411 ], [ 114.025937225728853, 22.446104628793485 ], [ 114.022800126161755, 22.446128612501781 ], [ 114.022072400407694, 22.446920607485286 ], [ 114.02118550272246, 22.449536618878696 ], [ 114.022287179675928, 22.450440620727626 ], [ 114.023778487068384, 22.449510815350759 ] ] ] } },
{ "type": "Feature", "properties": { "codigo_dcca": "M18", "nombre_en": "Tin Shing", "nombre_zh": "天盛", "codigo": "M", "distrito_en": "Yuen Long", "distrito_es": "Yuen Long", "region": "Nuevos Territorios", "area_km2_poligono": 0.1564 }, "geometry": { "type": "Polygon", "coordinates": [ [ [ 114.001645843334074, 22.44634666920803 ], [ 113.999156630061179, 22.446685590244631 ], [ 113.997517794192632, 22.446672321224337 ], [ 113.998378579842424, 22.448898231399514 ], [ 114.002329052402573, 22.450795507284152 ], [ 114.003598636169926, 22.448462625837628 ], [ 114.003016431679555, 22.447955830288006 ], [ 114.002459320083616, 22.448862240445795 ], [ 114.00060172404018, 22.448055008953954 ], [ 114.000931503639308, 22.447486283059501 ], [ 114.001249904350928, 22.447601663168427 ], [ 114.002342895699627, 22.446469956323103 ], [ 114.001645843334074, 22.44634666920803 ] ] ] } },
{ "type": "Feature", "properties": { "codigo_dcca": "M19", "nombre_en": "Tin Yiu", "nombre_zh": "天耀", "codigo": "M", "distrito_en": "Yuen Long", "distrito_es": "Yuen Long", "region": "Nuevos Territorios", "area_km2_poligono": 0.0979 }, "geometry": { "type": "Polygon", "coordinates": [ [ [ 114.004944422395297, 22.452096626170018 ], [ 114.006030868222183, 22.450073394588355 ], [ 114.003914284170719, 22.447687498073467 ], [ 114.002329052402573, 22.450795507284152 ], [ 114.004944422395297, 22.452096626170018 ] ] ] } },
{ "type": "Feature", "properties": { "codigo_dcca": "M09", "nombre_en": "Yuen Long Tung Tau", "nombre_zh": "元朗東頭", "codigo": "M", "distrito_en": "Yuen Long", "distrito_es": "Yuen Long", "region": "Nuevos Territorios", "area_km2_poligono": 0.4016 }, "geometry": { "type": "Polygon", "coordinates": [ [ [ 114.031843223904772, 22.450598589846241 ], [ 114.031935416274237, 22.451490129294505 ], [ 114.031665600565063, 22.451861326307434 ], [ 114.032414122031582, 22.45241565328271 ], [ 114.03294093845075, 22.451670833773047 ], [ 114.033873561379835, 22.451538319326797 ], [ 114.033415917370249, 22.449208658854452 ], [ 114.032179871509555, 22.449473158764686 ], [ 114.031596631567865, 22.448858918004163 ], [ 114.032123935708057, 22.448711897630137 ], [ 114.031734459827717, 22.447698622694766 ], [ 114.03143554395696, 22.447744878484198 ], [ 114.031497524517391, 22.447549299057354 ], [ 114.030709897260238, 22.446748654315037 ], [ 114.029642769383273, 22.44751150565876 ], [ 114.028960140541514, 22.447571367541698 ], [ 114.028934285311934, 22.446063551797977 ], [ 114.025937225728853, 22.446104628793485 ], [ 114.025932212234608, 22.44871812061411 ], [ 114.026157230122465, 22.449616424888504 ], [ 114.026836506210159, 22.451048271796477 ], [ 114.028247390723692, 22.45288803594687 ], [ 114.030700969459431, 22.452264847206553 ], [ 114.031717406336426, 22.451595481033916 ], [ 114.031395974520819, 22.451043333298088 ], [ 114.031843223904772, 22.450598589846241 ] ] ] } },
{ "type": "Feature", "properties": { "codigo_dcca": "M20", "nombre_en": "Yiu Yau", "nombre_zh": "耀祐", "codigo": "M", "distrito_en": "Yuen Long", "distrito_es": "Yuen Long", "region": "Nuevos Territorios", "area_km2_poligono": 0.0875 }, "geometry": { "type": "Polygon", "coordinates": [ [ [ 114.005150223910121, 22.451713377586628 ], [ 114.004944422395269, 22.45209662617 ], [ 114.002329052402573, 22.450795507284123 ], [ 114.001581501868941, 22.452114492680565 ], [ 114.00565193579321, 22.454100252288384 ], [ 114.00672625099088, 22.451919386771223 ], [ 114.006099703427324, 22.451529812133643 ], [ 114.0055047912834, 22.45187590456722 ], [ 114.005150223910121, 22.451713377586628 ] ] ] } },
{ "type": "Feature", "properties": { "codigo_dcca": "M21", "nombre_en": "Tsz Yau", "nombre_zh": "慈祐", "codigo": "M", "distrito_en": "Yuen Long", "distrito_es": "Yuen Long", "region": "Nuevos Territorios", "area_km2_poligono": 0.1541 }, "geometry": { "type": "Polygon", "coordinates": [ [ [ 114.006030868222183, 22.450073394588351 ], [ 114.005150223910121, 22.451713377586628 ], [ 114.0055047912834, 22.45187590456722 ], [ 114.006099703427324, 22.451529812133643 ], [ 114.00672625099088, 22.451919386771223 ], [ 114.00565193579321, 22.454100252288384 ], [ 114.006436788344445, 22.454375977810244 ], [ 114.007368316991602, 22.455226612438711 ], [ 114.00758703785327, 22.455651741046658 ], [ 114.007575332167278, 22.456666882712945 ], [ 114.008761934502417, 22.456889395262703 ], [ 114.009110063666782, 22.451701313823637 ], [ 114.007168084820847, 22.451137591865589 ], [ 114.006030868222183, 22.450073394588351 ] ] ] } },
{ "type": "Feature", "properties": { "codigo_dcca": "M23", "nombre_en": "Shui Oi", "nombre_zh": "瑞愛", "codigo": "M", "distrito_en": "Yuen Long", "distrito_es": "Yuen Long", "region": "Nuevos Territorios", "area_km2_poligono": 0.1758 }, "geometry": { "type": "Polygon", "coordinates": [ [ [ 113.996598390000273, 22.453173843744153 ], [ 113.994582095751866, 22.456345578954398 ], [ 113.996217758716469, 22.457139944845693 ], [ 113.996850014834237, 22.456070755517722 ], [ 113.997712791022181, 22.456472927641176 ], [ 113.997888817849201, 22.4572961183421 ], [ 113.998640529398074, 22.457665941791689 ], [ 114.000255391524945, 22.454640298885376 ], [ 113.999136246006145, 22.453381467971088 ], [ 113.99838981991681, 22.453028286621095 ], [ 113.996598390000273, 22.453173843744153 ] ] ] } },
{ "type": "Feature", "properties": { "codigo_dcca": "M11", "nombre_en": "Shap Pat Heung East", "nombre_zh": "十八鄉東", "codigo": "M", "distrito_en": "Yuen Long", "distrito_es": "Yuen Long", "region": "Nuevos Territorios", "area_km2_poligono": 7.5856 }, "geometry": { "type": "Polygon", "coordinates": [ [ [ 114.048996965605738, 22.446131654328294 ], [ 114.047819375487151, 22.444384682300413 ], [ 114.046298434691963, 22.444081508194387 ], [ 114.046511964528875, 22.442416630830834 ], [ 114.047467559540706, 22.440677179108533 ], [ 114.048370468139964, 22.439762393715782 ], [ 114.049163389268884, 22.438349414881916 ], [ 114.04946062041941, 22.437055568588693 ], [ 114.050029943649491, 22.436084503041855 ], [ 114.050169965482993, 22.435524056859609 ], [ 114.049872537197786, 22.434397500448359 ], [ 114.050033770340022, 22.430268750672525 ], [ 114.051291776429224, 22.430190915618972 ], [ 114.052617425670988, 22.431064111007483 ], [ 114.05307206710512, 22.430941898709889 ], [ 114.055549337552662, 22.42809352196732 ], [ 114.057546110588902, 22.426604811503445 ], [ 114.058225214824887, 22.425698770647966 ], [ 114.057321181056352, 22.424478802245005 ], [ 114.056094219409999, 22.423326966302419 ], [ 114.055290547464125, 22.423053779086693 ], [ 114.055641688312221, 22.421664741952512 ], [ 114.055435507378462, 22.419488298777839 ], [ 114.055892923451836, 22.418527041366083 ], [ 114.054931389059618, 22.41630512106272 ], [ 114.05502555825818, 22.415130020586414 ], [ 114.054267248552236, 22.414387440308605 ], [ 114.054248955506935, 22.413683979596531 ], [ 114.053106484729398, 22.412159956775756 ], [ 114.052059024408976, 22.411908944074423 ], [ 114.051590445563562, 22.410875215189719 ], [ 114.050731565227025, 22.410415564317656 ], [ 114.049907803376868, 22.40936441307085 ], [ 114.05026809270008, 22.408553578005712 ], [ 114.051621330385274, 22.407721299294941 ], [ 114.051609506381936, 22.404583026004264 ], [ 114.042108399661217, 22.404581914865936 ], [ 114.042413009774918, 22.407037927335416 ], [ 114.04184245695653, 22.407531139081001 ], [ 114.04140887812558, 22.408496757541528 ], [ 114.038818922590607, 22.41079163966927 ], [ 114.038691875838225, 22.411793994911314 ], [ 114.03740112601983, 22.413192835297064 ], [ 114.038175155595752, 22.414635558960438 ], [ 114.038039266940842, 22.415623249143248 ], [ 114.038814755517137, 22.417093847700549 ], [ 114.039056433143003, 22.41836817142805 ], [ 114.038890972237269, 22.419856359153535 ], [ 114.037927171558451, 22.422285793273126 ], [ 114.036703661586444, 22.423274547279455 ], [ 114.035225420046785, 22.425110531982188 ], [ 114.034785105013043, 22.427098696840009 ], [ 114.034149234832412, 22.428038633689205 ], [ 114.033190984397066, 22.428083651901108 ], [ 114.03323020219851, 22.427769581429271 ], [ 114.032878425302158, 22.427535906936193 ], [ 114.030643064556401, 22.427197749672093 ], [ 114.030653542108624, 22.426690599863502 ], [ 114.030398914352418, 22.426528579623113 ], [ 114.029950880845064, 22.426981131348622 ], [ 114.029195011537709, 22.426853573407854 ], [ 114.028784612710311, 22.427154002158584 ], [ 114.02864655827193, 22.426749094549692 ], [ 114.028101888163619, 22.426805151675584 ], [ 114.027109113284638, 22.427348521526582 ], [ 114.026459209230453, 22.428029094671619 ], [ 114.026577083040053, 22.428832512606995 ], [ 114.026293201254973, 22.429640328109002 ], [ 114.027377789386975, 22.431246500306056 ], [ 114.028064607591858, 22.431112414596662 ], [ 114.028020485041196, 22.431666406358552 ], [ 114.028402881795685, 22.431921144155417 ], [ 114.027961286443997, 22.432023597190593 ], [ 114.028533062871702, 22.432129736183931 ], [ 114.028616325186164, 22.434218674797023 ], [ 114.031214979352768, 22.433922275756615 ], [ 114.034057303846353, 22.434709324734264 ], [ 114.035739297512876, 22.435656191442789 ], [ 114.038172216977657, 22.437918158639604 ], [ 114.03911996981212, 22.439385242745779 ], [ 114.039670331835254, 22.440996028534176 ], [ 114.039797293238479, 22.443078564642963 ], [ 114.039575732139653, 22.444363945545255 ], [ 114.039977631510268, 22.444359224604455 ], [ 114.03997664438505, 22.44458213106142 ], [ 114.039585412120402, 22.44478511917093 ], [ 114.039728986770498, 22.445899065017695 ], [ 114.040357813526896, 22.447147810715656 ], [ 114.041497274547254, 22.44814721998587 ], [ 114.043487381290717, 22.448959033547293 ], [ 114.047339885234337, 22.449006130576745 ], [ 114.049525442694616, 22.4475197791533 ], [ 114.048996965605738, 22.446131654328294 ] ] ] } },
{ "type": "Feature", "properties": { "codigo_dcca": "M22", "nombre_en": "Kingswood South", "nombre_zh": "嘉湖南", "codigo": "M", "distrito_en": "Yuen Long", "distrito_es": "Yuen Long", "region": "Nuevos Territorios", "area_km2_poligono": 0.5402 }, "geometry": { "type": "Polygon", "coordinates": [ [ [ 114.002103950123399, 22.457783738662147 ], [ 114.002146288349635, 22.457405527489517 ], [ 114.002609260503348, 22.45704901979607 ], [ 114.002960247457438, 22.457435177541846 ], [ 114.003258695683684, 22.457202560325456 ], [ 114.002910178611117, 22.456815257210433 ], [ 114.003364512961426, 22.456464030717012 ], [ 114.003772241069058, 22.456488481296407 ], [ 114.004256143283058, 22.457009764450611 ], [ 114.004873966923483, 22.45654025565462 ], [ 114.005848696542401, 22.45700986150856 ], [ 114.0061507620443, 22.456413749661493 ], [ 114.007575332167292, 22.456666882712973 ], [ 114.00758703785327, 22.455651741046672 ], [ 114.006436788344445, 22.454375977810223 ], [ 114.001581501868969, 22.452114492680593 ], [ 114.002329052402573, 22.450795507284152 ], [ 113.998998167794795, 22.449165384848065 ], [ 113.996598390000287, 22.453173843744178 ], [ 113.998389819916824, 22.453028286621095 ], [ 113.999136246006145, 22.453381467971088 ], [ 114.000255391524945, 22.454640298885391 ], [ 113.998035395265006, 22.45872805205752 ], [ 114.000110180179419, 22.459756851432406 ], [ 114.000756340008465, 22.4586038600821 ], [ 114.001345664804219, 22.458437286050263 ], [ 114.001310866840228, 22.458226361056983 ], [ 114.002103950123399, 22.457783738662147 ] ] ] } },
{ "type": "Feature", "properties": { "codigo_dcca": "M24", "nombre_en": "Shui Wah", "nombre_zh": "瑞華", "codigo": "M", "distrito_en": "Yuen Long", "distrito_es": "Yuen Long", "region": "Nuevos Territorios", "area_km2_poligono": 0.186 }, "geometry": { "type": "Polygon", "coordinates": [ [ [ 113.997011519777047, 22.460675657744265 ], [ 113.998640529398074, 22.457665941791689 ], [ 113.997888817849201, 22.4572961183421 ], [ 113.997712791022181, 22.456472927641176 ], [ 113.996850014834237, 22.456070755517722 ], [ 113.996217758716469, 22.457139944845693 ], [ 113.994582095751866, 22.456345578954398 ], [ 113.993635369701423, 22.458212428607435 ], [ 113.99330345017691, 22.460276094988881 ], [ 113.995183933566622, 22.460278132866495 ], [ 113.99603109975304, 22.460791460593786 ], [ 113.997011519777047, 22.460675657744265 ] ] ] } },
{ "type": "Feature", "properties": { "codigo_dcca": "M25", "nombre_en": "Chung Wah", "nombre_zh": "頌華", "codigo": "M", "distrito_en": "Yuen Long", "distrito_es": "Yuen Long", "region": "Nuevos Territorios", "area_km2_poligono": 0.1229 }, "geometry": { "type": "Polygon", "coordinates": [ [ [ 113.999266051674311, 22.459338286355326 ], [ 113.998035395265006, 22.45872805205752 ], [ 113.997011519777047, 22.460675657744265 ], [ 113.99603109975304, 22.460791460593786 ], [ 113.995183933566622, 22.460278132866495 ], [ 113.99330345017691, 22.460276094988881 ], [ 113.993266846629254, 22.461769600757194 ], [ 113.999546176013368, 22.461879687405627 ], [ 113.999547422551856, 22.460899727284762 ], [ 113.998750878660474, 22.460312180688202 ], [ 113.999266051674311, 22.459338286355326 ] ] ] } },
{ "type": "Feature", "properties": { "codigo_dcca": "M26", "nombre_en": "Chung Pak", "nombre_zh": "頌栢", "codigo": "M", "distrito_en": "Yuen Long", "distrito_es": "Yuen Long", "region": "Nuevos Territorios", "area_km2_poligono": 0.1193 }, "geometry": { "type": "Polygon", "coordinates": [ [ [ 114.00210395012364, 22.457783738436369 ], [ 114.001310866840228, 22.458226361056983 ], [ 114.001345664804219, 22.458437286050263 ], [ 114.000756340008465, 22.4586038600821 ], [ 114.000110180179419, 22.459756851432406 ], [ 113.999266051674354, 22.459338286355322 ], [ 113.998750878660502, 22.460312180688238 ], [ 113.999547422551871, 22.460899727284804 ], [ 113.999546176013368, 22.461879687405624 ], [ 114.001661697132263, 22.461928604241017 ], [ 114.003256297784489, 22.45914386920732 ], [ 114.00210395012364, 22.457783738436369 ] ] ] } },
{ "type": "Feature", "properties": { "codigo_dcca": "M27", "nombre_en": "Kingswood North", "nombre_zh": "嘉湖北", "codigo": "M", "distrito_en": "Yuen Long", "distrito_es": "Yuen Long", "region": "Nuevos Territorios", "area_km2_poligono": 0.3684 }, "geometry": { "type": "Polygon", "coordinates": [ [ [ 114.008400664015824, 22.461962971273035 ], [ 114.008761934502431, 22.45688939526271 ], [ 114.0061507620443, 22.456413749661493 ], [ 114.005848696542401, 22.45700986150856 ], [ 114.004873966923483, 22.45654025565462 ], [ 114.004256143283058, 22.457009764450611 ], [ 114.003772241069058, 22.456488481296407 ], [ 114.003364512961426, 22.456464030717012 ], [ 114.002910178611117, 22.456815257210433 ], [ 114.003258695683684, 22.457202560325456 ], [ 114.002960247457438, 22.457435177541846 ], [ 114.002609260503348, 22.45704901979607 ], [ 114.002146288349635, 22.457405527489517 ], [ 114.002103950123399, 22.457783738662147 ], [ 114.003256297784489, 22.45914386920732 ], [ 114.001661697132263, 22.461928604241017 ], [ 114.008400664015824, 22.461962971273035 ] ] ] } },
{ "type": "Feature", "properties": { "codigo_dcca": "M16", "nombre_en": "Ping Shan Central", "nombre_zh": "屏山中", "codigo": "M", "distrito_en": "Yuen Long", "distrito_es": "Yuen Long", "region": "Nuevos Territorios", "area_km2_poligono": 4.3836 }, "geometry": { "type": "Polygon", "coordinates": [ [ [ 114.017263337882653, 22.462673011533674 ], [ 114.018170315338878, 22.462059242206443 ], [ 114.01929460425211, 22.461809723015964 ], [ 114.019485162964557, 22.461102141449746 ], [ 114.0190301718727, 22.460837105983721 ], [ 114.019222621213217, 22.460364967414886 ], [ 114.02058566600779, 22.461278500351519 ], [ 114.022739375907364, 22.4566378908047 ], [ 114.023766451407681, 22.456872638808552 ], [ 114.02436997957048, 22.45290842219849 ], [ 114.023506977323279, 22.45258161534575 ], [ 114.022468617100856, 22.450651817328293 ], [ 114.02118550272246, 22.449536618878696 ], [ 114.021868253495555, 22.447576598651988 ], [ 114.018520265575233, 22.445669916051902 ], [ 114.019086623499973, 22.444277996300265 ], [ 114.021535255874852, 22.444568305810389 ], [ 114.021504189818558, 22.444165807662305 ], [ 114.020716939337902, 22.443478879927572 ], [ 114.01922240518735, 22.443538030923232 ], [ 114.01813792268311, 22.443288658705892 ], [ 114.017984221641953, 22.444093767497115 ], [ 114.015235960750317, 22.443655250919882 ], [ 114.012664909727391, 22.442965748109721 ], [ 114.011307134665529, 22.442372814308118 ], [ 114.011092513398992, 22.440957715227668 ], [ 114.009793244363891, 22.438621467538493 ], [ 114.009473086206725, 22.437550054242678 ], [ 114.008523948035915, 22.437629844912774 ], [ 114.008451188282606, 22.437340731930366 ], [ 114.008112586104829, 22.437434710395955 ], [ 114.007492800558566, 22.436990396326717 ], [ 114.007256801262372, 22.437178397094922 ], [ 114.005718279211891, 22.436918169452184 ], [ 114.004254738022141, 22.438085971698531 ], [ 114.000541870055642, 22.435637892030858 ], [ 113.999296829891108, 22.437352626246309 ], [ 113.998704002710028, 22.439357533490384 ], [ 113.995640307695083, 22.438966815065136 ], [ 113.99553045070418, 22.439948373873019 ], [ 113.995222153325543, 22.440399548734433 ], [ 113.995307194260221, 22.441316584834283 ], [ 113.997517794192632, 22.446672321224337 ], [ 113.999156630061179, 22.446685590244631 ], [ 114.001142394626314, 22.446340254236539 ], [ 114.002342895699627, 22.446469956323103 ], [ 114.002910085643833, 22.444948918667155 ], [ 114.00530325420128, 22.44523830374586 ], [ 114.003914284170719, 22.447687498073467 ], [ 114.007168084820847, 22.451137591865589 ], [ 114.009110063666782, 22.451701313823666 ], [ 114.008560964065722, 22.4591395825001 ], [ 114.009213031140405, 22.46128697022575 ], [ 114.009342205576033, 22.462747754761338 ], [ 114.011586216245462, 22.46333022747061 ], [ 114.013560300665816, 22.463553166449596 ], [ 114.014625777725016, 22.462512376023653 ], [ 114.014302518847671, 22.461547621022842 ], [ 114.014624814296653, 22.460476812283034 ], [ 114.01485439941392, 22.460407951269691 ], [ 114.015514830150948, 22.460614379930696 ], [ 114.015983924760164, 22.461448680316622 ], [ 114.017263337882653, 22.462673011533674 ] ] ] } },
{ "type": "Feature", "properties": { "codigo_dcca": "M37", "nombre_en": "Kam Tin", "nombre_zh": "錦田", "codigo": "M", "distrito_en": "Yuen Long", "distrito_es": "Yuen Long", "region": "Nuevos Territorios", "area_km2_poligono": 9.0083 }, "geometry": { "type": "Polygon", "coordinates": [ [ [ 114.067422114731855, 22.446474117848524 ], [ 114.066299634337753, 22.446643520779904 ], [ 114.066215090354589, 22.44597582803895 ], [ 114.066414085691392, 22.445523539164874 ], [ 114.067544762178741, 22.445125479163888 ], [ 114.067641869909778, 22.443959208961644 ], [ 114.067994783073871, 22.443521904209859 ], [ 114.068607201829437, 22.443293168415682 ], [ 114.068347216620481, 22.442998944562405 ], [ 114.068640492602313, 22.442943748631958 ], [ 114.068429394941901, 22.442594932492181 ], [ 114.068658405657629, 22.442343109583554 ], [ 114.068563792494345, 22.441584425460054 ], [ 114.069871541148856, 22.440670576079754 ], [ 114.070797549489598, 22.440344004749257 ], [ 114.070936716534035, 22.440024978093458 ], [ 114.070505330345014, 22.439696320350468 ], [ 114.069593925909558, 22.43958100375853 ], [ 114.068458863324281, 22.438324923048604 ], [ 114.067900493505221, 22.438333758356851 ], [ 114.068090358658225, 22.437435058493463 ], [ 114.069014968267822, 22.436972714382719 ], [ 114.068868585550291, 22.436607945168674 ], [ 114.065701704269742, 22.438027474686116 ], [ 114.06650630009392, 22.436970784972075 ], [ 114.066339798910107, 22.436113654153203 ], [ 114.066699883123079, 22.435739714318924 ], [ 114.066581598006266, 22.434125683832736 ], [ 114.067826628169414, 22.433307782835321 ], [ 114.06810604453166, 22.43288737771276 ], [ 114.06827603191519, 22.43174431749701 ], [ 114.068743552368687, 22.431207914843323 ], [ 114.068751710841639, 22.430770195918409 ], [ 114.068002290447637, 22.42979860222966 ], [ 114.068417526072778, 22.429163245470079 ], [ 114.067842174600628, 22.428537742659586 ], [ 114.067957974281427, 22.427074425380642 ], [ 114.067715369206908, 22.426207779703955 ], [ 114.067129650079821, 22.425766931135314 ], [ 114.065683973341976, 22.425745723638524 ], [ 114.064151406150316, 22.42516530339671 ], [ 114.063833741717261, 22.425250527742293 ], [ 114.063641004213835, 22.425677615000499 ], [ 114.062321446513252, 22.426047647330336 ], [ 114.060842543643005, 22.42680348030331 ], [ 114.05930867667216, 22.426392822088825 ], [ 114.058225214824887, 22.425698770647966 ], [ 114.057546110588902, 22.426604811503445 ], [ 114.055549337552662, 22.42809352196732 ], [ 114.05307206710512, 22.430941898709889 ], [ 114.052617425670988, 22.431064111007483 ], [ 114.051291776429224, 22.430190915618972 ], [ 114.050033770340022, 22.430268750672525 ], [ 114.049872537197786, 22.434397500448359 ], [ 114.050169965482993, 22.435524056859609 ], [ 114.050029943649491, 22.436084503041855 ], [ 114.048420907797833, 22.439685250636234 ], [ 114.047569333680869, 22.440523436063895 ], [ 114.046651701935332, 22.441985278144038 ], [ 114.046298434691963, 22.444081508194387 ], [ 114.047819375487151, 22.444384682300413 ], [ 114.049233769988803, 22.44660030553748 ], [ 114.049945331171287, 22.449192591455041 ], [ 114.049273650570484, 22.450125059259637 ], [ 114.049193495871449, 22.452179735109183 ], [ 114.047781175909265, 22.453939852585513 ], [ 114.047945283883038, 22.454636383230422 ], [ 114.048787477273564, 22.45590589188253 ], [ 114.049052950525322, 22.457295261688508 ], [ 114.048817088531223, 22.457832872613253 ], [ 114.047776442173998, 22.4580353816472 ], [ 114.047381301431102, 22.458410486884873 ], [ 114.04733373207516, 22.45943723482063 ], [ 114.047660027195789, 22.460449851766167 ], [ 114.048129590575613, 22.460700739940307 ], [ 114.048989403180201, 22.460640567558848 ], [ 114.052527522462483, 22.461152675297246 ], [ 114.053395583150177, 22.463979276221004 ], [ 114.054684679722229, 22.463460231789448 ], [ 114.054708830500587, 22.463253101287894 ], [ 114.054928836222544, 22.463388714950341 ], [ 114.059877575962204, 22.462731279666627 ], [ 114.060699103142824, 22.462394632079857 ], [ 114.062860142161213, 22.463388562467767 ], [ 114.06359827730563, 22.463275362188071 ], [ 114.064962219167782, 22.4634834446057 ], [ 114.066157652248478, 22.46420412923348 ], [ 114.067076197263773, 22.464335815329996 ], [ 114.069133002848204, 22.463467057315743 ], [ 114.073382298702981, 22.462797541352391 ], [ 114.078385339202342, 22.461412984653276 ], [ 114.079151320022078, 22.46151652355676 ], [ 114.078446025202709, 22.460076536486351 ], [ 114.078541549544639, 22.459264623726572 ], [ 114.078232020492862, 22.458025089660222 ], [ 114.076658615044451, 22.45695169360517 ], [ 114.075729265956468, 22.455789827524359 ], [ 114.075110800940692, 22.454538841260661 ], [ 114.074096649415111, 22.45375626253632 ], [ 114.07432568275145, 22.453656630917948 ], [ 114.074340677907045, 22.452725394898675 ], [ 114.074899088969261, 22.452246819420736 ], [ 114.075105418679556, 22.451689247919443 ], [ 114.074035172793515, 22.451606076702451 ], [ 114.073457125762658, 22.45127386600462 ], [ 114.073218109895308, 22.451515556851046 ], [ 114.073281527866641, 22.451963543320414 ], [ 114.07196932356895, 22.450823154252546 ], [ 114.071196165598423, 22.450737185976454 ], [ 114.07126283656541, 22.449676803370899 ], [ 114.071909136206955, 22.448592651048305 ], [ 114.071239452643269, 22.448291013026552 ], [ 114.071342434310637, 22.44811914982186 ], [ 114.068619277137216, 22.447187293003385 ], [ 114.067422114731855, 22.446474117848524 ] ] ] } },
{ "type": "Feature", "properties": { "codigo_dcca": "M28", "nombre_en": "Yuet Yan", "nombre_zh": "悅恩", "codigo": "M", "distrito_en": "Yuen Long", "distrito_es": "Yuen Long", "region": "Nuevos Territorios", "area_km2_poligono": 0.1675 }, "geometry": { "type": "Polygon", "coordinates": [ [ [ 114.001687318893644, 22.463713554654603 ], [ 114.001661697132263, 22.461928604241017 ], [ 113.993939805499565, 22.461775097000732 ], [ 113.994891291587464, 22.464806585875394 ], [ 113.996615358237008, 22.464201127446938 ], [ 113.996541660455534, 22.463954858306113 ], [ 113.997231310835161, 22.463810807053569 ], [ 113.997085990790907, 22.462845376499388 ], [ 113.998239456791325, 22.462864375224026 ], [ 113.999286467962051, 22.464132577680196 ], [ 114.000697899048873, 22.463717678902768 ], [ 114.001687318893644, 22.463713554654603 ] ] ] } },
{ "type": "Feature", "properties": { "codigo_dcca": "M30", "nombre_en": "Fu Yan", "nombre_zh": "富恩", "codigo": "M", "distrito_en": "Yuen Long", "distrito_es": "Yuen Long", "region": "Nuevos Territorios", "area_km2_poligono": 0.1627 }, "geometry": { "type": "Polygon", "coordinates": [ [ [ 113.995857466502528, 22.466906247076913 ], [ 114.002033403658203, 22.464734067537336 ], [ 114.001687318893644, 22.463713554654603 ], [ 114.000697899048873, 22.463717678902768 ], [ 113.999286467962051, 22.464132577680196 ], [ 113.998239456791325, 22.462864375224026 ], [ 113.997085990790907, 22.462845376499388 ], [ 113.997231310835161, 22.463810807053569 ], [ 113.996541660455534, 22.463954858306113 ], [ 113.996615358237008, 22.464201127446938 ], [ 113.994891291587464, 22.464806585875394 ], [ 113.995857466502528, 22.466906247076913 ] ] ] } },
{ "type": "Feature", "properties": { "codigo_dcca": "M29", "nombre_en": "Ching King", "nombre_zh": "晴景", "codigo": "M", "distrito_en": "Yuen Long", "distrito_es": "Yuen Long", "region": "Nuevos Territorios", "area_km2_poligono": 0.2902 }, "geometry": { "type": "Polygon", "coordinates": [ [ [ 114.008400664015824, 22.461962971273064 ], [ 114.001661697132263, 22.461928604241017 ], [ 114.001687318893644, 22.463713554654603 ], [ 114.002033403658203, 22.464734067537336 ], [ 114.002590296289952, 22.46533309671117 ], [ 114.003295771225822, 22.4666898622479 ], [ 114.003275996105245, 22.467417474481408 ], [ 114.003565777932508, 22.467631869711774 ], [ 114.004593237327924, 22.466683071377954 ], [ 114.006724451009958, 22.465598912446961 ], [ 114.00750625798868, 22.464949735609963 ], [ 114.008288281537446, 22.46359331184938 ], [ 114.008400664015824, 22.461962971273064 ] ] ] } },
{ "type": "Feature", "properties": { "codigo_dcca": "M31", "nombre_en": "Yat Chak", "nombre_zh": "逸澤", "codigo": "M", "distrito_en": "Yuen Long", "distrito_es": "Yuen Long", "region": "Nuevos Territorios", "area_km2_poligono": 0.1329 }, "geometry": { "type": "Polygon", "coordinates": [ [ [ 113.997309824467919, 22.470048082011651 ], [ 114.000867566216129, 22.467528223602059 ], [ 113.999484509436272, 22.465613167240104 ], [ 113.995857466502528, 22.466906247076913 ], [ 113.997309824467919, 22.470048082011651 ] ] ] } },
{ "type": "Feature", "properties": { "codigo_dcca": "M38", "nombre_en": "Pat Heung North", "nombre_zh": "八鄉北", "codigo": "M", "distrito_en": "Yuen Long", "distrito_es": "Yuen Long", "region": "Nuevos Territorios", "area_km2_poligono": 17.4225 }, "geometry": { "type": "Polygon", "coordinates": [ [ [ 114.098503071555385, 22.434966465053122 ], [ 114.099097778322843, 22.435267403532414 ], [ 114.099628495968489, 22.434313933209459 ], [ 114.100654160596477, 22.433941272653321 ], [ 114.100941981104583, 22.434017516901942 ], [ 114.100902393156787, 22.433828012125201 ], [ 114.100617558496467, 22.43347896800379 ], [ 114.100149451466066, 22.433382066272245 ], [ 114.098982950457653, 22.433506245893568 ], [ 114.098247163591765, 22.433315527377555 ], [ 114.09777645079474, 22.433861351542401 ], [ 114.095664499321984, 22.434100992650517 ], [ 114.094948760160307, 22.433799907944241 ], [ 114.094492576882402, 22.432794224469575 ], [ 114.094082346175497, 22.43280442690153 ], [ 114.093478750980452, 22.432458394293217 ], [ 114.09285529473685, 22.432870086087341 ], [ 114.091346606564613, 22.43246377260871 ], [ 114.090839832000299, 22.432567137121726 ], [ 114.090794325811785, 22.432877390488443 ], [ 114.089386078119134, 22.434310409168511 ], [ 114.089178751777794, 22.432364620963313 ], [ 114.088225924074223, 22.432718709108165 ], [ 114.086691867114538, 22.432841739963148 ], [ 114.078556741497636, 22.432742336906635 ], [ 114.077859844341845, 22.432945692625921 ], [ 114.075519217591619, 22.43436485846129 ], [ 114.074746007235859, 22.435175848235506 ], [ 114.073861498895042, 22.436664832934543 ], [ 114.073677590978903, 22.436615855378299 ], [ 114.074091669944934, 22.435418683887228 ], [ 114.073739987386077, 22.43408343695301 ], [ 114.073764549534047, 22.433044926631887 ], [ 114.074297918554493, 22.431872783099895 ], [ 114.075522812690792, 22.431307072728142 ], [ 114.076107062534888, 22.430560457479899 ], [ 114.076577242663888, 22.430817821959263 ], [ 114.076597867612591, 22.431233263017543 ], [ 114.076991738422052, 22.431506163666057 ], [ 114.077557299666722, 22.431229709755382 ], [ 114.077940530739895, 22.43154678488597 ], [ 114.078053030713605, 22.431424173131838 ], [ 114.077681717489753, 22.430854084723897 ], [ 114.078092022226755, 22.430573343381841 ], [ 114.078611732286134, 22.429524799265767 ], [ 114.079366308764449, 22.429149229740545 ], [ 114.079457792735283, 22.428764052595785 ], [ 114.078707034310113, 22.428851863778004 ], [ 114.077662717585625, 22.429347271047593 ], [ 114.07690491857926, 22.430008800022851 ], [ 114.076826312581062, 22.430464891694697 ], [ 114.076531420804898, 22.430038461132334 ], [ 114.077374092305519, 22.429145096577578 ], [ 114.077165463374101, 22.428915025304345 ], [ 114.076655075155728, 22.429306469058446 ], [ 114.076485469947087, 22.429024398426929 ], [ 114.07625775936647, 22.429186749120749 ], [ 114.075826210130487, 22.428521494626004 ], [ 114.075332852447787, 22.428385078208578 ], [ 114.075089192542379, 22.42886649689185 ], [ 114.074293148734697, 22.428964204261078 ], [ 114.074314522147915, 22.429829616883847 ], [ 114.0731269221655, 22.429784536276863 ], [ 114.072987726212773, 22.430437204636696 ], [ 114.072349524813106, 22.430429929872471 ], [ 114.07208582100931, 22.430012235736061 ], [ 114.071560639358879, 22.429863713448167 ], [ 114.071259633404011, 22.430917281313864 ], [ 114.070338249955185, 22.430663796436114 ], [ 114.070268299441665, 22.430908611193505 ], [ 114.069577861102388, 22.431223163631181 ], [ 114.068747098153793, 22.431017676532502 ], [ 114.06827603191519, 22.43174431749701 ], [ 114.068078398428355, 22.432950409742414 ], [ 114.067533777389713, 22.433626946951332 ], [ 114.066581598006266, 22.434125683832736 ], [ 114.066699883123079, 22.435739714318924 ], [ 114.066339798910107, 22.436113654153203 ], [ 114.06650630009392, 22.436970784972075 ], [ 114.065701704269742, 22.438027474686116 ], [ 114.068868585550291, 22.436607945168674 ], [ 114.069014968267822, 22.436972714382719 ], [ 114.068090358658225, 22.437435058493463 ], [ 114.067900493505221, 22.438333758356851 ], [ 114.06868215979712, 22.438455427323316 ], [ 114.069593925909558, 22.43958100375853 ], [ 114.070577681064535, 22.43972368509117 ], [ 114.070935055212274, 22.440114793848199 ], [ 114.068563792494345, 22.441584425460054 ], [ 114.068658405657629, 22.442343109583554 ], [ 114.068429394941901, 22.442594932492181 ], [ 114.068640492602313, 22.442943748631958 ], [ 114.068347216620481, 22.442998944562405 ], [ 114.068623158402488, 22.443261319703154 ], [ 114.067994783073871, 22.443521904209859 ], [ 114.067641869909778, 22.443959208961644 ], [ 114.067544762178741, 22.445125479163888 ], [ 114.066425380480425, 22.44550330967061 ], [ 114.066215090354589, 22.44597582803895 ], [ 114.066299634337753, 22.446643520779904 ], [ 114.067422114731855, 22.446474117848524 ], [ 114.068619277137216, 22.447187293003385 ], [ 114.071391515698465, 22.448142516550046 ], [ 114.071239452643269, 22.448291013026552 ], [ 114.071919262658838, 22.448704219680817 ], [ 114.07126283656541, 22.449676803370899 ], [ 114.071196165598423, 22.450737185976454 ], [ 114.07196932356895, 22.450823154252546 ], [ 114.073281527866641, 22.451963543320414 ], [ 114.073218109895308, 22.451515556851046 ], [ 114.073457125762658, 22.45127386600462 ], [ 114.074035172793515, 22.451606076702451 ], [ 114.07507334790823, 22.451650812222322 ], [ 114.074899088969261, 22.452246819420736 ], [ 114.074340677907045, 22.452725394898675 ], [ 114.07432568275145, 22.453656630917948 ], [ 114.074096649415111, 22.45375626253632 ], [ 114.075110800940692, 22.454538841260661 ], [ 114.075729265956468, 22.455789827524359 ], [ 114.076658615044451, 22.45695169360517 ], [ 114.078232020492862, 22.458025089660222 ], [ 114.078541549544639, 22.459264623726572 ], [ 114.078446025202709, 22.460076536486351 ], [ 114.079215561938497, 22.46159849550261 ], [ 114.079638007835484, 22.461888816899435 ], [ 114.081102018965211, 22.462104661604279 ], [ 114.082347723027027, 22.462844500276443 ], [ 114.082784050260358, 22.463442099834804 ], [ 114.083674138331645, 22.463486865400267 ], [ 114.0856103396886, 22.464860912588652 ], [ 114.087987130733467, 22.466064938163285 ], [ 114.089159540224159, 22.465939469821755 ], [ 114.090154287028142, 22.466237659237251 ], [ 114.091044412490575, 22.465907576460939 ], [ 114.092440756748161, 22.466020227124943 ], [ 114.094226150086143, 22.466817092937664 ], [ 114.096278853976628, 22.466747097863518 ], [ 114.097216899313437, 22.46689109317952 ], [ 114.098351289427825, 22.467384367123532 ], [ 114.099470167203108, 22.467394001315121 ], [ 114.100705748834756, 22.467880227353806 ], [ 114.102585396456078, 22.46934679539817 ], [ 114.103390816062614, 22.469494098177496 ], [ 114.104254561170023, 22.469984272184192 ], [ 114.108865903516929, 22.469173733137886 ], [ 114.109822584618911, 22.470308778978158 ], [ 114.110867600427412, 22.470693246565354 ], [ 114.111621133749949, 22.47064837383407 ], [ 114.112341979801172, 22.471213435307217 ], [ 114.11340671024378, 22.471329871412649 ], [ 114.114385820000493, 22.470948871740923 ], [ 114.114875075497565, 22.471426941335416 ], [ 114.116088001135097, 22.470262812462877 ], [ 114.116101746033877, 22.469424767272141 ], [ 114.116864002389164, 22.469342884691233 ], [ 114.118816020991616, 22.46801699320018 ], [ 114.120298382407057, 22.467762626834698 ], [ 114.120763633859951, 22.46660951345045 ], [ 114.121507126117834, 22.465949167313894 ], [ 114.122654415370818, 22.465680603524458 ], [ 114.123334545051137, 22.465905525672909 ], [ 114.123669773798113, 22.466255375974583 ], [ 114.125954199975084, 22.465694528485216 ], [ 114.126577395399849, 22.466170464916122 ], [ 114.1279092551964, 22.466507971276453 ], [ 114.12749072908656, 22.46467432348458 ], [ 114.12685827341879, 22.463831472191227 ], [ 114.125417273793929, 22.463834405712568 ], [ 114.124816201004649, 22.463554838551083 ], [ 114.124932410873924, 22.462336571381293 ], [ 114.12446128551403, 22.462108843177742 ], [ 114.124069818806362, 22.461402021000143 ], [ 114.124381646451184, 22.460425697968766 ], [ 114.123931743621043, 22.460029340733001 ], [ 114.123859490121376, 22.45915397884367 ], [ 114.123017154913498, 22.458692028038239 ], [ 114.122300040919811, 22.457855207565615 ], [ 114.121798871074631, 22.455644304769628 ], [ 114.12057672531175, 22.454931562180981 ], [ 114.118509567835304, 22.45279046914456 ], [ 114.118076371594526, 22.450932876186492 ], [ 114.11526647926776, 22.44850253948065 ], [ 114.111954722320149, 22.443798184280066 ], [ 114.112083069809387, 22.443111352532455 ], [ 114.112857324849557, 22.441955528427187 ], [ 114.112502438199868, 22.44112893827695 ], [ 114.113678487891747, 22.439511334583646 ], [ 114.114594200036393, 22.437434621635695 ], [ 114.112897399397269, 22.435484688690131 ], [ 114.111351822892132, 22.43635106575762 ], [ 114.11153874446299, 22.435409833341559 ], [ 114.110632658045702, 22.436028746299968 ], [ 114.108874524991023, 22.435681219149828 ], [ 114.105861364333265, 22.436281766893995 ], [ 114.104051735208415, 22.437165395425694 ], [ 114.103465268404904, 22.437858723327409 ], [ 114.102612544663515, 22.43822990077101 ], [ 114.101840397455376, 22.437387327433932 ], [ 114.100429833390521, 22.436663028459229 ], [ 114.09936566563745, 22.437184418641912 ], [ 114.099280974901518, 22.4365953934796 ], [ 114.098738902495427, 22.436520369052975 ], [ 114.098503071555385, 22.434966465053122 ] ] ] } },
{ "type": "Feature", "properties": { "codigo_dcca": "M33", "nombre_en": "Wang Yat", "nombre_zh": "宏逸", "codigo": "M", "distrito_en": "Yuen Long", "distrito_es": "Yuen Long", "region": "Nuevos Territorios", "area_km2_poligono": 0.685 }, "geometry": { "type": "Polygon", "coordinates": [ [ [ 114.010156473021908, 22.463041869600236 ], [ 114.009342205576019, 22.462747754761342 ], [ 114.009213031140405, 22.46128697022575 ], [ 114.008560964065722, 22.4591395825001 ], [ 114.008416571980646, 22.462973400102982 ], [ 114.008084839288415, 22.464106802795722 ], [ 114.00750625798868, 22.464949735609963 ], [ 114.006724451009958, 22.465598912446961 ], [ 114.004593237327924, 22.466683071377954 ], [ 114.003565777932508, 22.467631869711774 ], [ 114.003275996105245, 22.467417474481408 ], [ 114.003295771225822, 22.4666898622479 ], [ 114.002775784983413, 22.465660414231937 ], [ 114.002033403658203, 22.464734067537336 ], [ 113.999484509436272, 22.465613167240104 ], [ 114.000867566216129, 22.467528223602059 ], [ 113.999539395644234, 22.468468955710865 ], [ 114.000479157360559, 22.469695157963706 ], [ 114.001994826296027, 22.470970816383367 ], [ 114.003227232421523, 22.471829087058111 ], [ 114.003464838937745, 22.471752078603895 ], [ 114.003565403323876, 22.47205018067406 ], [ 114.005348295895743, 22.473308963731721 ], [ 114.005967725410088, 22.473059912776183 ], [ 114.006899726406729, 22.472332460761407 ], [ 114.008974269280756, 22.468543121422655 ], [ 114.010315630694521, 22.465488190197995 ], [ 114.009934723662823, 22.464975230792483 ], [ 114.010249106899806, 22.463738895929016 ], [ 114.010049497958107, 22.46344206792973 ], [ 114.010156473021908, 22.463041869600236 ] ] ] } },
{ "type": "Feature", "properties": { "codigo_dcca": "M32", "nombre_en": "Tin Heng", "nombre_zh": "天恒", "codigo": "M", "distrito_en": "Yuen Long", "distrito_es": "Yuen Long", "region": "Nuevos Territorios", "area_km2_poligono": 0.2159 }, "geometry": { "type": "Polygon", "coordinates": [ [ [ 114.005348295895743, 22.473308963731721 ], [ 114.003565403323876, 22.47205018067406 ], [ 114.003464838937745, 22.471752078603895 ], [ 114.003227232421523, 22.471829087058111 ], [ 114.001061628902718, 22.470246340928821 ], [ 113.999539395644234, 22.468468955710865 ], [ 113.997309824467919, 22.470048082011651 ], [ 113.998611024205701, 22.472175090201805 ], [ 114.000678744455357, 22.473357878167036 ], [ 114.002461127041997, 22.47366583722749 ], [ 114.005348295895743, 22.473308963731721 ] ] ] } },
{ "type": "Feature", "properties": { "codigo_dcca": "M15", "nombre_en": "Ha Tsuen", "nombre_zh": "廈村", "codigo": "M", "distrito_en": "Yuen Long", "distrito_es": "Yuen Long", "region": "Nuevos Territorios", "area_km2_poligono": 44.173 }, "geometry": { "type": "Polygon", "coordinates": [ [ [ 113.997517897068633, 22.446672603013038 ], [ 113.995228598601457, 22.441015385919741 ], [ 113.995659499260469, 22.438763401464652 ], [ 113.995307499410643, 22.437990877323092 ], [ 113.996125315476036, 22.437533139129918 ], [ 113.996358154330494, 22.436969151140691 ], [ 113.99631236340781, 22.436427490802988 ], [ 113.99576193978433, 22.435848141233556 ], [ 113.996143903470383, 22.435181193032488 ], [ 113.995952688524127, 22.434143454394359 ], [ 113.996426226144919, 22.4326984387944 ], [ 113.993251428237315, 22.430318933651886 ], [ 113.992924684713202, 22.430876642924513 ], [ 113.992784714837526, 22.432008069343862 ], [ 113.992006842352779, 22.431990285044058 ], [ 113.992062280815361, 22.431841915218214 ], [ 113.99146264992001, 22.431697300998373 ], [ 113.989884148736678, 22.429900122525734 ], [ 113.989500095611348, 22.429724143903027 ], [ 113.989234035724849, 22.429836155658101 ], [ 113.988916423693667, 22.430360680525233 ], [ 113.988097086427942, 22.430175730017613 ], [ 113.988184003223438, 22.429651497361579 ], [ 113.987714173857839, 22.429603538121476 ], [ 113.985851003634835, 22.430036504359251 ], [ 113.985469281130932, 22.42992824719995 ], [ 113.985105701941492, 22.430316693612259 ], [ 113.984411349422189, 22.4301922592709 ], [ 113.984465365386725, 22.430644414231693 ], [ 113.984218617235683, 22.430836016858638 ], [ 113.98277993380745, 22.430726489347045 ], [ 113.982361328187054, 22.430514339585638 ], [ 113.981906726245825, 22.430864849629515 ], [ 113.981051909795752, 22.430875103703247 ], [ 113.980984049297518, 22.430349558626006 ], [ 113.97041412049721, 22.430548610503845 ], [ 113.970363156902849, 22.433395956281281 ], [ 113.950217365543139, 22.433350882136054 ], [ 113.948197165272703, 22.430698961787499 ], [ 113.94841750792898, 22.430236798721044 ], [ 113.947971656803418, 22.429867536819987 ], [ 113.948061530831609, 22.4288633821137 ], [ 113.947195507753449, 22.428483083213759 ], [ 113.946106840604401, 22.426837363011266 ], [ 113.945816719485691, 22.42606978689167 ], [ 113.945985939778438, 22.424950707846396 ], [ 113.945101260108203, 22.424335273024496 ], [ 113.943892098986254, 22.424291759234531 ], [ 113.943945467343738, 22.423607907982912 ], [ 113.94444662885374, 22.422970259904762 ], [ 113.944061518931903, 22.422862658815681 ], [ 113.942717688239512, 22.423161619748313 ], [ 113.942325506114997, 22.422384226710442 ], [ 113.941728194800149, 22.422278885582642 ], [ 113.940886065434398, 22.421542292307244 ], [ 113.940844756266017, 22.42062825354407 ], [ 113.94004819539191, 22.420349655337585 ], [ 113.939906263483493, 22.4195177901215 ], [ 113.938931970315011, 22.419641520198148 ], [ 113.939452421350637, 22.421694639553834 ], [ 113.939374139280758, 22.42238873836455 ], [ 113.938864918635389, 22.423041006075266 ], [ 113.937916541624446, 22.423472497651428 ], [ 113.874232165029639, 22.431640735050021 ], [ 113.947806376573311, 22.472357977941293 ], [ 113.966860490609776, 22.487566955419485 ], [ 113.983542383859998, 22.469509752801592 ], [ 113.984502896559377, 22.469465631708292 ], [ 113.984228193531337, 22.468743441547183 ], [ 113.984178775182926, 22.467156291120986 ], [ 113.988161234872152, 22.462127680910527 ], [ 113.989780678593391, 22.460840792983095 ], [ 113.990411089126795, 22.45863672253406 ], [ 113.991807106221145, 22.456248775506694 ], [ 113.993398561144502, 22.454949870426923 ], [ 113.994590152692581, 22.453095443919583 ], [ 113.994908331050425, 22.451311871807526 ], [ 113.99436132905312, 22.449673850343888 ], [ 113.993381561763783, 22.447836729499915 ], [ 113.993403457363854, 22.447498213040287 ], [ 113.99543581199913, 22.446098383654444 ], [ 113.997517897068633, 22.446672603013038 ] ] ] } },
{ "type": "Feature", "properties": { "codigo_dcca": "M35", "nombre_en": "Fairview Park", "nombre_zh": "錦綉花園", "codigo": "M", "distrito_en": "Yuen Long", "distrito_es": "Yuen Long", "region": "Nuevos Territorios", "area_km2_poligono": 9.4521 }, "geometry": { "type": "Polygon", "coordinates": [ [ [ 114.044982894010701, 22.487177766491065 ], [ 114.0478117128593, 22.488600346429557 ], [ 114.049576770602911, 22.488268275471455 ], [ 114.051030461952379, 22.491005860241867 ], [ 114.051307688756367, 22.490429349784353 ], [ 114.050957627640997, 22.488232497759217 ], [ 114.052057893182635, 22.488188716070592 ], [ 114.051667453803532, 22.487470515835959 ], [ 114.053263707200102, 22.484384137977099 ], [ 114.053959589881472, 22.483834565292007 ], [ 114.05497763627325, 22.483717301760365 ], [ 114.054327332202661, 22.485018450106118 ], [ 114.054655229898046, 22.485592490253328 ], [ 114.054425490025309, 22.486033107550664 ], [ 114.053189211628876, 22.485917911428626 ], [ 114.052746279758324, 22.485435492512565 ], [ 114.052199301203316, 22.486488944515973 ], [ 114.052952634976577, 22.486555257487694 ], [ 114.053229239441976, 22.487131112218403 ], [ 114.052928785297283, 22.487770106854555 ], [ 114.055240473896717, 22.487130068344381 ], [ 114.056045749844856, 22.489452189770095 ], [ 114.058434975434821, 22.488439740421796 ], [ 114.058243890223594, 22.488138960118192 ], [ 114.057860295673905, 22.488296880863818 ], [ 114.057405201477721, 22.487736587718565 ], [ 114.057375121218257, 22.487084688444746 ], [ 114.057702411792278, 22.487060024854888 ], [ 114.057838879964137, 22.486192711163586 ], [ 114.057174620185691, 22.485137676982909 ], [ 114.057080483713861, 22.483853809826275 ], [ 114.057374777059465, 22.483658330446815 ], [ 114.057122652205308, 22.481927070272633 ], [ 114.05587773118215, 22.482314348830798 ], [ 114.055470019476488, 22.481930105986681 ], [ 114.054682885870363, 22.48307858537493 ], [ 114.052148407326555, 22.482684164984477 ], [ 114.052017488880679, 22.482487164894486 ], [ 114.053843596863373, 22.482852972045993 ], [ 114.053901676920106, 22.48241199882241 ], [ 114.054103937138478, 22.482638021238593 ], [ 114.054659186058132, 22.482547336220307 ], [ 114.055064747754614, 22.481311786968053 ], [ 114.055299519418654, 22.481619900736025 ], [ 114.055878128239172, 22.481376343535054 ], [ 114.05564580233424, 22.480848468625453 ], [ 114.055041252745426, 22.480977174858964 ], [ 114.055661593271353, 22.480290672670606 ], [ 114.05547093987316, 22.479535262651321 ], [ 114.052839754902251, 22.47849306759386 ], [ 114.051776065873256, 22.477462780214125 ], [ 114.051534425690093, 22.476706296351971 ], [ 114.0514799781037, 22.474455424732959 ], [ 114.051119259835261, 22.473303527046276 ], [ 114.055687003750123, 22.472257920706966 ], [ 114.05536940204243, 22.47103897377562 ], [ 114.053830529709671, 22.47158363250761 ], [ 114.053264168392047, 22.470438820794058 ], [ 114.051257399048851, 22.471499156641741 ], [ 114.050519239789708, 22.469972702774701 ], [ 114.049571803700417, 22.470545822474659 ], [ 114.049685287661362, 22.47074198927254 ], [ 114.049141257884514, 22.47110795927949 ], [ 114.048814804065884, 22.471741562924073 ], [ 114.04844249915925, 22.471811658986258 ], [ 114.047448284921231, 22.472741465954027 ], [ 114.045622487509448, 22.473339383962202 ], [ 114.044761786391931, 22.472612871502772 ], [ 114.043394172621049, 22.473083268307754 ], [ 114.042474810047267, 22.473894157732765 ], [ 114.041194472961621, 22.479370755532134 ], [ 114.040844976532853, 22.479632414900987 ], [ 114.03928903627741, 22.478651405232789 ], [ 114.038294204312606, 22.47863635770133 ], [ 114.037870173375069, 22.477039508606026 ], [ 114.03651744207032, 22.475943220511564 ], [ 114.035683472676055, 22.473962333333127 ], [ 114.033732990149133, 22.473928791140356 ], [ 114.033045398806024, 22.473401950893056 ], [ 114.032231579599497, 22.471981029807573 ], [ 114.031646801957493, 22.471810570275597 ], [ 114.030717299825682, 22.472078611055984 ], [ 114.03031591284379, 22.476093208208582 ], [ 114.029407394654754, 22.479319058164894 ], [ 114.02846255700932, 22.479328106817068 ], [ 114.0274133860392, 22.480207601272905 ], [ 114.017947137563439, 22.502591492380269 ], [ 114.020424271099742, 22.503831538491571 ], [ 114.024538359719202, 22.506618169213727 ], [ 114.025424770046428, 22.506767707863055 ], [ 114.031905287800512, 22.506324227946379 ], [ 114.03714744732693, 22.505680126783773 ], [ 114.045352648308082, 22.504074750970634 ], [ 114.047832448433468, 22.503130583830636 ], [ 114.047665934226089, 22.501457859332383 ], [ 114.046850810257553, 22.500818557532071 ], [ 114.04659592059501, 22.498951194925208 ], [ 114.047111455030816, 22.498481254570024 ], [ 114.047408500329865, 22.497183250059603 ], [ 114.048120594000764, 22.496348862485174 ], [ 114.048025946953004, 22.495982577812892 ], [ 114.045483156534601, 22.493726099290722 ], [ 114.044904316714607, 22.492540009320614 ], [ 114.042440277923902, 22.489034030176324 ], [ 114.0440816807875, 22.488891933756118 ], [ 114.044289015056535, 22.48754823804768 ], [ 114.044982894010701, 22.487177766491065 ] ] ] } },
{ "type": "Feature", "properties": { "codigo_dcca": "M34", "nombre_en": "Ping Shan North", "nombre_zh": "屏山北", "codigo": "M", "distrito_en": "Yuen Long", "distrito_es": "Yuen Long", "region": "Nuevos Territorios", "area_km2_poligono": 23.1459 }, "geometry": { "type": "Polygon", "coordinates": [ [ [ 114.011194065577129, 22.500727778084283 ], [ 114.012445315645593, 22.500705309810645 ], [ 114.01444592842212, 22.501152833781724 ], [ 114.017947137563439, 22.502591492380269 ], [ 114.0274133860392, 22.480207601272905 ], [ 114.02846255700932, 22.479328106817068 ], [ 114.029407394654754, 22.479319058164894 ], [ 114.030653127310998, 22.474036407264766 ], [ 114.030656347694247, 22.470967680708316 ], [ 114.028802406394973, 22.4681235160744 ], [ 114.028246215072514, 22.466586327276175 ], [ 114.028247135858152, 22.465722849448163 ], [ 114.028825618509273, 22.463806125751752 ], [ 114.032083509440525, 22.45981250928341 ], [ 114.03243374606204, 22.458869586958336 ], [ 114.032385236245091, 22.458137989316185 ], [ 114.030301222113692, 22.455044789590723 ], [ 114.027050818894566, 22.451366712055329 ], [ 114.026157230122465, 22.449616424888504 ], [ 114.024626353841782, 22.450781674294955 ], [ 114.025039218543753, 22.451652903108897 ], [ 114.024445748301872, 22.452499695552294 ], [ 114.023766451407681, 22.456872638808552 ], [ 114.022739375907364, 22.4566378908047 ], [ 114.02058566600779, 22.461278500351519 ], [ 114.019222621213217, 22.460364967414886 ], [ 114.0190301718727, 22.460837105983721 ], [ 114.019485162964557, 22.461102141449746 ], [ 114.01929460425211, 22.461809723015964 ], [ 114.018170315338878, 22.462059242206443 ], [ 114.017263337882653, 22.462673011533674 ], [ 114.015983924760164, 22.461448680316622 ], [ 114.015485646615289, 22.460586988601538 ], [ 114.014773672013604, 22.460415789871409 ], [ 114.014302518847671, 22.461547621022842 ], [ 114.014625777725016, 22.462512376023653 ], [ 114.013560300665816, 22.463553166449596 ], [ 114.010156473021908, 22.463041869600236 ], [ 114.010049497958093, 22.463442067929744 ], [ 114.010249106899806, 22.463738895929016 ], [ 114.009934723662866, 22.464975230792493 ], [ 114.010315630694535, 22.465488190197998 ], [ 114.008974269280756, 22.46854312142268 ], [ 114.006775270420391, 22.472472923794001 ], [ 114.005790543654243, 22.473138542228728 ], [ 114.004336692949778, 22.473516992623637 ], [ 114.002461127041997, 22.47366583722749 ], [ 114.000678744455357, 22.47335787816704 ], [ 113.999051753093511, 22.472543556124542 ], [ 113.997982612238687, 22.471383702339352 ], [ 113.994507659300339, 22.463963526113048 ], [ 113.993939805499579, 22.461775097000732 ], [ 113.993266846629254, 22.461769600757229 ], [ 113.993344362416977, 22.459479497301448 ], [ 113.993832059362475, 22.45768114012705 ], [ 113.998998167794795, 22.449165384848065 ], [ 113.998378579842424, 22.448898231399514 ], [ 113.997517897068633, 22.446672603013038 ], [ 113.99543581199913, 22.446098383654444 ], [ 113.994791718472399, 22.446394190464634 ], [ 113.993356793973149, 22.447640876733512 ], [ 113.994908331050425, 22.451311871807526 ], [ 113.99450695213531, 22.453273348398707 ], [ 113.993398561144502, 22.454949870426923 ], [ 113.991807106221145, 22.456248775506694 ], [ 113.990411089126795, 22.45863672253406 ], [ 113.989780678593391, 22.460840792983095 ], [ 113.988161234872152, 22.462127680910527 ], [ 113.984178775182926, 22.467156291120986 ], [ 113.984228193531337, 22.468743441547183 ], [ 113.984502896559377, 22.469465631708292 ], [ 113.983542383859998, 22.469509752801592 ], [ 113.966860490609776, 22.487566955419485 ], [ 113.995224570098159, 22.510157682207126 ], [ 113.998071800696977, 22.509997553755049 ], [ 114.000122150284696, 22.509011200665977 ], [ 114.002517844581277, 22.50729027798512 ], [ 114.005118160385408, 22.504568783923304 ], [ 114.007560893633382, 22.502438352945159 ], [ 114.009858874938843, 22.501164110597919 ], [ 114.011194065577129, 22.500727778084283 ] ] ] } },
{ "type": "Feature", "properties": { "codigo_dcca": "M36", "nombre_en": "San Tin", "nombre_zh": "新田", "codigo": "M", "distrito_en": "Yuen Long", "distrito_es": "Yuen Long", "region": "Nuevos Territorios", "area_km2_poligono": 27.714 }, "geometry": { "type": "Polygon", "coordinates": [ [ [ 114.073628515594521, 22.462675932835303 ], [ 114.069133002848204, 22.463467057315743 ], [ 114.066918321660779, 22.464348142722898 ], [ 114.066157652248478, 22.46420412923348 ], [ 114.064962219167782, 22.4634834446057 ], [ 114.06359827730563, 22.463275362188071 ], [ 114.062860142161213, 22.463388562467767 ], [ 114.060699103142824, 22.462394632079857 ], [ 114.059877575962204, 22.462731279666627 ], [ 114.054928836222544, 22.463388714950341 ], [ 114.054708830500587, 22.463253101287894 ], [ 114.054684679722229, 22.463460231789448 ], [ 114.053395583150177, 22.463979276221004 ], [ 114.052527522462483, 22.461152675297246 ], [ 114.048989403180201, 22.460640567558848 ], [ 114.048129590575613, 22.460700739940307 ], [ 114.047660027195789, 22.460449851766167 ], [ 114.04733373207516, 22.45943723482063 ], [ 114.047381301431102, 22.458410486884873 ], [ 114.047688383890019, 22.458073347331858 ], [ 114.048473341193002, 22.457928990258591 ], [ 114.047718737136137, 22.457830173288812 ], [ 114.046253004466948, 22.456372386328329 ], [ 114.045588251715316, 22.456229653934734 ], [ 114.04499407271453, 22.45636489683443 ], [ 114.041607359414925, 22.45792938724076 ], [ 114.040511871199996, 22.458028612776701 ], [ 114.038826616176422, 22.457078290521491 ], [ 114.037324480773648, 22.454672224189924 ], [ 114.036798281206345, 22.454292454465488 ], [ 114.035455440917005, 22.454090997799749 ], [ 114.034036539961818, 22.454699392371616 ], [ 114.032101763287329, 22.457680967649001 ], [ 114.032478132641572, 22.458573365737557 ], [ 114.032309573792034, 22.459335038980619 ], [ 114.03140545855868, 22.460755189738492 ], [ 114.028619489017146, 22.464167243261137 ], [ 114.028246215072514, 22.466586327276175 ], [ 114.028802406394973, 22.4681235160744 ], [ 114.030656347694247, 22.470967680708316 ], [ 114.030717299825682, 22.472078611055984 ], [ 114.031646801957493, 22.471810570275597 ], [ 114.032231579599497, 22.471981029807573 ], [ 114.033045398806024, 22.473401950893056 ], [ 114.033732990149133, 22.473928791140356 ], [ 114.035683472676055, 22.473962333333127 ], [ 114.03651744207032, 22.475943220511564 ], [ 114.037870173375069, 22.477039508606026 ], [ 114.038294204312606, 22.47863635770133 ], [ 114.03928903627741, 22.478651405232789 ], [ 114.040641789885228, 22.479605188321258 ], [ 114.041194472961621, 22.479370755532134 ], [ 114.042474810047267, 22.473894157732765 ], [ 114.043394172621049, 22.473083268307754 ], [ 114.044761786391931, 22.472612871502772 ], [ 114.045622487509448, 22.473339383962202 ], [ 114.047448284921231, 22.472741465954027 ], [ 114.04844249915925, 22.471811658986258 ], [ 114.048814804065884, 22.471741562924073 ], [ 114.049141257884514, 22.47110795927949 ], [ 114.049685287661362, 22.47074198927254 ], [ 114.049571803700417, 22.470545822474659 ], [ 114.050519239789708, 22.469972702774701 ], [ 114.051257399048851, 22.471499156641741 ], [ 114.053264168392047, 22.470438820794058 ], [ 114.053830529709671, 22.47158363250761 ], [ 114.05536940204243, 22.47103897377562 ], [ 114.055687003750123, 22.472257920706966 ], [ 114.051119259835261, 22.473303527046276 ], [ 114.0514799781037, 22.474455424732959 ], [ 114.051534425690093, 22.476706296351971 ], [ 114.051776065873256, 22.477462780214125 ], [ 114.052839754902251, 22.47849306759386 ], [ 114.05547093987316, 22.479535262651321 ], [ 114.055661593271353, 22.480290672670606 ], [ 114.055041252745426, 22.480977174858964 ], [ 114.05564580233424, 22.480848468625453 ], [ 114.055878128239172, 22.481376343535054 ], [ 114.055299519418654, 22.481619900736025 ], [ 114.055064747754614, 22.481311786968053 ], [ 114.054659186058132, 22.482547336220307 ], [ 114.054103937138478, 22.482638021238593 ], [ 114.054011019408051, 22.482440862043401 ], [ 114.053901676920106, 22.48241199882241 ], [ 114.053843596863373, 22.482852972045993 ], [ 114.052017488880679, 22.482487164894486 ], [ 114.052148407326555, 22.482684164984477 ], [ 114.054682885870363, 22.48307858537493 ], [ 114.055470019476488, 22.481930105986681 ], [ 114.05587773118215, 22.482314348830798 ], [ 114.057122652205308, 22.481927070272633 ], [ 114.057374777059465, 22.483658330446815 ], [ 114.057080483713861, 22.483853809826275 ], [ 114.057174620185691, 22.485137676982909 ], [ 114.057838879964137, 22.486192711163586 ], [ 114.057702411792278, 22.487060024854888 ], [ 114.057375121218257, 22.487084688444746 ], [ 114.057405201477721, 22.487736587718565 ], [ 114.057860295673905, 22.488296880863818 ], [ 114.058243890223594, 22.488138960118192 ], [ 114.058434975434821, 22.488439740421796 ], [ 114.056045749844856, 22.489452189770095 ], [ 114.055240473896717, 22.487130068344381 ], [ 114.052928785297283, 22.487770106854555 ], [ 114.053229239441976, 22.487131112218403 ], [ 114.052952634976577, 22.486555257487694 ], [ 114.052199301203316, 22.486488944515973 ], [ 114.052746279758324, 22.485435492512565 ], [ 114.053189211628876, 22.485917911428626 ], [ 114.054425490025309, 22.486033107550664 ], [ 114.054655229898046, 22.485592490253328 ], [ 114.054327332202661, 22.485018450106118 ], [ 114.05497763627325, 22.483717301760365 ], [ 114.053959589881472, 22.483834565292007 ], [ 114.053263707200102, 22.484384137977099 ], [ 114.051667453803532, 22.487470515835959 ], [ 114.052057893182635, 22.488188716070592 ], [ 114.050957627640997, 22.488232497759217 ], [ 114.051307688756367, 22.490429349784353 ], [ 114.051030461952379, 22.491005860241867 ], [ 114.049576770602911, 22.488268275471455 ], [ 114.0478117128593, 22.488600346429557 ], [ 114.045024991277373, 22.487088729202899 ], [ 114.044289015056535, 22.48754823804768 ], [ 114.0440816807875, 22.488891933756118 ], [ 114.042440277923902, 22.489034030176324 ], [ 114.044904316714607, 22.492540009320614 ], [ 114.045483156534601, 22.493726099290722 ], [ 114.048025946953004, 22.495982577812892 ], [ 114.048120594000764, 22.496348862485174 ], [ 114.047408500329865, 22.497183250059603 ], [ 114.047111455030816, 22.498481254570024 ], [ 114.04659592059501, 22.498951194925208 ], [ 114.046850810257553, 22.500818557532071 ], [ 114.047665934226089, 22.501457859332383 ], [ 114.047832448433468, 22.503130583830636 ], [ 114.049424111652925, 22.502514476768418 ], [ 114.051787537923758, 22.502418457454887 ], [ 114.053261422999398, 22.502834531481373 ], [ 114.055623685500905, 22.503932369902241 ], [ 114.056813019978165, 22.505420328178563 ], [ 114.057308841786949, 22.509340049334387 ], [ 114.05844502630147, 22.512016207091492 ], [ 114.059535310025339, 22.513333316128413 ], [ 114.060832684778802, 22.51437593554574 ], [ 114.064086386596301, 22.516487233763343 ], [ 114.06523576491621, 22.516899593249246 ], [ 114.068285907279815, 22.517227087540547 ], [ 114.071959577878516, 22.518092536002985 ], [ 114.073885913585116, 22.51724895267758 ], [ 114.07568008209023, 22.515357379580159 ], [ 114.076623692687377, 22.515149250747438 ], [ 114.077713805112651, 22.51536113672374 ], [ 114.078906229863989, 22.515889637065406 ], [ 114.082516335665943, 22.51857486720932 ], [ 114.084114222820943, 22.520484768915288 ], [ 114.084654659750925, 22.52029680525051 ], [ 114.084907314565811, 22.519628585497156 ], [ 114.085504117149924, 22.519152745078706 ], [ 114.085978553851845, 22.519165999181265 ], [ 114.086928292212875, 22.519748990791747 ], [ 114.088268223532225, 22.521021885833974 ], [ 114.088646967553544, 22.522499686600948 ], [ 114.089415599184235, 22.523169688983941 ], [ 114.089289145678521, 22.522374334503819 ], [ 114.089755333650828, 22.521531458659258 ], [ 114.089665913461559, 22.52095183260602 ], [ 114.091661234571546, 22.520802472862279 ], [ 114.091750373710184, 22.519092394866519 ], [ 114.091158148171743, 22.517949477712754 ], [ 114.091350665423107, 22.516546640337449 ], [ 114.090527151432568, 22.514927236595504 ], [ 114.091221149300196, 22.514797596858262 ], [ 114.091440325520182, 22.514512136835219 ], [ 114.091823943421119, 22.512036329432195 ], [ 114.093268956448966, 22.510390920876112 ], [ 114.09235607384268, 22.5090362675855 ], [ 114.091410213598991, 22.508534591824585 ], [ 114.089664247559753, 22.508357753604276 ], [ 114.090438116125767, 22.507035960822787 ], [ 114.09000564813374, 22.505699692780297 ], [ 114.089318451327202, 22.504714097406762 ], [ 114.089311103789271, 22.504482608641993 ], [ 114.091367837052957, 22.504852251912919 ], [ 114.091224956610347, 22.503200347698179 ], [ 114.091698502100158, 22.50126329243199 ], [ 114.091061323886564, 22.499399570509652 ], [ 114.090391933462584, 22.4987765133891 ], [ 114.090315446013463, 22.497094390977519 ], [ 114.089703087973916, 22.49653194635416 ], [ 114.090570417215858, 22.495900610834461 ], [ 114.091382635974014, 22.494162476534775 ], [ 114.092074017155426, 22.494009063133682 ], [ 114.092113105554091, 22.493526598820523 ], [ 114.092787957394847, 22.492866107996811 ], [ 114.092458497305159, 22.492513416326744 ], [ 114.093198355653868, 22.492014574691751 ], [ 114.092458507207297, 22.491086686120155 ], [ 114.092654747664497, 22.490576950625531 ], [ 114.09209780667139, 22.487130974743671 ], [ 114.092291174629835, 22.484895744829089 ], [ 114.091248092153819, 22.484359574072311 ], [ 114.089265232592609, 22.481579411100228 ], [ 114.08964474349969, 22.479290941299098 ], [ 114.089328252625151, 22.476687212279451 ], [ 114.089773799646764, 22.473129669149451 ], [ 114.089554504078919, 22.47144064598141 ], [ 114.090108968431551, 22.468255220852061 ], [ 114.088892712198685, 22.466037394966399 ], [ 114.087987130733467, 22.466064938163285 ], [ 114.086426629361682, 22.465288077753947 ], [ 114.083674138331645, 22.463486865400267 ], [ 114.082784050260358, 22.463442099834804 ], [ 114.082347723027027, 22.462844500276443 ], [ 114.080780157065846, 22.461970052388846 ], [ 114.079638007835484, 22.461888816899435 ], [ 114.079120103851139, 22.461501559296444 ], [ 114.078534617147255, 22.461389316867585 ], [ 114.073628515594521, 22.462675932835303 ] ] ] } },
{ "type": "Feature", "properties": { "codigo_dcca": "M08", "nombre_en": "Pek Long", "nombre_zh": "北朗", "codigo": "M", "distrito_en": "Yuen Long", "distrito_es": "Yuen Long", "region": "Nuevos Territorios", "area_km2_poligono": 0.0826 }, "geometry": { "type": "Polygon", "coordinates": [ [ [ 114.024626353841782, 22.450781674294955 ], [ 114.026157230122465, 22.449616424888504 ], [ 114.025932212234608, 22.44871812061411 ], [ 114.02523108004192, 22.449219667171029 ], [ 114.024286145803899, 22.44928624870904 ], [ 114.023060433059896, 22.449846398785194 ], [ 114.022287179675928, 22.450440620727626 ], [ 114.02376322137394, 22.452779715157227 ], [ 114.024374729622281, 22.452909049785205 ], [ 114.024570360555813, 22.452174537325238 ], [ 114.025039218543753, 22.451652903108897 ], [ 114.024626353841782, 22.450781674294955 ] ] ] } },
{ "type": "Feature", "properties": { "codigo_dcca": "M10", "nombre_en": "Shap Pat Heung North", "nombre_zh": "十八鄉北", "codigo": "M", "distrito_en": "Yuen Long", "distrito_es": "Yuen Long", "region": "Nuevos Territorios", "area_km2_poligono": 1.8967 }, "geometry": { "type": "Polygon", "coordinates": [ [ [ 114.049525442694616, 22.4475197791533 ], [ 114.047339885234337, 22.449006130576745 ], [ 114.043151675720964, 22.448882961620576 ], [ 114.041497274547254, 22.44814721998587 ], [ 114.040235486860865, 22.446976860466201 ], [ 114.039625410950748, 22.445402636304941 ], [ 114.039585412120402, 22.44478511917093 ], [ 114.03997664438505, 22.44458213106142 ], [ 114.039977631510268, 22.444359224604455 ], [ 114.036081623181474, 22.444405460736498 ], [ 114.035937189111863, 22.445902869766062 ], [ 114.033975347524091, 22.445942017170079 ], [ 114.032242803852483, 22.446325866310101 ], [ 114.031658985451116, 22.446727693183675 ], [ 114.031798565293357, 22.44742108486906 ], [ 114.031387872268127, 22.447652589687003 ], [ 114.031734459827717, 22.447698622694766 ], [ 114.032123935708057, 22.448711897630137 ], [ 114.031596631567865, 22.448858918004163 ], [ 114.032179871509555, 22.449473158764686 ], [ 114.033415917370249, 22.449208658854452 ], [ 114.033873561379835, 22.451538319326797 ], [ 114.03294093845075, 22.451670833773047 ], [ 114.032414122031582, 22.45241565328271 ], [ 114.031665600565063, 22.451861326307434 ], [ 114.031935416274237, 22.451490129294505 ], [ 114.031837976527541, 22.450534387823719 ], [ 114.031395974520819, 22.451043333298088 ], [ 114.031717406336426, 22.451595481033916 ], [ 114.030700969459431, 22.452264847206553 ], [ 114.028247390723692, 22.45288803594687 ], [ 114.030301222113692, 22.455044789590723 ], [ 114.032101763287329, 22.457680967649001 ], [ 114.034036539961818, 22.454699392371616 ], [ 114.035455440917005, 22.454090997799749 ], [ 114.036798281206345, 22.454292454465488 ], [ 114.037324480773648, 22.454672224189924 ], [ 114.038826616176422, 22.457078290521491 ], [ 114.040511871199996, 22.458028612776701 ], [ 114.041607359414925, 22.45792938724076 ], [ 114.045588251715316, 22.456229653934734 ], [ 114.046422169439666, 22.45648726371585 ], [ 114.047718737136137, 22.457830173288812 ], [ 114.048579679467579, 22.457927485465451 ], [ 114.049052950525322, 22.457295261688508 ], [ 114.04892829281853, 22.456339888434115 ], [ 114.047945283883038, 22.454636383230422 ], [ 114.047781175909265, 22.453939852585513 ], [ 114.049193495871449, 22.452179735109183 ], [ 114.049273650570484, 22.450125059259637 ], [ 114.049945331171287, 22.449192591455041 ], [ 114.049525442694616, 22.4475197791533 ] ] ] } },
{ "type": "Feature", "properties": { "codigo_dcca": "M14", "nombre_en": "Hung Fuk", "nombre_zh": "洪福", "codigo": "M", "distrito_en": "Yuen Long", "distrito_es": "Yuen Long", "region": "Nuevos Territorios", "area_km2_poligono": 0.1215 }, "geometry": { "type": "Polygon", "coordinates": [ [ [ 113.998704002710028, 22.439357533490384 ], [ 113.999470016240409, 22.437030005723521 ], [ 113.997354624763474, 22.435648947042683 ], [ 113.996133067878333, 22.435122012500635 ], [ 113.99576193978433, 22.435848141233556 ], [ 113.99631236340781, 22.436427490802988 ], [ 113.996358154330494, 22.436969151140691 ], [ 113.996125315476036, 22.437533139129918 ], [ 113.995307499410643, 22.437990877323092 ], [ 113.995640307695083, 22.438966815065136 ], [ 113.998704002710028, 22.439357533490384 ] ] ] } },
{ "type": "Feature", "properties": { "codigo_dcca": "M17", "nombre_en": "Shing Yan", "nombre_zh": "盛欣", "codigo": "M", "distrito_en": "Yuen Long", "distrito_es": "Yuen Long", "region": "Nuevos Territorios", "area_km2_poligono": 0.0995 }, "geometry": { "type": "Polygon", "coordinates": [ [ [ 114.003002188515737, 22.447964999982322 ], [ 114.003598636169926, 22.448462625837628 ], [ 114.00530325420128, 22.44523830374586 ], [ 114.002840992348197, 22.444966670267544 ], [ 114.001935466072439, 22.447081067819614 ], [ 114.001544882596903, 22.447128949056207 ], [ 114.001249904350928, 22.447601663168427 ], [ 114.000931503639308, 22.447486283059501 ], [ 114.00060172404018, 22.448055008953954 ], [ 114.002459320083616, 22.448862240445795 ], [ 114.003002188515737, 22.447964999982322 ] ] ] } },
{ "type": "Feature", "properties": { "codigo_dcca": "Q09", "nombre_en": "Wai King", "nombre_zh": "維景", "codigo": "Q", "distrito_en": "Sai Kung", "distrito_es": "Sai Kung", "region": "Nuevos Territorios", "area_km2_poligono": 1.5236 }, "geometry": { "type": "Polygon", "coordinates": [ [ [ 114.248296208149583, 22.30429473174776 ], [ 114.2485811619228, 22.303720674787165 ], [ 114.24959453688075, 22.302935906152989 ], [ 114.250184389456635, 22.302662834893773 ], [ 114.250837111498939, 22.302655539737344 ], [ 114.251399437526644, 22.30289406054834 ], [ 114.253657493327239, 22.304767598253704 ], [ 114.255609183867293, 22.305642414119081 ], [ 114.25554604039543, 22.299316007587677 ], [ 114.255261116039421, 22.298519799157233 ], [ 114.254523934318925, 22.297155745624988 ], [ 114.25424957947321, 22.296995357596643 ], [ 114.254236456090439, 22.29716605148511 ], [ 114.252230801498655, 22.295480465323759 ], [ 114.251864094802556, 22.295443709108078 ], [ 114.251563286040593, 22.295691033929224 ], [ 114.251726000572461, 22.295075919789493 ], [ 114.251495136342371, 22.294638781786102 ], [ 114.251114385390338, 22.294354672699502 ], [ 114.250719205374224, 22.294586533588337 ], [ 114.250649094970868, 22.293668106552598 ], [ 114.2492931750824, 22.292383263244226 ], [ 114.248880891291122, 22.292581280581832 ], [ 114.248704867338674, 22.292484270443097 ], [ 114.248882404541632, 22.292201542357091 ], [ 114.248672424425351, 22.292195404315553 ], [ 114.248629454923105, 22.292518692422231 ], [ 114.248293039703498, 22.292188410529878 ], [ 114.24830369300463, 22.291478833881644 ], [ 114.247303271253941, 22.290929523273469 ], [ 114.247409595769994, 22.290789908816947 ], [ 114.246890718937379, 22.289846090449295 ], [ 114.24636676070692, 22.289718974957815 ], [ 114.246226219940681, 22.289327900759304 ], [ 114.245701766321574, 22.289036173112198 ], [ 114.245062038911811, 22.289136096229129 ], [ 114.24499967162032, 22.288854926869 ], [ 114.245440830809457, 22.28874092803489 ], [ 114.245552297429924, 22.288360799965034 ], [ 114.245201397026065, 22.288120191697104 ], [ 114.244884379449601, 22.288372450931714 ], [ 114.244966829559033, 22.287705053160458 ], [ 114.243670895195621, 22.286218105681762 ], [ 114.243170370637827, 22.286596502289175 ], [ 114.241966646288873, 22.286345233947632 ], [ 114.241923341053692, 22.2870208415411 ], [ 114.242348054740702, 22.28729352201329 ], [ 114.241665318212469, 22.287987149534928 ], [ 114.241070308045494, 22.289213067659748 ], [ 114.241520372293252, 22.290179391390993 ], [ 114.241038322594775, 22.291461678318868 ], [ 114.241210972849629, 22.291749704809291 ], [ 114.241057878843037, 22.292125719253651 ], [ 114.241523907258468, 22.292272570723249 ], [ 114.241555146386219, 22.29282404922234 ], [ 114.241980965921726, 22.292871054797889 ], [ 114.242249753591651, 22.293418753088591 ], [ 114.242155068496018, 22.294208834921807 ], [ 114.242644279215924, 22.294211788946438 ], [ 114.244152695156373, 22.295004049408352 ], [ 114.244654387573391, 22.29510587744722 ], [ 114.24413369207987, 22.294797039416885 ], [ 114.244976813811803, 22.294628374905972 ], [ 114.245442087550288, 22.295012892187366 ], [ 114.244821776460611, 22.2959074733036 ], [ 114.245436523881892, 22.296537054864313 ], [ 114.245219719141076, 22.297795083927625 ], [ 114.244770542166734, 22.298124853907094 ], [ 114.24485638199171, 22.298392819462727 ], [ 114.244380353777458, 22.299255667644974 ], [ 114.244386897772657, 22.299746532882168 ], [ 114.243705306070837, 22.300381938166272 ], [ 114.24387329400983, 22.30172506380401 ], [ 114.244117135826485, 22.301442331856851 ], [ 114.244693418805596, 22.301777867971278 ], [ 114.245363416187843, 22.301640880969284 ], [ 114.246307908583574, 22.301774809573999 ], [ 114.24784581448931, 22.303185212406444 ], [ 114.248296208149583, 22.30429473174776 ] ] ] } },
{ "type": "Feature", "properties": { "codigo_dcca": "Q08", "nombre_en": "Do Shin", "nombre_zh": "都善", "codigo": "Q", "distrito_en": "Sai Kung", "distrito_es": "Sai Kung", "region": "Nuevos Territorios", "area_km2_poligono": 0.082 }, "geometry": { "type": "Polygon", "coordinates": [ [ [ 114.248555689887311, 22.303749602060936 ], [ 114.248621069553366, 22.303987107137299 ], [ 114.249642277812882, 22.304129281089409 ], [ 114.250735569152368, 22.304644959174528 ], [ 114.252312431587924, 22.305897967358401 ], [ 114.25330604852644, 22.304483516976195 ], [ 114.251399437526644, 22.30289406054834 ], [ 114.250775004536678, 22.302644315918922 ], [ 114.250037924871506, 22.302700766389613 ], [ 114.248555689887311, 22.303749602060936 ] ] ] } },
{ "type": "Feature", "properties": { "codigo_dcca": "Q07", "nombre_en": "Kin Ming", "nombre_zh": "健明", "codigo": "Q", "distrito_en": "Sai Kung", "distrito_es": "Sai Kung", "region": "Nuevos Territorios", "area_km2_poligono": 0.1029 }, "geometry": { "type": "Polygon", "coordinates": [ [ [ 114.25194655939859, 22.306565155647021 ], [ 114.25139376387493, 22.306210101582447 ], [ 114.250653957530318, 22.306487137650251 ], [ 114.250248186763883, 22.305518319905374 ], [ 114.250960136534744, 22.304801887204846 ], [ 114.249821754931133, 22.304187892786086 ], [ 114.24851282452569, 22.303819819799916 ], [ 114.248296208149583, 22.30429473174776 ], [ 114.248382123586381, 22.304766678509047 ], [ 114.24915124965554, 22.307082877156795 ], [ 114.249918541988151, 22.308064475825262 ], [ 114.250715084395537, 22.30832173996691 ], [ 114.251778207991919, 22.307806625325735 ], [ 114.252143427208466, 22.307452628140908 ], [ 114.25194655939859, 22.306565155647021 ] ] ] } },
{ "type": "Feature", "properties": { "codigo_dcca": "Q10", "nombre_en": "Hoi Chun", "nombre_zh": "海晉", "codigo": "Q", "distrito_en": "Sai Kung", "distrito_es": "Sai Kung", "region": "Nuevos Territorios", "area_km2_poligono": 0.5194 }, "geometry": { "type": "Polygon", "coordinates": [ [ [ 114.264264854461985, 22.30858315582655 ], [ 114.264560155564581, 22.308651945528137 ], [ 114.26439428870178, 22.307997389311925 ], [ 114.265329294214482, 22.305794020294879 ], [ 114.265355905392582, 22.305162703444733 ], [ 114.263485752947034, 22.301759111883133 ], [ 114.262789328382155, 22.301342539216563 ], [ 114.260788608699386, 22.301316874344057 ], [ 114.26068330362061, 22.300521413482898 ], [ 114.26061862678381, 22.301310360842535 ], [ 114.260306978042905, 22.30130811031583 ], [ 114.260108320544859, 22.301599332110651 ], [ 114.25943580370037, 22.301321560280211 ], [ 114.259323392322401, 22.300525352595088 ], [ 114.259279928407977, 22.301324628699064 ], [ 114.256832874904575, 22.301272771871609 ], [ 114.256139311477369, 22.30081403234767 ], [ 114.25554604039543, 22.299316007587677 ], [ 114.255609183867293, 22.305642414119081 ], [ 114.261440844507433, 22.307628511042456 ], [ 114.261569952935488, 22.304708914571162 ], [ 114.262989885130409, 22.304711417665573 ], [ 114.263676395333121, 22.305342074038482 ], [ 114.264264854461985, 22.30858315582655 ] ] ] } },
{ "type": "Feature", "properties": { "codigo_dcca": "Q29", "nombre_en": "Wan Po South", "nombre_zh": "環保南", "codigo": "Q", "distrito_en": "Sai Kung", "distrito_es": "Sai Kung", "region": "Nuevos Territorios", "area_km2_poligono": 5.7244 }, "geometry": { "type": "Polygon", "coordinates": [ [ [ 114.275627574773083, 22.29637271168319 ], [ 114.275117635565593, 22.294216655682785 ], [ 114.275190221160713, 22.291204865514818 ], [ 114.276673940642553, 22.288930871844499 ], [ 114.276334485381511, 22.287306435677671 ], [ 114.275560171217151, 22.28625045220792 ], [ 114.275713209883733, 22.283576734621001 ], [ 114.275294556989152, 22.281767034893395 ], [ 114.274315805933313, 22.279888062815964 ], [ 114.273983630062602, 22.277745446815455 ], [ 114.270518409207185, 22.277399225827367 ], [ 114.271029202558836, 22.278159932657775 ], [ 114.271114300799255, 22.278901036214286 ], [ 114.270790646189141, 22.279938328519734 ], [ 114.26942856362345, 22.281646631432874 ], [ 114.268161996935717, 22.282202822805409 ], [ 114.267653707407092, 22.28180214805958 ], [ 114.254138308859623, 22.281874329309375 ], [ 114.251937575943003, 22.278171907508188 ], [ 114.244233723643504, 22.28228996231368 ], [ 114.244227583590501, 22.285634765552008 ], [ 114.243670895195621, 22.286218105681733 ], [ 114.244966829559033, 22.287705053160458 ], [ 114.244884379449601, 22.288372450931707 ], [ 114.245201397026037, 22.288120191697086 ], [ 114.245552297429924, 22.288360799965034 ], [ 114.245440830809457, 22.28874092803488 ], [ 114.244999671620334, 22.288854926869003 ], [ 114.245062038911811, 22.289136096229093 ], [ 114.245701766321574, 22.289036173112191 ], [ 114.246226219940681, 22.289327900759293 ], [ 114.24636676070692, 22.289718974957815 ], [ 114.246890718937379, 22.289846090449277 ], [ 114.247409595769952, 22.290789908816912 ], [ 114.247303271253941, 22.290929523273469 ], [ 114.248303693004615, 22.291478833881634 ], [ 114.248293039703469, 22.292188410529864 ], [ 114.248629454923105, 22.292518692422217 ], [ 114.248672424425322, 22.292195404315532 ], [ 114.248882404541646, 22.292201542357073 ], [ 114.24870486733866, 22.292484270443087 ], [ 114.248880891291122, 22.292581280581828 ], [ 114.249293175082386, 22.292383263244211 ], [ 114.250649094970854, 22.293668106552602 ], [ 114.250719205374182, 22.294586533588326 ], [ 114.251114385390366, 22.294354672699502 ], [ 114.251495136342371, 22.29463878178608 ], [ 114.251726000572461, 22.295075919789493 ], [ 114.251600946516319, 22.295723734501085 ], [ 114.251864094802556, 22.295443709108078 ], [ 114.252230801498612, 22.295480465323742 ], [ 114.254236456090439, 22.297166051485082 ], [ 114.254249579473239, 22.296995357596643 ], [ 114.254523934318925, 22.297155745624977 ], [ 114.255990885564813, 22.300551124457645 ], [ 114.256493063087774, 22.301133371018409 ], [ 114.257194022426987, 22.301334444026459 ], [ 114.259279928407977, 22.301324628699053 ], [ 114.259323392322401, 22.300525352595088 ], [ 114.25943580370037, 22.301321560280211 ], [ 114.260108320544859, 22.30159933211063 ], [ 114.260306978042905, 22.301308110315819 ], [ 114.26061862678381, 22.301310360842564 ], [ 114.26068330362061, 22.300521413482873 ], [ 114.2607886086994, 22.301316874344057 ], [ 114.262789328382141, 22.301342539216545 ], [ 114.2633503529498, 22.301618207338315 ], [ 114.265355905392582, 22.305162703444712 ], [ 114.265329294214496, 22.305794020294851 ], [ 114.264394288701766, 22.307997389311925 ], [ 114.264621704279193, 22.308811049821909 ], [ 114.26487044129432, 22.308968571198157 ], [ 114.265065136527141, 22.308487188663459 ], [ 114.265819241647975, 22.30805969256469 ], [ 114.266155793032169, 22.307121426908544 ], [ 114.265983231146649, 22.306028015373062 ], [ 114.266904326233188, 22.305694737891905 ], [ 114.263890987187921, 22.300244940643342 ], [ 114.263918425626528, 22.298089843144126 ], [ 114.264520540377276, 22.297063144725634 ], [ 114.265303252740594, 22.296419875729459 ], [ 114.266615207479177, 22.295890105722126 ], [ 114.266705576278042, 22.295650491594195 ], [ 114.266706869046899, 22.29583584421162 ], [ 114.267174054847104, 22.295835584788197 ], [ 114.267496811009309, 22.296301501786591 ], [ 114.272111237845593, 22.297949978691037 ], [ 114.272344761185764, 22.29754258798663 ], [ 114.271592349121434, 22.296554114039683 ], [ 114.271060890141499, 22.295109074041989 ], [ 114.271782465286009, 22.294640443244287 ], [ 114.272450124567754, 22.295306745249611 ], [ 114.273836043489553, 22.295742679226041 ], [ 114.274140239102962, 22.29623873822927 ], [ 114.275627574773083, 22.29637271168319 ] ] ] } },
{ "type": "Feature", "properties": { "codigo_dcca": "Q06", "nombre_en": "Choi Kin", "nombre_zh": "彩健", "codigo": "Q", "distrito_en": "Sai Kung", "distrito_es": "Sai Kung", "region": "Nuevos Territorios", "area_km2_poligono": 0.1577 }, "geometry": { "type": "Polygon", "coordinates": [ [ [ 114.255609183867293, 22.305642414119081 ], [ 114.25330604852644, 22.304483516976195 ], [ 114.252312431587882, 22.305897967358398 ], [ 114.250960136534786, 22.304801887204846 ], [ 114.250248186763883, 22.305518319905357 ], [ 114.250653957530318, 22.306487137650237 ], [ 114.251393763874901, 22.306210101582447 ], [ 114.251974263925376, 22.306449840070346 ], [ 114.251980076659251, 22.307083550926308 ], [ 114.25238396874181, 22.307686607552476 ], [ 114.254004733386324, 22.308735968009557 ], [ 114.255615522168597, 22.309277219271141 ], [ 114.255609183867293, 22.305642414119081 ] ] ] } },
{ "type": "Feature", "properties": { "codigo_dcca": "Q13", "nombre_en": "O Tong", "nombre_zh": "澳唐", "codigo": "Q", "distrito_en": "Sai Kung", "distrito_es": "Sai Kung", "region": "Nuevos Territorios", "area_km2_poligono": 0.1027 }, "geometry": { "type": "Polygon", "coordinates": [ [ [ 114.258611527916628, 22.306662081796865 ], [ 114.255609183867293, 22.305642414119081 ], [ 114.255620598312959, 22.309450721718981 ], [ 114.257249348463006, 22.310012158427941 ], [ 114.258611527916628, 22.306662081796865 ] ] ] } },
{ "type": "Feature", "properties": { "codigo_dcca": "Q12", "nombre_en": "Fu Kwan", "nombre_zh": "富君", "codigo": "Q", "distrito_en": "Sai Kung", "distrito_es": "Sai Kung", "region": "Nuevos Territorios", "area_km2_poligono": 0.1869 }, "geometry": { "type": "Polygon", "coordinates": [ [ [ 114.262189867309544, 22.307888779328909 ], [ 114.258611527916628, 22.306662081796865 ], [ 114.257249348463006, 22.310012158427941 ], [ 114.262025896794299, 22.311629312269048 ], [ 114.263136848507315, 22.309878017226183 ], [ 114.261592350697043, 22.309354271334655 ], [ 114.262189867309544, 22.307888779328909 ] ] ] } },
{ "type": "Feature", "properties": { "codigo_dcca": "Q28", "nombre_en": "Wan Po North", "nombre_zh": "環保北", "codigo": "Q", "distrito_en": "Sai Kung", "distrito_es": "Sai Kung", "region": "Nuevos Territorios", "area_km2_poligono": 1.0864 }, "geometry": { "type": "Polygon", "coordinates": [ [ [ 114.275627574773083, 22.29637271168319 ], [ 114.274140239102962, 22.29623873822927 ], [ 114.273836043489553, 22.295742679226041 ], [ 114.272450124567754, 22.295306745249611 ], [ 114.271782465286009, 22.294640443244287 ], [ 114.271060890141499, 22.295109074041989 ], [ 114.271592349121434, 22.296554114039683 ], [ 114.272344761185764, 22.29754258798663 ], [ 114.272111237845593, 22.297949978691037 ], [ 114.267496811009309, 22.296301501786591 ], [ 114.267174054847104, 22.295835584788197 ], [ 114.266706869046899, 22.29583584421162 ], [ 114.266705576278042, 22.295650491594195 ], [ 114.266615207479177, 22.295890105722126 ], [ 114.265009634519899, 22.296616595859838 ], [ 114.264048630974202, 22.297652447802211 ], [ 114.263827968989546, 22.29970240643328 ], [ 114.26395293151171, 22.300447780012178 ], [ 114.266904326233188, 22.305694737891905 ], [ 114.265983231146649, 22.306028015373062 ], [ 114.266155793032169, 22.307121426908544 ], [ 114.265819241647975, 22.30805969256469 ], [ 114.265065136527141, 22.308487188663459 ], [ 114.264717451067241, 22.309345835175552 ], [ 114.26488673411032, 22.309970994873481 ], [ 114.264445740257457, 22.310882321608535 ], [ 114.265524662232522, 22.31182731083284 ], [ 114.265967407225872, 22.311464083316817 ], [ 114.26674450662685, 22.309655286421531 ], [ 114.267882338798415, 22.308373724542349 ], [ 114.268465145823924, 22.307035269200718 ], [ 114.270150864292077, 22.30544293569427 ], [ 114.270997246738332, 22.304053359342031 ], [ 114.272147184315031, 22.303001001761526 ], [ 114.272413053374663, 22.302367014311791 ], [ 114.274038554887412, 22.302604013964334 ], [ 114.274308560014418, 22.302223835100737 ], [ 114.27415950005269, 22.301601192139238 ], [ 114.274763847082525, 22.3010089264653 ], [ 114.274917683789582, 22.300033031372497 ], [ 114.274829213056918, 22.299582918098732 ], [ 114.273918723120943, 22.298535932983764 ], [ 114.274214308149325, 22.298192863635318 ], [ 114.275830313490161, 22.297894634202372 ], [ 114.275920727054597, 22.297436248502454 ], [ 114.275627574773083, 22.29637271168319 ] ] ] } },
{ "type": "Feature", "properties": { "codigo_dcca": "Q14", "nombre_en": "Sheung Tak", "nombre_zh": "尚德", "codigo": "Q", "distrito_en": "Sai Kung", "distrito_es": "Sai Kung", "region": "Nuevos Territorios", "area_km2_poligono": 0.0859 }, "geometry": { "type": "Polygon", "coordinates": [ [ [ 114.262025897605142, 22.311629313110849 ], [ 114.256569313940219, 22.309783912650122 ], [ 114.255620599408104, 22.309450722525373 ], [ 114.255789297890701, 22.310574869045961 ], [ 114.256302700314791, 22.311791608735046 ], [ 114.256922577132002, 22.311383662520946 ], [ 114.257399956018375, 22.311702747859304 ], [ 114.257491353072666, 22.311468503288502 ], [ 114.259283664919437, 22.312085222282654 ], [ 114.259486398076177, 22.311616702096018 ], [ 114.261334081447558, 22.312316045532214 ], [ 114.262025897605142, 22.311629313110849 ] ] ] } },
{ "type": "Feature", "properties": { "codigo_dcca": "Q27", "nombre_en": "Kwan Po", "nombre_zh": "軍寶", "codigo": "Q", "distrito_en": "Sai Kung", "distrito_es": "Sai Kung", "region": "Nuevos Territorios", "area_km2_poligono": 0.2831 }, "geometry": { "type": "Polygon", "coordinates": [ [ [ 114.264374428588766, 22.312911480755673 ], [ 114.266248976653785, 22.314825801686009 ], [ 114.267484809261333, 22.313763533295528 ], [ 114.264445740257457, 22.310882321608535 ], [ 114.264886734110334, 22.309970994873463 ], [ 114.264717451067241, 22.309345835175545 ], [ 114.264924876023983, 22.309027330840454 ], [ 114.264560155564581, 22.308651945528137 ], [ 114.262189867309559, 22.307888779328923 ], [ 114.261592350697043, 22.309354271334666 ], [ 114.263136848507315, 22.3098780172262 ], [ 114.262996860481451, 22.310228054412814 ], [ 114.262025896794299, 22.311629312269044 ], [ 114.258878539413885, 22.314843451775069 ], [ 114.260014906535318, 22.315991519056372 ], [ 114.264374428588766, 22.312911480755673 ] ] ] } },
{ "type": "Feature", "properties": { "codigo_dcca": "Q15", "nombre_en": "Kwong Ming", "nombre_zh": "廣明", "codigo": "Q", "distrito_en": "Sai Kung", "distrito_es": "Sai Kung", "region": "Nuevos Territorios", "area_km2_poligono": 0.2736 }, "geometry": { "type": "Polygon", "coordinates": [ [ [ 114.261334081447558, 22.312316045532214 ], [ 114.259486398076177, 22.311616702096018 ], [ 114.259283664919437, 22.312085222282654 ], [ 114.257491353072666, 22.311468503288502 ], [ 114.257399956018375, 22.311702747859304 ], [ 114.256922577132002, 22.311383662520946 ], [ 114.256302700314791, 22.311791608735046 ], [ 114.255825961865071, 22.31069064116781 ], [ 114.254548255756077, 22.310734731974467 ], [ 114.254184529458342, 22.312816034124317 ], [ 114.254452513193385, 22.314036481122841 ], [ 114.255144721152249, 22.31535074132622 ], [ 114.255055725770731, 22.315622261523536 ], [ 114.257469284763317, 22.316490192769873 ], [ 114.261334081447558, 22.312316045532214 ] ] ] } },
{ "type": "Feature", "properties": { "codigo_dcca": "Q25", "nombre_en": "Tak Ming", "nombre_zh": "德明", "codigo": "Q", "distrito_en": "Sai Kung", "distrito_es": "Sai Kung", "region": "Nuevos Territorios", "area_km2_poligono": 0.0851 }, "geometry": { "type": "Polygon", "coordinates": [ [ [ 114.2703111612079, 22.316478384708102 ], [ 114.267484809261305, 22.313763533295525 ], [ 114.266248976653785, 22.314825801685966 ], [ 114.265508819588973, 22.314019469155031 ], [ 114.264832374072867, 22.314662174665635 ], [ 114.265439109813016, 22.315089226085512 ], [ 114.265943313062095, 22.315079874059894 ], [ 114.266903139711289, 22.316115730534253 ], [ 114.267371937440984, 22.315756250631861 ], [ 114.269108893844646, 22.317429904054652 ], [ 114.2703111612079, 22.316478384708102 ] ] ] } },
{ "type": "Feature", "properties": { "codigo_dcca": "Q26", "nombre_en": "Nam On", "nombre_zh": "南安", "codigo": "Q", "distrito_en": "Sai Kung", "distrito_es": "Sai Kung", "region": "Nuevos Territorios", "area_km2_poligono": 0.1667 }, "geometry": { "type": "Polygon", "coordinates": [ [ [ 114.266558335372082, 22.316345939856458 ], [ 114.265688226866828, 22.315337431047226 ], [ 114.264333800387163, 22.316538333094066 ], [ 114.263543376309485, 22.315648476871093 ], [ 114.265508819588973, 22.314019469155031 ], [ 114.264456530087244, 22.312837837071992 ], [ 114.260014906535318, 22.315991519056357 ], [ 114.261984223617361, 22.318145213790334 ], [ 114.264078505810062, 22.316657015213362 ], [ 114.265241421023163, 22.317471883720025 ], [ 114.266558335372082, 22.316345939856458 ] ] ] } },
{ "type": "Feature", "properties": { "codigo_dcca": "Q23", "nombre_en": "Hau Tak", "nombre_zh": "厚德", "codigo": "Q", "distrito_en": "Sai Kung", "distrito_es": "Sai Kung", "region": "Nuevos Territorios", "area_km2_poligono": 0.115 }, "geometry": { "type": "Polygon", "coordinates": [ [ [ 114.265573664611935, 22.31911997423261 ], [ 114.265448000453929, 22.31813392985157 ], [ 114.267076461060199, 22.318133131035832 ], [ 114.267041492850652, 22.318861241634398 ], [ 114.268038597100428, 22.31828644682551 ], [ 114.267451512881578, 22.317678186587155 ], [ 114.267742716261139, 22.317451870550858 ], [ 114.266558335372082, 22.316345939856458 ], [ 114.265241421023163, 22.317471883720025 ], [ 114.264078505810062, 22.316657015213362 ], [ 114.261984223617361, 22.318145213790334 ], [ 114.262732701152061, 22.319460431207272 ], [ 114.265573664611935, 22.31911997423261 ] ] ] } },
{ "type": "Feature", "properties": { "codigo_dcca": "Q24", "nombre_en": "Fu Nam", "nombre_zh": "富藍", "codigo": "Q", "distrito_en": "Sai Kung", "distrito_es": "Sai Kung", "region": "Nuevos Territorios", "area_km2_poligono": 0.175 }, "geometry": { "type": "Polygon", "coordinates": [ [ [ 114.2703111612079, 22.316478384708102 ], [ 114.269108893844646, 22.317429904054652 ], [ 114.267371937440984, 22.315756250631861 ], [ 114.266903139711289, 22.316115730534253 ], [ 114.265943313062095, 22.315079874059894 ], [ 114.265439109813016, 22.315089226085512 ], [ 114.264951904111768, 22.31467039984226 ], [ 114.263543376309485, 22.315648476871093 ], [ 114.264333800387163, 22.316538333094066 ], [ 114.265688226866828, 22.315337431047226 ], [ 114.267742716261139, 22.317451870550858 ], [ 114.267451512881578, 22.317678186587155 ], [ 114.268038597100428, 22.31828644682551 ], [ 114.267041492850652, 22.318861241634398 ], [ 114.267076461060199, 22.318133131035832 ], [ 114.265448000453929, 22.31813392985157 ], [ 114.265724431881182, 22.320307738894527 ], [ 114.266753940022824, 22.320171278932289 ], [ 114.267093447208339, 22.319885326418145 ], [ 114.267674836075983, 22.3203649231756 ], [ 114.267916430390002, 22.31994859502532 ], [ 114.269032532246996, 22.319637402337332 ], [ 114.269684513459154, 22.319214398839723 ], [ 114.270796043028398, 22.318177191612676 ], [ 114.27086713244654, 22.317298745110932 ], [ 114.2703111612079, 22.316478384708102 ] ] ] } },
{ "type": "Feature", "properties": { "codigo_dcca": "Q22", "nombre_en": "King Lam", "nombre_zh": "景林", "codigo": "Q", "distrito_en": "Sai Kung", "distrito_es": "Sai Kung", "region": "Nuevos Territorios", "area_km2_poligono": 0.1349 }, "geometry": { "type": "Polygon", "coordinates": [ [ [ 114.262732701152061, 22.319460431207272 ], [ 114.261625836463836, 22.317699091815573 ], [ 114.258363237236196, 22.321460253093665 ], [ 114.260513386486963, 22.322981587734176 ], [ 114.262151227934041, 22.321203253119407 ], [ 114.262732701152061, 22.319460431207272 ] ] ] } },
{ "type": "Feature", "properties": { "codigo_dcca": "Q21", "nombre_en": "Wan Hang", "nombre_zh": "運亨", "codigo": "Q", "distrito_en": "Sai Kung", "distrito_es": "Sai Kung", "region": "Nuevos Territorios", "area_km2_poligono": 0.2146 }, "geometry": { "type": "Polygon", "coordinates": [ [ [ 114.256631421277348, 22.323544952438851 ], [ 114.261625836463878, 22.31769909181557 ], [ 114.260014906535318, 22.315991519056372 ], [ 114.257699536940976, 22.317607892752886 ], [ 114.25643358807109, 22.318811348577579 ], [ 114.255811542530623, 22.320883641593731 ], [ 114.256768223806262, 22.321497348526403 ], [ 114.256132926383273, 22.322663004114521 ], [ 114.256616055614145, 22.323188745249642 ], [ 114.256631421277348, 22.323544952438851 ] ] ] } },
{ "type": "Feature", "properties": { "codigo_dcca": "Q17", "nombre_en": "Tsui Lam", "nombre_zh": "翠林", "codigo": "Q", "distrito_en": "Sai Kung", "distrito_es": "Sai Kung", "region": "Nuevos Territorios", "area_km2_poligono": 0.3339 }, "geometry": { "type": "Polygon", "coordinates": [ [ [ 114.249631151609549, 22.32470175660395 ], [ 114.249186956385302, 22.323337777321516 ], [ 114.24957177634306, 22.322694961559087 ], [ 114.250034562658556, 22.322425072870356 ], [ 114.250023577281993, 22.321796151667051 ], [ 114.250760085146183, 22.319929511086126 ], [ 114.251170264702864, 22.319552215179201 ], [ 114.251864124725429, 22.319387620124573 ], [ 114.251991616870598, 22.318489396686324 ], [ 114.252794239089653, 22.317507587100643 ], [ 114.250946182246125, 22.317179692664556 ], [ 114.250439537427212, 22.317435886534103 ], [ 114.249206784746846, 22.318761174967676 ], [ 114.247977798894439, 22.319061823458799 ], [ 114.246300935781747, 22.31885240873331 ], [ 114.245085962095175, 22.319939404057031 ], [ 114.245401120837968, 22.320624864374857 ], [ 114.245428485841146, 22.321883418761352 ], [ 114.245967462863689, 22.322090604347011 ], [ 114.246441814128119, 22.321703260101671 ], [ 114.246951428058892, 22.322468166002707 ], [ 114.246589764702676, 22.322738472012915 ], [ 114.246536249213747, 22.323568207190693 ], [ 114.246961911660918, 22.323965577058061 ], [ 114.247377181170535, 22.325347816742163 ], [ 114.248244040309729, 22.32569540360889 ], [ 114.249631151609549, 22.32470175660395 ] ] ] } },
{ "type": "Feature", "properties": { "codigo_dcca": "Q16", "nombre_en": "Hong King", "nombre_zh": "康景", "codigo": "Q", "distrito_en": "Sai Kung", "distrito_es": "Sai Kung", "region": "Nuevos Territorios", "area_km2_poligono": 0.4849 }, "geometry": { "type": "Polygon", "coordinates": [ [ [ 114.252958359106614, 22.323384661879338 ], [ 114.254349197193235, 22.322685496109191 ], [ 114.25524888275649, 22.321867994120836 ], [ 114.255801420585158, 22.320913518047394 ], [ 114.256556250201115, 22.318672334635863 ], [ 114.257699536940962, 22.317607892752864 ], [ 114.260014906535318, 22.315991519056357 ], [ 114.258947754414137, 22.314913384108248 ], [ 114.257469283871828, 22.316490191839918 ], [ 114.255055724741979, 22.315622260844975 ], [ 114.254584555590696, 22.316908416692492 ], [ 114.253913184625475, 22.317046146704712 ], [ 114.253686208127775, 22.317619543464172 ], [ 114.252794239089653, 22.317507587100643 ], [ 114.251991616870598, 22.318489396686324 ], [ 114.251864124725429, 22.319387620124573 ], [ 114.250855940718722, 22.319780607125093 ], [ 114.250023577281993, 22.321796151667051 ], [ 114.250034562658556, 22.322425072870356 ], [ 114.24957177634306, 22.322694961559087 ], [ 114.249186956385302, 22.323337777321516 ], [ 114.249799305496254, 22.32548846153238 ], [ 114.250348432742925, 22.325929736664872 ], [ 114.251205950229377, 22.326175817172807 ], [ 114.251890914631645, 22.324272224871901 ], [ 114.252958359106614, 22.323384661879338 ] ] ] } },
{ "type": "Feature", "properties": { "codigo_dcca": "Q19", "nombre_en": "Yan Ying", "nombre_zh": "欣英", "codigo": "Q", "distrito_en": "Sai Kung", "distrito_es": "Sai Kung", "region": "Nuevos Territorios", "area_km2_poligono": 0.1291 }, "geometry": { "type": "Polygon", "coordinates": [ [ [ 114.260513386486963, 22.322981587734176 ], [ 114.258269301813812, 22.321393790038698 ], [ 114.25630024842026, 22.323971527136763 ], [ 114.257308086226672, 22.324743226077718 ], [ 114.257140114204887, 22.325092485871345 ], [ 114.256813962989114, 22.32518072238453 ], [ 114.257354829395538, 22.325973574479708 ], [ 114.25670808619364, 22.326391703308488 ], [ 114.256906731406346, 22.326957867846364 ], [ 114.25787376982359, 22.326488573717075 ], [ 114.258662156725293, 22.325755761430599 ], [ 114.260513386486963, 22.322981587734176 ] ] ] } },
{ "type": "Feature", "properties": { "codigo_dcca": "Q18", "nombre_en": "Po Lam", "nombre_zh": "寶林", "codigo": "Q", "distrito_en": "Sai Kung", "distrito_es": "Sai Kung", "region": "Nuevos Territorios", "area_km2_poligono": 0.2094 }, "geometry": { "type": "Polygon", "coordinates": [ [ [ 114.256906731406346, 22.326957867846364 ], [ 114.25670808619364, 22.326391703308488 ], [ 114.257354829395538, 22.325973574479708 ], [ 114.256813962989114, 22.32518072238453 ], [ 114.257140114204887, 22.325092485871345 ], [ 114.257308086226672, 22.324743226077718 ], [ 114.255482241632791, 22.323381921887098 ], [ 114.253975161514717, 22.324596166848945 ], [ 114.252958359106614, 22.323384661879338 ], [ 114.251890914631645, 22.324272224871901 ], [ 114.251205950229377, 22.326175817172807 ], [ 114.253293852252668, 22.32674581330566 ], [ 114.252703094748227, 22.327387840065494 ], [ 114.252824862321262, 22.327709190398405 ], [ 114.253770157658153, 22.327505439026048 ], [ 114.254501893419572, 22.328294064686904 ], [ 114.25517975236167, 22.327998700409875 ], [ 114.255187856869114, 22.327528591618854 ], [ 114.256906731406346, 22.326957867846364 ] ] ] } },
{ "type": "Feature", "properties": { "codigo_dcca": "Q05", "nombre_en": "Hang Hau West", "nombre_zh": "坑口西", "codigo": "Q", "distrito_en": "Sai Kung", "distrito_es": "Sai Kung", "region": "Nuevos Territorios", "area_km2_poligono": 9.8796 }, "geometry": { "type": "Polygon", "coordinates": [ [ [ 114.265650087810116, 22.343907556481245 ], [ 114.265739707510889, 22.342879757306406 ], [ 114.266200464944902, 22.342554602271125 ], [ 114.266016503950638, 22.342031527089404 ], [ 114.266160188411348, 22.342021559466158 ], [ 114.26618073874937, 22.341868453018058 ], [ 114.265368412380113, 22.341912245663782 ], [ 114.264732395528824, 22.342392819201912 ], [ 114.263340620958417, 22.342010663471225 ], [ 114.262276306558249, 22.340814850233109 ], [ 114.261843737657685, 22.339413236130412 ], [ 114.261336817148305, 22.338844665959943 ], [ 114.261377982373062, 22.337872874233412 ], [ 114.261892109351777, 22.337316764704948 ], [ 114.262051042106037, 22.33643281433185 ], [ 114.261962654838342, 22.334411611550706 ], [ 114.262514950787548, 22.333564153550679 ], [ 114.262048352599294, 22.332261838805259 ], [ 114.262415965045093, 22.331998394850128 ], [ 114.262698305377498, 22.331011429525621 ], [ 114.262368096401048, 22.330686060937037 ], [ 114.264388293041307, 22.32882033085064 ], [ 114.265606131973669, 22.326640021079267 ], [ 114.267195235572061, 22.325103511022643 ], [ 114.267954502064455, 22.324694668977429 ], [ 114.268970707038861, 22.323439828122094 ], [ 114.267950961824795, 22.323891427861252 ], [ 114.267368212411341, 22.323779441008423 ], [ 114.266365090172499, 22.32423690942899 ], [ 114.265899031138943, 22.324127408466776 ], [ 114.265626666483769, 22.32269096376913 ], [ 114.265849841718818, 22.321315077046478 ], [ 114.265573664611935, 22.31911997423261 ], [ 114.262732701152061, 22.319460431207272 ], [ 114.262151227934041, 22.321203253119407 ], [ 114.260233095753563, 22.323316956468741 ], [ 114.258662156725293, 22.325755761430599 ], [ 114.257432905387475, 22.32674662562577 ], [ 114.255187856869114, 22.327528591618854 ], [ 114.25517975236167, 22.327998700409875 ], [ 114.254618602291416, 22.328271107172753 ], [ 114.254332581925638, 22.328241976073375 ], [ 114.254084101617465, 22.327674757569635 ], [ 114.253770157658153, 22.327505439026048 ], [ 114.252824862321262, 22.327709190398405 ], [ 114.252703094748227, 22.327387840065494 ], [ 114.253293852252668, 22.32674581330566 ], [ 114.250172458872456, 22.325843456917941 ], [ 114.249708773965168, 22.325338793254911 ], [ 114.249631151609549, 22.32470175660395 ], [ 114.248244040309729, 22.32569540360889 ], [ 114.247442237873798, 22.325414777284031 ], [ 114.246961911660918, 22.323965577058061 ], [ 114.246536249213747, 22.323568207190693 ], [ 114.246589764702676, 22.322738472012915 ], [ 114.246951428058892, 22.322468166002707 ], [ 114.246441814128119, 22.321703260101671 ], [ 114.245967462863689, 22.322090604347011 ], [ 114.245428485841146, 22.321883418761352 ], [ 114.245401120837968, 22.320624864374857 ], [ 114.245085962095175, 22.319939404057031 ], [ 114.246300935781747, 22.31885240873331 ], [ 114.247977798894439, 22.319061823458799 ], [ 114.249206784746846, 22.318761174967676 ], [ 114.250439537427212, 22.317435886534103 ], [ 114.250946182246125, 22.317179692664556 ], [ 114.253686208127775, 22.317619543464172 ], [ 114.253913184625475, 22.317046146704712 ], [ 114.254584555590696, 22.316908416692492 ], [ 114.255144720146916, 22.315350740202277 ], [ 114.254516175662943, 22.314202558678833 ], [ 114.254204344875674, 22.313005955206886 ], [ 114.254548254912038, 22.310734731040075 ], [ 114.255825960646774, 22.310690640467271 ], [ 114.255615522168597, 22.309277219271141 ], [ 114.254004733386324, 22.308735968009557 ], [ 114.252143427208466, 22.307452628140922 ], [ 114.25101267299604, 22.308244699538466 ], [ 114.250527391500569, 22.308313968728999 ], [ 114.249918541988137, 22.308064475825258 ], [ 114.249151249655512, 22.307082877156763 ], [ 114.24784581448931, 22.303185212406405 ], [ 114.246307908583574, 22.301774809573985 ], [ 114.245363416187843, 22.301640880969284 ], [ 114.244693418805596, 22.301777867971278 ], [ 114.244117135826485, 22.301442331856823 ], [ 114.243576196252533, 22.302365086264839 ], [ 114.242166423049994, 22.302871058167653 ], [ 114.242232468818756, 22.303234983144929 ], [ 114.241377302583416, 22.303986184581131 ], [ 114.241470356829524, 22.304415950261472 ], [ 114.240943116103423, 22.304775126117107 ], [ 114.240714259023875, 22.304679744825233 ], [ 114.24061692171361, 22.305007603186098 ], [ 114.240151726243212, 22.30499176513819 ], [ 114.239956535193059, 22.30532678640806 ], [ 114.240203584408064, 22.305539523412357 ], [ 114.239860046731238, 22.305907528019439 ], [ 114.240126803791455, 22.306262173429111 ], [ 114.240023221686556, 22.306585653967886 ], [ 114.24074469871303, 22.308870682948747 ], [ 114.241868651013277, 22.309244699114682 ], [ 114.241897200655998, 22.310620147539524 ], [ 114.242309583394245, 22.310395679528114 ], [ 114.242634534945665, 22.310783394234772 ], [ 114.242984516569763, 22.310610767402121 ], [ 114.243499390325184, 22.310783935070614 ], [ 114.243538123394501, 22.311394604408729 ], [ 114.244065592135087, 22.311939916049596 ], [ 114.243778640847879, 22.312347043821347 ], [ 114.243881617618868, 22.312594412573112 ], [ 114.244497290598829, 22.312926961477423 ], [ 114.244425766595498, 22.313160468365684 ], [ 114.244716497418125, 22.313504990630094 ], [ 114.245575707564612, 22.313597210369959 ], [ 114.244385798345007, 22.315216101526637 ], [ 114.242138114978331, 22.315373820509752 ], [ 114.241590337013363, 22.316512725896786 ], [ 114.242096459345476, 22.317129980773995 ], [ 114.242451024747638, 22.318692599705656 ], [ 114.243018661502177, 22.319960236803038 ], [ 114.242987966481707, 22.321412395129176 ], [ 114.242835838659829, 22.321651424554066 ], [ 114.241748995272843, 22.320726905342582 ], [ 114.241229188424811, 22.320813715986759 ], [ 114.240666639208172, 22.319607108491272 ], [ 114.239202017664738, 22.319390980448123 ], [ 114.238592301249838, 22.319661508453517 ], [ 114.23777788535125, 22.321077632522243 ], [ 114.237128961058104, 22.321314928122991 ], [ 114.236417396953343, 22.322205634322493 ], [ 114.235608016993893, 22.321990523151051 ], [ 114.234036949308845, 22.322128530663097 ], [ 114.232935278597211, 22.32357832497329 ], [ 114.232623517039087, 22.323708807147419 ], [ 114.231368293992475, 22.327856205171578 ], [ 114.230775247875556, 22.328878313290733 ], [ 114.230278478494355, 22.329122872475594 ], [ 114.230019808939161, 22.330102775552554 ], [ 114.22970613511086, 22.330046996954081 ], [ 114.229254354962691, 22.330537621589247 ], [ 114.229425273045649, 22.331733548996919 ], [ 114.228499322507972, 22.332925883083426 ], [ 114.228890370484876, 22.333855907318384 ], [ 114.228591395885886, 22.334355583560523 ], [ 114.224931841539771, 22.33414216264746 ], [ 114.224302183776487, 22.334438291950001 ], [ 114.225031782921931, 22.335266909176916 ], [ 114.226231171942416, 22.335607777284171 ], [ 114.226514874133841, 22.335889823747337 ], [ 114.22708052979533, 22.337822029360904 ], [ 114.227065239560687, 22.338577080168264 ], [ 114.227350034649618, 22.339042147287294 ], [ 114.229246744765959, 22.340147672200391 ], [ 114.227958299931331, 22.341716169807327 ], [ 114.227911598219123, 22.342305447095061 ], [ 114.23411040933442, 22.344434677749909 ], [ 114.239700108580138, 22.344406840782909 ], [ 114.242836658049498, 22.343134550449903 ], [ 114.246474651201439, 22.340984023924747 ], [ 114.247042764682675, 22.340390940118443 ], [ 114.246808052618249, 22.340164645349734 ], [ 114.246968128644639, 22.339991956849353 ], [ 114.248036149608808, 22.340975452492852 ], [ 114.248866341623625, 22.342828319932536 ], [ 114.249712640633405, 22.343316693576639 ], [ 114.250730678048328, 22.343370939553175 ], [ 114.252172554957582, 22.342763846042565 ], [ 114.253108825070029, 22.342644764399996 ], [ 114.253650012953443, 22.342716518408391 ], [ 114.254789145679055, 22.343409792397132 ], [ 114.255649370697981, 22.342966752198343 ], [ 114.257054052113489, 22.341528821528406 ], [ 114.257231463516177, 22.342607452427405 ], [ 114.260103060125275, 22.344047279523412 ], [ 114.260655167348091, 22.34463687098572 ], [ 114.265650087810116, 22.343907556481245 ] ] ] } },
{ "type": "Feature", "properties": { "codigo_dcca": "Q04", "nombre_en": "Hang Hau East", "nombre_zh": "坑口東", "codigo": "Q", "distrito_en": "Sai Kung", "distrito_es": "Sai Kung", "region": "Nuevos Territorios", "area_km2_poligono": 388.9162 }, "geometry": { "type": "Polygon", "coordinates": [ [ [ 114.502466378759181, 22.293278794096629 ], [ 114.50246266181189, 22.148458257478996 ], [ 114.309243800008772, 22.148473932705031 ], [ 114.309068687188685, 22.192828357666301 ], [ 114.261582453409773, 22.245735427959236 ], [ 114.261598873162697, 22.273006649592169 ], [ 114.251937575943003, 22.278171907508188 ], [ 114.254138308859623, 22.281874329309375 ], [ 114.267653707407092, 22.28180214805958 ], [ 114.268004464440864, 22.282220963574225 ], [ 114.269417779487071, 22.281655731425786 ], [ 114.270790646189141, 22.279938328519734 ], [ 114.271114300799255, 22.278901036214286 ], [ 114.271029202558836, 22.278159932657775 ], [ 114.270518409207185, 22.277399225827367 ], [ 114.273983630062602, 22.277745446815455 ], [ 114.274315805933313, 22.279888062815964 ], [ 114.275294556989152, 22.281767034893395 ], [ 114.275713209883733, 22.283576734621001 ], [ 114.275560171217151, 22.28625045220792 ], [ 114.276334485381511, 22.287306435677671 ], [ 114.276673940642553, 22.288930871844499 ], [ 114.275190221160713, 22.291204865514818 ], [ 114.275117635565593, 22.294216655682785 ], [ 114.275943574477836, 22.297633354690923 ], [ 114.275552418622595, 22.298063820389935 ], [ 114.274356096915398, 22.298159726448247 ], [ 114.27394798117983, 22.298422075620881 ], [ 114.273921715354547, 22.298652976911619 ], [ 114.274829213056918, 22.299582918098732 ], [ 114.274931391092494, 22.300233881840022 ], [ 114.274721796927608, 22.301092864230188 ], [ 114.274187057401704, 22.301525282398668 ], [ 114.274308560014418, 22.302223835100737 ], [ 114.274038554887412, 22.302604013964334 ], [ 114.272413053374663, 22.302367014311791 ], [ 114.272147184315031, 22.303001001761526 ], [ 114.270997246738332, 22.304053359342031 ], [ 114.270150864292077, 22.30544293569427 ], [ 114.268465145823924, 22.307035269200718 ], [ 114.267882338798415, 22.308373724542349 ], [ 114.26674450662685, 22.309655286421531 ], [ 114.265967407225872, 22.311464083316817 ], [ 114.265524662232522, 22.31182731083284 ], [ 114.2703111612079, 22.316478384708102 ], [ 114.27086713244654, 22.317298745110932 ], [ 114.270847485002534, 22.317903101520979 ], [ 114.270720204960213, 22.318298724035401 ], [ 114.269552854915574, 22.319321233775529 ], [ 114.267916430390002, 22.31994859502532 ], [ 114.267674836075983, 22.3203649231756 ], [ 114.267093447208339, 22.319885326418145 ], [ 114.266753940022824, 22.320171278932289 ], [ 114.265724431881182, 22.320307738894527 ], [ 114.26584516213255, 22.321466143238069 ], [ 114.265621119035501, 22.322590673147712 ], [ 114.265899031138943, 22.324127408466776 ], [ 114.266365090172499, 22.32423690942899 ], [ 114.267368212411341, 22.323779441008423 ], [ 114.267950961824795, 22.323891427861252 ], [ 114.268970707038861, 22.323439828122094 ], [ 114.267954502064455, 22.324694668977429 ], [ 114.267195235572061, 22.325103511022643 ], [ 114.265606131973669, 22.326640021079267 ], [ 114.264388293041307, 22.32882033085064 ], [ 114.262368096401048, 22.330686060937037 ], [ 114.262698305377498, 22.331011429525621 ], [ 114.262415965045093, 22.331998394850128 ], [ 114.262048352599294, 22.332261838805259 ], [ 114.262514950787548, 22.333564153550679 ], [ 114.261962654838342, 22.334411611550706 ], [ 114.262051042106037, 22.33643281433185 ], [ 114.261892109351777, 22.337316764704948 ], [ 114.261377982373062, 22.337872874233412 ], [ 114.261336817148305, 22.338844665959943 ], [ 114.261843737657685, 22.339413236130412 ], [ 114.262276306558249, 22.340814850233109 ], [ 114.263340620958417, 22.342010663471225 ], [ 114.264732395528824, 22.342392819201912 ], [ 114.265368412380113, 22.341912245663782 ], [ 114.26618073874937, 22.341868453018058 ], [ 114.266016503950638, 22.342031527089404 ], [ 114.266200464944902, 22.342554602271125 ], [ 114.265739707510889, 22.342879757306406 ], [ 114.265632018491004, 22.343932888076388 ], [ 114.28784922260273, 22.349963208765946 ], [ 114.342824913725039, 22.293520596702521 ], [ 114.502466378759181, 22.293278794096629 ] ] ] } },
{ "type": "Feature", "properties": { "codigo_dcca": "Q01", "nombre_en": "Sai Kung Central", "nombre_zh": "西貢市中心", "codigo": "Q", "distrito_en": "Sai Kung", "distrito_es": "Sai Kung", "region": "Nuevos Territorios", "area_km2_poligono": 1.5567 }, "geometry": { "type": "Polygon", "coordinates": [ [ [ 114.279716408974224, 22.376777755792059 ], [ 114.275077754265766, 22.375357807483265 ], [ 114.27376952972746, 22.372737089220934 ], [ 114.273025241535763, 22.371953421685287 ], [ 114.27315816290573, 22.371793773210008 ], [ 114.272743902327221, 22.371537181992878 ], [ 114.272691617251596, 22.372375236882633 ], [ 114.271820475940373, 22.372513673747282 ], [ 114.270823110586406, 22.372338585193123 ], [ 114.270199426857033, 22.372985757695897 ], [ 114.269287065871893, 22.373380527172696 ], [ 114.269193078000583, 22.373972242850222 ], [ 114.268183432641848, 22.37488370695613 ], [ 114.265886808418216, 22.375275367641134 ], [ 114.265272399462503, 22.375982297985932 ], [ 114.265093258066116, 22.375683657010931 ], [ 114.263859759707032, 22.376001350663632 ], [ 114.26339329279277, 22.375680520544439 ], [ 114.262475548705297, 22.375700785692423 ], [ 114.264505519025775, 22.377231817319839 ], [ 114.266161536557732, 22.379410680835253 ], [ 114.268457191374878, 22.381069567781935 ], [ 114.270041673627333, 22.381238066217204 ], [ 114.270679267974529, 22.381542622094202 ], [ 114.271044014805682, 22.382321680487131 ], [ 114.270956429759281, 22.385846756583575 ], [ 114.272673830310978, 22.388426559764721 ], [ 114.273126482490099, 22.388617737720217 ], [ 114.274549060201593, 22.388549155773759 ], [ 114.275751967691207, 22.389562550649181 ], [ 114.276268419554683, 22.390288386062025 ], [ 114.276639874141352, 22.390185227564494 ], [ 114.276160629727357, 22.389236578839807 ], [ 114.275958694429207, 22.387565760634434 ], [ 114.276205134787205, 22.386380192432757 ], [ 114.27664553350543, 22.385350840361539 ], [ 114.277550341399461, 22.384258698340989 ], [ 114.279716408974224, 22.376777755792059 ] ] ] } },
{ "type": "Feature", "properties": { "codigo_dcca": "Q02", "nombre_en": "Pak Sha Wan", "nombre_zh": "白沙灣", "codigo": "Q", "distrito_en": "Sai Kung", "distrito_es": "Sai Kung", "region": "Nuevos Territorios", "area_km2_poligono": 23.1146 }, "geometry": { "type": "Polygon", "coordinates": [ [ [ 114.258059725727733, 22.383886180557607 ], [ 114.25823682712128, 22.384084440933467 ], [ 114.258735802934822, 22.383511241849543 ], [ 114.260357266480497, 22.382421359555831 ], [ 114.2601582329346, 22.381964788880396 ], [ 114.260520177167919, 22.381823120934495 ], [ 114.260057953556839, 22.381375093434269 ], [ 114.260573951481788, 22.380668965666707 ], [ 114.260273398716436, 22.380744616089025 ], [ 114.25998506803306, 22.380426700581307 ], [ 114.260643591462312, 22.37844495609658 ], [ 114.260531079497071, 22.377468074310478 ], [ 114.26097158962996, 22.376589735785316 ], [ 114.261153814487486, 22.375557687641734 ], [ 114.261590788293873, 22.375011778554605 ], [ 114.262475548705311, 22.375700785692459 ], [ 114.26339329279277, 22.375680520544439 ], [ 114.263859759707032, 22.376001350663635 ], [ 114.26509325806613, 22.375683657010931 ], [ 114.265272399462532, 22.375982297985935 ], [ 114.265886808418216, 22.375275367641127 ], [ 114.268183432641848, 22.374883706956116 ], [ 114.268650251643493, 22.374603668073902 ], [ 114.269193078000583, 22.373972242850222 ], [ 114.269287065871893, 22.373380527172699 ], [ 114.270199426857033, 22.372985757695908 ], [ 114.27082311058642, 22.372338585193148 ], [ 114.271820475940373, 22.372513673747296 ], [ 114.272691617251596, 22.372375236882668 ], [ 114.272743902327235, 22.371537181992899 ], [ 114.273158162905773, 22.371793773210022 ], [ 114.273025241535763, 22.371953421685301 ], [ 114.273769529727517, 22.372737089220969 ], [ 114.275077754265766, 22.375357807483265 ], [ 114.279716408974224, 22.376777755792091 ], [ 114.28784922260273, 22.349963208765928 ], [ 114.265680901881154, 22.343925979987755 ], [ 114.260655167348105, 22.344636870985759 ], [ 114.260103060125303, 22.344047279523412 ], [ 114.257231463516177, 22.342607452427426 ], [ 114.257054052113489, 22.341528821528414 ], [ 114.255649370697981, 22.342966752198343 ], [ 114.254789145679055, 22.343409792397139 ], [ 114.253650012953443, 22.342716518408391 ], [ 114.253108825070029, 22.342644764399981 ], [ 114.252172554957582, 22.342763846042565 ], [ 114.250730678048328, 22.343370939553196 ], [ 114.249712640633405, 22.343316693576654 ], [ 114.248866341623625, 22.342828319932547 ], [ 114.248036149608822, 22.340975452492891 ], [ 114.246968128644639, 22.339991956849389 ], [ 114.246808052618263, 22.340164645349727 ], [ 114.247042764682703, 22.340390940118443 ], [ 114.246474651201453, 22.340984023924744 ], [ 114.242836658049498, 22.343134550449921 ], [ 114.240356167584267, 22.344264037418977 ], [ 114.239359793351582, 22.344445307232338 ], [ 114.23411040933442, 22.344434677749909 ], [ 114.227911598219137, 22.342305447095058 ], [ 114.227958299931345, 22.341716169807327 ], [ 114.229246744765959, 22.340147672200398 ], [ 114.227350034649618, 22.339042147287298 ], [ 114.227065239560687, 22.338577080168239 ], [ 114.227080529795344, 22.337822029360922 ], [ 114.226514874133855, 22.335889823747337 ], [ 114.22623117194243, 22.335607777284189 ], [ 114.225031782921917, 22.335266909176919 ], [ 114.224302183776516, 22.334438291950008 ], [ 114.224034683042873, 22.33451719534597 ], [ 114.221120456689405, 22.353180042932287 ], [ 114.221451303149962, 22.353994237238517 ], [ 114.221288717854904, 22.354577628645114 ], [ 114.221816106891822, 22.355180940700198 ], [ 114.221714944575524, 22.356543715213238 ], [ 114.222476021618135, 22.356917674335932 ], [ 114.22227381376959, 22.357373205091132 ], [ 114.222337489220394, 22.358409415714299 ], [ 114.224733490235764, 22.358576954740766 ], [ 114.223788565156781, 22.3614769222138 ], [ 114.223799496496312, 22.363587998478792 ], [ 114.223615470887566, 22.364021815841848 ], [ 114.225096134122552, 22.364988561302987 ], [ 114.225722367355118, 22.36733758719345 ], [ 114.226916666423406, 22.369071139557892 ], [ 114.22679619405686, 22.370545881414376 ], [ 114.226994909264747, 22.370736734497019 ], [ 114.22771394456916, 22.370567332009905 ], [ 114.22963219923767, 22.370941367418535 ], [ 114.231810637613123, 22.370761485338949 ], [ 114.23367919815847, 22.371387576978314 ], [ 114.234605477404585, 22.371967027294797 ], [ 114.23528964055852, 22.372746125617773 ], [ 114.237462452760184, 22.373405412922374 ], [ 114.23975071297167, 22.375248564653653 ], [ 114.241533893380875, 22.377199376591925 ], [ 114.242752607681396, 22.379130468895525 ], [ 114.244484632519104, 22.379723041341109 ], [ 114.244708813209442, 22.380489214401631 ], [ 114.245645374689872, 22.381246479576561 ], [ 114.245642533276339, 22.381589685742423 ], [ 114.246288265233218, 22.382428616093129 ], [ 114.246267508504658, 22.383004076806472 ], [ 114.247105178896149, 22.383981386173488 ], [ 114.247471177426632, 22.384870922404978 ], [ 114.247402476153383, 22.385834517536914 ], [ 114.246540075166521, 22.386992666747815 ], [ 114.254444178716682, 22.386741649585684 ], [ 114.254442407079793, 22.38748241750357 ], [ 114.255103129762063, 22.387327331151031 ], [ 114.255688958226102, 22.386765599467534 ], [ 114.25686411904519, 22.386204121132753 ], [ 114.257202903549711, 22.38536140615199 ], [ 114.257231442621773, 22.384293496598627 ], [ 114.258059725727733, 22.383886180557607 ] ] ] } },
{ "type": "Feature", "properties": { "codigo_dcca": "Q03", "nombre_en": "Sai Kung Islands", "nombre_zh": "西貢離島", "codigo": "Q", "distrito_en": "Sai Kung", "distrito_es": "Sai Kung", "region": "Nuevos Territorios", "area_km2_poligono": 330.6551 }, "geometry": { "type": "Polygon", "coordinates": [ [ [ 114.456059586472847, 22.466226298637746 ], [ 114.502468991368318, 22.365128478470016 ], [ 114.502466378759166, 22.293278794096629 ], [ 114.342824913725039, 22.293520596702521 ], [ 114.28784922260273, 22.349963208765928 ], [ 114.2775559323658, 22.384242078716497 ], [ 114.276746169868943, 22.385196302302067 ], [ 114.276241587636491, 22.386242490868192 ], [ 114.275958694429207, 22.387565760634434 ], [ 114.276160629727372, 22.389236578839835 ], [ 114.276639874141338, 22.390185227564512 ], [ 114.276268419554683, 22.390288386062025 ], [ 114.275751967691207, 22.389562550649181 ], [ 114.274549060201636, 22.388549155773756 ], [ 114.273045362634576, 22.388609134763943 ], [ 114.272560117652617, 22.388284848105805 ], [ 114.270956429759281, 22.385846756583575 ], [ 114.271044014805682, 22.382321680487141 ], [ 114.270679267974529, 22.381542622094202 ], [ 114.270041673627347, 22.381238066217225 ], [ 114.268457191374878, 22.381069567781946 ], [ 114.265924654066453, 22.379190584136591 ], [ 114.264701412884847, 22.377456300168962 ], [ 114.263664026041454, 22.37646789141661 ], [ 114.26297402015048, 22.376183916075842 ], [ 114.261590788293873, 22.375011778554605 ], [ 114.261153814487486, 22.375557687641734 ], [ 114.26097158962996, 22.376589735785316 ], [ 114.260531079497071, 22.377468074310478 ], [ 114.260643591462312, 22.37844495609658 ], [ 114.25998506803306, 22.380426700581307 ], [ 114.260273398716436, 22.380744616089025 ], [ 114.260573951481788, 22.380668965666707 ], [ 114.260057953556839, 22.381375093434269 ], [ 114.260520177167919, 22.381823120934495 ], [ 114.2601582329346, 22.381964788880396 ], [ 114.260357266480497, 22.382421359555831 ], [ 114.258735802934822, 22.383511241849543 ], [ 114.25823682712128, 22.384084440933467 ], [ 114.257965093075441, 22.383871306645254 ], [ 114.257353856873735, 22.384168833416155 ], [ 114.25686411904519, 22.386204121132753 ], [ 114.255688958226102, 22.386765599467534 ], [ 114.255132537274534, 22.387316426120154 ], [ 114.254442407079793, 22.38748241750357 ], [ 114.254439725236679, 22.388603761562397 ], [ 114.253450673308578, 22.389132816015341 ], [ 114.252906645410221, 22.389900503693259 ], [ 114.252325821584506, 22.392565886834753 ], [ 114.2524473802561, 22.393600175320319 ], [ 114.258060463210285, 22.398459368074331 ], [ 114.270499470378923, 22.397897039618943 ], [ 114.271725225351389, 22.398142496341443 ], [ 114.272325958487627, 22.397921301850577 ], [ 114.27476318968985, 22.401262229528868 ], [ 114.276733811171979, 22.402818359573001 ], [ 114.281842007985347, 22.4013783530824 ], [ 114.283120424176815, 22.404003485233577 ], [ 114.28435527552287, 22.405181445470092 ], [ 114.285000653198679, 22.406439304981141 ], [ 114.286440353967478, 22.407535476023938 ], [ 114.287298305726623, 22.408957626719101 ], [ 114.287567597471025, 22.40967170850546 ], [ 114.287192646514598, 22.411059805514 ], [ 114.286739698314378, 22.41155988805582 ], [ 114.286695947538036, 22.411934709828632 ], [ 114.28722511269163, 22.413724713983935 ], [ 114.287641430505573, 22.413959113134347 ], [ 114.287651976337528, 22.414336227674916 ], [ 114.288271703052885, 22.415065238288399 ], [ 114.290691181483425, 22.416024123427945 ], [ 114.291029059447411, 22.4166466265279 ], [ 114.292491489559623, 22.415988249212269 ], [ 114.294090962110602, 22.41607243452016 ], [ 114.295296127805742, 22.415556646952311 ], [ 114.296447158850427, 22.415565606180554 ], [ 114.297460211432579, 22.41522463909223 ], [ 114.298207473399017, 22.41518430034283 ], [ 114.299596433168091, 22.415671068324368 ], [ 114.302596583994998, 22.414751373673305 ], [ 114.303623757405433, 22.414967383681148 ], [ 114.305728020401403, 22.416371474496618 ], [ 114.306169434481106, 22.41688777308417 ], [ 114.305579879149832, 22.417811383651166 ], [ 114.305636610160803, 22.418505140335128 ], [ 114.307106938750238, 22.419547901721881 ], [ 114.30680353223606, 22.420523915057242 ], [ 114.306090184285637, 22.421343911757695 ], [ 114.306510319917976, 22.42232599934087 ], [ 114.306114301200338, 22.423788032660301 ], [ 114.306460443698455, 22.425643478990708 ], [ 114.307218314848029, 22.426984271584917 ], [ 114.308004266067513, 22.427708085730995 ], [ 114.308611005708357, 22.427366195444215 ], [ 114.309968649890763, 22.427362770400684 ], [ 114.311180013502721, 22.426808227512986 ], [ 114.313804932452527, 22.426351655654681 ], [ 114.317998516452704, 22.426075885549434 ], [ 114.319248736143365, 22.425204712694793 ], [ 114.319942643145069, 22.424294434370601 ], [ 114.320916693834903, 22.42376630721121 ], [ 114.321676337860524, 22.423677400355345 ], [ 114.322566448295504, 22.422955644175374 ], [ 114.322860231815184, 22.422222033358462 ], [ 114.322320851178603, 22.421407313218211 ], [ 114.32222992965707, 22.42070023770399 ], [ 114.324089549009742, 22.418058967397318 ], [ 114.324767676482253, 22.417435390443558 ], [ 114.331539779525329, 22.414690009636164 ], [ 114.332955526606668, 22.414687392891196 ], [ 114.334285678691231, 22.415151749270279 ], [ 114.334792555499831, 22.415672682629584 ], [ 114.334845799554429, 22.416101559522367 ], [ 114.335699482653737, 22.416442823537956 ], [ 114.336372451736139, 22.417061433487255 ], [ 114.337593035167686, 22.418805170590367 ], [ 114.338519857569892, 22.418448030337235 ], [ 114.339060534156459, 22.418066177267114 ], [ 114.339749831536182, 22.417009046378666 ], [ 114.341712011232602, 22.41536213970474 ], [ 114.34184102305025, 22.414901165490566 ], [ 114.342809426367253, 22.414453698709625 ], [ 114.343442034555792, 22.413575711217181 ], [ 114.343617606667266, 22.412607347021165 ], [ 114.344481429773865, 22.411670093443046 ], [ 114.344731291306985, 22.41104126854049 ], [ 114.34543669263833, 22.410773566572651 ], [ 114.346273902349679, 22.410799213534094 ], [ 114.3469444061991, 22.410390268977373 ], [ 114.348872677574036, 22.410099930412752 ], [ 114.352044969340454, 22.408347095836795 ], [ 114.35205679546047, 22.407887522583231 ], [ 114.351524001318907, 22.406815613861003 ], [ 114.350727146581121, 22.406320014002102 ], [ 114.352307185700283, 22.40580167347504 ], [ 114.354611139333386, 22.405972134760653 ], [ 114.355580171013017, 22.405800390329425 ], [ 114.35553406978525, 22.406606536932756 ], [ 114.356224800215742, 22.407502957709003 ], [ 114.358238961427702, 22.407503030700202 ], [ 114.358379088118198, 22.407960112897623 ], [ 114.359559766006214, 22.408398728658888 ], [ 114.360308257854825, 22.410284543002437 ], [ 114.362130585177894, 22.412892763422509 ], [ 114.363301219164768, 22.414134576730472 ], [ 114.36472332148162, 22.415122387496059 ], [ 114.365330392230689, 22.415990626882195 ], [ 114.366065400567905, 22.417908711724387 ], [ 114.365621104723132, 22.418638051974717 ], [ 114.365952013519532, 22.420017508588337 ], [ 114.366393621207195, 22.420755013460273 ], [ 114.366022460605265, 22.420999360872834 ], [ 114.366671299937906, 22.421551570177581 ], [ 114.366995519947281, 22.422357282601983 ], [ 114.367558395974612, 22.422623008195217 ], [ 114.368027647321014, 22.423170926614954 ], [ 114.367862713710991, 22.425361419499225 ], [ 114.366437454752415, 22.426548696231308 ], [ 114.366260707949522, 22.427019416635691 ], [ 114.366420083434761, 22.428169653488265 ], [ 114.365931932729765, 22.429130639933113 ], [ 114.366376817355047, 22.4298492573791 ], [ 114.36619330439791, 22.430362076348526 ], [ 114.366770686393437, 22.431692773594811 ], [ 114.366689218426743, 22.432450531870504 ], [ 114.366095773907446, 22.43345278477916 ], [ 114.364528492709468, 22.433964914649756 ], [ 114.36392895507214, 22.43558309625902 ], [ 114.364787521924001, 22.438854212183941 ], [ 114.363793744003502, 22.442019771766933 ], [ 114.456059586472847, 22.466226298637746 ] ] ] } },
{ "type": "Feature", "properties": { "codigo_dcca": "Q11", "nombre_en": "Po Yee", "nombre_zh": "寶怡", "codigo": "Q", "distrito_en": "Sai Kung", "distrito_es": "Sai Kung", "region": "Nuevos Territorios", "area_km2_poligono": 0.0904 }, "geometry": { "type": "Polygon", "coordinates": [ [ [ 114.261440844507433, 22.307628511042456 ], [ 114.264264854461985, 22.30858315582655 ], [ 114.263577813344796, 22.305124173178939 ], [ 114.262989885130409, 22.304711417665573 ], [ 114.261569952935488, 22.304708914571162 ], [ 114.261440844507433, 22.307628511042456 ] ] ] } },
{ "type": "Feature", "properties": { "codigo_dcca": "Q20", "nombre_en": "Wai Yan", "nombre_zh": "慧茵", "codigo": "Q", "distrito_en": "Sai Kung", "distrito_es": "Sai Kung", "region": "Nuevos Territorios", "area_km2_poligono": 0.0671 }, "geometry": { "type": "Polygon", "coordinates": [ [ [ 114.256631421277348, 22.323544952438851 ], [ 114.256616055614145, 22.323188745249642 ], [ 114.256132926383273, 22.322663004114521 ], [ 114.256768223806262, 22.321497348526403 ], [ 114.255811542530623, 22.320883641593731 ], [ 114.254861489509011, 22.322318193181175 ], [ 114.252958359106614, 22.323384661879341 ], [ 114.253975161514731, 22.324596166848959 ], [ 114.255482241632791, 22.323381921887115 ], [ 114.25630024842026, 22.323971527136763 ], [ 114.256631421277348, 22.323544952438851 ] ] ] } },
{ "type": "Feature", "properties": { "codigo_dcca": "P14", "nombre_en": "Po Nga", "nombre_zh": "寶雅", "codigo": "P", "distrito_en": "Tai Po", "distrito_es": "Tai Po", "region": "Nuevos Territorios", "area_km2_poligono": 0.2875 }, "geometry": { "type": "Polygon", "coordinates": [ [ [ 114.151474304078647, 22.45703853898031 ], [ 114.151638092178544, 22.45715138505491 ], [ 114.153945526685902, 22.455105901809567 ], [ 114.159605164754979, 22.452498762096084 ], [ 114.161044651784437, 22.451260528103319 ], [ 114.162593784695915, 22.449467098763929 ], [ 114.161409140747367, 22.449091946253375 ], [ 114.160713267026637, 22.449177324346241 ], [ 114.157111609702326, 22.450861003678458 ], [ 114.154768228823954, 22.451434720619716 ], [ 114.154074178294607, 22.452157756190282 ], [ 114.152410918463218, 22.455879247070129 ], [ 114.151474304078647, 22.45703853898031 ] ] ] } }
]
}
