{
"type": "FeatureCollection",
"name": "distritos_web",
"crs": { "type": "name", "properties": { "name": "urn:ogc:def:crs:OGC:1.3:CRS84" } },
"features": [
{ "type": "Feature", "properties": { "codigo": "A", "distrito_en": "Central and Western", "distrito_zh": "中西區", "distrito_es": "Centro y Oeste", "region": "Isla de Hong Kong", "area_km2_oficial": 12.55, "area_km2_poligono_incluye_mar": 19.755, "centro_lat": 22.274851, "centro_lon": 114.148691, "n_circunscripciones": 15 }, "geometry": { "type": "Polygon", "coordinates": [ [ [ 114.129680108727442, 22.275552242302652 ], [ 114.123758999696832, 22.272743213273106 ], [ 114.122002514111188, 22.272463962254641 ], [ 114.118532444972345, 22.274235477859428 ], [ 114.116283278972318, 22.273035458017947 ], [ 114.110105212846577, 22.273029244553353 ], [ 114.109860234899287, 22.297605138728702 ], [ 114.149508995686148, 22.297477658692429 ], [ 114.167440020490261, 22.290658695210134 ], [ 114.167708766542276, 22.280872522072087 ], [ 114.166552170383568, 22.279554142432623 ], [ 114.168200262329918, 22.279702385989012 ], [ 114.167178351850453, 22.277942970293214 ], [ 114.168070322813819, 22.277422485692082 ], [ 114.167082635938698, 22.276606980574151 ], [ 114.167142966076284, 22.275384921524772 ], [ 114.166300983295713, 22.275274189568403 ], [ 114.166169887159072, 22.273096242439607 ], [ 114.165468256401923, 22.272784926583963 ], [ 114.165569202170332, 22.269167210882987 ], [ 114.167190498338272, 22.268336179242841 ], [ 114.165765971047861, 22.266670556342266 ], [ 114.166067142062602, 22.263864535541366 ], [ 114.163571234610075, 22.260406259379419 ], [ 114.163383993719734, 22.258822293238772 ], [ 114.162681818026584, 22.258427629846103 ], [ 114.161779058795901, 22.258979647275567 ], [ 114.158313013651821, 22.257875173560151 ], [ 114.155157993265831, 22.259332666350325 ], [ 114.155247478352422, 22.258096127885594 ], [ 114.15417200756805, 22.256192507422227 ], [ 114.153527142269908, 22.256248659220759 ], [ 114.151749388110147, 22.254136275618411 ], [ 114.148970333360225, 22.253560957931732 ], [ 114.148003863379515, 22.252350174292882 ], [ 114.146829367408017, 22.252091955589385 ], [ 114.145990538999882, 22.25281719601653 ], [ 114.145293280511012, 22.254730109505847 ], [ 114.146065401065428, 22.254787132613718 ], [ 114.146197873711216, 22.256042690894887 ], [ 114.146842652868273, 22.256309116375146 ], [ 114.146490519695774, 22.257315717066088 ], [ 114.144743811250223, 22.259181062000334 ], [ 114.14316830086824, 22.259848109031946 ], [ 114.143034765062694, 22.261826337280926 ], [ 114.136354491253044, 22.272068341022468 ], [ 114.129680108727442, 22.275552242302652 ] ], [ [ 114.145886070805048, 22.283063190495529 ], [ 114.145366278392572, 22.283399391389214 ], [ 114.145431889929441, 22.283327700862184 ], [ 114.145594931223897, 22.283224602476125 ], [ 114.145886070805048, 22.283063190495529 ] ], [ [ 114.146095027252727, 22.282875573614636 ], [ 114.146095027252827, 22.282875573614586 ], [ 114.145886070805048, 22.283063190495529 ], [ 114.146095027252727, 22.282875573614636 ] ], [ [ 114.145355243605351, 22.284163287156254 ], [ 114.145377045138417, 22.283851647577247 ], [ 114.145384288025355, 22.28409382345577 ], [ 114.145355243605351, 22.284163287156254 ] ], [ [ 114.145126707839054, 22.283103925675281 ], [ 114.145132751524343, 22.283024791412775 ], [ 114.145117026635859, 22.282997556990626 ], [ 114.145132751524343, 22.283024791412775 ], [ 114.145126707839054, 22.283103925675281 ] ], [ [ 114.144933177525317, 22.28286706843252 ], [ 114.144933177525346, 22.282867068432509 ], [ 114.144936309631021, 22.282876357957761 ], [ 114.144933177525317, 22.28286706843252 ] ], [ [ 114.144965037415616, 22.282814964748276 ], [ 114.145035798359643, 22.282793570169723 ], [ 114.145077520539829, 22.282805119484564 ], [ 114.145164256697271, 22.282861054108789 ], [ 114.145188972600593, 22.282855577332473 ], [ 114.145202155162622, 22.282832073160911 ], [ 114.145188972600593, 22.282855577332473 ], [ 114.145164256697242, 22.282861054108785 ], [ 114.144965037415616, 22.282814964748276 ] ], [ [ 114.145195455880298, 22.282806307457268 ], [ 114.145104220744216, 22.282751106840749 ], [ 114.145202155162622, 22.282832073160911 ], [ 114.145195455880298, 22.282806307457268 ] ], [ [ 114.145103528334772, 22.282750687907196 ], [ 114.145054808995098, 22.282700603514485 ], [ 114.145103528334786, 22.2827506879072 ], [ 114.145103528334772, 22.282750687907196 ] ], [ [ 114.145016264000859, 22.28262789936235 ], [ 114.144990708413943, 22.282527862018419 ], [ 114.145054808995098, 22.282700603514485 ], [ 114.145016264000859, 22.28262789936235 ] ], [ [ 114.14499733889123, 22.282428688892917 ], [ 114.145151701415315, 22.282167480888621 ], [ 114.144990708413943, 22.282527862018419 ], [ 114.14499733889123, 22.282428688892917 ] ], [ [ 114.144660296293935, 22.28193809645569 ], [ 114.144466540295099, 22.281849015892007 ], [ 114.144730846574149, 22.281961849699563 ], [ 114.144660296293935, 22.28193809645569 ] ], [ [ 114.144375730307701, 22.281790118026517 ], [ 114.144405060008722, 22.281679408300441 ], [ 114.144350836779594, 22.281599018359863 ], [ 114.144405060008737, 22.281679408300441 ], [ 114.144375730307715, 22.281790118026521 ], [ 114.144466540295099, 22.281849015892007 ], [ 114.144375730307701, 22.281790118026517 ] ], [ [ 114.144026996359045, 22.281351971833768 ], [ 114.144072982826117, 22.281355806978485 ], [ 114.144026996359045, 22.281351971833768 ], [ 114.144026996359045, 22.281351971833768 ] ], [ [ 114.144181176441563, 22.281377740219419 ], [ 114.14420773214303, 22.281391134234912 ], [ 114.144146715697687, 22.281366835979064 ], [ 114.144181176441563, 22.281377740219419 ] ], [ [ 114.144551815211187, 22.281503520766446 ], [ 114.144551815211187, 22.281503520766456 ], [ 114.144538791615361, 22.281595450043973 ], [ 114.144551815211187, 22.281503520766446 ] ], [ [ 114.144479184982842, 22.281295440471581 ], [ 114.144458016610471, 22.281265853638452 ], [ 114.144519535083234, 22.281411040640037 ], [ 114.144479184982842, 22.281295440471581 ] ], [ [ 114.144378686247663, 22.281174861432067 ], [ 114.144349535267821, 22.281148410112973 ], [ 114.144406494214394, 22.281203983659889 ], [ 114.144378686247663, 22.281174861432067 ] ], [ [ 114.143988958224455, 22.280940889608637 ], [ 114.14370205740704, 22.280830115731753 ], [ 114.144021322981004, 22.28095578395272 ], [ 114.143988958224455, 22.280940889608637 ] ], [ [ 114.144014117253874, 22.280823225508449 ], [ 114.143660633908453, 22.280789379106778 ], [ 114.143665781895891, 22.28076716479357 ], [ 114.143690915630955, 22.28075786836984 ], [ 114.143732348479602, 22.280758870190461 ], [ 114.144014117253874, 22.280823225508449 ] ], [ [ 114.144875444414382, 22.280892075283266 ], [ 114.14518254693273, 22.280751465209725 ], [ 114.145778340640206, 22.280744680831194 ], [ 114.144875444414382, 22.280892075283308 ], [ 114.144014117253874, 22.280823225508449 ], [ 114.144875444414382, 22.280892075283266 ] ], [ [ 114.145778340640206, 22.280744680831194 ], [ 114.146046775630239, 22.280642478047447 ], [ 114.146274703906144, 22.28051778994671 ], [ 114.145778340640206, 22.280744680831194 ] ], [ [ 114.146469521750774, 22.280359537490408 ], [ 114.146572459173768, 22.280019986695084 ], [ 114.146621597035178, 22.28001712410115 ], [ 114.146686692660097, 22.280033282977154 ], [ 114.146898502043996, 22.280000992476694 ], [ 114.146469521750774, 22.280359537490408 ] ], [ [ 114.14531081609762, 22.28438262689243 ], [ 114.145312640300972, 22.285032317991789 ], [ 114.143623806652712, 22.285118025207723 ], [ 114.145312640300929, 22.285032317991757 ], [ 114.14531081609762, 22.28438262689243 ] ], [ [ 114.145326693604574, 22.284198206401538 ], [ 114.145350678483112, 22.284170318288677 ], [ 114.145327215104345, 22.28438258492212 ], [ 114.145326693604574, 22.284198206401538 ] ], [ [ 114.143677214440203, 22.286038243392959 ], [ 114.143726945098095, 22.286895093695883 ], [ 114.143726945098081, 22.286895093695883 ], [ 114.143677214440203, 22.286038243392959 ] ], [ [ 114.152356162111445, 22.28239268638788 ], [ 114.152356162111417, 22.282392686387904 ], [ 114.152196761996208, 22.282238870571494 ], [ 114.152356162111445, 22.28239268638788 ] ], [ [ 114.153274391052747, 22.280980098398299 ], [ 114.15305043674843, 22.28058266181025 ], [ 114.15305043674843, 22.28058266181025 ], [ 114.153274391052747, 22.280980098398299 ] ], [ [ 114.154434557419108, 22.28049033069767 ], [ 114.15443455741908, 22.280490330697667 ], [ 114.154446903844473, 22.280344171538601 ], [ 114.154434557419108, 22.28049033069767 ] ], [ [ 114.154710028094456, 22.281388862607098 ], [ 114.154741944388732, 22.281561487557749 ], [ 114.154741690272871, 22.281696703232519 ], [ 114.154710028094428, 22.281388862607105 ], [ 114.154465088672282, 22.280704668041732 ], [ 114.15445375437217, 22.28065787040974 ], [ 114.154710028094456, 22.281388862607098 ] ], [ [ 114.154795144856735, 22.281147241447812 ], [ 114.15479514485672, 22.281147241447762 ], [ 114.154855079587264, 22.281475142936934 ], [ 114.154795144856735, 22.281147241447812 ] ], [ [ 114.154930692663385, 22.280510888880517 ], [ 114.154930692663385, 22.280510888880507 ], [ 114.154917436763554, 22.280546522923583 ], [ 114.154930692663385, 22.280510888880517 ] ], [ [ 114.156069673826394, 22.280312301257709 ], [ 114.15606967382638, 22.280312301257709 ], [ 114.15604999659233, 22.280305847184916 ], [ 114.156069673826394, 22.280312301257709 ] ], [ [ 114.156364022149106, 22.279914412610225 ], [ 114.15636402214912, 22.2799144126102 ], [ 114.156327488366955, 22.280054960846304 ], [ 114.156364022149106, 22.279914412610225 ] ], [ [ 114.156371163111373, 22.279585129359326 ], [ 114.156371163111373, 22.279585129359326 ], [ 114.15637591062027, 22.279833924033465 ], [ 114.156371163111373, 22.279585129359326 ] ], [ [ 114.156400227168419, 22.279516740870367 ], [ 114.156386889860897, 22.27953327741572 ], [ 114.156386889860897, 22.279533277415709 ], [ 114.156400227168419, 22.279516740870367 ] ], [ [ 114.156707720442895, 22.279305393207242 ], [ 114.156707720442867, 22.279305393207256 ], [ 114.156643259025387, 22.279347032791069 ], [ 114.156707720442895, 22.279305393207242 ] ], [ [ 114.157599902685718, 22.279502242794681 ], [ 114.157599902685689, 22.279502242794685 ], [ 114.157437761199546, 22.279440752118983 ], [ 114.157599902685718, 22.279502242794681 ] ], [ [ 114.158431319626203, 22.278930446838718 ], [ 114.158431319626217, 22.278930446838718 ], [ 114.158315736871941, 22.279177498433739 ], [ 114.158431319626203, 22.278930446838718 ] ], [ [ 114.158637536177281, 22.278668915671414 ], [ 114.158637536177281, 22.278668915671442 ], [ 114.158603255949345, 22.278705388858587 ], [ 114.158637536177281, 22.278668915671414 ] ], [ [ 114.159362101577017, 22.278186452031164 ], [ 114.159362101577003, 22.278186452031182 ], [ 114.15930764813362, 22.27822015746116 ], [ 114.159362101577017, 22.278186452031164 ] ], [ [ 114.159533105266178, 22.278062226790958 ], [ 114.158936492343855, 22.277778659812171 ], [ 114.159237297390931, 22.277897132978385 ], [ 114.159390062973287, 22.277975851483156 ], [ 114.159533105266178, 22.278062226790958 ] ], [ [ 114.158040640180758, 22.277554502877965 ], [ 114.158040640180744, 22.27755450287793 ], [ 114.1583261253177, 22.277619402745962 ], [ 114.158040640180758, 22.277554502877965 ] ], [ [ 114.157571692043689, 22.277372844419922 ], [ 114.156850640618146, 22.276970150633353 ], [ 114.156731469304319, 22.276892445324126 ], [ 114.156603098744043, 22.276798234366186 ], [ 114.157571692043689, 22.277372844419922 ] ], [ [ 114.155798906913532, 22.276514318363574 ], [ 114.156337757431146, 22.276637136018692 ], [ 114.156418325486186, 22.276682641270817 ], [ 114.156337757431146, 22.276637136018703 ], [ 114.155798906913532, 22.276514318363574 ] ], [ [ 114.155663927591831, 22.276405531043864 ], [ 114.155678013836123, 22.276486763499829 ], [ 114.155678013836123, 22.276486763499829 ], [ 114.155663927591831, 22.276405531043864 ] ], [ [ 114.151901014820993, 22.276693381544092 ], [ 114.151901014820993, 22.276693381544124 ], [ 114.15185870874501, 22.276729974531392 ], [ 114.151901014820993, 22.276693381544092 ] ], [ [ 114.152552338822233, 22.276585717573798 ], [ 114.152322536890878, 22.27656168864501 ], [ 114.152459678074351, 22.276568346803284 ], [ 114.152552338822233, 22.276585717573798 ] ], [ [ 114.152659792649501, 22.276626588222086 ], [ 114.152715293151616, 22.276665970647059 ], [ 114.152552338822233, 22.276585717573798 ], [ 114.152659792649501, 22.276626588222086 ] ], [ [ 114.152896142013972, 22.276835041390971 ], [ 114.152863727363737, 22.27680322591382 ], [ 114.15292268766207, 22.276845854978102 ], [ 114.152896142013972, 22.276835041390971 ] ], [ [ 114.15307781118122, 22.276781326717376 ], [ 114.153674186031012, 22.27555646047157 ], [ 114.152951563497567, 22.276848089794594 ], [ 114.15307781118122, 22.276781326717376 ] ], [ [ 114.154142146325981, 22.276356090530026 ], [ 114.154142146325952, 22.27635609053004 ], [ 114.154098881713622, 22.276252943378893 ], [ 114.154142146325981, 22.276356090530026 ] ], [ [ 114.154221087694154, 22.276822921570773 ], [ 114.154251140753757, 22.276956426627549 ], [ 114.154228516158142, 22.276878064608901 ], [ 114.154221087694154, 22.276822921570773 ] ], [ [ 114.154610496128726, 22.277242043113013 ], [ 114.154994176864562, 22.276538463726883 ], [ 114.15496271324993, 22.276642465390125 ], [ 114.154610496128726, 22.277242043113013 ] ], [ [ 114.15491091197778, 22.276061896518456 ], [ 114.154883241348173, 22.275860834566945 ], [ 114.154994737000479, 22.276430430238172 ], [ 114.15491091197778, 22.276061896518456 ] ], [ [ 114.155066033837585, 22.275871172158059 ], [ 114.155209923134564, 22.276223512842023 ], [ 114.155316803045764, 22.276353193605761 ], [ 114.155209923134549, 22.276223512842058 ], [ 114.155121004936746, 22.276035067607474 ], [ 114.155066033837585, 22.275871172158059 ], [ 114.155063177097219, 22.275834760225965 ], [ 114.154887254289463, 22.275824811877492 ], [ 114.155066033837585, 22.275871172158059 ] ], [ [ 114.155435690566861, 22.276425811051514 ], [ 114.155337516062801, 22.276371240852733 ], [ 114.155660001024273, 22.276482232686384 ], [ 114.155435690566861, 22.276425811051514 ] ], [ [ 114.147071188441174, 22.280021658911053 ], [ 114.147701761483816, 22.279600611721825 ], [ 114.14773162173222, 22.279583964579516 ], [ 114.148028236087839, 22.27945795878767 ], [ 114.148170892122153, 22.279222519173366 ], [ 114.148028236087853, 22.279457958787685 ], [ 114.147071188441174, 22.280021658911053 ] ], [ [ 114.148337690427653, 22.279028832305205 ], [ 114.148747105800737, 22.278837345721364 ], [ 114.149100657632559, 22.278800498257837 ], [ 114.149462808189199, 22.278354852512173 ], [ 114.148337690427653, 22.279028832305205 ] ], [ [ 114.149462808189199, 22.278354852512173 ], [ 114.149538843174852, 22.278148433925718 ], [ 114.149571352489716, 22.27811709896234 ], [ 114.149462808189199, 22.278354852512173 ] ], [ [ 114.149694682311818, 22.278262796964498 ], [ 114.149606985957689, 22.278132806980487 ], [ 114.151836086036127, 22.276835748650868 ], [ 114.149694682311818, 22.278262796964498 ] ], [ [ 114.152440979632416, 22.283455812502321 ], [ 114.151827697254518, 22.282870660572268 ], [ 114.152459529628331, 22.283473515329597 ], [ 114.152440979632416, 22.283455812502321 ] ], [ [ 114.145790833659021, 22.28634987078037 ], [ 114.145779503243432, 22.286356035093526 ], [ 114.145817455056786, 22.286339667643833 ], [ 114.145790833659021, 22.28634987078037 ] ], [ [ 114.147606723417411, 22.285694042199363 ], [ 114.147358554964626, 22.285891808526127 ], [ 114.147728588061369, 22.285601917195198 ], [ 114.147606723417411, 22.285694042199363 ] ], [ [ 114.148113621437943, 22.285364830689019 ], [ 114.148053533382111, 22.28537114894737 ], [ 114.148318714589394, 22.285388382200122 ], [ 114.148113621437943, 22.285364830689019 ] ], [ [ 114.148579065846434, 22.28539244780648 ], [ 114.148654395314125, 22.285359732827029 ], [ 114.148595779362694, 22.285390155871202 ], [ 114.148579065846434, 22.28539244780648 ] ], [ [ 114.15072802324076, 22.283945581204421 ], [ 114.150549670869182, 22.283988297657292 ], [ 114.150539731020046, 22.283991660664828 ], [ 114.15072802324076, 22.283945581204421 ] ], [ [ 114.151842880292691, 22.283869749006946 ], [ 114.151842880292691, 22.283869749006946 ], [ 114.151989024888323, 22.283814955489223 ], [ 114.151842880292691, 22.283869749006946 ] ] ] } },
{ "type": "Feature", "properties": { "codigo": "B", "distrito_en": "Wan Chai", "distrito_zh": "灣仔區", "distrito_es": "Wan Chai", "region": "Isla de Hong Kong", "area_km2_oficial": 10.64, "area_km2_poligono_incluye_mar": 12.343, "centro_lat": 22.273943, "centro_lon": 114.186257, "n_circunscripciones": 13 }, "geometry": { "type": "Polygon", "coordinates": [ [ [ 114.194377295378374, 22.257044685089685 ], [ 114.189649541952789, 22.257296549640508 ], [ 114.188352089634947, 22.255663342875884 ], [ 114.188229735918881, 22.254496065726368 ], [ 114.187113575156502, 22.254036858574114 ], [ 114.182999269188429, 22.255689136969512 ], [ 114.180322874113997, 22.255951421955356 ], [ 114.178633995058178, 22.256919581881267 ], [ 114.177879454390407, 22.255080809726252 ], [ 114.176385615920765, 22.254109483110646 ], [ 114.172950300184439, 22.255827268813139 ], [ 114.171270549857539, 22.255561601121521 ], [ 114.167680218388085, 22.257451647016403 ], [ 114.165229160003321, 22.257256816576184 ], [ 114.165699682341156, 22.256266980363108 ], [ 114.163340416854737, 22.256455307787398 ], [ 114.163539420022374, 22.260325396254277 ], [ 114.166067142062602, 22.263864535541359 ], [ 114.165765971047875, 22.266670556342277 ], [ 114.167190498338229, 22.268336179242855 ], [ 114.165569202170332, 22.269167210882987 ], [ 114.165468256401923, 22.272784926583963 ], [ 114.166169887159072, 22.273096242439607 ], [ 114.166300983295713, 22.275274189568403 ], [ 114.167142966076284, 22.275384921524772 ], [ 114.167082635938698, 22.276606980574151 ], [ 114.168070322813819, 22.277422485692082 ], [ 114.167178351850453, 22.277942970293214 ], [ 114.168200262329918, 22.279702385989012 ], [ 114.166552170383568, 22.279554142432623 ], [ 114.167708766542276, 22.280872522072087 ], [ 114.167440020490261, 22.290658695210134 ], [ 114.174301637332718, 22.288048607991772 ], [ 114.176845663142416, 22.282003242261307 ], [ 114.174301637332718, 22.28804860799179 ], [ 114.18632713832784, 22.293867405215156 ], [ 114.189491469645162, 22.288199441901813 ], [ 114.191492385084501, 22.286700143784604 ], [ 114.191945508956394, 22.287416908487472 ], [ 114.192908548288315, 22.286903198862284 ], [ 114.192390788404694, 22.283061284151632 ], [ 114.193140999609952, 22.283127811433502 ], [ 114.19398191692153, 22.28603614843421 ], [ 114.19586750037378, 22.286369511682803 ], [ 114.194639840293718, 22.285235177949513 ], [ 114.195223180021955, 22.284549344730319 ], [ 114.194811143849364, 22.282624737041719 ], [ 114.193440318644193, 22.280796748226784 ], [ 114.194713718757313, 22.279552073670374 ], [ 114.194283079414689, 22.279075754346465 ], [ 114.195303627837589, 22.278311992507081 ], [ 114.19601658277719, 22.276661560243241 ], [ 114.195324202735023, 22.275835698063908 ], [ 114.197649966275179, 22.273233073925809 ], [ 114.200726523013813, 22.274370502515254 ], [ 114.202200010855492, 22.277663112959413 ], [ 114.203426074430126, 22.276796535158187 ], [ 114.207164620904749, 22.27045129216139 ], [ 114.203139309887135, 22.267502918046844 ], [ 114.198371750062805, 22.266350071913212 ], [ 114.197373670076203, 22.25914607594251 ], [ 114.197718364528342, 22.257896323886037 ], [ 114.196469415545394, 22.258121677286791 ], [ 114.194377295378374, 22.257044685089685 ] ], [ [ 114.17515321800397, 22.273849639964904 ], [ 114.175042746616398, 22.273458657006362 ], [ 114.175021781343077, 22.273413806912021 ], [ 114.175042746616413, 22.273458657006373 ], [ 114.17515321800397, 22.273849639964904 ] ], [ [ 114.175322593154007, 22.274507659539974 ], [ 114.175445495166983, 22.27463375516912 ], [ 114.17515321800397, 22.273849639964904 ], [ 114.175322593154007, 22.274507659539974 ] ], [ [ 114.175604498300402, 22.274737609197768 ], [ 114.175604498300387, 22.274737609197771 ], [ 114.175569556444316, 22.274717989120589 ], [ 114.175604498300402, 22.274737609197768 ] ], [ [ 114.175823453083012, 22.274808835387468 ], [ 114.175732585536934, 22.274782227494843 ], [ 114.175823453083026, 22.27480883538745 ], [ 114.175823453083012, 22.274808835387468 ] ], [ [ 114.167207714979625, 22.268270229419269 ], [ 114.167203685785665, 22.268257770470541 ], [ 114.167207714979625, 22.268270229419269 ], [ 114.167207714979625, 22.268270229419269 ] ], [ [ 114.167064040863067, 22.267996411504679 ], [ 114.167064040863096, 22.267996411504669 ], [ 114.16707487669575, 22.268023936252604 ], [ 114.167064040863067, 22.267996411504679 ] ], [ [ 114.167068030765392, 22.26782464875475 ], [ 114.167065400284486, 22.267845430747577 ], [ 114.167068041189367, 22.267823893209769 ], [ 114.167068030765392, 22.26782464875475 ] ], [ [ 114.167695839589058, 22.267143607038538 ], [ 114.167696674984811, 22.267136612845384 ], [ 114.167696674984811, 22.267136612845384 ], [ 114.167695839589058, 22.267143607038538 ] ], [ [ 114.167663049586068, 22.267078952184324 ], [ 114.167625293021302, 22.267014207355945 ], [ 114.167625293021288, 22.267014207355938 ], [ 114.167663049586068, 22.267078952184324 ] ], [ [ 114.169821434084241, 22.267517857042968 ], [ 114.169821434084227, 22.267517857042986 ], [ 114.168455752986901, 22.266903708056482 ], [ 114.169821434084241, 22.267517857042968 ] ], [ [ 114.170032537929401, 22.267933917162662 ], [ 114.170032537929373, 22.267933917162665 ], [ 114.170045737652202, 22.267841805069093 ], [ 114.170032537929401, 22.267933917162662 ] ], [ [ 114.170899986989909, 22.268284791930309 ], [ 114.170880191173993, 22.268265884409981 ], [ 114.171014634846145, 22.268429112671654 ], [ 114.170899986989909, 22.268284791930309 ] ], [ [ 114.171299429966098, 22.268686860772487 ], [ 114.171304475503177, 22.268689704446544 ], [ 114.171304475503149, 22.268689704446526 ], [ 114.171299429966098, 22.268686860772487 ] ], [ [ 114.171846381938863, 22.268844344764734 ], [ 114.171846381938849, 22.268844344764734 ], [ 114.171737666532138, 22.26882058175357 ], [ 114.171690055668378, 22.268802684481646 ], [ 114.171846381938863, 22.268844344764734 ] ], [ [ 114.171986663791031, 22.269026867479816 ], [ 114.171967050436365, 22.269004595303816 ], [ 114.172005576666606, 22.26904183483996 ], [ 114.171986663791031, 22.269026867479816 ] ], [ [ 114.172041539999682, 22.269058575718734 ], [ 114.172023868736787, 22.269052404252854 ], [ 114.172048961506334, 22.269058773180273 ], [ 114.172041539999682, 22.269058575718734 ] ], [ [ 114.172406929451256, 22.268954264000318 ], [ 114.172403801597113, 22.268952323860709 ], [ 114.172402159128012, 22.268963891507781 ], [ 114.172406929451256, 22.268954264000318 ] ], [ [ 114.172253742962312, 22.269066483650711 ], [ 114.172337994150837, 22.269013425734748 ], [ 114.172238864228987, 22.269088432254648 ], [ 114.172253742962312, 22.269066483650711 ] ], [ [ 114.172149737081426, 22.269212569516437 ], [ 114.172149737081412, 22.269212569516426 ], [ 114.17218186633653, 22.269189846837989 ], [ 114.172149737081426, 22.269212569516437 ] ], [ [ 114.171889232530702, 22.269270628885963 ], [ 114.171931088848581, 22.269279225074044 ], [ 114.171826026750935, 22.269236728149846 ], [ 114.171889232530702, 22.269270628885963 ] ], [ [ 114.171526960985162, 22.269252691629159 ], [ 114.171629099219302, 22.269253995343309 ], [ 114.171225196904146, 22.269413017168215 ], [ 114.171526960985162, 22.269252691629159 ] ], [ [ 114.171131234330673, 22.269498320941782 ], [ 114.171131234330673, 22.269498320941771 ], [ 114.171156287682194, 22.269462659782501 ], [ 114.171131234330673, 22.269498320941782 ] ], [ [ 114.171177222881838, 22.26977821855397 ], [ 114.171272118898131, 22.270136124463249 ], [ 114.171187019726517, 22.269843022780897 ], [ 114.171177222881838, 22.26977821855397 ] ], [ [ 114.171697591053643, 22.270534435222213 ], [ 114.17164283358035, 22.270426661722862 ], [ 114.171703110009773, 22.270542502182504 ], [ 114.171697591053643, 22.270534435222213 ] ], [ [ 114.171927418295198, 22.270758980360977 ], [ 114.171847418862313, 22.270693457100762 ], [ 114.17200707915778, 22.270893930184364 ], [ 114.171927418295198, 22.270758980360977 ] ], [ [ 114.172315398309792, 22.271309752763717 ], [ 114.172301202843059, 22.271289580026576 ], [ 114.17231939274707, 22.271318540984961 ], [ 114.172315398309792, 22.271309752763717 ] ], [ [ 114.172434299599729, 22.271769903634603 ], [ 114.172426928546898, 22.271689399442007 ], [ 114.172469517024282, 22.272019852350113 ], [ 114.172434299599729, 22.271769903634603 ] ], [ [ 114.172721101997823, 22.272404539847454 ], [ 114.172662723529797, 22.272309274070363 ], [ 114.17280017039802, 22.272606072035146 ], [ 114.172721101997823, 22.272404539847454 ] ], [ [ 114.17299261002519, 22.272881147871779 ], [ 114.17299261002519, 22.272881147871779 ], [ 114.172824967318164, 22.272660600478506 ], [ 114.172852400464905, 22.272705119147201 ], [ 114.17299261002519, 22.272881147871779 ] ], [ [ 114.173228737785038, 22.273202680389069 ], [ 114.173200497750813, 22.273018219790863 ], [ 114.173228737785038, 22.27320268038908 ], [ 114.173228737785038, 22.273202680389069 ] ], [ [ 114.173201450828657, 22.272932573166472 ], [ 114.173205061946348, 22.272920643645385 ], [ 114.173200497750813, 22.273018219790863 ], [ 114.173201450828657, 22.272932573166472 ] ], [ [ 114.173323128611401, 22.272724825824678 ], [ 114.173323128611429, 22.27272482582466 ], [ 114.17330098189224, 22.272747359521674 ], [ 114.173323128611401, 22.272724825824678 ] ], [ [ 114.177136888954735, 22.28113961511723 ], [ 114.176789373805633, 22.281989768548932 ], [ 114.177193798383058, 22.280917479389878 ], [ 114.177136888954735, 22.28113961511723 ] ], [ [ 114.177255588768105, 22.280819695499421 ], [ 114.177491309952657, 22.280056258145525 ], [ 114.177193798383058, 22.280917479389878 ], [ 114.177255588768105, 22.280819695499421 ] ], [ [ 114.176812215980974, 22.278107027645827 ], [ 114.176630416370273, 22.279547938294538 ], [ 114.177569883112113, 22.279801778935589 ], [ 114.176630416370216, 22.279547938294549 ], [ 114.176812215980974, 22.278107027645827 ] ], [ [ 114.175766264111161, 22.277401857574642 ], [ 114.175766264111175, 22.277401857574638 ], [ 114.175709109297813, 22.277872705769312 ], [ 114.175766264111161, 22.277401857574642 ] ], [ [ 114.175320927500735, 22.27783069209201 ], [ 114.175359238595433, 22.277517810844486 ], [ 114.175195171171481, 22.277817080451314 ], [ 114.175320927500735, 22.27783069209201 ] ], [ [ 114.174760875288911, 22.277770072270535 ], [ 114.17487332698478, 22.27688823156042 ], [ 114.174895111417868, 22.276849312723314 ], [ 114.174760875288911, 22.277770072270535 ] ], [ [ 114.174996838334437, 22.276777138046295 ], [ 114.175374044374635, 22.276776439291254 ], [ 114.174918903059606, 22.27681968050198 ], [ 114.174996838334437, 22.276777138046295 ] ], [ [ 114.175798298241347, 22.276813502466847 ], [ 114.175798298241318, 22.276813502466844 ], [ 114.175832901286086, 22.276523610049185 ], [ 114.175832901286086, 22.276523610049185 ], [ 114.175798298241347, 22.276813502466847 ] ], [ [ 114.175660265507915, 22.276507471142878 ], [ 114.175889500492517, 22.276289048487556 ], [ 114.175903279416033, 22.276186135366881 ], [ 114.175660265507915, 22.276507471142878 ] ], [ [ 114.175504042057341, 22.274980153442286 ], [ 114.175504042057355, 22.274980153442304 ], [ 114.175502770915003, 22.274986772893779 ], [ 114.175504042057341, 22.274980153442286 ] ], [ [ 114.185419073007864, 22.276331918140894 ], [ 114.185323543082504, 22.276692162835225 ], [ 114.185310088352693, 22.276804262564585 ], [ 114.185323541572359, 22.276692162488363 ], [ 114.185419073007864, 22.276331918140894 ] ], [ [ 114.187922483789166, 22.274725269065772 ], [ 114.187922483770734, 22.274725269058191 ], [ 114.187915794260675, 22.274548539941154 ], [ 114.187922483789166, 22.274725269065772 ] ], [ [ 114.192373467965851, 22.274460611205559 ], [ 114.192373467979039, 22.274460730673667 ], [ 114.192357093005526, 22.274483308850588 ], [ 114.192373467965851, 22.274460611205559 ] ], [ [ 114.192340278825668, 22.274500161639438 ], [ 114.191644356032498, 22.274462198582253 ], [ 114.192357093005526, 22.274483308850588 ], [ 114.192340278825668, 22.274500161639438 ] ], [ [ 114.186644778205547, 22.278358742616319 ], [ 114.186644779734522, 22.278358741269123 ], [ 114.186712218190777, 22.278425044665141 ], [ 114.186644778205547, 22.278358742616319 ] ] ] } },
{ "type": "Feature", "properties": { "codigo": "C", "distrito_en": "Eastern", "distrito_zh": "東區", "distrito_es": "Este", "region": "Isla de Hong Kong", "area_km2_oficial": 18.13, "area_km2_poligono_incluye_mar": 26.094, "centro_lat": 22.273014, "centro_lon": 114.218647, "n_circunscripciones": 35 }, "geometry": { "type": "Polygon", "coordinates": [ [ [ 114.214630109326393, 22.259857429084288 ], [ 114.21167563817086, 22.260157410809509 ], [ 114.21140866515988, 22.258867392946325 ], [ 114.212088263593216, 22.258393796439112 ], [ 114.210402320011752, 22.257696236940962 ], [ 114.210651974088975, 22.25660595844014 ], [ 114.21272470330473, 22.255861983139976 ], [ 114.211626925174954, 22.255565718144631 ], [ 114.21122660577015, 22.254636547982528 ], [ 114.211357450098433, 22.255784733108484 ], [ 114.210093389464205, 22.257002276023741 ], [ 114.209425244502356, 22.256912926595259 ], [ 114.208748547334181, 22.257653358519057 ], [ 114.206231465828665, 22.257592361781796 ], [ 114.205075590681403, 22.259309557443185 ], [ 114.201800789991736, 22.258873163320153 ], [ 114.200408672790815, 22.259234868677513 ], [ 114.197718364528342, 22.257896323886015 ], [ 114.197436438043098, 22.258530935472059 ], [ 114.198371750062734, 22.266350071913198 ], [ 114.203139309887163, 22.267502918046805 ], [ 114.207164620904749, 22.270451292161386 ], [ 114.20254995139075, 22.277762394945245 ], [ 114.200726523013813, 22.274370502515254 ], [ 114.19778689110602, 22.273162545034005 ], [ 114.195371952684539, 22.275774871240721 ], [ 114.196016582777176, 22.276661560243245 ], [ 114.195303627837561, 22.278311992507088 ], [ 114.194283079414689, 22.279075754346412 ], [ 114.194713718757313, 22.279552073670366 ], [ 114.193442142763942, 22.280878023773141 ], [ 114.19481114384935, 22.282624737041679 ], [ 114.195223180021941, 22.284549344730305 ], [ 114.194639840293718, 22.285235177949481 ], [ 114.195867500373751, 22.286369511682789 ], [ 114.193981916921516, 22.286036148434214 ], [ 114.193140999609952, 22.283127811433502 ], [ 114.192390788404694, 22.283061284151593 ], [ 114.192908548288315, 22.286903198862255 ], [ 114.19194550895638, 22.287416908487469 ], [ 114.191492385084544, 22.286700143784554 ], [ 114.189491469645162, 22.288199441901803 ], [ 114.18632713832784, 22.293867405215128 ], [ 114.199542590654559, 22.300260394820825 ], [ 114.210865760888382, 22.300274895486062 ], [ 114.261598877013839, 22.273006648194944 ], [ 114.261582457232848, 22.24573542657226 ], [ 114.250178748729724, 22.245801116397399 ], [ 114.247381856770758, 22.25339139290725 ], [ 114.244116371033385, 22.253632081292647 ], [ 114.242661989021414, 22.25539041410839 ], [ 114.238759408109843, 22.256233280786887 ], [ 114.237507268051402, 22.257218212565277 ], [ 114.234731084078177, 22.256128980938406 ], [ 114.233733154985416, 22.254608524750903 ], [ 114.228254298540548, 22.257196244957814 ], [ 114.221361771731523, 22.256697990488636 ], [ 114.218205886295792, 22.258181903206975 ], [ 114.217137309801757, 22.25741100751867 ], [ 114.214630109326393, 22.259857429084288 ] ], [ [ 114.225548361111109, 22.279992052408421 ], [ 114.225736314104026, 22.279688422037765 ], [ 114.225548361111123, 22.279992052408431 ], [ 114.225548361111109, 22.279992052408421 ] ], [ [ 114.224741417798626, 22.27921694014584 ], [ 114.224741417798654, 22.279216940145826 ], [ 114.224837240270233, 22.279227071308579 ], [ 114.224741417798626, 22.27921694014584 ] ], [ [ 114.222678754578638, 22.279611154070214 ], [ 114.222704994403898, 22.279320811684208 ], [ 114.222678754578638, 22.279611154070214 ], [ 114.222678754578638, 22.279611154070214 ] ], [ [ 114.227619133151208, 22.276560037409634 ], [ 114.227619133151208, 22.276560037409631 ], [ 114.227627992302686, 22.276565404667881 ], [ 114.227619133151208, 22.276560037409634 ] ], [ [ 114.227683075021375, 22.276208517804857 ], [ 114.227639202936629, 22.276114378085101 ], [ 114.227624357793687, 22.276088649017339 ], [ 114.227639202936629, 22.276114378085101 ], [ 114.227683170522866, 22.276209314976938 ], [ 114.227683075021375, 22.276208517804857 ] ], [ [ 114.227558969919102, 22.275949467557318 ], [ 114.227534503080449, 22.275643652559811 ], [ 114.227534503080449, 22.275643652559808 ], [ 114.227558969919102, 22.275949467557318 ] ], [ [ 114.227564827852078, 22.275571461177346 ], [ 114.227564827852078, 22.275571461177353 ], [ 114.227554719598331, 22.275595524972204 ], [ 114.227564827852078, 22.275571461177346 ] ], [ [ 114.227564797110361, 22.275486230000176 ], [ 114.227510682107649, 22.275050509436671 ], [ 114.227510682107649, 22.275050509436657 ], [ 114.227564730503786, 22.275301562444561 ], [ 114.227564797110361, 22.275486230000176 ] ], [ [ 114.227527535571213, 22.27502225632993 ], [ 114.2275399679598, 22.275015712199973 ], [ 114.227527535571198, 22.27502225632993 ], [ 114.227527535571213, 22.27502225632993 ] ], [ [ 114.227787120914385, 22.274871534952084 ], [ 114.227787120914385, 22.274871534952105 ], [ 114.227769417870377, 22.274884491465315 ], [ 114.227787120914385, 22.274871534952084 ] ], [ [ 114.227787101586983, 22.274818181928278 ], [ 114.22777023630907, 22.274786805740252 ], [ 114.227787105327749, 22.274828508320041 ], [ 114.227787101586983, 22.274818181928278 ] ], [ [ 114.227784686294413, 22.274632684276629 ], [ 114.227375625011604, 22.274557830696022 ], [ 114.227352008473389, 22.274504485012873 ], [ 114.227109217779841, 22.274488865110317 ], [ 114.227105159572645, 22.274454974367387 ], [ 114.227109217779855, 22.27448886511031 ], [ 114.227352008473403, 22.274504485012873 ], [ 114.227784686294413, 22.274632684276629 ] ], [ [ 114.227109157206897, 22.274319396100527 ], [ 114.227136783358659, 22.274282515603911 ], [ 114.227106082219038, 22.274371226698843 ], [ 114.227109157206897, 22.274319396100527 ] ], [ [ 114.226875368253332, 22.273559368161106 ], [ 114.226875368253317, 22.273559368161134 ], [ 114.226557843459503, 22.27361245751392 ], [ 114.226875368253332, 22.273559368161106 ] ], [ [ 114.225715416939025, 22.273763077628395 ], [ 114.226402410618249, 22.273794933051619 ], [ 114.226367184387144, 22.273808273029545 ], [ 114.226330053168482, 22.273812438447422 ], [ 114.225715416939025, 22.273763077628395 ] ], [ [ 114.225467256955724, 22.273693810730524 ], [ 114.22539809054922, 22.273679978424553 ], [ 114.22535022879218, 22.273686359334832 ], [ 114.225249376405927, 22.273738722011824 ], [ 114.225158500491389, 22.273768812091863 ], [ 114.224249178967057, 22.274019644373595 ], [ 114.225467256955724, 22.273693810730524 ] ], [ [ 114.224249178967057, 22.274019644373595 ], [ 114.224103657213689, 22.27413909898879 ], [ 114.224079136137533, 22.274137438563375 ], [ 114.224249178967057, 22.274019644373595 ] ], [ [ 114.224047995787856, 22.274121433184281 ], [ 114.223973161595595, 22.274050723915281 ], [ 114.224060233260744, 22.274129615166007 ], [ 114.224047995787856, 22.274121433184281 ] ], [ [ 114.22389442351863, 22.273986044148941 ], [ 114.223691353323929, 22.273902886567324 ], [ 114.223550582008826, 22.273946798624898 ], [ 114.22389442351863, 22.273986044148941 ] ], [ [ 114.223517420941249, 22.273974102368825 ], [ 114.223317612498363, 22.274203398317169 ], [ 114.223312678047009, 22.274333856391763 ], [ 114.223289406961371, 22.274381589996416 ], [ 114.22326907037916, 22.274398126404222 ], [ 114.223317612498363, 22.274203398317155 ], [ 114.223517420941249, 22.273974102368825 ] ], [ [ 114.222479093375412, 22.27483925654408 ], [ 114.223083490739086, 22.274493014658798 ], [ 114.222988993068824, 22.274754677311822 ], [ 114.222963205380111, 22.274792116650936 ], [ 114.222929468488019, 22.274821855105088 ], [ 114.222877333803751, 22.274848239371241 ], [ 114.222805536703945, 22.274861354144971 ], [ 114.222537821907778, 22.274854178113738 ], [ 114.222492118688763, 22.274846153700029 ], [ 114.222479093375412, 22.27483925654408 ] ], [ [ 114.216571155873268, 22.280762255545707 ], [ 114.216666689440402, 22.28115524539739 ], [ 114.216666689440416, 22.281155245397393 ], [ 114.216571155873268, 22.280762255545707 ] ], [ [ 114.216692789494743, 22.281970073186876 ], [ 114.216692790754038, 22.281968676303158 ], [ 114.216658924861207, 22.282313245603945 ], [ 114.216692789494743, 22.281970073186876 ] ], [ [ 114.216701169677862, 22.28248453066352 ], [ 114.216723271728839, 22.282531093851194 ], [ 114.216723271728796, 22.282531093851151 ], [ 114.216701169677862, 22.28248453066352 ] ], [ [ 114.216937426112381, 22.282768844765155 ], [ 114.216751829566888, 22.282562798388497 ], [ 114.216954273995427, 22.282781278212436 ], [ 114.216937426112381, 22.282768844765155 ] ], [ [ 114.219927562386815, 22.283541211619649 ], [ 114.220014549670708, 22.283428330135614 ], [ 114.220014549670708, 22.283428330135617 ], [ 114.219927562386815, 22.283541211619649 ] ], [ [ 114.21964795259484, 22.283174359713236 ], [ 114.219615089540369, 22.283151592823401 ], [ 114.219615089540369, 22.283151592823401 ], [ 114.21964795259484, 22.283174359713236 ] ], [ [ 114.220675255570654, 22.281827780290648 ], [ 114.220678144145595, 22.281830561311043 ], [ 114.220664056829179, 22.281818753798188 ], [ 114.220675255570654, 22.281827780290648 ] ], [ [ 114.22062130628683, 22.281770161342543 ], [ 114.220629881650481, 22.281783549904119 ], [ 114.220614676047632, 22.281752435650674 ], [ 114.22062130628683, 22.281770161342543 ] ], [ [ 114.220591490977512, 22.281624351726002 ], [ 114.220596187224899, 22.281654325089061 ], [ 114.220587827437356, 22.28159995426142 ], [ 114.220591490977512, 22.281624351726002 ] ], [ [ 114.220758047806484, 22.281331818710896 ], [ 114.220833736819344, 22.281226089436945 ], [ 114.220833736819372, 22.281226089436963 ], [ 114.220758047806484, 22.281331818710896 ] ], [ [ 114.221868597280064, 22.281163923440506 ], [ 114.221953607078859, 22.281223668882589 ], [ 114.221953607078859, 22.281223668882596 ], [ 114.221868597280064, 22.281163923440506 ] ], [ [ 114.221943990860439, 22.281165608109294 ], [ 114.22194266964722, 22.281157630888416 ], [ 114.22194266964722, 22.281157630888416 ], [ 114.221943990860439, 22.281165608109294 ] ], [ [ 114.222611207812534, 22.28061639129853 ], [ 114.222570782825088, 22.280556517220599 ], [ 114.222611207812562, 22.280616391298523 ], [ 114.222611207812534, 22.28061639129853 ] ], [ [ 114.222482460530344, 22.280452873922961 ], [ 114.222250470551259, 22.280291732893303 ], [ 114.222423287913969, 22.280388312259436 ], [ 114.222482460530344, 22.280452873922961 ] ], [ [ 114.216607963352885, 22.277959362435706 ], [ 114.216517773208693, 22.278544678259514 ], [ 114.216510558117051, 22.278765370760048 ], [ 114.216607963352885, 22.277959362435706 ] ], [ [ 114.216746697314107, 22.27744288419062 ], [ 114.216832746394545, 22.277212021802804 ], [ 114.216678228503469, 22.27766866699389 ], [ 114.216746697314107, 22.27744288419062 ] ], [ [ 114.217283712382127, 22.276426244378957 ], [ 114.21701336223073, 22.276849622776272 ], [ 114.217114584072903, 22.276679704259902 ], [ 114.217283712382127, 22.276426244378957 ] ], [ [ 114.217283712382127, 22.276426244378957 ], [ 114.217531043628568, 22.276097124083329 ], [ 114.217665405900078, 22.275947768699893 ], [ 114.217283712382127, 22.276426244378957 ] ], [ [ 114.217869016779133, 22.276226953818536 ], [ 114.217869016779105, 22.276226953818497 ], [ 114.217894676883304, 22.276278719994988 ], [ 114.217869016779133, 22.276226953818536 ] ], [ [ 114.217839250632181, 22.276801662269609 ], [ 114.217839250632167, 22.276801662269598 ], [ 114.217855910470846, 22.276815631752228 ], [ 114.217839250632181, 22.276801662269609 ] ], [ [ 114.218053299807679, 22.276803161339686 ], [ 114.218053299807679, 22.276803161339675 ], [ 114.218074165706696, 22.276802468170541 ], [ 114.218053299807679, 22.276803161339686 ] ], [ [ 114.218552805773101, 22.276731898655655 ], [ 114.218527003724915, 22.276745199138329 ], [ 114.218449295496256, 22.276756245486013 ], [ 114.218351853935332, 22.27680906355446 ], [ 114.218279810869873, 22.27681551177643 ], [ 114.218178926429204, 22.276806086287589 ], [ 114.218552805773101, 22.276731898655655 ] ], [ [ 114.218699468562249, 22.276723815356934 ], [ 114.218628398396149, 22.27670615167332 ], [ 114.218620648510225, 22.276707550922698 ], [ 114.218699468562249, 22.276723815356934 ] ], [ [ 114.218755784890746, 22.276886578113952 ], [ 114.218781711613019, 22.27691985835666 ], [ 114.218732314978752, 22.276818746546336 ], [ 114.218755784890746, 22.276886578113952 ] ], [ [ 114.219281109580081, 22.276959463380585 ], [ 114.219462658709475, 22.276848989150668 ], [ 114.219528044626927, 22.276839796840115 ], [ 114.219462658709475, 22.276848989150693 ], [ 114.219338593333248, 22.276937178784159 ], [ 114.219281109580095, 22.276959463380592 ], [ 114.218947769990322, 22.276954483995883 ], [ 114.219080492614836, 22.276904871302545 ], [ 114.21920314368424, 22.276952819132568 ], [ 114.219281109580081, 22.276959463380585 ] ], [ [ 114.219528044626927, 22.276839796840115 ], [ 114.219740712388287, 22.276797504475677 ], [ 114.219812703282059, 22.276676152012431 ], [ 114.219528044626927, 22.276839796840115 ] ], [ [ 114.219831187134758, 22.276619324072851 ], [ 114.219826835710222, 22.276646022317742 ], [ 114.219831187134758, 22.276619324072833 ], [ 114.219831187134758, 22.276619324072851 ] ], [ [ 114.21973186112703, 22.276281631485887 ], [ 114.219731861127016, 22.276281631485926 ], [ 114.219699085970959, 22.276382196324526 ], [ 114.219702514368251, 22.276329158467544 ], [ 114.21973186112703, 22.276281631485887 ] ], [ [ 114.219957099953774, 22.276229230227614 ], [ 114.220093010665863, 22.276137822051627 ], [ 114.220043927844728, 22.276184216491941 ], [ 114.219957099953774, 22.276229230227614 ] ], [ [ 114.220128411935065, 22.275838212073282 ], [ 114.220122797621855, 22.275825393567448 ], [ 114.22015906840295, 22.275979858530636 ], [ 114.220128411935065, 22.275838212073282 ] ], [ [ 114.220104684327637, 22.275731006626817 ], [ 114.220114450346813, 22.275721543524195 ], [ 114.220096790220552, 22.275744319895452 ], [ 114.220104684327637, 22.275731006626817 ] ], [ [ 114.220309220109499, 22.275723149516271 ], [ 114.220260617325621, 22.275720868739743 ], [ 114.220161668919928, 22.275696783361809 ], [ 114.220137241760284, 22.275704707492942 ], [ 114.220161668919928, 22.275696783361798 ], [ 114.220309220109471, 22.275723149516249 ], [ 114.220362113356629, 22.275715088582803 ], [ 114.220309220109499, 22.275723149516271 ] ], [ [ 114.220575903029001, 22.275652142205125 ], [ 114.220400473725377, 22.275704202853568 ], [ 114.22061438625127, 22.27562527470625 ], [ 114.220575903029001, 22.275652142205125 ] ], [ [ 114.220631389198218, 22.275573840618641 ], [ 114.220624742347539, 22.275603923477593 ], [ 114.220631389198218, 22.275573840618641 ], [ 114.220631389198218, 22.275573840618641 ] ], [ [ 114.220623439274533, 22.275438852735245 ], [ 114.220613906221104, 22.275429375773978 ], [ 114.220631162867946, 22.275569997586366 ], [ 114.220623439274533, 22.275438852735245 ] ], [ [ 114.22057429805254, 22.275358511332314 ], [ 114.220577994000067, 22.275373952752986 ], [ 114.220574298052526, 22.275358511332314 ], [ 114.22057429805254, 22.275358511332314 ] ], [ [ 114.220494809085849, 22.275256360046463 ], [ 114.22049899169626, 22.275227208010332 ], [ 114.220537280039309, 22.275322931541609 ], [ 114.220494809085849, 22.275256360046463 ] ], [ [ 114.220491338813488, 22.275204705708955 ], [ 114.220491338813517, 22.275204705708948 ], [ 114.22049899169626, 22.275227208010332 ], [ 114.220491338813488, 22.275204705708955 ] ], [ [ 114.220487526064034, 22.275072054896658 ], [ 114.220526712468043, 22.274850911765711 ], [ 114.220475657272814, 22.27488674102252 ], [ 114.220461611311705, 22.274930362798319 ], [ 114.220487526064034, 22.275072054896658 ] ], [ [ 114.220790264349432, 22.273925777726163 ], [ 114.220516088423125, 22.274228053151212 ], [ 114.220530134440736, 22.274184891929877 ], [ 114.220640865352607, 22.274066858683241 ], [ 114.220714110765442, 22.274000490772192 ], [ 114.220778999447717, 22.273926033633206 ], [ 114.220790264349432, 22.273925777726163 ] ], [ [ 114.220826765990282, 22.274141681484828 ], [ 114.220826765990282, 22.274141681484803 ], [ 114.220837939806941, 22.274191383115486 ], [ 114.220826765990282, 22.274141681484828 ] ], [ [ 114.220827400182927, 22.27430800769212 ], [ 114.220827400182912, 22.274308007692106 ], [ 114.22082755609388, 22.274309407346543 ], [ 114.220827400182927, 22.27430800769212 ] ], [ [ 114.220840795972478, 22.27437879796102 ], [ 114.221170224429926, 22.274533147704012 ], [ 114.221251010811997, 22.274503369658742 ], [ 114.221408516143214, 22.274403353595606 ], [ 114.220840795972478, 22.27437879796102 ] ], [ [ 114.221867479603901, 22.274585469010095 ], [ 114.22188965284542, 22.274598480185666 ], [ 114.221825756279586, 22.274546888384283 ], [ 114.221867479603901, 22.274585469010095 ] ], [ [ 114.22202162627903, 22.274606792685677 ], [ 114.222187366668081, 22.274545193055118 ], [ 114.221942813644731, 22.274618662801878 ], [ 114.22202162627903, 22.274606792685677 ] ], [ [ 114.222271574925372, 22.274524815009794 ], [ 114.22228919141412, 22.274527699884803 ], [ 114.222237104553869, 22.27452943705244 ], [ 114.222271574925372, 22.274524815009794 ] ], [ [ 114.22235808379456, 22.274578902387923 ], [ 114.222437059784937, 22.274801711322016 ], [ 114.222351933640297, 22.274569704715788 ], [ 114.22235808379456, 22.274578902387923 ] ], [ [ 114.232570552830595, 22.271036301980494 ], [ 114.233043736209538, 22.270492051534244 ], [ 114.23264084539359, 22.270955453565609 ], [ 114.232570552830595, 22.271036301980494 ] ], [ [ 114.232570552830595, 22.271036301980494 ], [ 114.232173549030719, 22.271747926134871 ], [ 114.23205414248315, 22.271907131888312 ], [ 114.231902109808019, 22.272374790263211 ], [ 114.232570552830595, 22.271036301980494 ] ], [ [ 114.231855590514101, 22.272512225337131 ], [ 114.231855590514101, 22.272512225337131 ], [ 114.231902109808019, 22.272374790263211 ], [ 114.231855590514101, 22.272512225337131 ] ], [ [ 114.233137946328455, 22.269977886159047 ], [ 114.233115787060754, 22.270126818227144 ], [ 114.233137946328455, 22.26997788615904 ], [ 114.233137946328455, 22.269977886159047 ] ], [ [ 114.233137854077242, 22.269747369909471 ], [ 114.233137854077285, 22.269747369909499 ], [ 114.233137946328483, 22.269977886158848 ], [ 114.233137854077242, 22.269747369909471 ] ], [ [ 114.233098889145779, 22.269530160237149 ], [ 114.233098889145793, 22.269530160237135 ], [ 114.233110476372147, 22.269579328691936 ], [ 114.233098889145779, 22.269530160237149 ] ], [ [ 114.233029395999637, 22.269350898863667 ], [ 114.232900185556659, 22.26915079728704 ], [ 114.232882287067682, 22.269129044072436 ], [ 114.233029395999637, 22.269350898863667 ] ], [ [ 114.232852900203326, 22.268943063560243 ], [ 114.23292189288675, 22.268890210460807 ], [ 114.23293359966479, 22.268831227258122 ], [ 114.23293359966479, 22.268831227258122 ], [ 114.232921892886736, 22.268890210460825 ], [ 114.232852900203326, 22.268943063560251 ], [ 114.232773778570262, 22.268997166348509 ], [ 114.232852900203326, 22.268943063560243 ] ], [ [ 114.232911145948691, 22.268777042095795 ], [ 114.232911145948691, 22.268777042095781 ], [ 114.232927461087215, 22.268816413686956 ], [ 114.232911145948691, 22.268777042095795 ] ], [ [ 114.232583232491578, 22.268167215983976 ], [ 114.232574601571343, 22.268079955790327 ], [ 114.232593787147565, 22.268188041831827 ], [ 114.232583232491578, 22.268167215983976 ] ], [ [ 114.232581693330403, 22.268029183050349 ], [ 114.232581693330388, 22.268029183050366 ], [ 114.232573471575748, 22.268068559499728 ], [ 114.232581693330403, 22.268029183050349 ] ], [ [ 114.233513925585015, 22.267992078568085 ], [ 114.232637381238177, 22.26799469394113 ], [ 114.232620829965654, 22.267999833337136 ], [ 114.232637381238192, 22.267994693941109 ], [ 114.233513925585015, 22.267992078568085 ] ], [ [ 114.23442013776851, 22.266235674043855 ], [ 114.234364971576738, 22.266683418900016 ], [ 114.233723655301503, 22.266634681807243 ], [ 114.234364971576738, 22.26668341889998 ], [ 114.23442013776851, 22.266235674043855 ] ], [ [ 114.234480111785899, 22.265932154404883 ], [ 114.234480111785942, 22.265932154404897 ], [ 114.2344507661942, 22.266007860614355 ], [ 114.234480111785899, 22.265932154404883 ] ], [ [ 114.234948128467437, 22.265987154248485 ], [ 114.235289013344484, 22.265588078372438 ], [ 114.234859325227788, 22.26609111677562 ], [ 114.234948128467437, 22.265987154248485 ] ], [ [ 114.237523880063137, 22.26568479788618 ], [ 114.237523880063122, 22.265684797886198 ], [ 114.237523879982135, 22.265684797847612 ], [ 114.237523880063137, 22.26568479788618 ] ], [ [ 114.237680525055794, 22.265622247180943 ], [ 114.237680525055808, 22.26562224718095 ], [ 114.237646972771643, 22.265662762214056 ], [ 114.237680525055794, 22.265622247180943 ] ], [ [ 114.237557321985264, 22.264803827313486 ], [ 114.23750346924237, 22.264445860358951 ], [ 114.237622673170947, 22.265034964132251 ], [ 114.237557321985264, 22.264803827313486 ] ], [ [ 114.237502174828762, 22.264376508445178 ], [ 114.237535652886351, 22.26414202408527 ], [ 114.237502174828762, 22.264376508445185 ], [ 114.237502174828762, 22.264376508445178 ] ], [ [ 114.237957045048617, 22.264451707744225 ], [ 114.239170926512273, 22.265336828234705 ], [ 114.239890120757408, 22.264485366614409 ], [ 114.239170926512287, 22.26533682823473 ], [ 114.237957045048617, 22.264451707744225 ] ], [ [ 114.248356731616482, 22.264408765329428 ], [ 114.247969722854222, 22.264794598225972 ], [ 114.247955087922946, 22.264807783722912 ], [ 114.247969722854222, 22.264794598225972 ], [ 114.248356731616482, 22.264408765329428 ] ], [ [ 114.249458170678096, 22.263845784490851 ], [ 114.249458170678082, 22.263845784490858 ], [ 114.249435106263746, 22.263857355392769 ], [ 114.249458170678096, 22.263845784490851 ] ], [ [ 114.249895155660425, 22.263268593133972 ], [ 114.249895155660383, 22.263268593133994 ], [ 114.249518617585593, 22.262915714924343 ], [ 114.249895155660425, 22.263268593133972 ] ], [ [ 114.244021135643493, 22.263169437396169 ], [ 114.246665896591381, 22.261202833642699 ], [ 114.246600480872942, 22.261309793726166 ], [ 114.24653744955674, 22.261392758310887 ], [ 114.24641646295801, 22.261523736599564 ], [ 114.245808530330464, 22.261984044448457 ], [ 114.244488294128274, 22.262977872148124 ], [ 114.244291921095609, 22.263092742438079 ], [ 114.244206684801227, 22.26312586612184 ], [ 114.244052247086302, 22.263166459667612 ], [ 114.244021135643493, 22.263169437396169 ] ], [ [ 114.250923539673536, 22.262589455813281 ], [ 114.250923539673536, 22.262589455813302 ], [ 114.250639706778514, 22.262460564081142 ], [ 114.250923539673536, 22.262589455813281 ] ], [ [ 114.251055133555468, 22.262378340367412 ], [ 114.251050555220118, 22.262375864876802 ], [ 114.251055133555468, 22.262378340367395 ], [ 114.251055133555468, 22.262378340367412 ] ], [ [ 114.251859296904385, 22.261088213099779 ], [ 114.251713429523903, 22.261006329244879 ], [ 114.251859296904399, 22.261088213099764 ], [ 114.251859296904385, 22.261088213099779 ] ], [ [ 114.251255986474618, 22.260753873627312 ], [ 114.250506460486307, 22.260350178862701 ], [ 114.248402643874712, 22.258649544971259 ], [ 114.251255986474618, 22.260753873627312 ] ], [ [ 114.239805353860262, 22.263121536186166 ], [ 114.239805353860277, 22.263121536186169 ], [ 114.239487784951365, 22.263469248813028 ], [ 114.239805353860262, 22.263121536186166 ] ], [ [ 114.240958903818409, 22.26197560972512 ], [ 114.241679904473202, 22.262136466519742 ], [ 114.240958903818424, 22.261975609725134 ], [ 114.239921996321726, 22.263065663430883 ], [ 114.240958903818409, 22.26197560972512 ] ], [ [ 114.242712806889003, 22.262814451691103 ], [ 114.243814190037625, 22.263175774819874 ], [ 114.241763364347861, 22.26216437402746 ], [ 114.242712806889003, 22.262814451691103 ] ], [ [ 114.246636068346632, 22.26017357620497 ], [ 114.246740616390824, 22.260529403642256 ], [ 114.246764549057403, 22.260740349444099 ], [ 114.246758832011579, 22.260891317361683 ], [ 114.246738333677413, 22.261007442506514 ], [ 114.246636068346632, 22.26017357620497 ] ], [ [ 114.246667430691772, 22.259562558933894 ], [ 114.246667430691772, 22.259562558933922 ], [ 114.246580633931629, 22.259735795249235 ], [ 114.246667430691772, 22.259562558933894 ] ], [ [ 114.249486432097243, 22.262885551695739 ], [ 114.249578899358383, 22.262748172156588 ], [ 114.249486432097243, 22.26288555169576 ], [ 114.249486432097243, 22.262885551695739 ] ], [ [ 114.249915749869146, 22.262496119950136 ], [ 114.249915749869132, 22.262496119950114 ], [ 114.249980798640266, 22.26247407093301 ], [ 114.249915749869146, 22.262496119950136 ] ], [ [ 114.240710872587556, 22.264370690799435 ], [ 114.240710872587556, 22.264370690799435 ], [ 114.240466253807739, 22.26419040314963 ], [ 114.240710872587556, 22.264370690799435 ] ], [ [ 114.240632426849615, 22.264460912551833 ], [ 114.240318642892703, 22.264821799174964 ], [ 114.240311231583576, 22.264810301112185 ], [ 114.240632426849615, 22.264460912551833 ] ], [ [ 114.231939884584719, 22.272801204438618 ], [ 114.231939884584705, 22.272801204438611 ], [ 114.23190216479702, 22.272676334069367 ], [ 114.231939884584719, 22.272801204438618 ] ], [ [ 114.231759586927964, 22.272922393539201 ], [ 114.23173400407947, 22.27293090002539 ], [ 114.23173268472047, 22.272931343804778 ], [ 114.231759586927964, 22.272922393539201 ] ], [ [ 114.231646783059148, 22.272948259293482 ], [ 114.231594052516641, 22.272958400434501 ], [ 114.231578316843965, 22.272964058922653 ], [ 114.231561611965788, 22.272972472082113 ], [ 114.231553757922271, 22.272975664783996 ], [ 114.231646783059148, 22.272948259293482 ] ], [ [ 114.231544442248804, 22.272983188210393 ], [ 114.231550503103222, 22.272977640053099 ], [ 114.231537018992498, 22.272990771835055 ], [ 114.231544442248804, 22.272983188210393 ] ], [ [ 114.231509526253916, 22.273019060654111 ], [ 114.231471004032869, 22.273063224433876 ], [ 114.231464822484185, 22.273075745192305 ], [ 114.231471004032841, 22.273063224433876 ], [ 114.231491689355977, 22.273035746256536 ], [ 114.231499496665435, 22.273026956812764 ], [ 114.23152858497906, 22.273000532386927 ], [ 114.231534336280845, 22.272993619191528 ], [ 114.23152858497906, 22.273000532386966 ], [ 114.231509526253916, 22.273019060654111 ] ], [ [ 114.231450843811558, 22.273093691574765 ], [ 114.231461747890592, 22.273080704830836 ], [ 114.231445046293459, 22.273105893923322 ], [ 114.231450843811558, 22.273093691574765 ] ], [ [ 114.231445046293459, 22.273105893923322 ], [ 114.231433086646518, 22.273140855564037 ], [ 114.231431782377982, 22.273144584368026 ], [ 114.231437076787884, 22.273121790535001 ], [ 114.231445046293459, 22.273105893923322 ] ], [ [ 114.231427827478811, 22.273155891331406 ], [ 114.231413651782916, 22.27321532877928 ], [ 114.231412128744878, 22.273222223608204 ], [ 114.231427827478811, 22.273155891331406 ] ], [ [ 114.231407852916746, 22.27324908727141 ], [ 114.231407176216834, 22.273255517316592 ], [ 114.231407176216834, 22.273255517316574 ], [ 114.231407852916746, 22.27324908727141 ] ], [ [ 114.231404063851073, 22.273286267701451 ], [ 114.231407246536193, 22.273261703283303 ], [ 114.231407246536193, 22.273261703283332 ], [ 114.231404063851073, 22.273286267701451 ] ], [ [ 114.231442162693028, 22.273322057562737 ], [ 114.231469890926206, 22.27334499892925 ], [ 114.231479081434358, 22.273353581594385 ], [ 114.231452964438645, 22.273332560397584 ], [ 114.231442162693028, 22.273322057562737 ] ], [ [ 114.231487342616262, 22.273360652191204 ], [ 114.231479980977767, 22.27335437257296 ], [ 114.231498805216845, 22.273369940864349 ], [ 114.231487342616262, 22.273360652191204 ] ], [ [ 114.231498805216845, 22.273369940864349 ], [ 114.2315204882903, 22.273388067094309 ], [ 114.231528731485284, 22.273396044679522 ], [ 114.231498805216845, 22.273369940864349 ] ], [ [ 114.231719337823222, 22.273613377753936 ], [ 114.231638250614253, 22.273510869578207 ], [ 114.231786215797825, 22.273574889411847 ], [ 114.231719337823222, 22.273613377753936 ] ], [ [ 114.232662531582037, 22.27347575734586 ], [ 114.232683686258369, 22.273482267185216 ], [ 114.232683686258369, 22.273482267185233 ], [ 114.232662531582037, 22.27347575734586 ] ], [ [ 114.232681590746765, 22.273487569359904 ], [ 114.232659395446632, 22.273543729059718 ], [ 114.232659395446589, 22.273543729059714 ], [ 114.232681590746765, 22.273487569359904 ] ], [ [ 114.234253778979792, 22.273781925233934 ], [ 114.234365316094298, 22.273671260391076 ], [ 114.234272887922899, 22.273839488818414 ], [ 114.234253778979792, 22.273781925233934 ] ], [ [ 114.234348215839503, 22.274088852359693 ], [ 114.234348215839518, 22.274088852359711 ], [ 114.23438158984419, 22.274449630902382 ], [ 114.234348215839503, 22.274088852359693 ] ], [ [ 114.247479406728118, 22.265497631567186 ], [ 114.247479406728118, 22.265497631567193 ], [ 114.247318213289375, 22.2653527198785 ], [ 114.247479406728118, 22.265497631567186 ] ], [ [ 114.239450381482371, 22.273232422587629 ], [ 114.239450381482371, 22.273232422587629 ], [ 114.239391623737106, 22.27273570572337 ], [ 114.239450381482371, 22.273232422587629 ] ], [ [ 114.239013891845602, 22.271584886281588 ], [ 114.239046813881714, 22.2715764176106 ], [ 114.239013891845602, 22.271584886281609 ], [ 114.239013891845602, 22.271584886281588 ] ], [ [ 114.239020109672609, 22.270637442872882 ], [ 114.239020109672609, 22.270637442872907 ], [ 114.239019933079277, 22.270634171070405 ], [ 114.239020109672609, 22.270637442872882 ] ], [ [ 114.238438707433559, 22.275504476270321 ], [ 114.238438707433531, 22.275504476270335 ], [ 114.238462322708429, 22.275477460278768 ], [ 114.238438707433559, 22.275504476270321 ] ], [ [ 114.239203773876781, 22.274453758213479 ], [ 114.239203773876767, 22.274453758213497 ], [ 114.239228575957782, 22.274389236950014 ], [ 114.239203773876781, 22.274453758213479 ] ], [ [ 114.239372673512648, 22.270420391397952 ], [ 114.239478039888283, 22.270427206114146 ], [ 114.23931618092152, 22.270407877882729 ], [ 114.239372673512648, 22.270420391397952 ] ], [ [ 114.240319141748316, 22.270120893088514 ], [ 114.241408774627644, 22.272691830952088 ], [ 114.241435789549257, 22.272834599177568 ], [ 114.240319141748316, 22.270120893088514 ] ], [ [ 114.24149606446727, 22.273312670918639 ], [ 114.241496064467285, 22.273312670918649 ], [ 114.241508230146692, 22.273836768377226 ], [ 114.24149606446727, 22.273312670918639 ] ], [ [ 114.241502974340648, 22.273949084552854 ], [ 114.241507178986154, 22.273859231612498 ], [ 114.241502974340648, 22.273949084552854 ], [ 114.241502974340648, 22.273949084552854 ] ], [ [ 114.242549826515955, 22.274228912154658 ], [ 114.242862140728775, 22.274454235401226 ], [ 114.242506546976443, 22.27419754755898 ], [ 114.242549826515955, 22.274228912154658 ] ], [ [ 114.243035017001787, 22.275073585634811 ], [ 114.243035017001773, 22.2750735856348 ], [ 114.242862140728775, 22.274454235401226 ], [ 114.243035017001787, 22.275073585634811 ] ], [ [ 114.228017851868344, 22.277074107780194 ], [ 114.228017851868344, 22.277074107780198 ], [ 114.227966891284211, 22.277100240444849 ], [ 114.228017851868344, 22.277074107780194 ] ], [ [ 114.22816696322306, 22.277565471942253 ], [ 114.228166963223046, 22.277565471942292 ], [ 114.227384099910765, 22.277971355776625 ], [ 114.22816696322306, 22.277565471942253 ] ], [ [ 114.227103187760889, 22.277543860330571 ], [ 114.227220234507016, 22.277721983837257 ], [ 114.227103187760861, 22.277543860330578 ], [ 114.227103187760889, 22.277543860330571 ] ] ] } },
{ "type": "Feature", "properties": { "codigo": "D", "distrito_en": "Southern", "distrito_zh": "南區", "distrito_es": "Sur", "region": "Isla de Hong Kong", "area_km2_oficial": 39.4, "area_km2_poligono_incluye_mar": 93.992, "centro_lat": 22.234968, "centro_lon": 114.20794, "n_circunscripciones": 17 }, "geometry": { "type": "Polygon", "coordinates": [ [ [ 114.149133410804538, 22.231512194808165 ], [ 114.128714376296244, 22.247100431862009 ], [ 114.130065953419276, 22.248636357211197 ], [ 114.128714376296244, 22.247100431862012 ], [ 114.110241293691601, 22.261197878488783 ], [ 114.110105212846577, 22.273029244553353 ], [ 114.116283278972304, 22.273035458017972 ], [ 114.118532444972345, 22.274235477859428 ], [ 114.122002514111145, 22.272463962254665 ], [ 114.123758999696847, 22.272743213273145 ], [ 114.129266474468906, 22.275603749860451 ], [ 114.136354491253059, 22.272068341022475 ], [ 114.143034765062694, 22.26182633728094 ], [ 114.143168300868226, 22.259848109031942 ], [ 114.145663662165489, 22.258423108031796 ], [ 114.146840364818075, 22.256347487241545 ], [ 114.146197873711216, 22.256042690894876 ], [ 114.146065401065442, 22.254787132613711 ], [ 114.145293280511027, 22.254730109505871 ], [ 114.146080729680719, 22.252703274035596 ], [ 114.141314200602167, 22.25052992921254 ], [ 114.140957312897697, 22.25178478868968 ], [ 114.141314200602139, 22.250529929212515 ], [ 114.146080729680705, 22.252703274035589 ], [ 114.146102242276797, 22.252676103964241 ], [ 114.146141507184169, 22.252660072916733 ], [ 114.146344168715316, 22.252614840316099 ], [ 114.146562655280363, 22.25224308855859 ], [ 114.14700476699565, 22.252093477926458 ], [ 114.148003863379515, 22.252350174292882 ], [ 114.148970333360225, 22.253560957931732 ], [ 114.151749388110147, 22.254136275618411 ], [ 114.153527142269908, 22.256248659220759 ], [ 114.15417200756805, 22.256192507422227 ], [ 114.155247478352422, 22.258096127885594 ], [ 114.155157993265831, 22.259332666350325 ], [ 114.158313013651821, 22.257875173560151 ], [ 114.161779058795901, 22.258979647275567 ], [ 114.162681818026584, 22.258427629846103 ], [ 114.163383993719734, 22.258822293238772 ], [ 114.163340416854737, 22.256455307787398 ], [ 114.165699682341142, 22.25626698036308 ], [ 114.165229160003292, 22.25725681657616 ], [ 114.167680218388085, 22.257451647016403 ], [ 114.171150132186227, 22.255608186161801 ], [ 114.172950300184439, 22.255827268813125 ], [ 114.176107989156364, 22.25411180300279 ], [ 114.177879454390407, 22.255080809726248 ], [ 114.178599175766365, 22.256915771324856 ], [ 114.187113575156445, 22.2540368585741 ], [ 114.188229735918881, 22.254496065726368 ], [ 114.188352089634947, 22.255663342875884 ], [ 114.189649541952775, 22.25729654964049 ], [ 114.194415840639124, 22.257049069824347 ], [ 114.196469415545394, 22.258121677286791 ], [ 114.198742415324631, 22.258176618146621 ], [ 114.200408672790815, 22.259234868677513 ], [ 114.201800789991736, 22.258873163320153 ], [ 114.204406180618562, 22.259388799090157 ], [ 114.205157259043375, 22.259253598283035 ], [ 114.20629300799736, 22.257566432633034 ], [ 114.208748547334181, 22.257653358519057 ], [ 114.209425244502356, 22.256912926595259 ], [ 114.210093389464205, 22.257002276023741 ], [ 114.211357450098433, 22.255784733108484 ], [ 114.21122660577015, 22.254636547982528 ], [ 114.211626925174954, 22.255565718144631 ], [ 114.21272470330473, 22.255861983139976 ], [ 114.210651974088975, 22.25660595844014 ], [ 114.210378950211165, 22.257336622743409 ], [ 114.210608215081294, 22.258001818950639 ], [ 114.21126970645723, 22.257677804434586 ], [ 114.212088263593216, 22.258393796439112 ], [ 114.211396936990127, 22.259109715151613 ], [ 114.21210291842776, 22.260427804899898 ], [ 114.214630109326393, 22.259857429084288 ], [ 114.217137309801757, 22.25741100751867 ], [ 114.218205886295792, 22.258181903206975 ], [ 114.221361771731523, 22.256697990488636 ], [ 114.228254298540548, 22.257196244957814 ], [ 114.233733154985416, 22.254608524750903 ], [ 114.234731084078177, 22.256128980938406 ], [ 114.235784350730896, 22.256807897572735 ], [ 114.23634400759947, 22.256436127020869 ], [ 114.236658156832036, 22.257260610298438 ], [ 114.238759408109843, 22.256233280786887 ], [ 114.242318819033429, 22.255542475585507 ], [ 114.244116371033385, 22.253632081292647 ], [ 114.247381856770758, 22.25339139290725 ], [ 114.250178748729724, 22.245801116397399 ], [ 114.261582457232848, 22.24573542657226 ], [ 114.309068690882782, 22.192828356339536 ], [ 114.200012305767331, 22.192644097315238 ], [ 114.161694248062716, 22.221920034460489 ], [ 114.166242509491013, 22.227038632357615 ], [ 114.16169424806273, 22.221920034460517 ], [ 114.149133410804538, 22.231512194808161 ], [ 114.150877468259779, 22.23348181742303 ], [ 114.149133410804538, 22.231512194808165 ] ], [ [ 114.140903051602734, 22.25190641980269 ], [ 114.140756493105982, 22.252174778787726 ], [ 114.140957312897697, 22.25178478868968 ], [ 114.140903051602734, 22.25190641980269 ] ], [ [ 114.140756493105982, 22.252174778787726 ], [ 114.140574050972916, 22.252396892615014 ], [ 114.140376940662307, 22.252578229480239 ], [ 114.140756493105982, 22.252174778787726 ] ], [ [ 114.154345794647412, 22.242521175238807 ], [ 114.154285273658843, 22.242734863179187 ], [ 114.154285273658843, 22.242734863179187 ], [ 114.154345794647412, 22.242521175238807 ] ], [ [ 114.154256702178756, 22.242087242120284 ], [ 114.154238524889777, 22.242016122994528 ], [ 114.154163956882286, 22.242011597278783 ], [ 114.154256702178756, 22.242087242120284 ] ], [ [ 114.153035095512422, 22.241719627669198 ], [ 114.153026001965259, 22.241686330221629 ], [ 114.153046003076511, 22.241752934412141 ], [ 114.153035095512422, 22.241719627669198 ] ], [ [ 114.153020555945488, 22.241652464374638 ], [ 114.153017064654279, 22.241621935874541 ], [ 114.153026001965259, 22.241686330221629 ], [ 114.153020555945488, 22.241652464374638 ] ], [ [ 114.153007947551799, 22.24089218760928 ], [ 114.153009167464859, 22.2408487321519 ], [ 114.153007947551799, 22.240892187609305 ], [ 114.153007947551799, 22.24089218760928 ] ], [ [ 114.153012209459106, 22.24081486754422 ], [ 114.153021304496519, 22.240781563724838 ], [ 114.153035259214235, 22.240749958383923 ], [ 114.153051629264098, 22.240718922327734 ], [ 114.15306229249741, 22.240693211047823 ], [ 114.153012209459106, 22.24081486754422 ] ], [ [ 114.153109866030803, 22.240519686915125 ], [ 114.153139601318742, 22.240385359865243 ], [ 114.153148094960429, 22.240351496047143 ], [ 114.153158402498207, 22.240318201425382 ], [ 114.15321507655203, 22.240238441655002 ], [ 114.153422845122904, 22.239810742479488 ], [ 114.153422979926262, 22.239810464321629 ], [ 114.153109866030803, 22.240519686915125 ] ], [ [ 114.153673706694462, 22.239294322700307 ], [ 114.154286260304318, 22.238567565206395 ], [ 114.154289757736805, 22.23804913220058 ], [ 114.154286260304332, 22.238567565206406 ], [ 114.153673706694462, 22.239294322700307 ] ], [ [ 114.154289757736805, 22.23804913220058 ], [ 114.154281634760096, 22.237951464226626 ], [ 114.154276217807265, 22.237916821771282 ], [ 114.154289757736805, 22.23804913220058 ] ], [ [ 114.154262934320286, 22.237854165794499 ], [ 114.154253146862274, 22.237817661658024 ], [ 114.154243781183894, 22.237787389504078 ], [ 114.154262934320286, 22.237854165794499 ] ], [ [ 114.154243781183894, 22.237787389504078 ], [ 114.154112215401994, 22.237426830134037 ], [ 114.154092369119624, 22.237371597533595 ], [ 114.154184181005775, 22.237614335242807 ], [ 114.154243781183894, 22.237787389504078 ] ], [ [ 114.154043955727417, 22.237237943813692 ], [ 114.153899186771412, 22.236890431737898 ], [ 114.153898990256437, 22.236890272267789 ], [ 114.154043955727417, 22.237237943813692 ] ], [ [ 114.132875019793374, 22.252170129405858 ], [ 114.132900135983533, 22.252202980731131 ], [ 114.132850014723886, 22.252084523581221 ], [ 114.132875019793374, 22.252170129405858 ] ], [ [ 114.132906103652516, 22.252407100862143 ], [ 114.133007884092464, 22.252529423262693 ], [ 114.133095581177685, 22.252570753150856 ], [ 114.132906103652516, 22.252407100862143 ] ], [ [ 114.133260182161806, 22.25260823849867 ], [ 114.133332224089145, 22.252609368565551 ], [ 114.133095581177685, 22.252570753150856 ], [ 114.133260182161806, 22.25260823849867 ] ], [ [ 114.133334628163809, 22.252678228040192 ], [ 114.133341209808677, 22.252702770480237 ], [ 114.133333452349376, 22.252644549409084 ], [ 114.133334628163809, 22.252678228040192 ] ], [ [ 114.133370726359047, 22.25276725694658 ], [ 114.133444939070969, 22.252814846348922 ], [ 114.133535945290603, 22.252812426946967 ], [ 114.133370726359047, 22.25276725694658 ] ], [ [ 114.133607435985283, 22.252818276140577 ], [ 114.133707463040182, 22.252862327206397 ], [ 114.133586037126321, 22.252814286331407 ], [ 114.133607435985283, 22.252818276140577 ] ], [ [ 114.133760204612159, 22.252909752187634 ], [ 114.133847994412747, 22.253028550305601 ], [ 114.133707463040182, 22.252862327206397 ], [ 114.133760204612159, 22.252909752187634 ] ], [ [ 114.133715166941528, 22.25346117076462 ], [ 114.133900037163158, 22.253651992505489 ], [ 114.134024704767668, 22.253679771757277 ], [ 114.133715166941528, 22.25346117076462 ] ], [ [ 114.134153473974223, 22.25369495490698 ], [ 114.134401480667435, 22.253665110271992 ], [ 114.134138801700686, 22.253694387540367 ], [ 114.134153473974223, 22.25369495490698 ] ], [ [ 114.134480904569941, 22.253670775151146 ], [ 114.134480904569969, 22.253670775151154 ], [ 114.134401480667435, 22.253665110271992 ], [ 114.134480904569941, 22.253670775151146 ] ], [ [ 114.134566383452693, 22.25373682962514 ], [ 114.134631234110572, 22.253813047228448 ], [ 114.13450317693686, 22.253687986306893 ], [ 114.134566383452693, 22.25373682962514 ] ], [ [ 114.134665778204422, 22.253886990249203 ], [ 114.134682735968653, 22.253953035901329 ], [ 114.134631234110572, 22.253813047228448 ], [ 114.134665778204422, 22.253886990249203 ] ], [ [ 114.134407782066106, 22.25487183448687 ], [ 114.134397823257387, 22.25488901641997 ], [ 114.13441097512009, 22.254842687160576 ], [ 114.134407782066106, 22.25487183448687 ] ], [ [ 114.134310086039818, 22.255134827043072 ], [ 114.134321203121431, 22.255169859895624 ], [ 114.134312302265428, 22.255111349313324 ], [ 114.134310086039818, 22.255134827043072 ] ], [ [ 114.134321203121431, 22.255169859895624 ], [ 114.134367057002891, 22.255219504409617 ], [ 114.134399223765783, 22.255236943316163 ], [ 114.134321203121431, 22.255169859895624 ] ], [ [ 114.134701719478088, 22.25535505145475 ], [ 114.135043066324045, 22.255427384884037 ], [ 114.135079444082876, 22.255437700968404 ], [ 114.134853291995071, 22.255402501656242 ], [ 114.134701719478088, 22.25535505145475 ] ], [ [ 114.13523162089065, 22.255509269125586 ], [ 114.135315291653711, 22.255526791945091 ], [ 114.135195646725634, 22.255489322104935 ], [ 114.13523162089065, 22.255509269125586 ] ], [ [ 114.135434713837299, 22.255606400611079 ], [ 114.13550256730089, 22.255802274902678 ], [ 114.135531527752505, 22.255840419780586 ], [ 114.13550256730089, 22.255802274902706 ], [ 114.135434713837299, 22.255606400611082 ], [ 114.13540006804196, 22.25558026992384 ], [ 114.135434713837299, 22.255606400611079 ] ], [ [ 114.133486888678135, 22.264492141115809 ], [ 114.133380516320415, 22.264623093969913 ], [ 114.133486888553136, 22.264492141043448 ], [ 114.133486888678135, 22.264492141115809 ] ], [ [ 114.135908209547011, 22.256103089590681 ], [ 114.135795124250777, 22.256046772819015 ], [ 114.136308990295788, 22.256250479334025 ], [ 114.135908209547011, 22.256103089590681 ] ], [ [ 114.136639352392336, 22.256472391346033 ], [ 114.136639352392322, 22.256472391346005 ], [ 114.13716204313387, 22.25674875757316 ], [ 114.136639352392336, 22.256472391346033 ] ], [ [ 114.13736788403142, 22.256791370316698 ], [ 114.137367884031406, 22.25679137031668 ], [ 114.137422056883537, 22.256680448481319 ], [ 114.13736788403142, 22.256791370316698 ] ], [ [ 114.139499767014811, 22.253333671421387 ], [ 114.139140825995511, 22.253654899682893 ], [ 114.138282735654059, 22.254714266383854 ], [ 114.139140825995511, 22.253654899682889 ], [ 114.139499767014811, 22.253333671421387 ] ], [ [ 114.156316234698636, 22.243549238687688 ], [ 114.156313009875234, 22.24354879349422 ], [ 114.156316234698636, 22.243549238687688 ], [ 114.156316234698636, 22.243549238687688 ] ], [ [ 114.157891546421254, 22.243391648981536 ], [ 114.157878733862049, 22.243391400446406 ], [ 114.157878733862049, 22.243391400446406 ], [ 114.157891546421254, 22.243391648981536 ] ], [ [ 114.159249460018842, 22.24273582779751 ], [ 114.15948613559695, 22.243221694697354 ], [ 114.159433365775442, 22.243244356064015 ], [ 114.159486135596936, 22.24322169469735 ], [ 114.159249460018842, 22.24273582779751 ] ], [ [ 114.159050463257145, 22.242250921900766 ], [ 114.159050463257145, 22.242250921900759 ], [ 114.159071804454896, 22.242329680788497 ], [ 114.159050463257145, 22.242250921900766 ] ], [ [ 114.160717317224865, 22.238586155988003 ], [ 114.160794498022327, 22.238717433631869 ], [ 114.160717317224837, 22.238586155988017 ], [ 114.160717317224865, 22.238586155988003 ] ], [ [ 114.160731965722775, 22.238578237528799 ], [ 114.160731965722775, 22.238578237528802 ], [ 114.160730134660625, 22.238579227336277 ], [ 114.160731965722775, 22.238578237528799 ] ], [ [ 114.160732345662097, 22.238564014239589 ], [ 114.160732345662097, 22.238564014239611 ], [ 114.1607223253461, 22.238551853818592 ], [ 114.160732345662097, 22.238564014239589 ] ], [ [ 114.160688274222338, 22.238501653000931 ], [ 114.16071209685478, 22.238514939499037 ], [ 114.160712096854766, 22.238514939499069 ], [ 114.160688274222338, 22.238501653000931 ] ], [ [ 114.160648023213454, 22.238452874278476 ], [ 114.160647272249491, 22.238403512485853 ], [ 114.160677393492094, 22.238476437649553 ], [ 114.160648023213454, 22.238452874278476 ] ], [ [ 114.160655734581539, 22.238372131701031 ], [ 114.160652521825426, 22.238384045535419 ], [ 114.160655734581539, 22.238372131701031 ], [ 114.160655734581539, 22.238372131701031 ] ], [ [ 114.160727872818626, 22.238317647711135 ], [ 114.160727872818626, 22.238317647711135 ], [ 114.16071944860569, 22.23827028093941 ], [ 114.160727872818626, 22.238317647711135 ] ], [ [ 114.160693473321373, 22.238165341815673 ], [ 114.16076242994852, 22.23819396687967 ], [ 114.16072731400125, 22.238199408909725 ], [ 114.160693473321373, 22.238165341815673 ] ], [ [ 114.160712661459272, 22.238158191416161 ], [ 114.160712661459272, 22.238158191416161 ], [ 114.160701945550244, 22.238132028462008 ], [ 114.160712661459272, 22.238158191416161 ] ], [ [ 114.160997917310979, 22.238009872380175 ], [ 114.160997917310979, 22.238009872380175 ], [ 114.16098858653271, 22.237990951804932 ], [ 114.160997917310979, 22.238009872380175 ] ], [ [ 114.160916958881927, 22.237831589739329 ], [ 114.160916958881927, 22.237831589739312 ], [ 114.160943332329708, 22.237891517414432 ], [ 114.160916958881927, 22.237831589739329 ] ], [ [ 114.160553232921387, 22.237876282305947 ], [ 114.160549212908364, 22.237883859072777 ], [ 114.160549212908379, 22.237883859072749 ], [ 114.160553232921387, 22.237876282305947 ] ], [ [ 114.160570188001515, 22.237844491946866 ], [ 114.160557084139668, 22.237847023698471 ], [ 114.160557084139668, 22.237847023698453 ], [ 114.160570188001515, 22.237844491946866 ] ], [ [ 114.160780110117216, 22.23779952639493 ], [ 114.160780110117216, 22.237799526394955 ], [ 114.160772444896253, 22.237802088491676 ], [ 114.160780110117216, 22.23779952639493 ] ], [ [ 114.16087821408054, 22.237760333843276 ], [ 114.160878214080554, 22.237760333843291 ], [ 114.160866194422852, 22.237768643904211 ], [ 114.16087821408054, 22.237760333843276 ] ], [ [ 114.160882347252908, 22.23766724595124 ], [ 114.160875205668034, 22.237600454306609 ], [ 114.160883843561393, 22.237731282682851 ], [ 114.160882347252908, 22.23766724595124 ] ], [ [ 114.160869766913734, 22.237572819877649 ], [ 114.160869766913734, 22.237572819877649 ], [ 114.160866306960585, 22.237570935482381 ], [ 114.160869766913734, 22.237572819877649 ] ], [ [ 114.160855119946262, 22.237568221821348 ], [ 114.160855119946262, 22.237568221821309 ], [ 114.160862591779747, 22.237569446535463 ], [ 114.160855119946262, 22.237568221821348 ] ], [ [ 114.160793387614333, 22.237563610097915 ], [ 114.160781958183108, 22.237563836995527 ], [ 114.160827552145818, 22.237563658615858 ], [ 114.160793387614333, 22.237563610097915 ] ], [ [ 114.160623232735887, 22.237576796095375 ], [ 114.160549104284158, 22.237564479869537 ], [ 114.160679980974564, 22.237570441745071 ], [ 114.160623232735887, 22.237576796095375 ] ], [ [ 114.160521251396119, 22.237508811938149 ], [ 114.160532064897225, 22.237530424253499 ], [ 114.160521251396133, 22.237508811938159 ], [ 114.160521251396119, 22.237508811938149 ] ], [ [ 114.160899394106721, 22.237208127598603 ], [ 114.160899394106721, 22.237208127598603 ], [ 114.160899714030407, 22.237208091684256 ], [ 114.160899394106721, 22.237208127598603 ] ], [ [ 114.160674914080687, 22.2372554443116 ], [ 114.160674914080658, 22.2372554443116 ], [ 114.160673638741756, 22.237237090788192 ], [ 114.160674914080687, 22.2372554443116 ] ], [ [ 114.160839470898424, 22.236990906645055 ], [ 114.160822949190532, 22.237009733191627 ], [ 114.160839470898424, 22.236990906645044 ], [ 114.160839470898424, 22.236990906645055 ] ], [ [ 114.160832468774473, 22.236977856616157 ], [ 114.160832468774473, 22.236977856616129 ], [ 114.160837780730461, 22.236987756638108 ], [ 114.160832468774473, 22.236977856616157 ] ], [ [ 114.160669920908333, 22.236658616133312 ], [ 114.160641601191003, 22.23676642035386 ], [ 114.160641601191003, 22.236766420353852 ], [ 114.160669920908333, 22.236658616133312 ] ], [ [ 114.160608946802412, 22.23645772116641 ], [ 114.160692996201533, 22.236570775652577 ], [ 114.160692996201533, 22.236570775652577 ], [ 114.160608946802412, 22.23645772116641 ] ], [ [ 114.162770027696098, 22.23653774453291 ], [ 114.162770027696098, 22.236537744532924 ], [ 114.162745077923347, 22.23653197404947 ], [ 114.162770027696098, 22.23653774453291 ] ], [ [ 114.155134025284696, 22.243172993634804 ], [ 114.15506039660977, 22.24313404864229 ], [ 114.155203454318197, 22.243206375776385 ], [ 114.155134025284696, 22.243172993634804 ] ], [ [ 114.155768051764369, 22.243446977459314 ], [ 114.15575401997188, 22.243442190061337 ], [ 114.155870451882734, 22.243473849574393 ], [ 114.155768051764369, 22.243446977459314 ] ] ] } },
{ "type": "Feature", "properties": { "codigo": "E", "distrito_en": "Yau Tsim Mong", "distrito_zh": "油尖旺區", "distrito_es": "Yau Tsim Mong", "region": "Kowloon", "area_km2_oficial": 6.99, "area_km2_poligono_incluye_mar": 11.457, "centro_lat": 22.307382, "centro_lon": 114.165464, "n_circunscripciones": 20 }, "geometry": { "type": "Polygon", "coordinates": [ [ [ 114.186857753485427, 22.294124122842824 ], [ 114.174301637332718, 22.28804860799179 ], [ 114.149508995686148, 22.297477658692433 ], [ 114.149526264546964, 22.322612686175805 ], [ 114.152695490871949, 22.322613188944615 ], [ 114.154973085303993, 22.325056331476265 ], [ 114.157674572312985, 22.321832093516342 ], [ 114.159012451864399, 22.322785876462785 ], [ 114.158367118382799, 22.324756459427938 ], [ 114.161923205937811, 22.32461546964171 ], [ 114.160587119892924, 22.326209686973815 ], [ 114.174474348761521, 22.32664807432219 ], [ 114.172959603406525, 22.323559141596768 ], [ 114.172763132521965, 22.321105434859955 ], [ 114.175603564964447, 22.313936171923956 ], [ 114.181733909161522, 22.307037542491074 ], [ 114.182483953516794, 22.304726558032861 ], [ 114.18349710307956, 22.303926172610929 ], [ 114.184608251760096, 22.304028042619343 ], [ 114.18571327227437, 22.301273359929613 ], [ 114.186589420569476, 22.301088001377558 ], [ 114.18685819035926, 22.300244814509238 ], [ 114.186857753485427, 22.294124122842824 ] ], [ [ 114.168074501258857, 22.303040919779964 ], [ 114.168074501368224, 22.30304091978681 ], [ 114.16807329699013, 22.303051078380783 ], [ 114.168074501258857, 22.303040919779964 ] ], [ [ 114.171046887470993, 22.310921947032082 ], [ 114.171046887388826, 22.310921947435475 ], [ 114.17055495201231, 22.310837276269126 ], [ 114.171046887470993, 22.310921947032082 ] ] ] } },
{ "type": "Feature", "properties": { "codigo": "F", "distrito_en": "Sham Shui Po", "distrito_zh": "深水埗區", "distrito_es": "Sham Shui Po", "region": "Kowloon", "area_km2_oficial": 9.36, "area_km2_poligono_incluye_mar": 10.799, "centro_lat": 22.331221, "centro_lon": 114.172183, "n_circunscripciones": 25 }, "geometry": { "type": "Polygon", "coordinates": [ [ [ 114.131961871675657, 22.318284685763839 ], [ 114.130659820667574, 22.319866705824076 ], [ 114.130422708252013, 22.321377663675438 ], [ 114.132493941447095, 22.322823977442518 ], [ 114.13510859717428, 22.323612174822632 ], [ 114.137981509309299, 22.327099092342515 ], [ 114.140049086078349, 22.328598200027812 ], [ 114.140567088134574, 22.328374990429712 ], [ 114.140427982243153, 22.328939144905114 ], [ 114.142145554172089, 22.330965893713874 ], [ 114.138755585553326, 22.332884537197387 ], [ 114.138906977824746, 22.333589797585859 ], [ 114.133986922666665, 22.335721891511849 ], [ 114.131673380650312, 22.339313417222463 ], [ 114.132993085531041, 22.338781951291644 ], [ 114.134109145722178, 22.339701624689503 ], [ 114.135201854144711, 22.339642442820256 ], [ 114.135966332953842, 22.341393348734375 ], [ 114.138180016714813, 22.34203545964224 ], [ 114.13827490854672, 22.341256315802468 ], [ 114.140880604112581, 22.339876899431697 ], [ 114.142342854880098, 22.34027821975328 ], [ 114.141951963218233, 22.34025247119575 ], [ 114.143320466407786, 22.341263614880162 ], [ 114.145367815319076, 22.339998056923459 ], [ 114.148923056901765, 22.34060205878157 ], [ 114.146953146170958, 22.341515014122724 ], [ 114.146842408812645, 22.344165636785444 ], [ 114.147963326235498, 22.345058629210893 ], [ 114.150748265654343, 22.344999057336221 ], [ 114.151258011880913, 22.347220070382932 ], [ 114.152538079302502, 22.346188615852462 ], [ 114.154935545117297, 22.346855124294613 ], [ 114.156319694180439, 22.346249815211198 ], [ 114.157192055730476, 22.346480139497469 ], [ 114.158681449908002, 22.345449167245679 ], [ 114.160114288215652, 22.347317862573544 ], [ 114.160941943055377, 22.346992321826818 ], [ 114.163732242626239, 22.348622100431587 ], [ 114.165508400031825, 22.347265744505247 ], [ 114.166274149698125, 22.345713026829525 ], [ 114.167014527794692, 22.346351633657019 ], [ 114.168248804279116, 22.34582576367146 ], [ 114.17272511883057, 22.346468210834299 ], [ 114.174007492233244, 22.344227745908931 ], [ 114.173128028156768, 22.342980855148156 ], [ 114.173795650983308, 22.341542701246158 ], [ 114.173084913972389, 22.340539913768687 ], [ 114.173958553455108, 22.340551228861582 ], [ 114.176847552417868, 22.333387759787538 ], [ 114.176124733691395, 22.329809273163264 ], [ 114.174474348761521, 22.32664807432219 ], [ 114.160587119892924, 22.326209686973815 ], [ 114.161891551350521, 22.325229230644496 ], [ 114.161923205937811, 22.32461546964171 ], [ 114.158367118382799, 22.324756459427938 ], [ 114.159012451864399, 22.322785876462785 ], [ 114.157674572312985, 22.321832093516342 ], [ 114.154973085303993, 22.325056331476272 ], [ 114.152695490871935, 22.322613188944629 ], [ 114.149526264546964, 22.322612686175813 ], [ 114.149524990006427, 22.313796368977869 ], [ 114.131765064158131, 22.313753023914924 ], [ 114.131961871675657, 22.318284685763839 ] ], [ [ 114.155588302452657, 22.325747656905857 ], [ 114.155588299197362, 22.325747653741889 ], [ 114.154973085303993, 22.325056331476272 ], [ 114.155588302452657, 22.325747656905857 ] ], [ [ 114.155909386544621, 22.340117898899301 ], [ 114.15596265009394, 22.340176140448506 ], [ 114.155962648884, 22.340176141383374 ], [ 114.155909386544621, 22.340117898899301 ] ], [ [ 114.155826604060778, 22.338088655538947 ], [ 114.156985826658072, 22.339385817643034 ], [ 114.157950126087613, 22.340465077117809 ], [ 114.156985826658016, 22.339385818094595 ], [ 114.155826604060778, 22.338088655538947 ] ], [ [ 114.157289245593745, 22.334605854056939 ], [ 114.15557992932051, 22.332410079576668 ], [ 114.157289245593745, 22.334605854056925 ], [ 114.163680790497295, 22.329676903762838 ], [ 114.157289245593745, 22.334605854056939 ] ], [ [ 114.163618010521361, 22.329606827782754 ], [ 114.163680790497267, 22.329676903762806 ], [ 114.163680790497267, 22.329676903762817 ], [ 114.163618010521361, 22.329606827782754 ] ], [ [ 114.158141295038234, 22.330407881984442 ], [ 114.158033597312738, 22.330491953276685 ], [ 114.158802719984223, 22.329890669207899 ], [ 114.158141295038234, 22.330407881984442 ] ], [ [ 114.157497320047355, 22.33091118009142 ], [ 114.156730368672896, 22.331510742644596 ], [ 114.158033597312738, 22.330491953276685 ], [ 114.157497320047355, 22.33091118009142 ] ], [ [ 114.144931053894055, 22.335929535957277 ], [ 114.145133986430864, 22.335690987983899 ], [ 114.145263875652731, 22.335481621387014 ], [ 114.14529130937099, 22.33544457829985 ], [ 114.145133986430864, 22.335690987983899 ], [ 114.145074512458024, 22.335770562799098 ], [ 114.145021118522948, 22.335834895174479 ], [ 114.144931053894112, 22.335929535957284 ], [ 114.145116442115153, 22.336007379779883 ], [ 114.144897573065734, 22.336829209376138 ], [ 114.144828056922705, 22.337005297650123 ], [ 114.144931053894055, 22.335929535957277 ] ], [ [ 114.145386442037832, 22.335330365014155 ], [ 114.14557699978964, 22.335163905152598 ], [ 114.145358752988557, 22.335362337626151 ], [ 114.145386442037832, 22.335330365014155 ] ], [ [ 114.145881574808001, 22.335003120019334 ], [ 114.146049652526742, 22.334957990121225 ], [ 114.145759230990038, 22.335056405864581 ], [ 114.145881574808001, 22.335003120019334 ] ], [ [ 114.146049652526742, 22.334957990121225 ], [ 114.146338433868436, 22.334928144479299 ], [ 114.14635590644518, 22.334928599294877 ], [ 114.146049652526742, 22.334957990121225 ] ], [ [ 114.146966982962297, 22.335067498108728 ], [ 114.146823166969028, 22.335008363266255 ], [ 114.14691356111193, 22.335043951419021 ], [ 114.146966982962297, 22.335067498108728 ] ], [ [ 114.148433799449023, 22.335630092588737 ], [ 114.148433799449023, 22.335630092588776 ], [ 114.147085539377429, 22.335113807289492 ], [ 114.148433799449023, 22.335630092588737 ] ], [ [ 114.148813578774011, 22.335731743639766 ], [ 114.148813578773996, 22.335731743639769 ], [ 114.148740315784153, 22.335718045984191 ], [ 114.148813578774011, 22.335731743639766 ] ], [ [ 114.149453640395919, 22.335707587883633 ], [ 114.149642337972736, 22.33565062810171 ], [ 114.149335345744774, 22.335727877619295 ], [ 114.149453640395919, 22.335707587883633 ] ], [ [ 114.149871692215115, 22.335524788816112 ], [ 114.150136250266215, 22.335263496777578 ], [ 114.149776415034211, 22.335586289218931 ], [ 114.149871692215115, 22.335524788816112 ] ], [ [ 114.150205429713864, 22.33517601993762 ], [ 114.150628941793101, 22.334173848472386 ], [ 114.150502299330384, 22.334022899907108 ], [ 114.150686161494207, 22.334242047602654 ], [ 114.150205429713864, 22.33517601993762 ] ], [ [ 114.152257293317959, 22.332433739544751 ], [ 114.154236604398506, 22.330910460320098 ], [ 114.152257293317362, 22.332433742856001 ], [ 114.151736709995291, 22.33185866471084 ], [ 114.152257293317959, 22.332433739544751 ] ], [ [ 114.150571899219187, 22.330514504111317 ], [ 114.150571899266694, 22.330514504076124 ], [ 114.151736709995291, 22.33185866471084 ], [ 114.150571899219187, 22.330514504111317 ] ], [ [ 114.14487311816643, 22.335093699631791 ], [ 114.144873118166387, 22.335093699631816 ], [ 114.14458948692446, 22.331000994458183 ], [ 114.14487311816643, 22.335093699631791 ] ], [ [ 114.145812282074175, 22.334098694527125 ], [ 114.145781602911768, 22.334158863214064 ], [ 114.145824165654631, 22.33407765742383 ], [ 114.145812282074175, 22.334098694527125 ] ], [ [ 114.145980596410212, 22.333767340592544 ], [ 114.145973824691708, 22.333782783886189 ], [ 114.146000092912359, 22.333743306273757 ], [ 114.145980596410212, 22.333767340592544 ] ], [ [ 114.148276111841255, 22.330644445750444 ], [ 114.147813927877806, 22.32975071568297 ], [ 114.148429807857468, 22.330941650514713 ], [ 114.148276111841255, 22.330644445750444 ] ], [ [ 114.153981325681187, 22.337904907236844 ], [ 114.153981325809184, 22.337904907140224 ], [ 114.153949914249253, 22.337931242328015 ], [ 114.153981325681187, 22.337904907236844 ] ], [ [ 114.144635458453266, 22.337596909779769 ], [ 114.144373973552135, 22.338278994441573 ], [ 114.144695737711217, 22.337393477531577 ], [ 114.144635458453266, 22.337596909779769 ] ], [ [ 114.144233587654242, 22.338604867090623 ], [ 114.144325853410479, 22.338404515293067 ], [ 114.144325853410479, 22.338404515293096 ], [ 114.144233587654242, 22.338604867090623 ] ], [ [ 114.143809001212631, 22.339218986412288 ], [ 114.144101190657523, 22.338850905421761 ], [ 114.143603633282012, 22.339477124515295 ], [ 114.143809001212631, 22.339218986412288 ] ], [ [ 114.143118122539263, 22.340016794397673 ], [ 114.142544739511322, 22.340279924226067 ], [ 114.143457164650215, 22.339652910019925 ], [ 114.143118122539263, 22.340016794397673 ] ], [ [ 114.158576634166522, 22.34165999767006 ], [ 114.158511322657901, 22.34231810606985 ], [ 114.158582737719769, 22.341598495176633 ], [ 114.158576634166522, 22.34165999767006 ] ], [ [ 114.166554122527373, 22.332862685033032 ], [ 114.166554122527373, 22.332862685033056 ], [ 114.166085331035703, 22.332336643036097 ], [ 114.166554122527373, 22.332862685033032 ] ], [ [ 114.167932596569969, 22.331796095664568 ], [ 114.168015323977528, 22.331743638415233 ], [ 114.167882278674099, 22.33149562428369 ], [ 114.167932596569969, 22.331796095664568 ] ], [ [ 114.167567260630094, 22.330660386173729 ], [ 114.167567260630108, 22.330660386173722 ], [ 114.167882278674099, 22.33149562428369 ], [ 114.167567260630094, 22.330660386173729 ] ], [ [ 114.167297168022102, 22.330498060462499 ], [ 114.167382788813086, 22.330731437173039 ], [ 114.167382788813086, 22.330731437173039 ], [ 114.167297168022102, 22.330498060462499 ] ], [ [ 114.167203882485381, 22.330607057472132 ], [ 114.167107879275164, 22.330517685102414 ], [ 114.167218435485182, 22.330580152066638 ], [ 114.167203882485381, 22.330607057472132 ] ], [ [ 114.167108610837673, 22.330466355318123 ], [ 114.167534410805828, 22.329814525770487 ], [ 114.167578861068392, 22.329600468742363 ], [ 114.167534410805885, 22.329814525770512 ], [ 114.167108610837673, 22.330466355318123 ] ], [ [ 114.167115544294191, 22.329444021537793 ], [ 114.1671007374037, 22.329411688151552 ], [ 114.167106586756361, 22.329419313325005 ], [ 114.167115544294191, 22.329444021537793 ] ], [ [ 114.167057435380016, 22.329373967810277 ], [ 114.167057435380045, 22.32937396781028 ], [ 114.167073673938418, 22.329383766971464 ], [ 114.167057435380016, 22.329373967810277 ] ], [ [ 114.167226145325444, 22.328970328875066 ], [ 114.167226145325472, 22.32897032887508 ], [ 114.167033557633076, 22.329364899663148 ], [ 114.167226145325444, 22.328970328875066 ] ], [ [ 114.167415184008632, 22.329373690978116 ], [ 114.168284605160522, 22.328965565808709 ], [ 114.167288543774802, 22.329105602575837 ], [ 114.167415184008632, 22.329373690978116 ] ], [ [ 114.168242318148202, 22.328887539329678 ], [ 114.168201732584222, 22.328812825863697 ], [ 114.168284605160522, 22.328965565808709 ], [ 114.168242318148202, 22.328887539329678 ] ], [ [ 114.167908964910794, 22.328407825727599 ], [ 114.167908964910794, 22.328407825727588 ], [ 114.168018660556044, 22.328541013795832 ], [ 114.167908964910794, 22.328407825727599 ] ], [ [ 114.16752700236357, 22.327694981807529 ], [ 114.167879878959837, 22.327877611408123 ], [ 114.167804015079469, 22.328031742461175 ], [ 114.167879878959823, 22.327877611408123 ], [ 114.16752700236357, 22.327694981807529 ] ], [ [ 114.160872444377077, 22.328310811954928 ], [ 114.160383721433092, 22.328689310856554 ], [ 114.160988419016959, 22.328222125738165 ], [ 114.160872444377077, 22.328310811954928 ] ], [ [ 114.165588907204551, 22.328203306650941 ], [ 114.165246237989848, 22.328467945472585 ], [ 114.164521271169747, 22.329027824360733 ], [ 114.164521057104579, 22.329027583481061 ], [ 114.165588907204551, 22.328203306650941 ] ], [ [ 114.166008483550684, 22.327886798766947 ], [ 114.165908985666434, 22.327959876616365 ], [ 114.166114033970189, 22.32799643256423 ], [ 114.166008483550684, 22.327886798766947 ] ], [ [ 114.165169310104616, 22.331308058195248 ], [ 114.165373604887307, 22.331537558272199 ], [ 114.164575519600348, 22.330657374962922 ], [ 114.165169310104616, 22.331308058195248 ] ], [ [ 114.170722232435537, 22.336231067788237 ], [ 114.17077130441389, 22.336238861621645 ], [ 114.17077130441389, 22.336238861621645 ], [ 114.170722232435537, 22.336231067788237 ] ], [ [ 114.170856839770821, 22.33587477906903 ], [ 114.170856723328583, 22.335873767640212 ], [ 114.170856723307068, 22.33587427335247 ], [ 114.170856839770821, 22.33587477906903 ] ], [ [ 114.170856713643062, 22.335873261927595 ], [ 114.170856665150595, 22.335872250501289 ], [ 114.170856643704894, 22.335871966037352 ], [ 114.170856713643062, 22.335873261927595 ] ], [ [ 114.170856519608591, 22.33587073335913 ], [ 114.170856522823243, 22.335870761282013 ], [ 114.17085651793181, 22.335870718794556 ], [ 114.170856519608591, 22.33587073335913 ] ], [ [ 114.170856425205599, 22.335869991956503 ], [ 114.170856296409326, 22.335869225244679 ], [ 114.170856383752167, 22.33586972192958 ], [ 114.170856425205599, 22.335869991956503 ] ], [ [ 114.170855859674504, 22.335867229471273 ], [ 114.170855564695628, 22.33586618123838 ], [ 114.170855941212665, 22.335867550454804 ], [ 114.170855859674504, 22.335867229471273 ] ], [ [ 114.170854335843259, 22.335862894738511 ], [ 114.170854406147285, 22.335863056710394 ], [ 114.170854266319793, 22.335862741846235 ], [ 114.170854335843259, 22.335862894738511 ] ], [ [ 114.170853908770169, 22.335861964573443 ], [ 114.170853966260822, 22.335862088572302 ], [ 114.170853847322476, 22.335861843085024 ], [ 114.170853908770169, 22.335861964573443 ] ], [ [ 114.170853554490179, 22.335861273721285 ], [ 114.170853180795604, 22.335860591899007 ], [ 114.170853433161156, 22.335861043437117 ], [ 114.170853554490179, 22.335861273721285 ] ], [ [ 114.170852666356609, 22.335859706883564 ], [ 114.170852781375658, 22.335859901092181 ], [ 114.170852512808494, 22.3358594568789 ], [ 114.170852666356609, 22.335859706883564 ] ], [ [ 114.170851821894075, 22.335858397418857 ], [ 114.170851991522099, 22.335858649930568 ], [ 114.170851692935983, 22.335858215512509 ], [ 114.170851821894075, 22.335858397418857 ] ], [ [ 114.170850899772788, 22.335857133104184 ], [ 114.170851099970562, 22.335857398384743 ], [ 114.170850809194675, 22.33585701818734 ], [ 114.170850899772788, 22.335857133104184 ] ], [ [ 114.170849919406564, 22.33585592297079 ], [ 114.17084993828054, 22.33585594504623 ], [ 114.170849579674737, 22.335855525612907 ], [ 114.170849919406564, 22.33585592297079 ] ], [ [ 114.170849220528353, 22.335855137284895 ], [ 114.170848861381558, 22.335854757987427 ], [ 114.170849579674737, 22.335855525612907 ], [ 114.170849220528353, 22.335855137284895 ] ], [ [ 114.170848861381558, 22.335854757987427 ], [ 114.17084736654985, 22.335853285948325 ], [ 114.170846570596737, 22.335852590564535 ], [ 114.170848861381558, 22.335854757987427 ] ], [ [ 114.170843600317596, 22.335850350871937 ], [ 114.170845755228669, 22.335851913241239 ], [ 114.170845337836951, 22.335851588125113 ], [ 114.170844483638533, 22.335850955953195 ], [ 114.170843600317596, 22.335850350871937 ] ], [ [ 114.170843600317596, 22.335850350871937 ], [ 114.170842707288074, 22.335849781912636 ], [ 114.170841785136474, 22.33584923101342 ], [ 114.170843600317596, 22.335850350871937 ] ], [ [ 114.170841785136474, 22.33584923101342 ], [ 114.170839882585994, 22.335848237579707 ], [ 114.170838407134312, 22.335847569262508 ], [ 114.170841785136474, 22.33584923101342 ] ], [ [ 114.170837407319667, 22.335847162849607 ], [ 114.170837912080728, 22.335847361540946 ], [ 114.170836514280154, 22.335846828685249 ], [ 114.170837407319667, 22.335847162849607 ] ], [ [ 114.170803879218511, 22.335841457292002 ], [ 114.1707738456453, 22.335836513436753 ], [ 114.170773845645328, 22.335836513436753 ], [ 114.170803879218511, 22.335841457292002 ] ], [ [ 114.172738545193226, 22.335479000268442 ], [ 114.172735592715853, 22.335521345229857 ], [ 114.172717902598649, 22.335139749011663 ], [ 114.172738545193226, 22.335479000268442 ] ], [ [ 114.172605026775074, 22.334752216005981 ], [ 114.172605026775088, 22.33475221600596 ], [ 114.172657712911715, 22.334769092096035 ], [ 114.172605026775074, 22.334752216005981 ] ], [ [ 114.172500916567927, 22.333518164663783 ], [ 114.172700861795747, 22.333847950591107 ], [ 114.173020601439063, 22.333781159236491 ], [ 114.172700861795732, 22.333847950591121 ], [ 114.172500916567927, 22.333518164663783 ] ], [ [ 114.172163108697575, 22.332678273207772 ], [ 114.172122853759646, 22.332598789008671 ], [ 114.172122853759646, 22.332598789008667 ], [ 114.172163108697575, 22.332678273207772 ] ], [ [ 114.171838338610584, 22.331961564698915 ], [ 114.171838338610584, 22.33196156469889 ], [ 114.172134377321015, 22.332554205370606 ], [ 114.171838338610584, 22.331961564698915 ] ], [ [ 114.17162465396315, 22.331654771089646 ], [ 114.17153278835471, 22.331662633748291 ], [ 114.17162465396315, 22.331654771089646 ], [ 114.17162465396315, 22.331654771089646 ] ], [ [ 114.171326175108391, 22.331260775037382 ], [ 114.171326175108405, 22.331260775037368 ], [ 114.17153278835471, 22.331662633748291 ], [ 114.171326175108391, 22.331260775037382 ] ], [ [ 114.171548381539253, 22.331039867320555 ], [ 114.171525938346491, 22.331069784903896 ], [ 114.171555054034471, 22.331030008834897 ], [ 114.171548381539253, 22.331039867320555 ] ], [ [ 114.172020400961614, 22.33023672915245 ], [ 114.172010091224266, 22.330271722352773 ], [ 114.17202354670556, 22.330224640579793 ], [ 114.172020400961614, 22.33023672915245 ] ], [ [ 114.162437227599113, 22.337738640120691 ], [ 114.162659918233544, 22.33795336973699 ], [ 114.162261359331424, 22.337565588641247 ], [ 114.162437227599113, 22.337738640120691 ] ], [ [ 114.166133602990016, 22.33397172125752 ], [ 114.16613360299003, 22.333971721257512 ], [ 114.166346535654526, 22.334205372553129 ], [ 114.166133602990016, 22.33397172125752 ] ], [ [ 114.166992662895353, 22.334079176353473 ], [ 114.166788500640138, 22.334234781211954 ], [ 114.167001758825535, 22.334072241421499 ], [ 114.166992662895353, 22.334079176353473 ] ], [ [ 114.167001758825535, 22.334072241421499 ], [ 114.167377322923372, 22.333786668410013 ], [ 114.16797392180257, 22.334456433444466 ], [ 114.167377321858581, 22.333786671730216 ], [ 114.167001758825535, 22.334072241421499 ] ], [ [ 114.168369443793438, 22.334900447403324 ], [ 114.168801727285768, 22.335385720679366 ], [ 114.168529801656035, 22.335080464451345 ], [ 114.168369443793438, 22.334900447403324 ] ], [ [ 114.168982504526923, 22.335689951595672 ], [ 114.169230769509795, 22.336832945329711 ], [ 114.169230769509795, 22.336832945329714 ], [ 114.168982504526923, 22.335689951595672 ] ], [ [ 114.168749771672225, 22.331568609862735 ], [ 114.168755398413126, 22.332551762874267 ], [ 114.168755778160588, 22.332615589450292 ], [ 114.168755397199718, 22.332551763495076 ], [ 114.168749771672225, 22.331568609862735 ] ], [ [ 114.164646459879293, 22.335707175791988 ], [ 114.165043844594265, 22.335759699924402 ], [ 114.165043844594265, 22.335759699924409 ], [ 114.164646459879293, 22.335707175791988 ] ], [ [ 114.164991677374942, 22.336119618754935 ], [ 114.164991677374971, 22.336119618754914 ], [ 114.164991614940732, 22.336119817837783 ], [ 114.164991677374942, 22.336119618754935 ] ], [ [ 114.164990881170354, 22.336122228533107 ], [ 114.164990881170354, 22.336122228533107 ], [ 114.164990861003758, 22.33612229521896 ], [ 114.164990881170354, 22.336122228533107 ] ], [ [ 114.164838392437204, 22.33668395523102 ], [ 114.164838557534679, 22.33668307024687 ], [ 114.164838576948469, 22.336682958553126 ], [ 114.164838557534679, 22.336683070246888 ], [ 114.164838392437204, 22.336683955231038 ], [ 114.164838360711968, 22.336684137756677 ], [ 114.164838392437204, 22.33668395523102 ] ], [ [ 114.164836741301741, 22.336694683432039 ], [ 114.16483674130177, 22.336694683431997 ], [ 114.164836722093924, 22.336694830753309 ], [ 114.164836741301741, 22.336694683432039 ] ], [ [ 114.164836100168486, 22.336700065607268 ], [ 114.164836100168486, 22.336700065607271 ], [ 114.164836039450421, 22.336700630013723 ], [ 114.164836100168486, 22.336700065607268 ] ], [ [ 114.16483582813693, 22.336702765729079 ], [ 114.16483582813693, 22.336702765729093 ], [ 114.164835823000743, 22.336702818772697 ], [ 114.16483582813693, 22.336702765729079 ] ], [ [ 114.164835517199407, 22.336706368905539 ], [ 114.16483551719945, 22.336706368905531 ], [ 114.164835451072449, 22.336707237961384 ], [ 114.164835517199407, 22.336706368905539 ] ], [ [ 114.164835073206916, 22.336713276757891 ], [ 114.164835147864423, 22.336711778192662 ], [ 114.164835206184648, 22.33671087513946 ], [ 114.164835073206916, 22.336713276757891 ] ], [ [ 114.164834914429747, 22.3367171874898 ], [ 114.164834914429747, 22.336717187489814 ], [ 114.164834907130057, 22.336717413253648 ], [ 114.164834914429747, 22.3367171874898 ] ], [ [ 114.164834856032257, 22.336718993600485 ], [ 114.164834856032257, 22.336718993600513 ], [ 114.164834855427344, 22.33671902162639 ], [ 114.164834856032257, 22.336718993600485 ] ], [ [ 114.164834797171281, 22.336726218056178 ], [ 114.164834797171281, 22.336726218056182 ], [ 114.164834797158761, 22.3367262168798 ], [ 114.164834797171281, 22.336726218056178 ] ], [ [ 114.164834826061053, 22.336728927230826 ], [ 114.16483481643111, 22.336728024172597 ], [ 114.164834806493019, 22.336727560054026 ], [ 114.164834816431139, 22.336728024172597 ], [ 114.164834826061067, 22.336728927230819 ], [ 114.164834842175281, 22.336729679779943 ], [ 114.164834826061053, 22.336728927230826 ] ], [ [ 114.164834922823729, 22.336732539467988 ], [ 114.164834922823744, 22.336732539467988 ], [ 114.164834937163377, 22.336732985323305 ], [ 114.164834922823729, 22.336732539467988 ] ], [ [ 114.164834990619426, 22.336734345588017 ], [ 114.16483499061944, 22.336734345588017 ], [ 114.164835010427311, 22.336734807189501 ], [ 114.164834990619426, 22.336734345588017 ] ], [ [ 114.164835068123054, 22.336736142678209 ], [ 114.164835068123082, 22.336736142678188 ], [ 114.164835116581671, 22.336737045739262 ], [ 114.164835068123054, 22.336736142678209 ] ], [ [ 114.164835165040259, 22.336737948800366 ], [ 114.16483516965252, 22.336738020408802 ], [ 114.164835116581671, 22.336737045739262 ], [ 114.164835165040259, 22.336737948800366 ] ], [ [ 114.164835397703314, 22.33674156104761 ], [ 114.164835395562278, 22.33674152780608 ], [ 114.164835455887584, 22.336742247375614 ], [ 114.164835397703314, 22.33674156104761 ] ], [ [ 114.164834718651903, 22.336754883586682 ], [ 114.164834513692853, 22.336749255032093 ], [ 114.164834512801548, 22.336749204959109 ], [ 114.164834718651903, 22.336754883586682 ] ], [ [ 114.164837190098098, 22.336781684024977 ], [ 114.16483589025863, 22.336770910452838 ], [ 114.164835868130581, 22.336770668443741 ], [ 114.164837190098098, 22.336781684024977 ] ], [ [ 114.164837190098098, 22.336781684024977 ], [ 114.16483888793492, 22.336792421504295 ], [ 114.164839897024464, 22.336797758648782 ], [ 114.164837190098098, 22.336781684024977 ] ], [ [ 114.164839897024464, 22.336797758648782 ], [ 114.164842196714886, 22.33680839683624 ], [ 114.16484489440748, 22.336818944747332 ], [ 114.164839897024464, 22.336797758648782 ] ], [ [ 114.164847990102345, 22.336829402382083 ], [ 114.164847990102331, 22.336829402382079 ], [ 114.164849476125269, 22.336833945999963 ], [ 114.164847990102345, 22.336829402382083 ] ], [ [ 114.16485435646868, 22.336847436910837 ], [ 114.164851474093979, 22.336839751678543 ], [ 114.164850283640831, 22.336836313951661 ], [ 114.16485435646868, 22.336847436910837 ] ], [ [ 114.164861868316706, 22.336865083209243 ], [ 114.164857432993415, 22.336855049912877 ], [ 114.164855972366226, 22.33685150349816 ], [ 114.164861868316706, 22.336865083209243 ] ], [ [ 114.164885368944027, 22.336906643433764 ], [ 114.16488031877654, 22.336898922135159 ], [ 114.164877942050623, 22.33689506870266 ], [ 114.164885368944027, 22.336906643433764 ] ], [ [ 114.164896149248406, 22.336921689381033 ], [ 114.164896149248406, 22.336921689381022 ], [ 114.164897683813791, 22.336923660776002 ], [ 114.164896149248406, 22.336921689381033 ] ], [ [ 114.164910310560643, 22.336938920760229 ], [ 114.164910310560629, 22.336938920760215 ], [ 114.164914047471953, 22.336943084130066 ], [ 114.164910310560643, 22.336938920760229 ] ], [ [ 114.164921754283753, 22.3369512212446 ], [ 114.164921754283768, 22.336951221244565 ], [ 114.164925434496226, 22.336954905020715 ], [ 114.164921754283753, 22.3369512212446 ] ], [ [ 114.164926094468058, 22.336955552769155 ], [ 114.164938070744014, 22.336966718909348 ], [ 114.16493387756077, 22.336962943821288 ], [ 114.164929762041353, 22.336959096494176 ], [ 114.164926094468058, 22.336955552769155 ] ], [ [ 114.164946651272444, 22.336974061396148 ], [ 114.164951038617659, 22.33697762879488 ], [ 114.164942322176685, 22.336970421756948 ], [ 114.164946651272444, 22.336974061396148 ] ], [ [ 114.164955503626629, 22.336981123954626 ], [ 114.164960026885893, 22.336984537843342 ], [ 114.164951038617659, 22.33697762879488 ], [ 114.164955503626629, 22.336981123954626 ] ], [ [ 114.164978741245221, 22.336997480026898 ], [ 114.164993388639701, 22.337006358152628 ], [ 114.164971132263787, 22.336992424310413 ], [ 114.164978741245221, 22.336997480026898 ] ], [ [ 114.164993388639701, 22.337006358152628 ], [ 114.165003425404635, 22.337011885597281 ], [ 114.165008521455533, 22.337014522897018 ], [ 114.164993388639701, 22.337006358152628 ] ], [ [ 114.165029371676042, 22.33702424131538 ], [ 114.165029371676027, 22.337024241315355 ], [ 114.165034691028922, 22.337026454193506 ], [ 114.165029371676042, 22.33702424131538 ] ], [ [ 114.165051530850164, 22.337032795293094 ], [ 114.165045455949894, 22.337030627102383 ], [ 114.165041284369011, 22.337029045160836 ], [ 114.165051530850164, 22.337032795293094 ] ], [ [ 114.165083287131239, 22.337042178449519 ], [ 114.165072994499752, 22.33703949712741 ], [ 114.165071451930885, 22.337039054489967 ], [ 114.165083287131239, 22.337042178449519 ] ], [ [ 114.165095553549733, 22.337044962260538 ], [ 114.165095553549747, 22.337044962260489 ], [ 114.165099850420461, 22.337045827434238 ], [ 114.165095553549733, 22.337044962260538 ] ], [ [ 114.165112715598696, 22.337048097111992 ], [ 114.165112715598696, 22.337048097111975 ], [ 114.16511629168113, 22.337048630341727 ], [ 114.165112715598696, 22.337048097111992 ] ], [ [ 114.165130033033492, 22.337050392129438 ], [ 114.165130033033492, 22.337050392129413 ], [ 114.165132263419878, 22.337050614729613 ], [ 114.165130033033492, 22.337050392129438 ] ], [ [ 114.165147447611517, 22.337051838277986 ], [ 114.165154914712033, 22.337053703629909 ], [ 114.165154193956539, 22.337053662940399 ], [ 114.165153223242825, 22.337053599656432 ], [ 114.165152252528344, 22.337053545403009 ], [ 114.165147447611488, 22.337051838278008 ], [ 114.165144309082706, 22.337051628451299 ], [ 114.165147447611517, 22.337051838277986 ] ], [ [ 114.165156125679118, 22.337053762415902 ], [ 114.165156125679118, 22.337053762415898 ], [ 114.165156410624618, 22.337053778341556 ], [ 114.165156125679118, 22.337053762415902 ] ], [ [ 114.165160008540042, 22.337053943307115 ], [ 114.165158067108806, 22.337053861892095 ], [ 114.165157730300038, 22.337053846201155 ], [ 114.165159037824807, 22.337053898084335 ], [ 114.165160008540042, 22.337053943307115 ] ], [ [ 114.165160008540042, 22.337053943307115 ], [ 114.165161949972017, 22.337054015691535 ], [ 114.165162920688786, 22.337054042853175 ], [ 114.165160008540042, 22.337053943307115 ] ], [ [ 114.165163891404745, 22.337054079045366 ], [ 114.165164846623881, 22.337054105773362 ], [ 114.165162920688786, 22.337054042853175 ], [ 114.165163891404745, 22.337054079045366 ] ], [ [ 114.165165823131844, 22.337054124337314 ], [ 114.165170676720052, 22.337054205961838 ], [ 114.16516486886546, 22.337054106334218 ], [ 114.165165823131844, 22.337054124337314 ] ], [ [ 114.165171647439053, 22.337054206031684 ], [ 114.1651726181573, 22.337054215132124 ], [ 114.165170676720052, 22.337054205961838 ], [ 114.165171647439053, 22.337054206031684 ] ], [ [ 114.16518038391456, 22.337054152476647 ], [ 114.165175530315068, 22.337054206311041 ], [ 114.165176501034054, 22.33705420638087 ], [ 114.165177471753793, 22.337054197420102 ], [ 114.16518038391456, 22.337054152476647 ] ], [ [ 114.16518038391456, 22.337054152476647 ], [ 114.16518232535627, 22.337054107463363 ], [ 114.165184266799557, 22.337054044388886 ], [ 114.16518038391456, 22.337054152476647 ] ], [ [ 114.165184266799557, 22.337054044388886 ], [ 114.165187178964786, 22.337053945261857 ], [ 114.165188149686799, 22.33705390920932 ], [ 114.165184266799557, 22.337054044388886 ] ], [ [ 114.165189120409551, 22.337053864126187 ], [ 114.16518949376443, 22.337053846786521 ], [ 114.165188149686799, 22.33705390920932 ], [ 114.165189120409551, 22.337053864126187 ] ], [ [ 114.1651910521486, 22.337053764928672 ], [ 114.1651910521486, 22.337053764928669 ], [ 114.165191440437695, 22.337053746895407 ], [ 114.1651910521486, 22.337053764928672 ] ], [ [ 114.165194935042592, 22.337053548473762 ], [ 114.165196866783859, 22.337053422184415 ], [ 114.165192293017014, 22.337053704786033 ], [ 114.165194935042592, 22.337053548473762 ] ], [ [ 114.165196866783859, 22.337053422184415 ], [ 114.165198808233839, 22.337053277834624 ], [ 114.16519942070731, 22.337053231835831 ], [ 114.165196866783859, 22.337053422184415 ] ], [ [ 114.165200083954403, 22.337053182260359 ], [ 114.16520171070232, 22.337053052278623 ], [ 114.165200739976626, 22.33705313348408 ], [ 114.165200083954403, 22.337053182260359 ] ], [ [ 114.165204762601391, 22.337052784837262 ], [ 114.165206535211638, 22.337052619157205 ], [ 114.165205574192385, 22.337052709393991 ], [ 114.165204762601391, 22.337052784837262 ] ], [ [ 114.165209427978937, 22.337052321355745 ], [ 114.165209427978951, 22.337052321355724 ], [ 114.1652099361105, 22.337052269394114 ], [ 114.165209427978937, 22.337052321355745 ] ], [ [ 114.165213291475638, 22.337051897195753 ], [ 114.165214600786854, 22.33705173734543 ], [ 114.165210804698887, 22.337052176337469 ], [ 114.165213291475638, 22.337051897195753 ] ], [ [ 114.165220979652247, 22.337050904383595 ], [ 114.165223853015561, 22.337050480152438 ], [ 114.165218096584738, 22.337051292491701 ], [ 114.165220979652247, 22.337050904383595 ] ], [ [ 114.165223853015561, 22.337050480152438 ], [ 114.165229599746596, 22.337049577506541 ], [ 114.165230551064639, 22.337049415024314 ], [ 114.165231512089846, 22.337049252542755 ], [ 114.165232463408628, 22.337049081029928 ], [ 114.165232707674406, 22.337049042641183 ], [ 114.165231512089846, 22.337049252542766 ], [ 114.165229599746567, 22.337049577506576 ], [ 114.16522577506305, 22.337050191311739 ], [ 114.165224814039306, 22.337050335732101 ], [ 114.165223853015561, 22.337050480152438 ] ], [ [ 114.165480408527287, 22.336998680889685 ], [ 114.165480408527287, 22.336998680889661 ], [ 114.165502644199151, 22.336988497964249 ], [ 114.165480408527287, 22.336998680889685 ] ], [ [ 114.165530334312521, 22.336977254825403 ], [ 114.165523221957841, 22.336980032736058 ], [ 114.165552098363122, 22.336970510502464 ], [ 114.165552098363122, 22.336970510502464 ], [ 114.165530334312521, 22.336977254825403 ] ], [ [ 114.166035280082355, 22.33688449106775 ], [ 114.166035280082355, 22.33688449106775 ], [ 114.165636713764869, 22.336955446780589 ], [ 114.166035280082355, 22.33688449106775 ] ], [ [ 114.166178156208844, 22.337573885551762 ], [ 114.166178156208844, 22.337573885551741 ], [ 114.166186278186217, 22.337613024593693 ], [ 114.166178156208844, 22.337573885551762 ] ], [ [ 114.166209836803972, 22.337752106010036 ], [ 114.16621035852026, 22.337754740502529 ], [ 114.166186278186217, 22.337613024593693 ], [ 114.166209836803972, 22.337752106010036 ] ], [ [ 114.166280912925785, 22.338142890670063 ], [ 114.166280912925785, 22.338142890670042 ], [ 114.16640600206361, 22.338125198842661 ], [ 114.166280912925785, 22.338142890670063 ] ], [ [ 114.166565008888739, 22.338100104000972 ], [ 114.166565008888725, 22.338100104000969 ], [ 114.166565969916959, 22.338099977633817 ], [ 114.166565008888739, 22.338100104000972 ] ], [ [ 114.16657367754344, 22.338099156339766 ], [ 114.166567891972107, 22.338099742960679 ], [ 114.166568852999021, 22.338099634654657 ], [ 114.166570784759429, 22.338099427073811 ], [ 114.166571745785006, 22.338099336828932 ], [ 114.166572716517877, 22.338099246584658 ], [ 114.16657367754344, 22.338099156339766 ] ], [ [ 114.166574648275642, 22.338099075126053 ], [ 114.16657561900783, 22.338098993912332 ], [ 114.16657367754344, 22.338099156339766 ], [ 114.166574648275642, 22.338099075126053 ] ], [ [ 114.166576580032086, 22.338098921728566 ], [ 114.166577550762938, 22.338098858575993 ], [ 114.16657561900783, 22.338098993912332 ], [ 114.166576580032086, 22.338098921728566 ] ], [ [ 114.166581423977107, 22.338098633056713 ], [ 114.166581423977107, 22.33809863305671 ], [ 114.16658174755382, 22.338098615016037 ], [ 114.166581423977107, 22.338098633056713 ] ], [ [ 114.16658523486106, 22.338098473427859 ], [ 114.166583365436182, 22.338098542873784 ], [ 114.166583041859894, 22.338098554894088 ], [ 114.16658523486106, 22.338098473427859 ] ], [ [ 114.166586277622116, 22.338098443721645 ], [ 114.166592034800374, 22.338098360535447 ], [ 114.166585761277361, 22.338098458099481 ], [ 114.166586277622116, 22.338098443721645 ] ], [ [ 114.166599100925581, 22.338098309073356 ], [ 114.166599100925581, 22.338098309073327 ], [ 114.166601333595381, 22.338098316160895 ], [ 114.166599100925581, 22.338098309073356 ] ], [ [ 114.166611532672377, 22.338098590558239 ], [ 114.166607827744556, 22.338098445082792 ], [ 114.166605953984771, 22.33809839848071 ], [ 114.166611532672377, 22.338098590558239 ] ], [ [ 114.166616554543111, 22.338098861039569 ], [ 114.166625271621982, 22.338099448576187 ], [ 114.16662235945509, 22.338099285842418 ], [ 114.166616554543111, 22.338098861039569 ] ], [ [ 114.166639822803063, 22.338099521736641 ], [ 114.166633998436438, 22.338099647798263 ], [ 114.166631086259017, 22.338099629553778 ], [ 114.166639822803063, 22.338099521736641 ] ], [ [ 114.166642734991598, 22.338099386461199 ], [ 114.166643898670088, 22.338099314122729 ], [ 114.166639822803063, 22.338099521736641 ], [ 114.166642734991598, 22.338099386461199 ] ], [ [ 114.166648539964712, 22.338098971419718 ], [ 114.166648539964712, 22.338098971419718 ], [ 114.166650263079632, 22.338098804774422 ], [ 114.166648539964712, 22.338098971419718 ] ], [ [ 114.166654325537664, 22.338098357704236 ], [ 114.16665432553765, 22.338098357704208 ], [ 114.166655926321297, 22.33809814219968 ], [ 114.166654325537664, 22.338098357704236 ] ], [ [ 114.166658089062594, 22.338097839573084 ], [ 114.166665809361206, 22.338096534249249 ], [ 114.166662945680883, 22.33809705784282 ], [ 114.166660082003148, 22.338097545314071 ], [ 114.166658089062594, 22.338097839573084 ] ], [ [ 114.16666865363095, 22.338095956470941 ], [ 114.166674303351684, 22.338094656422605 ], [ 114.166677108803412, 22.338093925121967 ], [ 114.166682739117292, 22.338092516705249 ], [ 114.166685554273585, 22.338091821527374 ], [ 114.166690233814023, 22.338090680967227 ], [ 114.166674303351698, 22.338094656422605 ], [ 114.166671488197267, 22.33809532450854 ], [ 114.16666865363095, 22.338095956470941 ] ], [ [ 114.166696824601686, 22.338089094999511 ], [ 114.166696824601715, 22.338089094999482 ], [ 114.166698894012441, 22.338088605579404 ], [ 114.166696824601686, 22.338089094999511 ] ], [ [ 114.166708124044661, 22.33808645877836 ], [ 114.166708124044661, 22.338086458778385 ], [ 114.166702474323884, 22.338087767858447 ], [ 114.166708124044661, 22.33808645877836 ] ], [ [ 114.166719442895214, 22.338083912863365 ], [ 114.166719442895186, 22.338083912863365 ], [ 114.166719842410217, 22.338083825064729 ], [ 114.166719442895214, 22.338083912863365 ] ], [ [ 114.166723614932238, 22.338082996003774 ], [ 114.166736469694854, 22.338080256542767 ], [ 114.166738160882261, 22.338079907628668 ], [ 114.166723614932238, 22.338082996003774 ] ], [ [ 114.166740423843422, 22.338079440750096 ], [ 114.166753545014984, 22.338076807926587 ], [ 114.166755673151982, 22.33807639055896 ], [ 114.166740423843422, 22.338079440750096 ] ], [ [ 114.166757895972168, 22.338075963125572 ], [ 114.166773484010477, 22.33807288086599 ], [ 114.16677915313997, 22.338071634998634 ], [ 114.166757895972168, 22.338075963125572 ] ], [ [ 114.16677915313997, 22.338071634998634 ], [ 114.166787627720666, 22.338069648797966 ], [ 114.166790160014045, 22.338069015345688 ], [ 114.16677915313997, 22.338071634998634 ] ], [ [ 114.166798849521015, 22.338066750679047 ], [ 114.166807217347099, 22.338064403247824 ], [ 114.166793315927137, 22.338068213724483 ], [ 114.166798849521015, 22.338066750679047 ] ], [ [ 114.166810826582221, 22.338063341475621 ], [ 114.166829272739633, 22.338057423977386 ], [ 114.166837436750839, 22.33805453469758 ], [ 114.166810826582221, 22.338063341475621 ] ], [ [ 114.166842843837046, 22.338052530243676 ], [ 114.166850910792419, 22.338049397131744 ], [ 114.166848231513086, 22.338050462574333 ], [ 114.166845542528392, 22.338051500924614 ], [ 114.166842843837046, 22.338052530243676 ] ], [ [ 114.16686116058257, 22.338045164526861 ], [ 114.166856249939002, 22.338047230122818 ], [ 114.16685491889092, 22.33804777486019 ], [ 114.16686116058257, 22.338045164526861 ] ], [ [ 114.166864210129333, 22.338043880269858 ], [ 114.166864210129333, 22.338043880269847 ], [ 114.166865345912683, 22.338043400429232 ], [ 114.166864210129333, 22.338043880269858 ] ], [ [ 114.166872170318641, 22.338040539447082 ], [ 114.166880149919521, 22.338037234747397 ], [ 114.166868597631165, 22.338042032577739 ], [ 114.166872170318641, 22.338040539447082 ] ], [ [ 114.166897902422292, 22.338030032210259 ], [ 114.166896167356668, 22.338030724686746 ], [ 114.166893488076767, 22.338031808191264 ], [ 114.166890818504726, 22.338032882665775 ], [ 114.166888148931989, 22.338033966170794 ], [ 114.166897902422292, 22.338030032210259 ] ], [ [ 114.166900333348366, 22.338029059131738 ], [ 114.16691223331901, 22.338024350086052 ], [ 114.166914511692752, 22.338023454988992 ], [ 114.166900333348366, 22.338029059131738 ] ], [ [ 114.166915976696316, 22.338022881490655 ], [ 114.166931056204618, 22.338017072594884 ], [ 114.166933754894629, 22.338016043274365 ], [ 114.166915976696316, 22.338022881490655 ] ], [ [ 114.166949513751078, 22.338010238477779 ], [ 114.166939152273287, 22.338014002694297 ], [ 114.166941850961919, 22.338012991434784 ], [ 114.166944559356494, 22.338011998236965 ], [ 114.166947277456998, 22.338011023100826 ], [ 114.166949513751078, 22.338010238477779 ] ], [ [ 114.166988786569092, 22.337998427977354 ], [ 114.16696372193617, 22.338005524483762 ], [ 114.166966478857191, 22.338004666747146 ], [ 114.166969245484154, 22.338003827072196 ], [ 114.166972021817102, 22.338003005458965 ], [ 114.166974807855951, 22.338002201907422 ], [ 114.166977593894217, 22.338001407386383 ], [ 114.166980379930465, 22.33800063995702 ], [ 114.166983175673352, 22.337999881558783 ], [ 114.166985981121556, 22.337999150252802 ], [ 114.166988786569092, 22.337998427977354 ] ], [ [ 114.166988786569092, 22.337998427977354 ], [ 114.167022849835519, 22.33799117849226 ], [ 114.167931439876369, 22.337827461490054 ], [ 114.166988786569092, 22.337998427977354 ] ], [ [ 114.167931439876369, 22.337827461490054 ], [ 114.168282166442054, 22.337764266357237 ], [ 114.168288126761226, 22.337763047544133 ], [ 114.167931439876369, 22.337827461490054 ] ], [ [ 114.168290961312451, 22.337762433614529 ], [ 114.168292057427749, 22.337762185732991 ], [ 114.168288126761226, 22.337763047544133 ], [ 114.168290961312451, 22.337762433614529 ] ], [ [ 114.168296620712596, 22.337761124479513 ], [ 114.168296620712567, 22.33776112447951 ], [ 114.168297719945599, 22.337760856547416 ], [ 114.168296620712596, 22.337761124479513 ] ], [ [ 114.168305046725621, 22.337758993707684 ], [ 114.168305046725621, 22.337758993707659 ], [ 114.168307842456557, 22.337758235286543 ], [ 114.168305046725621, 22.337758993707684 ] ], [ [ 114.168318947736168, 22.337754966802549 ], [ 114.168313414508162, 22.33775664619855 ], [ 114.168310628481791, 22.337757449773104 ], [ 114.168318947736168, 22.337754966802549 ] ], [ [ 114.168327189344964, 22.337752276124267 ], [ 114.168327189344964, 22.33775227612426 ], [ 114.168327873719505, 22.337752041365263 ], [ 114.168327189344964, 22.337752276124267 ] ], [ [ 114.168338061688246, 22.337748375486566 ], [ 114.168332644928427, 22.337750370959423 ], [ 114.168330617742384, 22.337751091511826 ], [ 114.168338061688246, 22.337748375486566 ] ], [ [ 114.168340750655545, 22.337747346142066 ], [ 114.168342832907712, 22.337746528071357 ], [ 114.168338061688246, 22.337748375486566 ], [ 114.168340750655545, 22.337747346142066 ] ], [ [ 114.168354059611403, 22.337741847219359 ], [ 114.168348769029762, 22.337744113616555 ], [ 114.168346694923017, 22.337744972618733 ], [ 114.168354059611403, 22.337741847219359 ] ], [ [ 114.168394656555051, 22.337720645550469 ], [ 114.168367087089038, 22.337735806446386 ], [ 114.168372222372284, 22.337733242031572 ], [ 114.16837476574787, 22.337731923700513 ], [ 114.168377299417301, 22.337730587307792 ], [ 114.168379823381073, 22.337729223822766 ], [ 114.168382327930857, 22.337727851306145 ], [ 114.16838482277501, 22.33772645169725 ], [ 114.168394656555051, 22.337720645550469 ] ], [ [ 114.168548775818437, 22.337613807665122 ], [ 114.168399490940629, 22.337717620559815 ], [ 114.168495052922367, 22.337651169510004 ], [ 114.168548775818437, 22.337613807665122 ] ], [ [ 114.168640696568715, 22.337547533038034 ], [ 114.168651481533985, 22.337543433702152 ], [ 114.168606670540555, 22.337572228249797 ], [ 114.168640696568715, 22.337547533038034 ] ], [ [ 114.168673517339542, 22.337536436118054 ], [ 114.168656927397706, 22.337541528525836 ], [ 114.16865967459519, 22.337540616576401 ], [ 114.168662421791097, 22.337539731718657 ], [ 114.168665188399785, 22.337538873953566 ], [ 114.168667955007422, 22.337538034249558 ], [ 114.168670731320674, 22.337537221637714 ], [ 114.168673517339542, 22.337536436118054 ] ], [ [ 114.168676313063997, 22.337535677690568 ], [ 114.168679118494083, 22.33753494635522 ], [ 114.168673517339542, 22.337536436118054 ], [ 114.168676313063997, 22.337535677690568 ] ], [ [ 114.168693242694346, 22.337531668966776 ], [ 114.168684748764434, 22.337533555929941 ], [ 114.168687573604714, 22.337532896840024 ], [ 114.16869040815007, 22.337532273872853 ], [ 114.168693242694346, 22.337531668966776 ] ], [ [ 114.168696096651459, 22.337531091153327 ], [ 114.168698623769444, 22.337530601835986 ], [ 114.168693242694346, 22.337531668966776 ], [ 114.168696096651459, 22.337531091153327 ] ], [ [ 114.169361170287829, 22.337481229257065 ], [ 114.168712443776784, 22.337528301525815 ], [ 114.168758174837762, 22.337522506182097 ], [ 114.169361170287829, 22.337481229257065 ] ], [ [ 114.165800115092381, 22.339215076630971 ], [ 114.165800115092424, 22.339215076630989 ], [ 114.1657888215599, 22.33922468710276 ], [ 114.165800115092381, 22.339215076630971 ] ], [ [ 114.165453657803624, 22.339602798345577 ], [ 114.165453657803653, 22.33960279834556 ], [ 114.165441581337717, 22.33962063838295 ], [ 114.165453657803624, 22.339602798345577 ] ], [ [ 114.16520303540463, 22.340159289523559 ], [ 114.165203035404645, 22.340159289523559 ], [ 114.165195799354208, 22.340182098428659 ], [ 114.16520303540463, 22.340159289523559 ] ], [ [ 114.165092270305877, 22.340603959485694 ], [ 114.165096218664587, 22.340580901120671 ], [ 114.165098372159619, 22.340569439592471 ], [ 114.165092270305877, 22.340603959485694 ] ], [ [ 114.165078619805485, 22.340688137872078 ], [ 114.165078619805499, 22.34068813787205 ], [ 114.165076400824262, 22.34070438170572 ], [ 114.165078619805485, 22.340688137872078 ] ], [ [ 114.165064651505332, 22.340795374883871 ], [ 114.165064651505361, 22.340795374883854 ], [ 114.16506190829503, 22.340818716650698 ], [ 114.165064651505332, 22.340795374883871 ] ], [ [ 114.165053721001698, 22.34090994493706 ], [ 114.165053721001712, 22.340909944937046 ], [ 114.165042337671039, 22.341056189138488 ], [ 114.165053721001698, 22.34090994493706 ] ], [ [ 114.165093997237051, 22.34206961750543 ], [ 114.165093997237037, 22.342069617505413 ], [ 114.165171288606984, 22.342070119768049 ], [ 114.165093997237051, 22.34206961750543 ] ], [ [ 114.1652142735594, 22.342070393773209 ], [ 114.165226756535446, 22.342070726413297 ], [ 114.165171288606984, 22.342070119768049 ], [ 114.1652142735594, 22.342070393773209 ] ], [ [ 114.165481599075108, 22.342078386714523 ], [ 114.165481599075108, 22.342078386714523 ], [ 114.16551642660778, 22.342078978038906 ], [ 114.165481599075108, 22.342078386714523 ] ], [ [ 114.165966666375894, 22.342064865086968 ], [ 114.165966666375894, 22.34206486508695 ], [ 114.166037085099973, 22.342056172153416 ], [ 114.165966666375894, 22.342064865086968 ] ], [ [ 114.166226212934859, 22.34202529506754 ], [ 114.166530071586749, 22.341943892263959 ], [ 114.16640938482756, 22.341981072429249 ], [ 114.166322869589749, 22.342004022547489 ], [ 114.166226212934859, 22.34202529506754 ] ], [ [ 114.166898566663718, 22.341810840805859 ], [ 114.166718383444305, 22.341871551207053 ], [ 114.166791949113318, 22.341842847602503 ], [ 114.166898566663718, 22.341810840805859 ] ], [ [ 114.167154108318826, 22.341692104282814 ], [ 114.166992122905825, 22.341775916272201 ], [ 114.166967620243653, 22.341788557579463 ], [ 114.167154108318826, 22.341692104282814 ] ], [ [ 114.16752601799169, 22.341467301007935 ], [ 114.16752601799169, 22.341467301007913 ], [ 114.167668819744975, 22.34139855038811 ], [ 114.16752601799169, 22.341467301007935 ] ], [ [ 114.167915657813651, 22.341300750524248 ], [ 114.167767712740968, 22.341355444010038 ], [ 114.167837356020925, 22.341327976897418 ], [ 114.167915657813651, 22.341300750524248 ] ], [ [ 114.168227447571695, 22.341234130899373 ], [ 114.16808124168999, 22.341255890182143 ], [ 114.16801092448722, 22.341272806647126 ], [ 114.168227447571695, 22.341234130899373 ] ], [ [ 114.168351189005179, 22.341228054258945 ], [ 114.168351189005179, 22.341228054258931 ], [ 114.168415365048332, 22.341229737291499 ], [ 114.168351189005179, 22.341228054258945 ] ], [ [ 114.16856735400377, 22.341247490186017 ], [ 114.16856735400377, 22.341247490186017 ], [ 114.168570440943142, 22.34124815860563 ], [ 114.16856735400377, 22.341247490186017 ] ], [ [ 114.168759889185566, 22.341299344395662 ], [ 114.168759889185552, 22.341299344395637 ], [ 114.168813686933049, 22.341319087893151 ], [ 114.168759889185566, 22.341299344395662 ] ], [ [ 114.16883162595073, 22.341326367419363 ], [ 114.168870988821524, 22.341343708052726 ], [ 114.168813686933049, 22.341319087893151 ], [ 114.16883162595073, 22.341326367419363 ] ], [ [ 114.169001424425062, 22.341413556837441 ], [ 114.168947918461598, 22.341382750968499 ], [ 114.168980233669544, 22.341401066533663 ], [ 114.169001424425062, 22.341413556837441 ] ], [ [ 114.169001424425062, 22.341413556837441 ], [ 114.169109833766385, 22.341484894512291 ], [ 114.169148171406377, 22.341513240581413 ], [ 114.169001424425062, 22.341413556837441 ] ], [ [ 114.1692954914393, 22.341632110572625 ], [ 114.1692954914393, 22.341632110572625 ], [ 114.169352219395577, 22.341683009492101 ], [ 114.1692954914393, 22.341632110572625 ] ], [ [ 114.169478779472783, 22.341805930367951 ], [ 114.169478779472755, 22.341805930367933 ], [ 114.16953203136444, 22.341859359792394 ], [ 114.169478779472783, 22.341805930367951 ] ], [ [ 114.169551248942412, 22.341878707230094 ], [ 114.170886164834357, 22.343237054616637 ], [ 114.170798710205702, 22.343174522440652 ], [ 114.170768200217665, 22.343150418715492 ], [ 114.169551248942412, 22.341878707230094 ] ], [ [ 114.170986081427557, 22.34329784171543 ], [ 114.170986081427529, 22.343297841715387 ], [ 114.171028735762476, 22.343320988594353 ], [ 114.170986081427557, 22.34329784171543 ] ], [ [ 114.171079874498545, 22.343346032182755 ], [ 114.171130062050793, 22.343367499616626 ], [ 114.171028735762476, 22.343320988594353 ], [ 114.171079874498545, 22.343346032182755 ] ], [ [ 114.171181239882756, 22.34338682682484 ], [ 114.171549612397584, 22.343462948879889 ], [ 114.171692557372495, 22.343467540272894 ], [ 114.171181239882756, 22.34338682682484 ] ], [ [ 114.171761762940633, 22.343465375850641 ], [ 114.171716855359691, 22.343467180552516 ], [ 114.171695665932546, 22.343467520470256 ], [ 114.171761762940633, 22.343465375850641 ] ], [ [ 114.171882273830647, 22.343456285795813 ], [ 114.171882273830605, 22.343456285795778 ], [ 114.171954566814136, 22.343449460879263 ], [ 114.171882273830647, 22.343456285795813 ] ], [ [ 114.171954566814136, 22.343449460879263 ], [ 114.172183590979898, 22.343398508118785 ], [ 114.17232883354815, 22.343339980706016 ], [ 114.171954566814136, 22.343449460879263 ] ], [ [ 114.172396363503296, 22.343306603768308 ], [ 114.172729005082459, 22.343158183110916 ], [ 114.172594849737933, 22.343241486852502 ], [ 114.172396363503296, 22.343306603768308 ] ], [ [ 114.172952105966473, 22.34301893745203 ], [ 114.172867881324464, 22.343071186280561 ], [ 114.172824730251037, 22.343097825394892 ], [ 114.17293023436973, 22.343032121556345 ], [ 114.172952105966473, 22.34301893745203 ] ], [ [ 114.172957464637534, 22.343016255501528 ], [ 114.172984976315576, 22.343004182287469 ], [ 114.172990606783699, 22.343002033145819 ], [ 114.172996276079303, 22.342999983341166 ], [ 114.172957464637534, 22.343016255501528 ] ], [ [ 114.17305475508654, 22.342984623718589 ], [ 114.173007721446297, 22.342996154650812 ], [ 114.173013507225008, 22.342994384795912 ], [ 114.173019312416599, 22.342992696216367 ], [ 114.173025156435529, 22.342991116004374 ], [ 114.173031019867068, 22.34298962609828 ], [ 114.173036922126158, 22.342988235529138 ], [ 114.173042843797944, 22.342986935265916 ], [ 114.173048784882113, 22.34298573433918 ], [ 114.17305475508654, 22.342984623718589 ] ], [ [ 114.173060744703434, 22.342983612434498 ], [ 114.173066744024908, 22.34298270951723 ], [ 114.17305475508654, 22.342984623718589 ], [ 114.173060744703434, 22.342983612434498 ] ], [ [ 114.173101393501611, 22.342979385552809 ], [ 114.173078800905998, 22.342981174600386 ], [ 114.17308485846516, 22.342980560661971 ], [ 114.17309091602182, 22.342980037028997 ], [ 114.173096983283159, 22.342979621762844 ], [ 114.173101393501611, 22.342979385552809 ] ], [ [ 114.173122244412255, 22.342979197413989 ], [ 114.1731152141747, 22.342978944889516 ], [ 114.173113556821676, 22.342978979331843 ], [ 114.173122244412255, 22.342979197413989 ] ], [ [ 114.160244886301257, 22.34132150919713 ], [ 114.160273364312147, 22.341297281521967 ], [ 114.160244879677521, 22.341321514594451 ], [ 114.160244886301257, 22.34132150919713 ] ], [ [ 114.160493241787663, 22.34115021536903 ], [ 114.160493241910274, 22.34115021529605 ], [ 114.160473131725425, 22.341161430208956 ], [ 114.160493241787663, 22.34115021536903 ] ], [ [ 114.161063981701531, 22.34089665869103 ], [ 114.161044552143153, 22.340908484095277 ], [ 114.161109469365741, 22.340868973535258 ], [ 114.161063981701531, 22.34089665869103 ] ], [ [ 114.161172572543123, 22.340826651557169 ], [ 114.161133642605307, 22.340852761056244 ], [ 114.161109469365741, 22.340868973535258 ], [ 114.161172572543123, 22.340826651557169 ] ], [ [ 114.162978910096626, 22.339328870965197 ], [ 114.163041248881854, 22.339239826714063 ], [ 114.162955063702981, 22.339363571803499 ], [ 114.162978910096626, 22.339328870965197 ] ], [ [ 114.163132449614352, 22.338930971774047 ], [ 114.163133705997126, 22.338921347083215 ], [ 114.163128673062374, 22.338951175313053 ], [ 114.163132449614352, 22.338930971774047 ] ] ] } },
{ "type": "Feature", "properties": { "codigo": "G", "distrito_en": "Kowloon City", "distrito_zh": "九龍城區", "distrito_es": "Ciudad de Kowloon", "region": "Kowloon", "area_km2_oficial": 10.02, "area_km2_poligono_incluye_mar": 14.443, "centro_lat": 22.321705, "centro_lon": 114.188679, "n_circunscripciones": 25 }, "geometry": { "type": "Polygon", "coordinates": [ [ [ 114.185185699050393, 22.303302526152908 ], [ 114.182483953516794, 22.304726558032861 ], [ 114.181733909161522, 22.307037542491074 ], [ 114.176098855505359, 22.313067196302036 ], [ 114.172763132521965, 22.321105434859955 ], [ 114.172959603406525, 22.323559141596768 ], [ 114.176124733691395, 22.329809273163264 ], [ 114.176852784349677, 22.332708858895799 ], [ 114.17552343123684, 22.33733580525994 ], [ 114.173958553455108, 22.340551228861582 ], [ 114.173051449260214, 22.340658466326019 ], [ 114.173795650983308, 22.341542701246158 ], [ 114.173128028156754, 22.34298085514817 ], [ 114.174007492233287, 22.344227745908924 ], [ 114.172725118830556, 22.346468210834299 ], [ 114.173342706472326, 22.347093320958162 ], [ 114.172886673964925, 22.347946445859282 ], [ 114.173473166294329, 22.348494442643215 ], [ 114.174282577795339, 22.348028606815525 ], [ 114.175640933598146, 22.349170175849373 ], [ 114.179452409815994, 22.349018978414069 ], [ 114.181459505455663, 22.346421255941536 ], [ 114.181697879882961, 22.344139297243913 ], [ 114.184452979492406, 22.343096720411619 ], [ 114.183187195466871, 22.339687174928322 ], [ 114.186149846667377, 22.337933511120649 ], [ 114.186073691249092, 22.336135193901498 ], [ 114.186528109598441, 22.336115417478226 ], [ 114.186710024091227, 22.334779441051928 ], [ 114.187451571468003, 22.334753358998121 ], [ 114.187167297847679, 22.332470410981628 ], [ 114.188782266702489, 22.33232806830696 ], [ 114.190730416131089, 22.333420044119809 ], [ 114.192514441464965, 22.331307854427308 ], [ 114.191643659329216, 22.330523160753817 ], [ 114.194182673143786, 22.330429108173288 ], [ 114.19861904910168, 22.333846041982309 ], [ 114.202606594492224, 22.335276071828009 ], [ 114.204647520254852, 22.334960278267914 ], [ 114.205116342750173, 22.327890480800701 ], [ 114.201754696398851, 22.324479403424981 ], [ 114.201710056809773, 22.323766427242731 ], [ 114.202255183435227, 22.32281905188189 ], [ 114.203447953163007, 22.322734361211403 ], [ 114.204371217306061, 22.321947109761492 ], [ 114.208594305017414, 22.31728368852988 ], [ 114.210863901425938, 22.316029465202778 ], [ 114.209827740285547, 22.314517325092758 ], [ 114.210491860212358, 22.31387994436712 ], [ 114.20896775701874, 22.312455026125839 ], [ 114.211898689085913, 22.309855158595095 ], [ 114.2128502792456, 22.309379398445266 ], [ 114.213199758047466, 22.309984985012967 ], [ 114.215292152420133, 22.308127837116825 ], [ 114.215316300802868, 22.306859708492077 ], [ 114.219331581807808, 22.303105449657039 ], [ 114.219386231326268, 22.295677438399846 ], [ 114.210865760888396, 22.300274895486087 ], [ 114.199542590654573, 22.300260394820853 ], [ 114.186857753485427, 22.294124122842824 ], [ 114.18685819035926, 22.300244814509238 ], [ 114.186589420569476, 22.301088001377558 ], [ 114.185603746719423, 22.30145867409766 ], [ 114.185185699050393, 22.303302526152908 ] ], [ [ 114.188832824182967, 22.327611219682719 ], [ 114.188840930519319, 22.327612651827852 ], [ 114.188583384862682, 22.327567169948928 ], [ 114.188832824182967, 22.327611219682719 ] ], [ [ 114.189954960887803, 22.327745182720644 ], [ 114.190611568808237, 22.32783295066853 ], [ 114.189895575976465, 22.327738480565728 ], [ 114.189954960887803, 22.327745182720644 ] ], [ [ 114.18887432391341, 22.323448739077762 ], [ 114.188832450808363, 22.323359555851248 ], [ 114.188874325840985, 22.323448738240671 ], [ 114.18887432391341, 22.323448739077762 ] ], [ [ 114.186409277980843, 22.319525110973181 ], [ 114.187566183167334, 22.319540842040059 ], [ 114.187570925424495, 22.319108502015961 ], [ 114.188491142516114, 22.31871109227367 ], [ 114.188690147805715, 22.319112370385984 ], [ 114.188832124140902, 22.319426173098336 ], [ 114.188952184705045, 22.319671329914087 ], [ 114.18869014780573, 22.319112370386012 ], [ 114.188491142516099, 22.318711092273688 ], [ 114.187566183167334, 22.31954084204008 ], [ 114.186409277980843, 22.319525110973181 ] ], [ [ 114.18696973963425, 22.315481082369743 ], [ 114.187604618110555, 22.315484972848548 ], [ 114.187604618110555, 22.315484972848552 ], [ 114.18696973963425, 22.315481082369743 ] ], [ [ 114.189587894130227, 22.312965309588154 ], [ 114.189525570690279, 22.312840492341913 ], [ 114.189618404480328, 22.313026607062749 ], [ 114.189587894130227, 22.312965309588154 ] ], [ [ 114.188738814776528, 22.312301551553475 ], [ 114.18795223698487, 22.31229449241069 ], [ 114.187751943650341, 22.31229145308836 ], [ 114.188738814776528, 22.312301551553475 ] ], [ [ 114.18760801241136, 22.312289268871698 ], [ 114.1876006057973, 22.310627069448294 ], [ 114.187596301934022, 22.309810368948735 ], [ 114.187600605797314, 22.310627069448298 ], [ 114.18760801241136, 22.312289268871698 ] ], [ [ 114.187591978640796, 22.308866102028109 ], [ 114.187590407757227, 22.308592751599143 ], [ 114.187596301934022, 22.309810368948735 ], [ 114.187591978640796, 22.308866102028109 ] ], [ [ 114.187588950366845, 22.308487220733294 ], [ 114.187557003536767, 22.308264665958585 ], [ 114.187519826851982, 22.308140229725119 ], [ 114.187588950366845, 22.308487220733294 ] ], [ [ 114.1874578639042, 22.307994657338764 ], [ 114.187519120296329, 22.307959099813623 ], [ 114.1874578639042, 22.307994657338764 ], [ 114.1874578639042, 22.307994657338764 ] ], [ [ 114.187579775497824, 22.307930875157997 ], [ 114.187643468829023, 22.307908294406534 ], [ 114.187519120296329, 22.307959099813623 ], [ 114.187579775497824, 22.307930875157997 ] ], [ [ 114.187719895589083, 22.307889099253309 ], [ 114.187719895589126, 22.307889099253313 ], [ 114.187643468829023, 22.307908294406534 ], [ 114.187719895589083, 22.307889099253309 ] ], [ [ 114.187730548700088, 22.30788873305319 ], [ 114.188455059408781, 22.307852356873905 ], [ 114.188473669398292, 22.307866361330127 ], [ 114.187730548700088, 22.30788873305319 ] ], [ [ 114.189422616274101, 22.308716965233927 ], [ 114.189454160657419, 22.308743494702867 ], [ 114.189136616233256, 22.308460490879277 ], [ 114.189422616274101, 22.308716965233927 ] ], [ [ 114.189660127916795, 22.308880626356277 ], [ 114.18966012791681, 22.308880626356267 ], [ 114.19031369828916, 22.308880573341881 ], [ 114.189660127916795, 22.308880626356277 ] ], [ [ 114.190311846881784, 22.308601193633212 ], [ 114.190294306340988, 22.308371541763538 ], [ 114.190313665194992, 22.308875579401231 ], [ 114.190311846881784, 22.308601193633212 ] ], [ [ 114.184276138951702, 22.310655623050881 ], [ 114.184166728460525, 22.31055671405068 ], [ 114.184166728460539, 22.310556714050676 ], [ 114.184276138951702, 22.310655623050881 ] ], [ [ 114.184648867614058, 22.311014991064212 ], [ 114.185377557703177, 22.31196768654706 ], [ 114.185750862549071, 22.312550345331381 ], [ 114.185250773618122, 22.311938903618039 ], [ 114.184648867614058, 22.311014991064212 ] ], [ [ 114.186837196445339, 22.314506330823654 ], [ 114.186388847418726, 22.313546287653612 ], [ 114.186068241329309, 22.313045766867528 ], [ 114.186388847418726, 22.313546287653569 ], [ 114.186837196445339, 22.314506330823654 ] ], [ [ 114.181653927082664, 22.307720071395952 ], [ 114.181650518008965, 22.307717251747171 ], [ 114.181696749427829, 22.307752989023086 ], [ 114.181653927082664, 22.307720071395952 ] ], [ [ 114.181836737505733, 22.307860597966616 ], [ 114.181790133785839, 22.307824773683045 ], [ 114.181848876531376, 22.30786850930647 ], [ 114.181836737505733, 22.307860597966616 ] ], [ [ 114.181893027556185, 22.307895766247889 ], [ 114.18188527173821, 22.307891083791208 ], [ 114.181893308699784, 22.307895935984021 ], [ 114.181893027556185, 22.307895766247889 ] ], [ [ 114.183087523549091, 22.308635497997294 ], [ 114.183087523549091, 22.308635497997294 ], [ 114.183233116075641, 22.308945919403445 ], [ 114.183087523549091, 22.308635497997294 ] ], [ [ 114.183233116075641, 22.308945919403445 ], [ 114.183322294062123, 22.309079677193907 ], [ 114.183328607821053, 22.309102333372621 ], [ 114.183233116075641, 22.308945919403445 ] ], [ [ 114.183136100140743, 22.309759237604688 ], [ 114.183139247452061, 22.309774568126208 ], [ 114.183136100140743, 22.309759237604691 ], [ 114.183136100140743, 22.309759237604688 ] ], [ [ 114.183587984447328, 22.310275291380925 ], [ 114.184301937333814, 22.309528907652933 ], [ 114.184417920659897, 22.30963993223315 ], [ 114.183587984447342, 22.310275291380961 ], [ 114.183214963524975, 22.309930816015029 ], [ 114.183175538217597, 22.309879460511805 ], [ 114.183153587376438, 22.30983164966247 ], [ 114.183587984447328, 22.310275291380925 ] ], [ [ 114.186913703936867, 22.307180808579609 ], [ 114.186972000987737, 22.307143307437059 ], [ 114.186506400391735, 22.307442852219381 ], [ 114.186913703936867, 22.307180808579609 ] ], [ [ 114.18758456489266, 22.307105703074434 ], [ 114.18758456489266, 22.307105703074427 ], [ 114.187599981545006, 22.307107396334267 ], [ 114.18758456489266, 22.307105703074434 ] ], [ [ 114.184769210804447, 22.308547592722825 ], [ 114.184502647794631, 22.308201968112105 ], [ 114.184769210804447, 22.308547592722825 ], [ 114.184769210804447, 22.308547592722825 ] ], [ [ 114.179702870113886, 22.310770762468472 ], [ 114.179702870113886, 22.310770762468465 ], [ 114.179836322041368, 22.310913560989942 ], [ 114.179702870113886, 22.310770762468472 ] ], [ [ 114.180048641161761, 22.311519167249639 ], [ 114.18004864116179, 22.311519167249678 ], [ 114.180075781849595, 22.311878993062344 ], [ 114.180048641161761, 22.311519167249639 ] ], [ [ 114.180014100705023, 22.312853439444893 ], [ 114.18007656794714, 22.31254358019433 ], [ 114.180077164444654, 22.311897323181263 ], [ 114.180014100705023, 22.312853439444893 ] ], [ [ 114.179936460446825, 22.313028408857065 ], [ 114.179840010076717, 22.313176286774489 ], [ 114.180014100705023, 22.312853439444893 ], [ 114.179936460446825, 22.313028408857065 ] ], [ [ 114.179144275803736, 22.314092444599126 ], [ 114.179428142100875, 22.313498577990718 ], [ 114.179490761185633, 22.313465708243776 ], [ 114.179144275803736, 22.314092444599126 ] ], [ [ 114.179728446193508, 22.315588587838196 ], [ 114.180133908652877, 22.315045064454146 ], [ 114.179581649978218, 22.315720103002953 ], [ 114.179728446193508, 22.315588587838196 ] ], [ [ 114.179581649978218, 22.315720103002953 ], [ 114.179233460642649, 22.315905235804937 ], [ 114.179098191976806, 22.315908624227529 ], [ 114.179581649978218, 22.315720103002953 ] ], [ [ 114.179098191976806, 22.315908624227529 ], [ 114.17883673818622, 22.315845413484887 ], [ 114.178802896798373, 22.3158288738409 ], [ 114.179098191976806, 22.315908624227529 ] ], [ [ 114.178244083107572, 22.31542718562066 ], [ 114.178244083107543, 22.315427185620621 ], [ 114.178719523163167, 22.315778027044061 ], [ 114.178244083107572, 22.31542718562066 ] ], [ [ 114.178006291054388, 22.315123533627073 ], [ 114.177982026384925, 22.315064275009068 ], [ 114.178068165712133, 22.315235855758608 ], [ 114.178006291054388, 22.315123533627073 ] ], [ [ 114.177982026384925, 22.315064275009068 ], [ 114.177819450564655, 22.314232891979515 ], [ 114.177817586826322, 22.314214158936423 ], [ 114.177982026384925, 22.315064275009068 ] ], [ [ 114.175391178828832, 22.318544439160881 ], [ 114.176095706915802, 22.319402521982603 ], [ 114.175391178828818, 22.318544439160853 ], [ 114.174814130512189, 22.317748188608572 ], [ 114.175391178828832, 22.318544439160881 ] ], [ [ 114.178106880614749, 22.321519768309283 ], [ 114.177972903527305, 22.321457070382664 ], [ 114.178382467643644, 22.321636603705507 ], [ 114.178106880614749, 22.321519768309283 ] ], [ [ 114.184647776317462, 22.322375365242895 ], [ 114.184663745677256, 22.322339065747073 ], [ 114.184660060376785, 22.322347442700188 ], [ 114.184647776317462, 22.322375365242895 ] ], [ [ 114.184697245966163, 22.322262917130423 ], [ 114.18468918413302, 22.322281242277445 ], [ 114.184663745677256, 22.322339065747073 ], [ 114.184697245966163, 22.322262917130423 ] ], [ [ 114.1845530003161, 22.319352499507719 ], [ 114.184566345899341, 22.319350810534633 ], [ 114.184540266218349, 22.319355327977124 ], [ 114.1845530003161, 22.319352499507719 ] ], [ [ 114.185142490038757, 22.319507848428916 ], [ 114.185142490038743, 22.319507848428874 ], [ 114.185140545033249, 22.319417093777833 ], [ 114.185142490038757, 22.319507848428916 ] ], [ [ 114.184263894943911, 22.319468072162508 ], [ 114.184263894943427, 22.319468072161776 ], [ 114.184274551622494, 22.319461449878354 ], [ 114.184263894943911, 22.319468072162508 ] ], [ [ 114.184475955319229, 22.319370564562771 ], [ 114.184475955319229, 22.319370564506325 ], [ 114.184478520874933, 22.319369882311172 ], [ 114.184475955319229, 22.319370564562771 ] ], [ [ 114.185637168676891, 22.324957705593242 ], [ 114.185248045853385, 22.326980559719722 ], [ 114.185637168676891, 22.324957705593242 ], [ 114.185637168676891, 22.324957705593242 ] ], [ [ 114.190357791118174, 22.314541683019883 ], [ 114.191531579131265, 22.31443453213015 ], [ 114.190357791118174, 22.31454168301989 ], [ 114.190135535306482, 22.314063197005698 ], [ 114.190357791118174, 22.314541683019883 ] ], [ [ 114.192869082732656, 22.314726204015383 ], [ 114.192163278990478, 22.314344289272565 ], [ 114.192181064521478, 22.314296791425939 ], [ 114.192869082732656, 22.314726204015383 ] ], [ [ 114.194424328366608, 22.318439892044704 ], [ 114.195803166156779, 22.316557390052306 ], [ 114.195803166156821, 22.31655739005231 ], [ 114.194424328366608, 22.318439892044704 ] ], [ [ 114.194383384080737, 22.31855681559848 ], [ 114.19434540511368, 22.31848111622579 ], [ 114.194465190860271, 22.318522282756732 ], [ 114.194383384080737, 22.31855681559848 ] ], [ [ 114.19434540511368, 22.31848111622579 ], [ 114.190852599777315, 22.320137838489654 ], [ 114.190581392842745, 22.320267551301622 ], [ 114.19434540511368, 22.31848111622579 ] ], [ [ 114.193434865415043, 22.329702515691004 ], [ 114.19243650063305, 22.328732457222152 ], [ 114.192326955972788, 22.328639514888572 ], [ 114.192436500633093, 22.328732457222152 ], [ 114.193434865415043, 22.329702515691004 ] ], [ [ 114.201770531689363, 22.330420853965528 ], [ 114.20162021092851, 22.330531631773098 ], [ 114.201911083940786, 22.330317274705312 ], [ 114.201770531689363, 22.330420853965528 ] ], [ [ 114.186860481600931, 22.301081922043505 ], [ 114.186788236000709, 22.301062538424638 ], [ 114.186852754883304, 22.301079724009174 ], [ 114.186860481600931, 22.301081922043505 ] ], [ [ 114.188085484743084, 22.303365276636331 ], [ 114.18801132967441, 22.303266930040543 ], [ 114.188085484757337, 22.303365276627844 ], [ 114.188085484743084, 22.303365276636331 ] ], [ [ 114.190387392100106, 22.320357953614963 ], [ 114.190285953015376, 22.320404628181425 ], [ 114.190332836892253, 22.320383054185953 ], [ 114.190387392100092, 22.320357953614963 ], [ 114.19040761685801, 22.320348644608274 ], [ 114.190387392100106, 22.320357953614963 ] ], [ [ 114.190510255286725, 22.320301420812072 ], [ 114.190476227463648, 22.320317073697645 ], [ 114.190429834698932, 22.32033842591801 ], [ 114.1904265101183, 22.32033995338163 ], [ 114.190476227463662, 22.320317073697634 ], [ 114.190510255286711, 22.320301420812044 ], [ 114.190517417754847, 22.320298121324772 ], [ 114.190510255286725, 22.320301420812072 ] ] ] } },
{ "type": "Feature", "properties": { "codigo": "H", "distrito_en": "Wong Tai Sin", "distrito_zh": "黃大仙區", "distrito_es": "Wong Tai Sin", "region": "Kowloon", "area_km2_oficial": 9.3, "area_km2_poligono_incluye_mar": 9.303, "centro_lat": 22.344315, "centro_lon": 114.212624, "n_circunscripciones": 25 }, "geometry": { "type": "Polygon", "coordinates": [ [ [ 114.197828468448421, 22.333414457605045 ], [ 114.1941826731438, 22.330429108173302 ], [ 114.191643659329216, 22.330523160753817 ], [ 114.192514441464951, 22.331307854427337 ], [ 114.190730416131103, 22.333420044119837 ], [ 114.188782266702489, 22.33232806830696 ], [ 114.187167297847694, 22.332470410981621 ], [ 114.187581207397201, 22.334607551778323 ], [ 114.186710024091227, 22.334779441051928 ], [ 114.186528109598441, 22.336115417478226 ], [ 114.186073691249092, 22.336135193901498 ], [ 114.186149846667377, 22.337933511120649 ], [ 114.183187195466871, 22.339687174928322 ], [ 114.184452979492406, 22.343096720411619 ], [ 114.181697879882961, 22.344139297243913 ], [ 114.181459505455663, 22.346421255941536 ], [ 114.179452409815994, 22.349018978414069 ], [ 114.180329978792727, 22.348746907139688 ], [ 114.183361981714327, 22.350214153034781 ], [ 114.184891887036329, 22.34963649851322 ], [ 114.185407928540599, 22.350426320949698 ], [ 114.191232005899678, 22.349801589132497 ], [ 114.191757040412568, 22.351557290087804 ], [ 114.190929174922033, 22.351951123695912 ], [ 114.190894406947592, 22.353180564876443 ], [ 114.192666516177013, 22.352695550708322 ], [ 114.193083137502711, 22.353955452696397 ], [ 114.196766707035707, 22.352550527751639 ], [ 114.197380381927715, 22.354245748373042 ], [ 114.19808887913203, 22.353919292650627 ], [ 114.198997068025875, 22.355215398706925 ], [ 114.199451336570945, 22.354978410270228 ], [ 114.198853392411621, 22.355584126800636 ], [ 114.20118263493768, 22.35444026324004 ], [ 114.203656353881726, 22.354343100973583 ], [ 114.204792214988146, 22.354971877954135 ], [ 114.206781934373154, 22.354635242419445 ], [ 114.2091047329681, 22.35591709869913 ], [ 114.210971491535659, 22.355197143370169 ], [ 114.214169469408176, 22.355803372073549 ], [ 114.213806240172559, 22.357032983149832 ], [ 114.216489301981056, 22.357206963038131 ], [ 114.217632419085774, 22.35810447832354 ], [ 114.22233749322092, 22.358409414251991 ], [ 114.222476025616899, 22.356917672874292 ], [ 114.221714948575084, 22.356543713751098 ], [ 114.221120460686436, 22.353180041470893 ], [ 114.224034687016101, 22.334517193894044 ], [ 114.218145085966825, 22.333867444936654 ], [ 114.218284032403005, 22.333049338487196 ], [ 114.214396240608409, 22.332291979553801 ], [ 114.213272136858762, 22.332587427762064 ], [ 114.211117038928549, 22.334608020423502 ], [ 114.208389904829147, 22.334048019176461 ], [ 114.207176895874383, 22.332902496259901 ], [ 114.203387413750761, 22.335339159788841 ], [ 114.197828468448421, 22.333414457605045 ] ], [ [ 114.195786836543903, 22.347124109414235 ], [ 114.196075209509857, 22.347253785353157 ], [ 114.195786836543903, 22.347124109414242 ], [ 114.195786836543903, 22.347124109414235 ] ], [ [ 114.196998882441775, 22.347506515770274 ], [ 114.197188636918952, 22.346461764204598 ], [ 114.197685090752557, 22.346492287577746 ], [ 114.197818363736161, 22.346452228845806 ], [ 114.197945485679057, 22.346437429293651 ], [ 114.198075404886751, 22.346432093306124 ], [ 114.19827876643528, 22.346443426959564 ], [ 114.1976850907526, 22.346492287577764 ], [ 114.197188636918952, 22.346461764204598 ], [ 114.196723023018635, 22.34748946752606 ], [ 114.196998882441775, 22.347506515770274 ] ], [ [ 114.198575629629929, 22.346489569689112 ], [ 114.198632360401547, 22.346477587536516 ], [ 114.198473134015302, 22.346488228829717 ], [ 114.198575629629929, 22.346489569689112 ] ], [ [ 114.19895082165057, 22.346325921194993 ], [ 114.198821846911031, 22.34634831649214 ], [ 114.198852016302823, 22.346332057378447 ], [ 114.19891637746889, 22.346320877809077 ], [ 114.19895082165057, 22.346325921194993 ] ], [ [ 114.19895082165057, 22.346325921194993 ], [ 114.199051834356808, 22.346404301698161 ], [ 114.199143588614945, 22.346438785841279 ], [ 114.199051834356808, 22.346404301698179 ], [ 114.19895082165057, 22.346325921194993 ] ], [ [ 114.199232394268293, 22.346428379406287 ], [ 114.199844234794682, 22.345802177525862 ], [ 114.201853211654623, 22.346221241032829 ], [ 114.201869549163575, 22.346053938275183 ], [ 114.201900416085124, 22.345869150091755 ], [ 114.20193570732215, 22.345725423190594 ], [ 114.20197088655911, 22.345639087842546 ], [ 114.201853211654623, 22.346221241032854 ], [ 114.199844234794654, 22.345802177525886 ], [ 114.199232394268293, 22.346428379406287 ] ], [ [ 114.198734643554957, 22.343452290210191 ], [ 114.198959925542511, 22.344467953406411 ], [ 114.198959925542468, 22.344467953406415 ], [ 114.198734643554957, 22.343452290210191 ] ], [ [ 114.198567658421467, 22.342350365542497 ], [ 114.198484188966049, 22.341765770772586 ], [ 114.198679063210875, 22.343125413025881 ], [ 114.198567658421467, 22.342350365542497 ] ], [ [ 114.198392537399599, 22.341186813789331 ], [ 114.198204561888318, 22.340090008027381 ], [ 114.198163313206209, 22.339937829516174 ], [ 114.198392537399599, 22.341186813789331 ] ], [ [ 114.198652157353735, 22.339349979273507 ], [ 114.198657402160336, 22.339349466740956 ], [ 114.198629145952964, 22.339352262138661 ], [ 114.198652157353735, 22.339349979273507 ] ], [ [ 114.194839226816512, 22.334688010702642 ], [ 114.194706177406388, 22.334663056600096 ], [ 114.19484221951474, 22.334688571833784 ], [ 114.194839226816512, 22.334688010702642 ] ], [ [ 114.194467130005563, 22.334331136668641 ], [ 114.194467130288373, 22.334331136391377 ], [ 114.194512750498987, 22.334394481355119 ], [ 114.194467130005563, 22.334331136668641 ] ], [ [ 114.191112389084878, 22.336995559413577 ], [ 114.191004094583363, 22.337033796863651 ], [ 114.191279833157765, 22.336948134052701 ], [ 114.191112389084878, 22.336995559413577 ] ], [ [ 114.191919885639351, 22.336854943401644 ], [ 114.191919885639351, 22.336854943401644 ], [ 114.191931693607174, 22.336871783004174 ], [ 114.191919885639351, 22.336854943401644 ] ], [ [ 114.194115405831624, 22.339774709950962 ], [ 114.193504833126468, 22.338965684675731 ], [ 114.192739805510058, 22.337951520474626 ], [ 114.193504833126482, 22.338965684675713 ], [ 114.194115405831624, 22.339774709950962 ] ], [ [ 114.188086758619264, 22.334615337105685 ], [ 114.188082942367757, 22.334588580599153 ], [ 114.188082942367757, 22.334588580599153 ], [ 114.188086758619264, 22.334615337105685 ] ], [ [ 114.188109648653452, 22.334737583270361 ], [ 114.18811168347429, 22.334745585768381 ], [ 114.188105032154851, 22.334715743407941 ], [ 114.188109648653452, 22.334737583270361 ] ], [ [ 114.188200682720563, 22.334996086212431 ], [ 114.188180673111475, 22.334954271527785 ], [ 114.188219630215372, 22.335029485792578 ], [ 114.188200682720563, 22.334996086212431 ] ], [ [ 114.188297142465842, 22.335124756107998 ], [ 114.188304857984377, 22.335129799745651 ], [ 114.188291850311344, 22.335120198256607 ], [ 114.188297142465842, 22.335124756107998 ] ], [ [ 114.18854468682963, 22.335181188540798 ], [ 114.188556648468946, 22.335180871666026 ], [ 114.188501005010238, 22.335180622765897 ], [ 114.18854468682963, 22.335181188540798 ] ], [ [ 114.188649647942555, 22.335165377410814 ], [ 114.188613874481618, 22.335175269425648 ], [ 114.18867450681563, 22.335154647270691 ], [ 114.188649647942555, 22.335165377410814 ] ], [ [ 114.188969967613886, 22.335011833926242 ], [ 114.188969981898524, 22.335012320984504 ], [ 114.188969967613886, 22.335011833926242 ], [ 114.188969967613886, 22.335011833926242 ] ], [ [ 114.189185007352762, 22.334566402937526 ], [ 114.189184083361752, 22.334544485372358 ], [ 114.189184083361766, 22.334544485372348 ], [ 114.189185007352762, 22.334566402937526 ] ], [ [ 114.189256902213486, 22.336261544607567 ], [ 114.18922308390863, 22.335464240224294 ], [ 114.189256902213501, 22.336261544607567 ], [ 114.189256902213486, 22.336261544607567 ] ], [ [ 114.189542803001373, 22.336437483197667 ], [ 114.189484485671912, 22.336398539445739 ], [ 114.189565858963093, 22.336453853820739 ], [ 114.189542803001373, 22.336437483197667 ] ], [ [ 114.189588313137818, 22.336470784383547 ], [ 114.189599733675124, 22.336479684123489 ], [ 114.189565858963093, 22.336453853820739 ], [ 114.189588313137818, 22.336470784383547 ] ], [ [ 114.189763055051415, 22.336614130916338 ], [ 114.18976718094828, 22.336617968581518 ], [ 114.18975970197846, 22.336611190305739 ], [ 114.189763055051415, 22.336614130916338 ] ], [ [ 114.190129855416529, 22.337011369041669 ], [ 114.190158662729715, 22.337044739892853 ], [ 114.190140459768173, 22.337023862700079 ], [ 114.190129855416529, 22.337011369041669 ] ], [ [ 114.190361325847576, 22.337309436331584 ], [ 114.190372494900032, 22.337325686160568 ], [ 114.190345549459437, 22.337286861211854 ], [ 114.190361325847576, 22.337309436331584 ] ], [ [ 114.193439261182107, 22.345202626844518 ], [ 114.19548774971409, 22.345253661382653 ], [ 114.192294346044747, 22.345184281692944 ], [ 114.193439261182107, 22.345202626844518 ] ], [ [ 114.195943460466523, 22.34571145741204 ], [ 114.195902910576777, 22.345602355410673 ], [ 114.195876803296329, 22.345546867563641 ], [ 114.195943460466523, 22.34571145741204 ] ], [ [ 114.207740639641145, 22.340151620289149 ], [ 114.206975047321166, 22.339384790238494 ], [ 114.206553059735683, 22.338981931971261 ], [ 114.206975048639435, 22.339384791379846 ], [ 114.207740639641145, 22.340151620289149 ] ], [ [ 114.208364728933773, 22.340799506659138 ], [ 114.208364728903447, 22.340799506659145 ], [ 114.208328014692015, 22.340749927844193 ], [ 114.208364728933773, 22.340799506659138 ] ], [ [ 114.212694717316893, 22.33940112874037 ], [ 114.212667075244539, 22.339377137221867 ], [ 114.212667075244539, 22.339377137221867 ], [ 114.212694717316893, 22.33940112874037 ] ], [ [ 114.21314362185403, 22.339651506300076 ], [ 114.212959285902897, 22.3395655764715 ], [ 114.21314362185403, 22.339651506300076 ], [ 114.21314362185403, 22.339651506300076 ] ], [ [ 114.211167330681477, 22.334667945454797 ], [ 114.211154265497242, 22.334655254311617 ], [ 114.211218486217064, 22.334709535764688 ], [ 114.211167330681477, 22.334667945454797 ] ], [ [ 114.211372788138704, 22.334859286798064 ], [ 114.211251841048139, 22.334738007810444 ], [ 114.211411219338459, 22.334906375064872 ], [ 114.211372788138704, 22.334859286798064 ] ], [ [ 114.211742840628972, 22.335564513535218 ], [ 114.211815989158168, 22.335756397621342 ], [ 114.211624294550759, 22.335317065137023 ], [ 114.211742840628972, 22.335564513535218 ] ], [ [ 114.211941445472405, 22.336176382396072 ], [ 114.211905748583874, 22.336024682431432 ], [ 114.211949701278257, 22.336237724394664 ], [ 114.211941445472405, 22.336176382396072 ] ], [ [ 114.211964030747737, 22.336434805454715 ], [ 114.211963971246547, 22.336432233905096 ], [ 114.211964030747737, 22.336434805454715 ], [ 114.211964030747737, 22.336434805454715 ] ], [ [ 114.211796539615193, 22.337080518699995 ], [ 114.211817667239885, 22.33709966798671 ], [ 114.211794555859541, 22.337077695463773 ], [ 114.211796539615193, 22.337080518699995 ] ], [ [ 114.2119888229184, 22.337248427704807 ], [ 114.211929963390489, 22.337229413045961 ], [ 114.211929963390503, 22.337229413045939 ], [ 114.2119888229184, 22.337248427704807 ] ], [ [ 114.211993263006462, 22.33726396835851 ], [ 114.212547422171326, 22.339064160672198 ], [ 114.211991402860505, 22.33725745770333 ], [ 114.211993263006462, 22.33726396835851 ] ], [ [ 114.212615613800963, 22.339290157102678 ], [ 114.2126349195768, 22.339322787734918 ], [ 114.212601574484154, 22.33924231172066 ], [ 114.212615613800963, 22.339290157102678 ] ], [ [ 114.208187621950643, 22.3405942729663 ], [ 114.2078153178755, 22.34098257199798 ], [ 114.208182317548065, 22.340599805278263 ], [ 114.208187621950643, 22.3405942729663 ] ], [ [ 114.213072502569361, 22.339752185995174 ], [ 114.213449272198403, 22.339890359321398 ], [ 114.213389450128005, 22.339870559758086 ], [ 114.213072502569361, 22.339752185995174 ] ], [ [ 114.199600876352875, 22.343988034471973 ], [ 114.1995909908741, 22.343949963113836 ], [ 114.199636117646435, 22.344028089949152 ], [ 114.199600876352875, 22.343988034471973 ] ], [ [ 114.199551744293103, 22.343798814872084 ], [ 114.199551744293103, 22.343798814872084 ], [ 114.199389880047505, 22.343831393375066 ], [ 114.199551744293103, 22.343798814872084 ] ], [ [ 114.199921461373137, 22.3430974216508 ], [ 114.200126105171705, 22.343062548009652 ], [ 114.199773729249841, 22.343108526290383 ], [ 114.199921461373137, 22.3430974216508 ] ], [ [ 114.202222571252648, 22.345396864593532 ], [ 114.202606551515956, 22.345023128196022 ], [ 114.20280743514742, 22.343982531078918 ], [ 114.20260655151597, 22.345023128196036 ], [ 114.202222571252648, 22.345396864593532 ] ], [ [ 114.201984234611174, 22.345606329605648 ], [ 114.202006520062213, 22.345579210424653 ], [ 114.201984234611189, 22.345606329605658 ], [ 114.201984234611174, 22.345606329605648 ] ] ] } },
{ "type": "Feature", "properties": { "codigo": "J", "distrito_en": "Kwun Tong", "distrito_zh": "觀塘區", "distrito_es": "Kwun Tong", "region": "Kowloon", "area_km2_oficial": 11.28, "area_km2_poligono_incluye_mar": 13.963, "centro_lat": 22.308656, "centro_lon": 114.22408, "n_circunscripciones": 40 }, "geometry": { "type": "Polygon", "coordinates": [ [ [ 114.219386231326268, 22.295677438399846 ], [ 114.219331581807751, 22.303105449657028 ], [ 114.21531630080284, 22.306859708492045 ], [ 114.215292152420119, 22.308127837116796 ], [ 114.213199758047466, 22.309984985012953 ], [ 114.2128502792456, 22.309379398445262 ], [ 114.211898689085913, 22.309855158595077 ], [ 114.208967757018726, 22.31245502612585 ], [ 114.210491860212358, 22.313879944367095 ], [ 114.209827740285547, 22.314517325092758 ], [ 114.210863901425938, 22.316029465202767 ], [ 114.208594305017414, 22.317283688529862 ], [ 114.204371217306061, 22.321947109761492 ], [ 114.203447953163007, 22.322734361211403 ], [ 114.202255183435227, 22.32281905188189 ], [ 114.201710056809759, 22.323766427242742 ], [ 114.201754696398851, 22.324479403424981 ], [ 114.205116342750173, 22.327890480800701 ], [ 114.204647520254838, 22.334960278267914 ], [ 114.207176895874383, 22.332902496259905 ], [ 114.208389904829147, 22.334048019176439 ], [ 114.211056994320757, 22.334443125498257 ], [ 114.214134757999361, 22.332294866520861 ], [ 114.218284032403005, 22.333049338487214 ], [ 114.218145085966825, 22.333867444936654 ], [ 114.228504268982988, 22.334406027620204 ], [ 114.228891604579673, 22.333901058355199 ], [ 114.22849932647263, 22.33292588163583 ], [ 114.229425277007635, 22.331733547550574 ], [ 114.229254358923697, 22.330537620143186 ], [ 114.231368297947441, 22.327856203728306 ], [ 114.232623520987786, 22.323708805706723 ], [ 114.233928407029623, 22.322218304444732 ], [ 114.236417400894581, 22.322205632885584 ], [ 114.239202021598715, 22.319390979014603 ], [ 114.24050609659902, 22.319521659525474 ], [ 114.241229192357096, 22.320813714554419 ], [ 114.242835842590466, 22.321651423122731 ], [ 114.243029578857971, 22.321306068630108 ], [ 114.241590340940633, 22.31651272446636 ], [ 114.242067921596032, 22.31542403035106 ], [ 114.241937785043831, 22.315501998623979 ], [ 114.241754863495061, 22.315589596486429 ], [ 114.24163825899123, 22.315631192894806 ], [ 114.241431667605511, 22.31566148266511 ], [ 114.242138118903583, 22.315373819080193 ], [ 114.244302483769545, 22.315266317801857 ], [ 114.245575711482672, 22.313597208943982 ], [ 114.24388162153852, 22.312594411146065 ], [ 114.243499394243571, 22.31078393364394 ], [ 114.24189720457673, 22.310620146111553 ], [ 114.241868654932631, 22.309244697687202 ], [ 114.240744702633748, 22.30887068152046 ], [ 114.239860050650307, 22.305907526591522 ], [ 114.240151730160889, 22.304991763710873 ], [ 114.241470360744515, 22.304415948835469 ], [ 114.242166426962328, 22.302871056742809 ], [ 114.243724868623218, 22.302203782081541 ], [ 114.243705309978196, 22.30038193674368 ], [ 114.245412246522932, 22.297131729713605 ], [ 114.244821780361605, 22.295907471883609 ], [ 114.245390928808959, 22.294790641809136 ], [ 114.244133695980793, 22.29479703799673 ], [ 114.244479818961025, 22.295081313371789 ], [ 114.242155072399427, 22.294208833500207 ], [ 114.241980969823999, 22.292871053376622 ], [ 114.241057882745991, 22.29212571783189 ], [ 114.241520376193506, 22.290179389970355 ], [ 114.241070311945464, 22.28921306623911 ], [ 114.242348058636694, 22.28729352059441 ], [ 114.241966650184466, 22.286345232528809 ], [ 114.243170374531829, 22.286596500871287 ], [ 114.244227587481845, 22.285634764135374 ], [ 114.244233727531395, 22.282289960898314 ], [ 114.219386231326268, 22.295677438399846 ] ], [ [ 114.205704806881499, 22.327816615233765 ], [ 114.205977716207485, 22.325246470698477 ], [ 114.211476494144065, 22.325724569769751 ], [ 114.214016946393471, 22.326047684317412 ], [ 114.205977716207499, 22.325246470698492 ], [ 114.205704806881513, 22.327816615233786 ], [ 114.205055260677568, 22.327752093226113 ], [ 114.205704806881499, 22.327816615233765 ] ], [ [ 114.206235291107163, 22.331808145554184 ], [ 114.205943260724979, 22.331450710858334 ], [ 114.207176895874383, 22.332902496259905 ], [ 114.206235291107163, 22.331808145554184 ] ], [ [ 114.241431667605511, 22.31566148266511 ], [ 114.241225054714633, 22.315645084005933 ], [ 114.24122505471459, 22.315645084005912 ], [ 114.241431667605511, 22.31566148266511 ] ], [ [ 114.228880685565798, 22.325741932451038 ], [ 114.224680860732974, 22.327565715848955 ], [ 114.224653569047376, 22.327574754486221 ], [ 114.228880685565798, 22.325741932451038 ] ], [ [ 114.224401221436892, 22.327640300467241 ], [ 114.224598364253879, 22.327592263003407 ], [ 114.224542557067224, 22.327608082960026 ], [ 114.224401221436892, 22.327640300467241 ] ], [ [ 114.224368376723248, 22.327646812122744 ], [ 114.224368376723248, 22.327646812122715 ], [ 114.224401221436892, 22.327640300467241 ], [ 114.224368376723248, 22.327646812122744 ] ], [ [ 114.228990443337807, 22.325605309574382 ], [ 114.22902439157609, 22.325540395832462 ], [ 114.228971042085988, 22.325636362967202 ], [ 114.228990443337807, 22.325605309574382 ] ], [ [ 114.22906858009496, 22.325293169326862 ], [ 114.229068580094903, 22.325293169326873 ], [ 114.228863009891796, 22.324013429798622 ], [ 114.22906858009496, 22.325293169326862 ] ], [ [ 114.225474665327198, 22.324414708474382 ], [ 114.225468829147928, 22.324409629260948 ], [ 114.225474665327198, 22.324414708474382 ], [ 114.225474665327198, 22.324414708474382 ] ], [ [ 114.22538011677895, 22.324332423018085 ], [ 114.225625511897292, 22.323921386014149 ], [ 114.225380116778993, 22.324332423018106 ], [ 114.22538011677895, 22.324332423018085 ] ], [ [ 114.225697201412615, 22.323772006910119 ], [ 114.225700372203093, 22.323761248596398 ], [ 114.225649781971697, 22.323875850374968 ], [ 114.225697201412615, 22.323772006910119 ] ], [ [ 114.226538293438779, 22.321155381920867 ], [ 114.225702710695643, 22.323008351647928 ], [ 114.225726327771611, 22.322902235113823 ], [ 114.22575784264329, 22.322815306192254 ], [ 114.225838615903555, 22.322643501939734 ], [ 114.226538293438779, 22.321155381920867 ] ], [ [ 114.215081709188638, 22.327020488029042 ], [ 114.215297066269201, 22.326698505748396 ], [ 114.21439633339142, 22.32614956708635 ], [ 114.215297066269216, 22.326698505748386 ], [ 114.215081709188638, 22.327020488029042 ] ], [ [ 114.205711199603343, 22.32917147254275 ], [ 114.206603410523002, 22.329236186842031 ], [ 114.206603410523002, 22.329236186842031 ], [ 114.205711199603343, 22.32917147254275 ] ], [ [ 114.207198523023138, 22.329136740028527 ], [ 114.207014551925013, 22.329121924725374 ], [ 114.207232114604778, 22.328831343981602 ], [ 114.207198523023138, 22.329136740028527 ] ], [ [ 114.20819904350499, 22.329695316783937 ], [ 114.208142423385922, 22.32985330444594 ], [ 114.208228567666893, 22.329467924660722 ], [ 114.20819904350499, 22.329695316783937 ] ], [ [ 114.208047996285003, 22.329993608008387 ], [ 114.207821797159809, 22.330188773998216 ], [ 114.208126815345892, 22.329884688570736 ], [ 114.208047996285003, 22.329993608008387 ] ], [ [ 114.206635442334331, 22.331108811408043 ], [ 114.206281161257152, 22.3312790174685 ], [ 114.206191635345377, 22.331294307145857 ], [ 114.206635442334331, 22.331108811408043 ] ], [ [ 114.205909314910386, 22.33130897413621 ], [ 114.205797320765541, 22.3312991254591 ], [ 114.205797320765527, 22.33129912545909 ], [ 114.205909314910386, 22.33130897413621 ] ], [ [ 114.21205353896238, 22.329780478082061 ], [ 114.211884237072965, 22.32994436565998 ], [ 114.211931638518905, 22.329881340002594 ], [ 114.212053538962351, 22.329780478082064 ], [ 114.212094152340782, 22.329667036111967 ], [ 114.21205353896238, 22.329780478082061 ] ], [ [ 114.216658062508671, 22.329616392018458 ], [ 114.216514456975545, 22.329537847000214 ], [ 114.216822581379219, 22.329652031338355 ], [ 114.216658062508671, 22.329616392018458 ] ], [ [ 114.220803223386795, 22.331980953180114 ], [ 114.21873849406137, 22.331598901664858 ], [ 114.218019548360928, 22.331462420352921 ], [ 114.21873849406137, 22.331598901664858 ], [ 114.220803223386795, 22.331980953180114 ], [ 114.220803223386795, 22.331980953180114 ] ], [ [ 114.225887831993248, 22.330238967155108 ], [ 114.225725380052083, 22.330627900110688 ], [ 114.225924164625667, 22.33004592749942 ], [ 114.225887831993248, 22.330238967155108 ] ], [ [ 114.225689162132326, 22.330677723710622 ], [ 114.225652683701156, 22.330716107795691 ], [ 114.225725380052083, 22.330627900110688 ], [ 114.225689162132326, 22.330677723710622 ] ], [ [ 114.225924164625667, 22.33004592749942 ], [ 114.225916172394349, 22.329730428524424 ], [ 114.225894461063461, 22.329627411924957 ], [ 114.225924164625667, 22.33004592749942 ] ], [ [ 114.225861495584624, 22.329510884559006 ], [ 114.225873689900382, 22.329550543094012 ], [ 114.225838040695862, 22.329455355617537 ], [ 114.225861495584624, 22.329510884559006 ] ], [ [ 114.21494258177232, 22.327755330413599 ], [ 114.21494258177232, 22.327755330413584 ], [ 114.214957742084763, 22.327718241735997 ], [ 114.21494258177232, 22.327755330413599 ] ], [ [ 114.214885812045651, 22.327841125267248 ], [ 114.215205904939324, 22.328053873569154 ], [ 114.215896649160669, 22.327585834023623 ], [ 114.215898857491666, 22.327587793609297 ], [ 114.215205904939324, 22.328053873569171 ], [ 114.214885812045651, 22.327841125267248 ] ], [ [ 114.21603360315757, 22.327775687047424 ], [ 114.21603360315757, 22.327775687047453 ], [ 114.216006982477694, 22.327726959412146 ], [ 114.21603360315757, 22.327775687047424 ] ], [ [ 114.216103923618022, 22.328110054475161 ], [ 114.216103923618022, 22.328110054475161 ], [ 114.216103870944352, 22.328109031883216 ], [ 114.216103923618022, 22.328110054475161 ] ], [ [ 114.216258892831831, 22.328261829990794 ], [ 114.216326267585586, 22.328680498508277 ], [ 114.216326267585586, 22.32868049850828 ], [ 114.216258892831831, 22.328261829990794 ] ], [ [ 114.224856267110553, 22.331683811671542 ], [ 114.224746275491867, 22.331551704719708 ], [ 114.224746275491867, 22.331551704719704 ], [ 114.224856267110553, 22.331683811671542 ] ], [ [ 114.225134052261254, 22.331949017640653 ], [ 114.225389029226164, 22.332247202096436 ], [ 114.226188168888399, 22.331661849516241 ], [ 114.225389029226164, 22.33224720209645 ], [ 114.225134052261254, 22.331949017640653 ] ], [ [ 114.227228800538825, 22.330874651720944 ], [ 114.227228800538825, 22.330874651720926 ], [ 114.227308004348686, 22.330757428213175 ], [ 114.227228800538825, 22.330874651720944 ] ], [ [ 114.22749394599991, 22.33156445368067 ], [ 114.227558618358998, 22.331952574172391 ], [ 114.228005340667423, 22.332522488961647 ], [ 114.22755861835897, 22.33195257417238 ], [ 114.22749394599991, 22.33156445368067 ] ], [ [ 114.228061819266657, 22.332692923267068 ], [ 114.228061819266685, 22.332692923267086 ], [ 114.228067920292887, 22.332786613577504 ], [ 114.228061819266657, 22.332692923267068 ] ], [ [ 114.227430539498826, 22.333440401831442 ], [ 114.228016455323186, 22.333055289507364 ], [ 114.227430539498826, 22.333440401831457 ], [ 114.227412421422713, 22.333668989437566 ], [ 114.227430539498826, 22.333440401831442 ] ], [ [ 114.227396056434117, 22.333725435646045 ], [ 114.227381502915762, 22.333744630160677 ], [ 114.227412421422713, 22.333668989437566 ], [ 114.227396056434117, 22.333725435646045 ] ], [ [ 114.227041806476862, 22.333876248042817 ], [ 114.227041806476876, 22.333876248042827 ], [ 114.226713519200857, 22.334073992608076 ], [ 114.227041806476862, 22.333876248042817 ] ], [ [ 114.220816060041358, 22.332118223523409 ], [ 114.220884683526151, 22.33235299992527 ], [ 114.220815393011847, 22.332111090568269 ], [ 114.220816060041358, 22.332118223523409 ] ], [ [ 114.211802997182474, 22.330120831742537 ], [ 114.211802997182474, 22.330120831742551 ], [ 114.211816218336608, 22.330307619415084 ], [ 114.211802997182474, 22.330120831742537 ] ], [ [ 114.211926573572029, 22.330548728154724 ], [ 114.211926573572015, 22.330548728154692 ], [ 114.211968942728049, 22.330579691052026 ], [ 114.211926573572029, 22.330548728154724 ] ], [ [ 114.212168914781117, 22.330675311335487 ], [ 114.212168914781103, 22.330675311335462 ], [ 114.212351672884495, 22.330777494035058 ], [ 114.212168914781117, 22.330675311335487 ] ], [ [ 114.212817493582421, 22.331292607477739 ], [ 114.212780572326793, 22.331025892969254 ], [ 114.213189362686279, 22.331256989151242 ], [ 114.212817493582421, 22.331292607477739 ] ], [ [ 114.21404498683782, 22.331225765879989 ], [ 114.21404498683782, 22.331225765879989 ], [ 114.214068872120151, 22.331230021349803 ], [ 114.21404498683782, 22.331225765879989 ] ], [ [ 114.214221490391722, 22.331317629470771 ], [ 114.214226162888366, 22.331258044625766 ], [ 114.214201242908388, 22.331576008060736 ], [ 114.214221490391722, 22.331317629470771 ] ], [ [ 114.214126771979039, 22.331720975048334 ], [ 114.214025110482396, 22.331832296486233 ], [ 114.214201242908388, 22.331576008060736 ], [ 114.214126771979039, 22.331720975048334 ] ], [ [ 114.213966137141711, 22.331874146865388 ], [ 114.213239511522715, 22.332099278120129 ], [ 114.213625597572857, 22.332010962169885 ], [ 114.213842334668925, 22.33194789743813 ], [ 114.213966137141711, 22.331874146865388 ] ], [ [ 114.213036323056187, 22.332156035674807 ], [ 114.212743738457618, 22.333115898027053 ], [ 114.2124065325591, 22.332805266054123 ], [ 114.212704468287995, 22.332395582362771 ], [ 114.212860226259991, 22.332250607019372 ], [ 114.213036323056187, 22.332156035674807 ] ], [ [ 114.235114486867857, 22.312252062312631 ], [ 114.235666096002106, 22.312490610207398 ], [ 114.235236699805071, 22.311941224837746 ], [ 114.235114486867857, 22.312252062312631 ] ], [ [ 114.237730465150236, 22.310270573117098 ], [ 114.237730465150221, 22.310270573117108 ], [ 114.237739597665637, 22.310241734061908 ], [ 114.237730465150236, 22.310270573117098 ] ], [ [ 114.237706396899142, 22.309332528402191 ], [ 114.237706396899171, 22.309332528402177 ], [ 114.237737380422757, 22.309735945778918 ], [ 114.237706396899142, 22.309332528402191 ] ], [ [ 114.237684305587635, 22.308498948851121 ], [ 114.237676899215842, 22.308401915539509 ], [ 114.237685852549447, 22.308519220040392 ], [ 114.237684305587635, 22.308498948851121 ] ], [ [ 114.240156295864736, 22.314944532012625 ], [ 114.240156295864708, 22.314944532012628 ], [ 114.24012214538854, 22.314959588467115 ], [ 114.240156295864736, 22.314944532012625 ] ], [ [ 114.240265028319087, 22.314944489516851 ], [ 114.240265028319087, 22.314944489516861 ], [ 114.240231279698989, 22.314940017816689 ], [ 114.240265028319087, 22.314944489516851 ] ], [ [ 114.241005535117523, 22.315568997959559 ], [ 114.241225028432353, 22.315645077338861 ], [ 114.240944646136114, 22.315530367880353 ], [ 114.241005535117523, 22.315568997959559 ] ], [ [ 114.235427907494838, 22.304534169852907 ], [ 114.234217729947588, 22.305909702047718 ], [ 114.234217729947574, 22.305909702047721 ], [ 114.234913127797185, 22.305119285489063 ], [ 114.235427907494838, 22.304534169852907 ] ], [ [ 114.234604363794531, 22.306345905635482 ], [ 114.234604363794588, 22.306345905635482 ], [ 114.234782616004523, 22.306553106763737 ], [ 114.234604363794531, 22.306345905635482 ] ], [ [ 114.235238828995307, 22.306804695076782 ], [ 114.235238828995307, 22.306804695076785 ], [ 114.235149475830042, 22.306791667165633 ], [ 114.235238828995307, 22.306804695076782 ] ], [ [ 114.23507674646261, 22.307558980446778 ], [ 114.234905242559577, 22.307924221516046 ], [ 114.235228319321948, 22.306853604317247 ], [ 114.23507674646261, 22.307558980446778 ] ], [ [ 114.234778523531745, 22.308068756499825 ], [ 114.23468906566454, 22.308032572099663 ], [ 114.234905242559577, 22.307924221516046 ], [ 114.234778523531745, 22.308068756499825 ] ], [ [ 114.234445967520955, 22.307978433464676 ], [ 114.234552993000719, 22.308001438981233 ], [ 114.23433871805598, 22.307960681233865 ], [ 114.234445967520955, 22.307978433464676 ] ], [ [ 114.234326923680328, 22.308006949634326 ], [ 114.233464321633193, 22.308901788142702 ], [ 114.233479541415193, 22.308473587737357 ], [ 114.233750390159102, 22.308199657920962 ], [ 114.234326923680328, 22.308006949634326 ] ], [ [ 114.233565691623568, 22.308968732507392 ], [ 114.233753351522097, 22.309400004664521 ], [ 114.233812729214591, 22.30923460638888 ], [ 114.233853703223119, 22.309158933599036 ], [ 114.233565691623568, 22.308968732507392 ] ], [ [ 114.238891821699212, 22.306090724517905 ], [ 114.238891821699227, 22.306090724517933 ], [ 114.237960150622357, 22.306489107778695 ], [ 114.238891821699212, 22.306090724517905 ] ], [ [ 114.238776479681917, 22.305886629847606 ], [ 114.238576521551451, 22.30553280757152 ], [ 114.238492778197951, 22.305349464484962 ], [ 114.238576521551479, 22.30553280757152 ], [ 114.238776479681917, 22.305886629847606 ] ], [ [ 114.238254563350367, 22.304280149805191 ], [ 114.238254563350367, 22.304280149805191 ], [ 114.238254613001374, 22.304284203625038 ], [ 114.238254563350367, 22.304280149805191 ] ], [ [ 114.23831869599114, 22.303931200880772 ], [ 114.23831869599114, 22.303931200880761 ], [ 114.238330372472618, 22.303900428116648 ], [ 114.23831869599114, 22.303931200880772 ] ], [ [ 114.240033204369766, 22.302470364802012 ], [ 114.240493092270285, 22.302356859873225 ], [ 114.240033204369752, 22.302470364802026 ], [ 114.23961662644713, 22.302602168980243 ], [ 114.240033204369766, 22.302470364802012 ] ], [ [ 114.240966110864179, 22.302160239749142 ], [ 114.240966110864179, 22.302160239749142 ], [ 114.240985773059137, 22.302145947482977 ], [ 114.240966110864179, 22.302160239749142 ] ], [ [ 114.235293211118389, 22.311734427235017 ], [ 114.235293211118389, 22.311734427235045 ], [ 114.235289784475356, 22.311803014116379 ], [ 114.235293211118389, 22.311734427235017 ] ], [ [ 114.235228254311053, 22.311598431741086 ], [ 114.235228254311082, 22.311598431741086 ], [ 114.235273169620385, 22.311665016236958 ], [ 114.235228254311053, 22.311598431741086 ] ], [ [ 114.235066941124515, 22.311501273274846 ], [ 114.235032887252316, 22.311489005942406 ], [ 114.235032887252359, 22.311489005942406 ], [ 114.235066941124515, 22.311501273274846 ] ], [ [ 114.234270383700576, 22.311448071151961 ], [ 114.234270383700576, 22.311448071151947 ], [ 114.234321544496353, 22.311458757794995 ], [ 114.234270383700576, 22.311448071151961 ] ], [ [ 114.233930025897976, 22.311284511702961 ], [ 114.23393002589799, 22.311284511702972 ], [ 114.233992516812719, 22.311326825145475 ], [ 114.233930025897976, 22.311284511702961 ] ], [ [ 114.233693360471477, 22.311046981686189 ], [ 114.233693360471491, 22.3110469816862 ], [ 114.233733636907473, 22.311093601961161 ], [ 114.233693360471477, 22.311046981686189 ] ], [ [ 114.233601095173725, 22.310888409564846 ], [ 114.233601095173753, 22.310888409564871 ], [ 114.233630902424267, 22.310944484026791 ], [ 114.233601095173725, 22.310888409564846 ] ], [ [ 114.233525695293636, 22.310434648228718 ], [ 114.23352569529365, 22.310434648228686 ], [ 114.233530197775508, 22.310399918236353 ], [ 114.233525695293636, 22.310434648228718 ] ], [ [ 114.227185840258656, 22.321413267333526 ], [ 114.22677363084712, 22.321249105414395 ], [ 114.227276515407567, 22.321457280418191 ], [ 114.227185840258656, 22.321413267333526 ] ], [ [ 114.22787542219541, 22.321685522648629 ], [ 114.228078776179345, 22.321821088920782 ], [ 114.227743004749698, 22.321639166946948 ], [ 114.22787542219541, 22.321685522648629 ] ], [ [ 114.229211569821445, 22.321302271718789 ], [ 114.230234859330665, 22.320243390154463 ], [ 114.230305219818774, 22.320090488005924 ], [ 114.229211569821445, 22.321302271718789 ], [ 114.228994593288334, 22.322120639501936 ], [ 114.22823326953116, 22.321982335368055 ], [ 114.228154848114258, 22.321891570266367 ], [ 114.228994593288334, 22.322120639501918 ], [ 114.229211569821445, 22.321302271718789 ] ], [ [ 114.230429792130181, 22.318685097223355 ], [ 114.230429792130195, 22.318685097223334 ], [ 114.230438342844977, 22.318811649120672 ], [ 114.230429792130181, 22.318685097223355 ] ], [ [ 114.231197439636418, 22.317799897720036 ], [ 114.231312871171184, 22.317633751054807 ], [ 114.231008147905555, 22.317996686287142 ], [ 114.231197439636418, 22.317799897720036 ] ], [ [ 114.231379363018192, 22.317499620817703 ], [ 114.231580456328274, 22.316865102369267 ], [ 114.231657436075679, 22.316699139184085 ], [ 114.231753273667636, 22.316548570021737 ], [ 114.231580456328274, 22.316865102369281 ], [ 114.231475055269215, 22.317248938180715 ], [ 114.231413858658286, 22.317419980181253 ], [ 114.231379363018192, 22.317499620817703 ] ], [ [ 114.231756248107686, 22.316543896912567 ], [ 114.2317562481077, 22.316543896912549 ], [ 114.231854477851826, 22.316438882945167 ], [ 114.231756248107686, 22.316543896912567 ] ], [ [ 114.231854477851826, 22.316438882945167 ], [ 114.233112213148118, 22.31550604232439 ], [ 114.234030816902774, 22.31450162696402 ], [ 114.231854477851826, 22.316438882945167 ] ], [ [ 114.234030816902774, 22.31450162696402 ], [ 114.234185459026591, 22.314412395200939 ], [ 114.234260670421506, 22.314394876317269 ], [ 114.234030816902774, 22.31450162696402 ] ], [ [ 114.237698117576542, 22.315531874238992 ], [ 114.238581928287971, 22.315822995582359 ], [ 114.238225403442229, 22.315742369058917 ], [ 114.237698117576542, 22.315531874238992 ] ], [ [ 114.238718006074166, 22.315827972464589 ], [ 114.238605821317591, 22.315825840648095 ], [ 114.238852668648946, 22.315818321494223 ], [ 114.238718006074166, 22.315827972464589 ] ], [ [ 114.238852668648946, 22.315818321494223 ], [ 114.239357889691831, 22.315643159700763 ], [ 114.239789137784797, 22.315258630849009 ], [ 114.238852668648946, 22.315818321494223 ] ], [ [ 114.234531222414006, 22.314413970298915 ], [ 114.234454746900752, 22.314395043610627 ], [ 114.23479163871788, 22.314534092815517 ], [ 114.234531222414006, 22.314413970298915 ] ], [ [ 114.236405262738245, 22.314939234621978 ], [ 114.235692617787024, 22.314949690398745 ], [ 114.235244853410222, 22.314743149405132 ], [ 114.235692617787024, 22.314949690398745 ], [ 114.236405262738245, 22.314939234621978 ] ], [ [ 114.236573038596219, 22.315226174270684 ], [ 114.236573038596234, 22.315226174270688 ], [ 114.236571898444325, 22.315221582527521 ], [ 114.236573038596219, 22.315226174270684 ] ], [ [ 114.236471161119681, 22.315484577112581 ], [ 114.237223184889302, 22.315501176975157 ], [ 114.236648813000429, 22.315709653452533 ], [ 114.236471161119681, 22.315484577112581 ] ], [ [ 114.237494330426898, 22.31549543164801 ], [ 114.237494330426898, 22.315495431647992 ], [ 114.237564312078973, 22.315505699167691 ], [ 114.237494330426898, 22.31549543164801 ] ], [ [ 114.232695406856465, 22.318758193694219 ], [ 114.232695406824604, 22.318758193828124 ], [ 114.231826419440551, 22.318594133974347 ], [ 114.232695406856465, 22.318758193694219 ] ] ] } },
{ "type": "Feature", "properties": { "codigo": "K", "distrito_en": "Tsuen Wan", "distrito_zh": "荃灣區", "distrito_es": "Tsuen Wan", "region": "Nuevos Territorios", "area_km2_oficial": 62.62, "area_km2_poligono_incluye_mar": 84.27, "centro_lat": 22.365015, "centro_lon": 114.066706, "n_circunscripciones": 19 }, "geometry": { "type": "Polygon", "coordinates": [ [ [ 114.010240522224009, 22.313891956642248 ], [ 114.00980990406606, 22.315011340756978 ], [ 114.006966162132912, 22.313928926755221 ], [ 113.994600051817756, 22.314189147124459 ], [ 113.994581131769948, 22.324635109905817 ], [ 114.029036656903941, 22.353573878145912 ], [ 114.028561707541044, 22.35912352721849 ], [ 114.031553525908976, 22.362047569717003 ], [ 114.034003265210828, 22.362666787222572 ], [ 114.034938896439272, 22.364104411679691 ], [ 114.034528594849704, 22.365152992019382 ], [ 114.035006273720256, 22.366034862495013 ], [ 114.040184806524138, 22.367957481070665 ], [ 114.040236178888293, 22.369818209020259 ], [ 114.037386190916962, 22.369375107429093 ], [ 114.03460077715367, 22.370663677511899 ], [ 114.033970449949905, 22.374741871688265 ], [ 114.030487089462554, 22.374766573024186 ], [ 114.032410396900488, 22.37869629268814 ], [ 114.033629584100581, 22.37832367582811 ], [ 114.033735407164926, 22.377551326823738 ], [ 114.036162993265194, 22.377961733825327 ], [ 114.036644538840363, 22.378672003948033 ], [ 114.035421184896322, 22.380626459637824 ], [ 114.036729542613045, 22.380173399518451 ], [ 114.03886368544903, 22.381191996318467 ], [ 114.040247052144764, 22.381133370080352 ], [ 114.040818349446255, 22.380497895940113 ], [ 114.043166562075214, 22.380661074632428 ], [ 114.045126294903696, 22.379513513361481 ], [ 114.046500001386534, 22.379683306648325 ], [ 114.047568124226146, 22.380630199756624 ], [ 114.045945117105063, 22.384426421765443 ], [ 114.048374623095739, 22.386331548031226 ], [ 114.049975929804845, 22.385365987897007 ], [ 114.051934289453939, 22.385507484627716 ], [ 114.051860097395021, 22.385000590207987 ], [ 114.053236814553259, 22.384108214759159 ], [ 114.054664157368165, 22.384045787409939 ], [ 114.055579507691107, 22.384912528816315 ], [ 114.0585267196942, 22.385279904771192 ], [ 114.064668148637395, 22.384877861641069 ], [ 114.064581970904953, 22.38965441589642 ], [ 114.066145923381242, 22.39054386952478 ], [ 114.065830614027206, 22.391702384261098 ], [ 114.066936874475317, 22.391236596930096 ], [ 114.068185556044696, 22.392585098503428 ], [ 114.069227685251064, 22.392673409182642 ], [ 114.06932963807941, 22.39338516173018 ], [ 114.070587196207683, 22.392372707348549 ], [ 114.071586441955617, 22.392963729773857 ], [ 114.071925866267179, 22.392505905201833 ], [ 114.073641057280838, 22.393702096283448 ], [ 114.073983478827543, 22.393215931616979 ], [ 114.073332125993787, 22.394793261919084 ], [ 114.074242377344277, 22.396324782464568 ], [ 114.077077301262506, 22.396427264337937 ], [ 114.078424928953481, 22.397253956274788 ], [ 114.079349502257628, 22.396955895805092 ], [ 114.080771905508911, 22.397473526390645 ], [ 114.082428288223483, 22.398707742861269 ], [ 114.083249023145086, 22.400448089600879 ], [ 114.086422865465565, 22.402006816147452 ], [ 114.089214910105085, 22.401397783606416 ], [ 114.090412905780184, 22.399455535109578 ], [ 114.093284428985299, 22.39977261521063 ], [ 114.094959748605234, 22.400845825788387 ], [ 114.096848407154667, 22.403521215755475 ], [ 114.100781259250198, 22.40733455973967 ], [ 114.104443610214048, 22.407406299982679 ], [ 114.105340438390812, 22.406577284593645 ], [ 114.105263335854161, 22.405626935594416 ], [ 114.106620138187424, 22.404804211467543 ], [ 114.107578967073678, 22.40616854572443 ], [ 114.109023601585321, 22.405373743294128 ], [ 114.110127441282984, 22.405654599419574 ], [ 114.112501747459703, 22.406818671301565 ], [ 114.112904946437936, 22.408168022941101 ], [ 114.114684618768521, 22.408507559147449 ], [ 114.115785488055181, 22.410179396083421 ], [ 114.116968902114195, 22.41041818047383 ], [ 114.116804487367389, 22.411357498047284 ], [ 114.117411643053288, 22.411817870959649 ], [ 114.120478408603844, 22.410959610095261 ], [ 114.123367498565855, 22.410992044901676 ], [ 114.123169255539395, 22.412092253977189 ], [ 114.124086178643509, 22.412798505233518 ], [ 114.124628814294667, 22.412378465741629 ], [ 114.12428679630348, 22.413089271016496 ], [ 114.12359584648317, 22.412899314326104 ], [ 114.124439523032493, 22.413715413305315 ], [ 114.123536475336948, 22.414067650119694 ], [ 114.124402609997773, 22.414325311353029 ], [ 114.125762853038012, 22.416182857217976 ], [ 114.128187258279709, 22.416867023302075 ], [ 114.134016206352399, 22.416607240575416 ], [ 114.137752976122201, 22.417544847483466 ], [ 114.143426414844527, 22.415781418889939 ], [ 114.146165408040034, 22.416858585511431 ], [ 114.146943147706182, 22.415892017773096 ], [ 114.147327441185396, 22.411833976517759 ], [ 114.149303544770873, 22.412503385258731 ], [ 114.155144301362441, 22.412900099220291 ], [ 114.15823530178973, 22.411854744700467 ], [ 114.158896538192295, 22.412397813847392 ], [ 114.158745390002878, 22.413025452199975 ], [ 114.160092848330393, 22.412051081060795 ], [ 114.160472045563495, 22.413077688010688 ], [ 114.169194778483146, 22.412927752457389 ], [ 114.165216658743432, 22.41124475557935 ], [ 114.165681043701895, 22.410158429044479 ], [ 114.165277822224979, 22.408954599727451 ], [ 114.16772128514377, 22.404999569882907 ], [ 114.167086163082288, 22.40392158012347 ], [ 114.167892041916957, 22.401020090293482 ], [ 114.165959592164199, 22.398665204472938 ], [ 114.16773636895276, 22.397371215484192 ], [ 114.167634763405331, 22.395678675682621 ], [ 114.168182688705215, 22.394944290673546 ], [ 114.167617895140921, 22.393907836751858 ], [ 114.162903227040616, 22.391091315762143 ], [ 114.160600976338415, 22.386836047943351 ], [ 114.157009984389461, 22.38462261032646 ], [ 114.156782813306904, 22.383024017310149 ], [ 114.154294282651222, 22.381602745811321 ], [ 114.151862196728089, 22.381447298462184 ], [ 114.14917170856117, 22.38039941921777 ], [ 114.146369956216304, 22.378135170534776 ], [ 114.145418975951586, 22.378908299873032 ], [ 114.144224677167728, 22.378393675708491 ], [ 114.143563602379203, 22.380373619545981 ], [ 114.144396269290439, 22.380714781267137 ], [ 114.142883456914419, 22.381554237434035 ], [ 114.143796352088359, 22.381622615915806 ], [ 114.143850858671897, 22.382434660757855 ], [ 114.144585967006364, 22.382783892858903 ], [ 114.144466873590389, 22.384445078744232 ], [ 114.143515039329699, 22.384502310581187 ], [ 114.138534674652888, 22.382007185672165 ], [ 114.135043000518095, 22.381533591572175 ], [ 114.13748574795207, 22.379314446887054 ], [ 114.136401599102967, 22.375868238460356 ], [ 114.136355986261535, 22.372563097569078 ], [ 114.13468020305578, 22.37093395869892 ], [ 114.134467450254917, 22.369802494393824 ], [ 114.132779942662737, 22.36950651957758 ], [ 114.129862366630277, 22.370945419426686 ], [ 114.123389024539676, 22.370372121626225 ], [ 114.119925581789403, 22.364107305634871 ], [ 114.116210750115684, 22.36253414764904 ], [ 114.113797400044731, 22.364598373862137 ], [ 114.113323276553302, 22.365003650758577 ], [ 114.112713509537741, 22.365078273558652 ], [ 114.116210750115684, 22.362534147649015 ], [ 114.11352427175035, 22.360692955102575 ], [ 114.110081597939683, 22.360006334651843 ], [ 114.110092740229661, 22.364239884590024 ], [ 114.111876352157353, 22.364243694689812 ], [ 114.110092740229675, 22.364239884590052 ], [ 114.110094060857719, 22.364740213169451 ], [ 114.098690729882307, 22.364775171326386 ], [ 114.098575274521465, 22.368223071965424 ], [ 114.098690729882279, 22.364775171326368 ], [ 114.07898618308478, 22.364833687200516 ], [ 114.072425486789882, 22.361972020660183 ], [ 114.072692949399126, 22.312530001959026 ], [ 114.010240522224009, 22.313891956642248 ] ], [ [ 114.09853551930469, 22.368267040470304 ], [ 114.098522434112439, 22.368256804441781 ], [ 114.098575274521465, 22.368223071965424 ], [ 114.09853551930469, 22.368267040470304 ] ], [ [ 114.096774001422432, 22.368534732596242 ], [ 114.096552229443844, 22.368572747470392 ], [ 114.096552229443716, 22.368572747470385 ], [ 114.096774001422432, 22.368534732596242 ] ], [ [ 114.099008579392887, 22.369941619732678 ], [ 114.099086358245373, 22.370028196626897 ], [ 114.098860426329679, 22.369744729264792 ], [ 114.099008579392887, 22.369941619732678 ] ], [ [ 114.099390374869515, 22.370380451917178 ], [ 114.099443571085928, 22.37043693624544 ], [ 114.099369950089823, 22.370352176578987 ], [ 114.099390374869515, 22.370380451917178 ] ], [ [ 114.100004711853643, 22.370908515744272 ], [ 114.100138814079045, 22.370996455748408 ], [ 114.101062341043715, 22.371697226635746 ], [ 114.100004711853643, 22.370908515744272 ] ], [ [ 114.102833202061092, 22.373032478229231 ], [ 114.102864949075155, 22.373059394689026 ], [ 114.102660621888546, 22.372898829262052 ], [ 114.102833202061092, 22.373032478229231 ] ], [ [ 114.10302010228267, 22.373200775248392 ], [ 114.103165610759945, 22.373298637768592 ], [ 114.102999609197767, 22.373181556271643 ], [ 114.10302010228267, 22.373200775248392 ] ], [ [ 114.103944151709825, 22.373827310067902 ], [ 114.104149200639142, 22.373934944513934 ], [ 114.104201253042277, 22.373960825570784 ], [ 114.104149200639142, 22.373934944513945 ], [ 114.103944151709825, 22.373827310067902 ] ], [ [ 114.104928872096423, 22.374277604020897 ], [ 114.105057521241861, 22.374363538443728 ], [ 114.104927992954813, 22.37427687390532 ], [ 114.104928872096423, 22.374277604020897 ] ], [ [ 114.105509654909653, 22.374907059559931 ], [ 114.105650311026935, 22.375053609182025 ], [ 114.105655344046284, 22.375057908189575 ], [ 114.105509654909653, 22.374907059559931 ] ], [ [ 114.105934668050637, 22.375274759501188 ], [ 114.106091880079845, 22.375369573263001 ], [ 114.106207690660639, 22.375424682972227 ], [ 114.105934668050637, 22.375274759501188 ] ], [ [ 114.10633402376763, 22.375466549399846 ], [ 114.106476016132859, 22.37549467807581 ], [ 114.106207690660639, 22.375424682972227 ], [ 114.10633402376763, 22.375466549399846 ] ], [ [ 114.118041636991308, 22.374348045323281 ], [ 114.118008728775678, 22.374308331788942 ], [ 114.118155305234595, 22.374455213507055 ], [ 114.118041636991308, 22.374348045323281 ] ], [ [ 114.117280699784644, 22.373120066481739 ], [ 114.117266862521788, 22.373100636351182 ], [ 114.117445586737972, 22.373378716326958 ], [ 114.117280699784644, 22.373120066481739 ] ], [ [ 114.116759215016089, 22.372585046327558 ], [ 114.116014513028205, 22.372081084472143 ], [ 114.114747305731811, 22.3712811253714 ], [ 114.116759215016089, 22.372585046327558 ] ], [ [ 114.098519913504205, 22.368254832669372 ], [ 114.098519913504219, 22.368254832669372 ], [ 114.098496712315111, 22.368280476983834 ], [ 114.098519913504205, 22.368254832669372 ] ], [ [ 114.098470769593774, 22.368333013307847 ], [ 114.098470769593774, 22.36833301330784 ], [ 114.098473900102462, 22.368333974899993 ], [ 114.098470769593774, 22.368333013307847 ] ], [ [ 114.098481399505403, 22.368336278476434 ], [ 114.098032533955504, 22.368527790780124 ], [ 114.098481399505388, 22.36833627847642 ], [ 114.098481399505403, 22.368336278476434 ] ], [ [ 114.097710452325458, 22.368483164366232 ], [ 114.097710452325458, 22.368483164366197 ], [ 114.097881706000408, 22.368503759095937 ], [ 114.097710452325458, 22.368483164366232 ] ], [ [ 114.097191607554691, 22.368476055734995 ], [ 114.097125453381892, 22.368484495252641 ], [ 114.09739400105687, 22.368472723589694 ], [ 114.097191607554691, 22.368476055734995 ] ], [ [ 114.1113886056458, 22.374210620591079 ], [ 114.111388605645757, 22.374210620591047 ], [ 114.111985296069221, 22.37514030086837 ], [ 114.1113886056458, 22.374210620591079 ] ], [ [ 114.112364286490376, 22.364244935645026 ], [ 114.112676495024061, 22.364979555096813 ], [ 114.112680082261676, 22.364988505025789 ], [ 114.112364286490376, 22.364244935645026 ] ], [ [ 114.113042572215747, 22.372864145889785 ], [ 114.113247950191749, 22.373199003313442 ], [ 114.113247950191749, 22.373199003313442 ], [ 114.113042572215747, 22.372864145889785 ] ], [ [ 114.118963928187227, 22.374820367423006 ], [ 114.118963928187199, 22.374820367423006 ], [ 114.118912644422096, 22.374809390626048 ], [ 114.118963928187227, 22.374820367423006 ] ], [ [ 114.119260345467595, 22.374852721171941 ], [ 114.119260345467595, 22.374852721171941 ], [ 114.119262673136276, 22.374852708598848 ], [ 114.119260345467595, 22.374852721171941 ] ], [ [ 114.119999990146184, 22.374923899374505 ], [ 114.119905533559674, 22.37511378723466 ], [ 114.119894257127598, 22.37521744471093 ], [ 114.119999990146184, 22.374923899374505 ] ], [ [ 114.119896563737598, 22.375323572299273 ], [ 114.119913321557334, 22.375395835580889 ], [ 114.119894257127598, 22.37521744471093 ], [ 114.119896563737598, 22.375323572299273 ] ], [ [ 114.120009524763859, 22.375594636235022 ], [ 114.120139009422061, 22.37574693916617 ], [ 114.119973208625083, 22.375528053431214 ], [ 114.120009524763859, 22.375594636235022 ] ], [ [ 114.120302120009313, 22.375863035718648 ], [ 114.120302120009299, 22.375863035718648 ], [ 114.120241420869505, 22.375823918426143 ], [ 114.120302120009313, 22.375863035718648 ] ], [ [ 114.120241503751558, 22.376187093112105 ], [ 114.120294198387199, 22.376123401141161 ], [ 114.120253881343132, 22.376175312585666 ], [ 114.120241503751558, 22.376187093112105 ] ], [ [ 114.120185428543238, 22.376218409407862 ], [ 114.120185428543238, 22.376218409407841 ], [ 114.120213788026234, 22.376205796342937 ], [ 114.120185428543238, 22.376218409407862 ] ], [ [ 114.120013871901193, 22.376223632118339 ], [ 114.120013871901193, 22.376223632118322 ], [ 114.120095692828116, 22.376235579682437 ], [ 114.120013871901193, 22.376223632118339 ] ], [ [ 114.119896104638741, 22.376159785528067 ], [ 114.119628471956403, 22.375948986340752 ], [ 114.119501173320188, 22.375882964249826 ], [ 114.119628471956418, 22.375948986340703 ], [ 114.119896104638741, 22.376159785528067 ] ], [ [ 114.119501173320188, 22.375882964249826 ], [ 114.119119897744056, 22.375759959347761 ], [ 114.119020986054153, 22.375753322724236 ], [ 114.119501173320188, 22.375882964249826 ] ], [ [ 114.118818026046071, 22.375763806774433 ], [ 114.117662862828098, 22.375900571257429 ], [ 114.117665729309252, 22.376033501677036 ], [ 114.117618045825509, 22.376121116476938 ], [ 114.117571447874781, 22.376167389903507 ], [ 114.117183785405786, 22.376428708330469 ], [ 114.117147755855214, 22.376487772754935 ], [ 114.118818026046071, 22.375763806774433 ] ], [ [ 114.117142009241945, 22.376529419427058 ], [ 114.117119206081597, 22.376562173766562 ], [ 114.117147755855214, 22.376487772754935 ], [ 114.117142009241945, 22.376529419427058 ] ], [ [ 114.118206923614338, 22.376951164120651 ], [ 114.118206923614338, 22.376951164120658 ], [ 114.118094201090727, 22.376952712995749 ], [ 114.118206923614338, 22.376951164120651 ] ], [ [ 114.120073423603984, 22.377131320362299 ], [ 114.120073423603941, 22.377131320362306 ], [ 114.120059329775287, 22.3770155214536 ], [ 114.120073423603984, 22.377131320362299 ] ], [ [ 114.119979291961727, 22.377402266332869 ], [ 114.119979291961727, 22.377402266332869 ], [ 114.120007668097472, 22.377331159725216 ], [ 114.119979291961727, 22.377402266332869 ] ], [ [ 114.12005424466561, 22.378116977528464 ], [ 114.120049823591046, 22.378065867143349 ], [ 114.12005424466561, 22.378116977528464 ], [ 114.12005424466561, 22.378116977528464 ] ], [ [ 114.120007429666785, 22.378113701743821 ], [ 114.119581144924396, 22.378230387744324 ], [ 114.119526485456817, 22.378234423100729 ], [ 114.119581144924396, 22.378230387744289 ], [ 114.119795315112327, 22.378145305525447 ], [ 114.119934134984234, 22.378108573069461 ], [ 114.120007429666785, 22.378113701743821 ] ], [ [ 114.11945638811774, 22.378283154066889 ], [ 114.119388122637829, 22.378386396532164 ], [ 114.119456388117754, 22.378283154066867 ], [ 114.119488986858471, 22.378206875742695 ], [ 114.119488986858471, 22.378206875742709 ], [ 114.11945638811774, 22.378283154066889 ] ], [ [ 114.122632048561115, 22.376223599098271 ], [ 114.12324134612507, 22.376451300128977 ], [ 114.123268199190861, 22.376461560026701 ], [ 114.12324134612507, 22.376451300128995 ], [ 114.122632048561115, 22.376223599098271 ] ], [ [ 114.121278156877139, 22.37547125916441 ], [ 114.121278156877167, 22.375471259164389 ], [ 114.121267404717926, 22.375552691624982 ], [ 114.121278156877139, 22.37547125916441 ] ], [ [ 114.121095069418274, 22.374979935417489 ], [ 114.121095069418274, 22.374979935417478 ], [ 114.12115980375043, 22.375066455925452 ], [ 114.121095069418274, 22.374979935417489 ] ], [ [ 114.123445755795274, 22.370808468689194 ], [ 114.123445755795274, 22.370808468689209 ], [ 114.123445125292491, 22.370798710477938 ], [ 114.123445755795274, 22.370808468689194 ] ], [ [ 114.125135375052238, 22.387377114314429 ], [ 114.125135375052267, 22.387377114314429 ], [ 114.125147934123348, 22.387381017167463 ], [ 114.125135375052238, 22.387377114314429 ] ], [ [ 114.125885052653487, 22.387020222353208 ], [ 114.125885052653487, 22.387020222353218 ], [ 114.126128329334861, 22.387085535248239 ], [ 114.125885052653487, 22.387020222353208 ] ], [ [ 114.126134120985085, 22.386082833597829 ], [ 114.126356500574545, 22.386870319094953 ], [ 114.126363952046702, 22.386968528289728 ], [ 114.126356500574531, 22.386870319094982 ], [ 114.126134120985085, 22.386082833597829 ] ], [ [ 114.126291013146528, 22.385337938311004 ], [ 114.126158705514143, 22.385929367652334 ], [ 114.126148983424997, 22.38597324767716 ], [ 114.126264584426679, 22.385540781472564 ], [ 114.126291013146528, 22.385337938311004 ] ], [ [ 114.126598236856552, 22.385005493075948 ], [ 114.126598236856566, 22.385005493075933 ], [ 114.126804024908708, 22.385009231116278 ], [ 114.126598236856552, 22.385005493075948 ] ], [ [ 114.127447784637738, 22.38433308031032 ], [ 114.127447784637724, 22.38433308031032 ], [ 114.127439420849313, 22.384378508943364 ], [ 114.127447784637738, 22.38433308031032 ] ], [ [ 114.127277262606952, 22.38352046342856 ], [ 114.127439048761673, 22.384240532876387 ], [ 114.127444006960175, 22.384293059798523 ], [ 114.127439048761673, 22.384240532876412 ], [ 114.127282417904922, 22.383558373662495 ], [ 114.127277262606952, 22.38352046342856 ] ], [ [ 114.127300246997564, 22.383336743052883 ], [ 114.127300246997564, 22.383336743052883 ], [ 114.127327951645398, 22.383288486409462 ], [ 114.127300246997564, 22.383336743052883 ] ], [ [ 114.127395442172215, 22.383215013658898 ], [ 114.127395442172201, 22.38321501365888 ], [ 114.127414696009396, 22.383204902143891 ], [ 114.127395442172215, 22.383215013658898 ] ], [ [ 114.127529221332864, 22.383162280121137 ], [ 114.127529221332864, 22.383162280121095 ], [ 114.127581959785189, 22.383158549242754 ], [ 114.127529221332864, 22.383162280121137 ] ], [ [ 114.127767150767497, 22.383201617164985 ], [ 114.127767150767511, 22.38320161716501 ], [ 114.127853965392461, 22.383248850545737 ], [ 114.127767150767497, 22.383201617164985 ] ], [ [ 114.128811209521814, 22.383603373233296 ], [ 114.128811209521842, 22.383603373233285 ], [ 114.128875756920863, 22.383618053876532 ], [ 114.128811209521814, 22.383603373233296 ] ], [ [ 114.12903695337873, 22.383643056981814 ], [ 114.12903695337873, 22.383643056981793 ], [ 114.129066217044297, 22.383637322179638 ], [ 114.12903695337873, 22.383643056981814 ] ], [ [ 114.130228198860024, 22.383057955871088 ], [ 114.130228198860024, 22.383057955871092 ], [ 114.130182896808478, 22.383074490171534 ], [ 114.130228198860024, 22.383057955871088 ] ], [ [ 114.130531898505851, 22.383240306089579 ], [ 114.130531898505851, 22.383240306089579 ], [ 114.130566805043216, 22.383262045866264 ], [ 114.130531898505851, 22.383240306089579 ] ], [ [ 114.130592251615894, 22.38320250839913 ], [ 114.130572110656217, 22.383265350198553 ], [ 114.130572110656217, 22.383265350198549 ], [ 114.130592251615894, 22.38320250839913 ] ], [ [ 114.130841132205802, 22.382305157339687 ], [ 114.130841132205774, 22.382305157339715 ], [ 114.130853092237672, 22.382265443170205 ], [ 114.130841132205802, 22.382305157339687 ] ], [ [ 114.131082253494185, 22.381906139824121 ], [ 114.131082253494185, 22.381906139824121 ], [ 114.13108208248309, 22.381900887448477 ], [ 114.131082253494185, 22.381906139824121 ] ], [ [ 114.131089160797146, 22.381896099835938 ], [ 114.131089160797146, 22.381896099835942 ], [ 114.131086077165762, 22.38189622616137 ], [ 114.131089160797146, 22.381896099835938 ] ], [ [ 114.131849581816383, 22.379848136030027 ], [ 114.131849581816383, 22.379848136030027 ], [ 114.132222491336066, 22.380058912399335 ], [ 114.131849581816383, 22.379848136030027 ] ], [ [ 114.131749344539415, 22.378821355418054 ], [ 114.131749344539415, 22.378821355418069 ], [ 114.131647881316809, 22.378752072925703 ], [ 114.131749344539415, 22.378821355418054 ] ], [ [ 114.130836305037022, 22.378409143879676 ], [ 114.13083630503705, 22.378409143879697 ], [ 114.129696555963292, 22.377954986736999 ], [ 114.130836305037022, 22.378409143879676 ] ], [ [ 114.129284196045262, 22.377853651937173 ], [ 114.129284196045262, 22.377853651937187 ], [ 114.129253358676067, 22.37782446205113 ], [ 114.129284196045262, 22.377853651937173 ] ], [ [ 114.129182691285791, 22.377773225594783 ], [ 114.129239495815057, 22.377811339806101 ], [ 114.129239495815057, 22.377811339806115 ], [ 114.129182691285791, 22.377773225594783 ] ], [ [ 114.128933420697081, 22.377629772012657 ], [ 114.128933420697095, 22.377629772012686 ], [ 114.128875476165902, 22.377610841498193 ], [ 114.128933420697081, 22.377629772012657 ] ], [ [ 114.127873176499349, 22.377767576589221 ], [ 114.127722715745207, 22.377779451288191 ], [ 114.12758506429337, 22.377758548933237 ], [ 114.126570384553887, 22.377335156721966 ], [ 114.12648075591396, 22.377269576257088 ], [ 114.12641676167172, 22.377204012761869 ], [ 114.126416761671663, 22.377204012761844 ], [ 114.127585064293342, 22.377758548933215 ], [ 114.127873176499307, 22.377767576589218 ], [ 114.128461790053592, 22.377591703494414 ], [ 114.128578677028102, 22.377569243351086 ], [ 114.128665408536136, 22.377563923120743 ], [ 114.128718161898675, 22.377571606361432 ], [ 114.127873176499349, 22.377767576589221 ] ], [ [ 114.126375409136045, 22.377090106857786 ], [ 114.126375409136045, 22.377090106857786 ], [ 114.126374619102364, 22.377083766954112 ], [ 114.126375409136045, 22.377090106857786 ] ], [ [ 114.126449174966581, 22.376741533406232 ], [ 114.126449174966552, 22.376741533406246 ], [ 114.126493244377244, 22.376701825209413 ], [ 114.126449174966581, 22.376741533406232 ] ], [ [ 114.126772139645141, 22.376517513996205 ], [ 114.126772139645126, 22.376517513996223 ], [ 114.126732826204346, 22.376566086071318 ], [ 114.126772139645141, 22.376517513996205 ] ], [ [ 114.126668695461262, 22.376340104320672 ], [ 114.125663651238071, 22.376005331957298 ], [ 114.126752360319415, 22.376394368483858 ], [ 114.126668695461262, 22.376340104320672 ] ], [ [ 114.125507173781529, 22.376242011689342 ], [ 114.125142232315412, 22.376296038675452 ], [ 114.125621078685825, 22.376053450744827 ], [ 114.125507173781529, 22.376242011689342 ] ], [ [ 114.124933932420149, 22.376262355240517 ], [ 114.12500220312171, 22.376277482915611 ], [ 114.124890572013911, 22.376225343252653 ], [ 114.124933932420149, 22.376262355240517 ] ], [ [ 114.12467622909206, 22.375826016573043 ], [ 114.124676229092032, 22.375826016573075 ], [ 114.124645049308526, 22.375777629976806 ], [ 114.12467622909206, 22.375826016573043 ] ], [ [ 114.124610008857104, 22.375744982340471 ], [ 114.124457830756825, 22.375636354325753 ], [ 114.124645049308526, 22.375777629976806 ], [ 114.124610008857104, 22.375744982340471 ] ], [ [ 114.123974698312722, 22.376731496745194 ], [ 114.123974698312708, 22.376731496745183 ], [ 114.124348132706984, 22.375804449872494 ], [ 114.123974698312722, 22.376731496745194 ] ], [ [ 114.119371272849804, 22.378406237462581 ], [ 114.119283110832413, 22.378641134799025 ], [ 114.119308311827822, 22.378538448627612 ], [ 114.119347214174994, 22.378434539167888 ], [ 114.119371272849804, 22.378406237462581 ] ], [ [ 114.119266949047784, 22.379099933898665 ], [ 114.119266949047812, 22.379099933898669 ], [ 114.119347113928939, 22.37921105731796 ], [ 114.119266949047784, 22.379099933898665 ] ], [ [ 114.119805519660829, 22.379981828882663 ], [ 114.119789720969038, 22.380000330149468 ], [ 114.119805519660829, 22.379981828882659 ], [ 114.119805519660829, 22.379981828882663 ] ], [ [ 114.119594973998616, 22.380362228551181 ], [ 114.11959497399863, 22.380362228551185 ], [ 114.119570125807513, 22.38038551850866 ], [ 114.119594973998616, 22.380362228551181 ] ], [ [ 114.11951904298715, 22.38040315509387 ], [ 114.1194907346527, 22.380442128188101 ], [ 114.119570125807513, 22.38038551850866 ], [ 114.11951904298715, 22.38040315509387 ] ], [ [ 114.119414056699199, 22.380875730288356 ], [ 114.119195428626909, 22.381235148618824 ], [ 114.119174498320959, 22.381270170556757 ], [ 114.119209039966663, 22.381146726592711 ], [ 114.119414056699199, 22.380875730288352 ], [ 114.119477017212432, 22.380616540492746 ], [ 114.119479196541562, 22.380487729884248 ], [ 114.119486009527122, 22.380451083783996 ], [ 114.119477017212446, 22.380616540492781 ], [ 114.119414056699199, 22.380875730288356 ] ], [ [ 114.11912879712591, 22.381305246872344 ], [ 114.118853143746378, 22.381653654224266 ], [ 114.118987445437256, 22.381515517253604 ], [ 114.11912879712591, 22.381305246872344 ] ], [ [ 114.118737458381034, 22.381903983935835 ], [ 114.118737458381034, 22.381903983935835 ], [ 114.118736390481416, 22.38190342299745 ], [ 114.118737458381034, 22.381903983935835 ] ], [ [ 114.118793121788116, 22.381917757398956 ], [ 114.118793121788087, 22.381917757398952 ], [ 114.11884311815497, 22.381922453137637 ], [ 114.118793121788116, 22.381917757398956 ] ], [ [ 114.120661800704013, 22.382206915070146 ], [ 114.120661800704042, 22.382206915070153 ], [ 114.120687385414683, 22.382253764633383 ], [ 114.120661800704013, 22.382206915070146 ] ], [ [ 114.120720005318816, 22.382344638827128 ], [ 114.1206144844448, 22.382660853900482 ], [ 114.12071080031177, 22.382494057497635 ], [ 114.120727158549627, 22.382382147923366 ], [ 114.120720005318816, 22.382344638827128 ] ], [ [ 114.120406557930096, 22.383227150754681 ], [ 114.120426046169754, 22.383020347517462 ], [ 114.12045618880002, 22.382919893484061 ], [ 114.120406557930096, 22.383227150754681 ] ], [ [ 114.12043811357087, 22.383460427034656 ], [ 114.120438113570884, 22.383460427034656 ], [ 114.120459224397052, 22.383486486433732 ], [ 114.12043811357087, 22.383460427034656 ] ], [ [ 114.120682592857861, 22.38416577759482 ], [ 114.120610244342103, 22.384005849061587 ], [ 114.120602121119433, 22.383922377147307 ], [ 114.120682592857861, 22.38416577759482 ] ], [ [ 114.120826177480581, 22.384461585898709 ], [ 114.120761552758552, 22.384866888543339 ], [ 114.120748626615509, 22.384808276764812 ], [ 114.120755304250494, 22.384743548323051 ], [ 114.120826177480552, 22.384461585898723 ], [ 114.120780725219063, 22.384314415760848 ], [ 114.120826177480581, 22.384461585898709 ] ], [ [ 114.120809121536141, 22.384981701741385 ], [ 114.120781404950378, 22.384915353518327 ], [ 114.120821953340851, 22.385068173397173 ], [ 114.120821953340851, 22.385068173397173 ], [ 114.120809121536141, 22.384981701741385 ] ], [ [ 114.120802312175655, 22.385157153321096 ], [ 114.120599972187875, 22.385620809230019 ], [ 114.120589274395044, 22.385443680937339 ], [ 114.1206311188391, 22.38536687286599 ], [ 114.120802312175641, 22.385157153321074 ], [ 114.120821459736874, 22.3850704095616 ], [ 114.120802312175655, 22.385157153321096 ] ], [ [ 114.12066057935688, 22.385708561765274 ], [ 114.120660579356894, 22.385708561765266 ], [ 114.120671795698826, 22.385719046704175 ], [ 114.12066057935688, 22.385708561765274 ] ], [ [ 114.120774340599667, 22.385994263584291 ], [ 114.120780504175102, 22.38596239275569 ], [ 114.120772943776146, 22.386135915791282 ], [ 114.120772943776146, 22.386135915791282 ], [ 114.120774340599667, 22.385994263584291 ] ], [ [ 114.120820863543997, 22.386286398864783 ], [ 114.120781669336665, 22.38617321566765 ], [ 114.120820863543997, 22.386286398864794 ], [ 114.120820863543997, 22.386286398864783 ] ], [ [ 114.120888170726744, 22.386351694733037 ], [ 114.120888170726786, 22.386351694733051 ], [ 114.121577546401952, 22.386866734348693 ], [ 114.120888170726744, 22.386351694733037 ] ], [ [ 114.121857694853261, 22.387073321589217 ], [ 114.121863927609212, 22.387083345640931 ], [ 114.121857694853247, 22.387073321589199 ], [ 114.121857694853261, 22.387073321589217 ] ], [ [ 114.121920126613773, 22.387216738359903 ], [ 114.121920126613801, 22.3872167383599 ], [ 114.12191357747102, 22.387290131400679 ], [ 114.121920126613773, 22.387216738359903 ] ], [ [ 114.121905953668261, 22.387322675526875 ], [ 114.121871638964208, 22.387519189986676 ], [ 114.12186824797655, 22.387450033145655 ], [ 114.121876851441883, 22.387401099704412 ], [ 114.121905953668261, 22.387322675526875 ] ], [ [ 114.122014245194023, 22.387705122511626 ], [ 114.122014245194052, 22.387705122511626 ], [ 114.122070348329757, 22.387727197767425 ], [ 114.122014245194023, 22.387705122511626 ] ], [ [ 114.122345402757659, 22.388048029785949 ], [ 114.122144342712787, 22.387771197679601 ], [ 114.122111693362072, 22.387746443025144 ], [ 114.122144342712815, 22.387771197679594 ], [ 114.122345402757659, 22.388048029785949 ] ], [ [ 114.122880620584354, 22.388116681544307 ], [ 114.122880620584382, 22.388116681544297 ], [ 114.122918754559493, 22.388134081965529 ], [ 114.122880620584354, 22.388116681544307 ] ], [ [ 114.123422825528465, 22.388379342442459 ], [ 114.123422825528465, 22.388379342442459 ], [ 114.123398931241738, 22.388377721098518 ], [ 114.123422825528465, 22.388379342442459 ] ] ] } },
{ "type": "Feature", "properties": { "codigo": "L", "distrito_en": "Tuen Mun", "distrito_zh": "屯門區", "distrito_es": "Tuen Mun", "region": "Nuevos Territorios", "area_km2_oficial": 87.54, "area_km2_poligono_incluye_mar": 188.531, "centro_lat": 22.378875, "centro_lon": 113.918795, "n_circunscripciones": 31 }, "geometry": { "type": "Polygon", "coordinates": [ [ [ 113.960089524757507, 22.324567651861884 ], [ 113.865868616462095, 22.324345974421206 ], [ 113.869112016243704, 22.333333012256801 ], [ 113.869120819238816, 22.428809895301555 ], [ 113.874232169645197, 22.431640733270065 ], [ 113.937916546133494, 22.423472495927314 ], [ 113.939374143786438, 22.422388736642038 ], [ 113.938931974818559, 22.419641518476265 ], [ 113.939906267985407, 22.41951778840048 ], [ 113.94088606993688, 22.421542290586299 ], [ 113.942717692740828, 22.423161618028303 ], [ 113.9444466333522, 22.422970258186247 ], [ 113.943892103486931, 22.424291757515075 ], [ 113.945985944276543, 22.424950706128445 ], [ 113.946106845104254, 22.426837361292723 ], [ 113.948061535330538, 22.428863380396052 ], [ 113.948197169773309, 22.430698960069289 ], [ 113.950217370043333, 22.433350880418555 ], [ 113.970363161371992, 22.433395954580522 ], [ 113.970414124963341, 22.430548608804155 ], [ 113.980984053747108, 22.430349556935184 ], [ 113.981051914245739, 22.430875102012287 ], [ 113.984218621680768, 22.430836015170318 ], [ 113.984411353866321, 22.430192257582988 ], [ 113.987714178296258, 22.429603536436531 ], [ 113.988916428130977, 22.430360678841005 ], [ 113.989884153172056, 22.429900120842461 ], [ 113.992006846787007, 22.431990283361802 ], [ 113.992784719270588, 22.432008067662256 ], [ 113.99325143266789, 22.430318931971296 ], [ 113.99645725616017, 22.432719700748564 ], [ 113.994517623174232, 22.42775309364605 ], [ 113.993585112206333, 22.427279854727896 ], [ 113.993756978630088, 22.425704147218976 ], [ 113.995610429640791, 22.425055539548641 ], [ 113.997346664472602, 22.422366161236916 ], [ 114.00676908430718, 22.421913806031402 ], [ 114.006830381520572, 22.414597666384605 ], [ 114.012166273734067, 22.414690001517801 ], [ 114.012172725691855, 22.404574756352432 ], [ 114.051609510695712, 22.404583024381751 ], [ 114.051624708646258, 22.408616834916831 ], [ 114.059777458493258, 22.408602066386862 ], [ 114.05972595208496, 22.404873568214256 ], [ 114.057445476776124, 22.404873588771839 ], [ 114.057373800299573, 22.39783088328479 ], [ 114.065818566108717, 22.397704270888106 ], [ 114.066196215137822, 22.390643239467135 ], [ 114.064605560536606, 22.389748692662291 ], [ 114.064668148637409, 22.38487786164109 ], [ 114.0585267196942, 22.385279904771192 ], [ 114.055579507691107, 22.384912528816329 ], [ 114.054664157368222, 22.384045787409921 ], [ 114.053236814553259, 22.384108214759163 ], [ 114.05186009739505, 22.385000590207977 ], [ 114.051934289453939, 22.385507484627716 ], [ 114.049975929804845, 22.385365987897025 ], [ 114.048279356876009, 22.38631623789027 ], [ 114.045945117105063, 22.384426421765482 ], [ 114.047568124226146, 22.380630199756602 ], [ 114.046500001386534, 22.379683306648339 ], [ 114.045126294903682, 22.379513513361484 ], [ 114.043166562075243, 22.380661074632464 ], [ 114.04102590489552, 22.380457532341932 ], [ 114.040377668821634, 22.381108899256322 ], [ 114.03886368544903, 22.381191996318492 ], [ 114.03672954261306, 22.380173399518466 ], [ 114.035421184896322, 22.380626459637824 ], [ 114.036644538840349, 22.378672003948054 ], [ 114.036018344600123, 22.377854325556694 ], [ 114.033554753037137, 22.377589320862004 ], [ 114.033629584100581, 22.378323675828138 ], [ 114.03232078372271, 22.378638995380985 ], [ 114.030487089462568, 22.374766573024221 ], [ 114.033970449949933, 22.374741871688233 ], [ 114.034600777153685, 22.370663677511953 ], [ 114.037386190916962, 22.369375107429121 ], [ 114.040236178888335, 22.36981820902027 ], [ 114.040184806524152, 22.367957481070686 ], [ 114.035006273720271, 22.36603486249502 ], [ 114.034528594849704, 22.365152992019379 ], [ 114.034938896439286, 22.364104411679708 ], [ 114.034003265210842, 22.362666787222604 ], [ 114.031553525909004, 22.362047569717003 ], [ 114.028561707541044, 22.35912352721849 ], [ 114.029036656903941, 22.353573878145951 ], [ 113.994581131769948, 22.324635109905817 ], [ 113.960089524757535, 22.324567651861894 ], [ 113.960105207644929, 22.354980022288032 ], [ 113.960089524757507, 22.324567651861884 ] ], [ [ 113.960108997935833, 22.362332482948307 ], [ 113.960105207644929, 22.354980022288032 ], [ 113.960108997935848, 22.362332482948293 ], [ 113.960108997935833, 22.362332482948307 ] ], [ [ 113.973010094999523, 22.370892932077595 ], [ 113.972592970633229, 22.370982666040316 ], [ 113.972685626521709, 22.370943969868954 ], [ 113.973010094999523, 22.370892932077595 ] ], [ [ 113.973217748930296, 22.370888271831042 ], [ 113.974049693016894, 22.370944555869517 ], [ 113.974088082352893, 22.370919119903935 ], [ 113.97404969301688, 22.370944555869539 ], [ 113.973217748930296, 22.370888271831042 ] ], [ [ 113.97444010229276, 22.370843650138532 ], [ 113.974081114791062, 22.37083600352042 ], [ 113.97444010229276, 22.370843650138521 ], [ 113.974430015566426, 22.362459359275281 ], [ 113.97444010229276, 22.370843650138532 ] ], [ [ 113.92973794320794, 22.42412439869797 ], [ 113.929595171358784, 22.424040992051726 ], [ 113.929892163971587, 22.42419114226605 ], [ 113.92973794320794, 22.42412439869797 ] ], [ [ 113.929390864650529, 22.423876605590614 ], [ 113.929331563892973, 22.423807213675609 ], [ 113.929457555503859, 22.423937488886452 ], [ 113.929390864650529, 22.423876605590614 ] ], [ [ 113.929326813014626, 22.423801654340593 ], [ 113.930751580314976, 22.419174458095739 ], [ 113.930967289150203, 22.418514192936936 ], [ 113.930677112364037, 22.417074527198594 ], [ 113.930660133201698, 22.416671595975789 ], [ 113.930967289150203, 22.418514192936936 ], [ 113.929326813014626, 22.423801654340593 ] ], [ [ 113.930659557581905, 22.416657935950042 ], [ 113.930662187482852, 22.416608236445164 ], [ 113.930659557581905, 22.416657935950045 ], [ 113.930659557581905, 22.416657935950042 ] ], [ [ 113.930688805052256, 22.416105219086621 ], [ 113.930866021492506, 22.415581101077287 ], [ 113.930919693850086, 22.41532482981123 ], [ 113.93086602149252, 22.415581101077301 ], [ 113.930688805052256, 22.416105219086621 ] ], [ [ 113.931049165733953, 22.414904833818721 ], [ 113.931413965663097, 22.414188105658837 ], [ 113.931586108190288, 22.413907403423043 ], [ 113.931049165733953, 22.414904833818721 ] ], [ [ 113.931667783405999, 22.413600537724744 ], [ 113.931667783405999, 22.413600537724744 ], [ 113.931665116457808, 22.413614404503406 ], [ 113.931667783405999, 22.413600537724744 ] ], [ [ 113.931638756138042, 22.413084052421954 ], [ 113.931970240168425, 22.412784907266243 ], [ 113.93205863232852, 22.412640888400521 ], [ 113.931970240168425, 22.41278490726625 ], [ 113.931638756138042, 22.413084052421954 ] ], [ [ 113.931835652603624, 22.411762034032815 ], [ 113.931835652603624, 22.411762034032812 ], [ 113.931870679592208, 22.411794460980989 ], [ 113.931835652603624, 22.411762034032815 ] ], [ [ 113.931271762363522, 22.411824734407766 ], [ 113.930843330464583, 22.411462007717486 ], [ 113.930359466915178, 22.411412840321827 ], [ 113.930843330464597, 22.411462007717478 ], [ 113.931271762363522, 22.411824734407766 ] ], [ [ 113.930203532613973, 22.409305594799939 ], [ 113.931157767311973, 22.409505681477956 ], [ 113.931610476110791, 22.409521722488222 ], [ 113.931157767311973, 22.40950568147797 ], [ 113.930203532613973, 22.409305594799939 ] ], [ [ 113.932365082516938, 22.409534747884347 ], [ 113.933582696539446, 22.409383356557409 ], [ 113.932046878371494, 22.409529967859822 ], [ 113.932365082516938, 22.409534747884347 ] ], [ [ 113.934868455129703, 22.409127079242868 ], [ 113.935336055644655, 22.409087466708122 ], [ 113.934704004691696, 22.409141010757406 ], [ 113.934868455129703, 22.409127079242868 ] ], [ [ 113.935889663187552, 22.409128604792244 ], [ 113.935938533206595, 22.409132236064185 ], [ 113.935336055644655, 22.409087466708122 ], [ 113.935889663187552, 22.409128604792244 ] ], [ [ 113.936553202214057, 22.409198250986272 ], [ 113.937477512915521, 22.409398246899134 ], [ 113.938140723281208, 22.409598999022542 ], [ 113.938820719381951, 22.409707834269334 ], [ 113.939562389623291, 22.409736160554921 ], [ 113.940204369821416, 22.409709865916295 ], [ 113.941207170511291, 22.409721544375369 ], [ 113.94181077209501, 22.409767819218921 ], [ 113.936553202214057, 22.409198250986272 ] ], [ [ 113.94181077209501, 22.409767819218921 ], [ 113.94280326826555, 22.409976977530327 ], [ 113.943290233825181, 22.410159284044415 ], [ 113.943661861321075, 22.410373848369105 ], [ 113.94181077209501, 22.409767819218921 ] ], [ [ 113.943939452689435, 22.410504896161743 ], [ 113.943777035949608, 22.410440345742355 ], [ 113.94377703594958, 22.410440345742352 ], [ 113.943939452689435, 22.410504896161743 ] ], [ [ 113.944933849864412, 22.410849490214428 ], [ 113.945344670295796, 22.410922282746586 ], [ 113.944488213057397, 22.410712406984775 ], [ 113.944933849864412, 22.410849490214428 ] ], [ [ 113.946307215319351, 22.411041003866309 ], [ 113.946930807786771, 22.411078212554376 ], [ 113.945886441187142, 22.410995148498436 ], [ 113.946307215319351, 22.411041003866309 ] ], [ [ 113.947904982111382, 22.411245516965046 ], [ 113.949346546141967, 22.411498196072365 ], [ 113.949758866584276, 22.41147421545152 ], [ 113.947904982111382, 22.411245516965046 ] ], [ [ 113.949944529030233, 22.411456134179804 ], [ 113.951898376825511, 22.410869636873862 ], [ 113.953685291463131, 22.408826845338897 ], [ 113.951898376825525, 22.410869636873894 ], [ 113.950953365026265, 22.411319976426292 ], [ 113.950445990163658, 22.411400992004776 ], [ 113.949944529030233, 22.411456134179804 ] ], [ [ 113.9537211640517, 22.409007945675178 ], [ 113.954965535052978, 22.410167217152996 ], [ 113.956004097877837, 22.410918536623992 ], [ 113.956598874789435, 22.411391234888672 ], [ 113.9537211640517, 22.409007945675178 ] ], [ [ 113.95687315150326, 22.411609214176075 ], [ 113.958067960094453, 22.411485014720174 ], [ 113.958471517497046, 22.411214659014455 ], [ 113.95687315150326, 22.411609214176075 ] ], [ [ 113.958720055693334, 22.4110295877095 ], [ 113.959470564892655, 22.410515574439273 ], [ 113.959950171156052, 22.410330001908797 ], [ 113.960569742074867, 22.410230169737211 ], [ 113.963431659914605, 22.410503839737125 ], [ 113.964547214903789, 22.409655028887389 ], [ 113.963431659914619, 22.410503839737164 ], [ 113.960569742074867, 22.41023016973724 ], [ 113.958720055693334, 22.4110295877095 ] ], [ [ 113.964045115573896, 22.40879347783984 ], [ 113.964761980664306, 22.408310875505023 ], [ 113.965715089567965, 22.40767834807157 ], [ 113.966213074130039, 22.407581902308785 ], [ 113.964045115573896, 22.40879347783984 ] ], [ [ 113.96715000739124, 22.407352952268432 ], [ 113.967220118594142, 22.409172272855031 ], [ 113.967304953490242, 22.40982193481323 ], [ 113.967220118594099, 22.409172272855081 ], [ 113.967150007391254, 22.407352952268443 ], [ 113.966533183895578, 22.407510165790477 ], [ 113.96715000739124, 22.407352952268432 ] ], [ [ 113.967365229868733, 22.410030395900723 ], [ 113.967488209912418, 22.410243740075042 ], [ 113.967554620699843, 22.410352606779391 ], [ 113.967365229868733, 22.410030395900723 ] ], [ [ 113.975924246352278, 22.401406304733008 ], [ 113.975786890512353, 22.401121996917961 ], [ 113.976098746258941, 22.401979973924519 ], [ 113.975924246352278, 22.401406304733008 ] ], [ [ 113.974211783819243, 22.399171674513035 ], [ 113.974048948065061, 22.398933156809225 ], [ 113.974993574792549, 22.400120556185541 ], [ 113.974211783819243, 22.399171674513035 ] ], [ [ 113.974033262068005, 22.398907887551783 ], [ 113.973953726398136, 22.398746593973978 ], [ 113.974033262068005, 22.3989078875518 ], [ 113.974033262068005, 22.398907887551783 ] ], [ [ 113.973506250372751, 22.397094710395052 ], [ 113.973512882983343, 22.397120061868552 ], [ 113.973746101201911, 22.398011473457618 ], [ 113.973506250372751, 22.397094710395052 ] ], [ [ 113.973462604079742, 22.396936711682326 ], [ 113.972744731032719, 22.394222858378388 ], [ 113.973327000163749, 22.394082211129998 ], [ 113.973606720053354, 22.394027802121116 ], [ 113.97389504839569, 22.394010347083672 ], [ 113.974119166370215, 22.394033466233541 ], [ 113.974796147855926, 22.394234058400443 ], [ 113.972744731032734, 22.394222858378395 ], [ 113.973462604079742, 22.396936711682326 ] ], [ [ 113.974852296482894, 22.394073162386601 ], [ 113.975173440096668, 22.393112077879575 ], [ 113.975207092595227, 22.392927600206466 ], [ 113.974852296482894, 22.394073162386601 ] ], [ [ 113.975221580231079, 22.392773504230973 ], [ 113.97523051530807, 22.392341705268702 ], [ 113.975207092595227, 22.392927600206466 ], [ 113.975221580231079, 22.392773504230973 ] ], [ [ 113.975196040136453, 22.390597977164717 ], [ 113.975203632159264, 22.390513019410207 ], [ 113.975194107756451, 22.390820205702187 ], [ 113.975196040136453, 22.390597977164717 ] ], [ [ 113.970125285471426, 22.380554045979846 ], [ 113.970122103069841, 22.380531398752765 ], [ 113.970125684013581, 22.380557297463177 ], [ 113.970125285471426, 22.380554045979846 ] ], [ [ 113.970102576304598, 22.38042720188141 ], [ 113.970098548455439, 22.380410262776021 ], [ 113.970108064136539, 22.380452412973689 ], [ 113.970102576304598, 22.38042720188141 ] ], [ [ 113.970094320632029, 22.38039321254649 ], [ 113.970061464941395, 22.380288242443349 ], [ 113.970040927072773, 22.380245449194028 ], [ 113.970094320632029, 22.38039321254649 ] ], [ [ 113.969992015379205, 22.380158638471197 ], [ 113.969972929840878, 22.380129508653066 ], [ 113.97001387649172, 22.380195356132777 ], [ 113.969992015379205, 22.380158638471197 ] ], [ [ 113.969946971524237, 22.380091981060229 ], [ 113.969931002337844, 22.380070878081831 ], [ 113.969964043603099, 22.380116263196129 ], [ 113.969946971524237, 22.380091981060229 ] ], [ [ 113.969905751895155, 22.380039542509518 ], [ 113.969895821232896, 22.380028167818971 ], [ 113.969921592206745, 22.380059023460895 ], [ 113.969905751895155, 22.380039542509518 ] ], [ [ 113.969804304489799, 22.379936324139805 ], [ 113.969743379845738, 22.379888200581082 ], [ 113.969725402397842, 22.379875105190806 ], [ 113.969804304489799, 22.379936324139805 ] ], [ [ 113.969647322046242, 22.379819680717134 ], [ 113.96961426954644, 22.379797601882711 ], [ 113.969669369231781, 22.379835046765606 ], [ 113.969647322046242, 22.379819680717134 ] ], [ [ 113.968868104111863, 22.379356582124622 ], [ 113.968757566381584, 22.379291446951257 ], [ 113.968882682828948, 22.379365177722548 ], [ 113.968868104111863, 22.379356582124622 ] ], [ [ 113.968405309953056, 22.379071237388626 ], [ 113.96840530995307, 22.379071237388597 ], [ 113.968824518850639, 22.378315645295945 ], [ 113.968405309953056, 22.379071237388626 ] ], [ [ 113.96847251458928, 22.378163451875995 ], [ 113.968805407151024, 22.377291644863 ], [ 113.968807197697828, 22.377292351826874 ], [ 113.96847251458928, 22.378163451875995 ] ], [ [ 113.969161652361805, 22.376665088639918 ], [ 113.968807610012888, 22.377292514621754 ], [ 113.968807610012831, 22.37729251462174 ], [ 113.969161652361805, 22.376665088639918 ] ], [ [ 113.969167629978799, 22.376654476457901 ], [ 113.969167629978799, 22.376654476457901 ], [ 113.969161652361805, 22.376665088639918 ], [ 113.969167629978799, 22.376654476457901 ] ], [ [ 113.969166300651182, 22.376653851648253 ], [ 113.97050157776799, 22.374294059671847 ], [ 113.971200525007831, 22.373089423816353 ], [ 113.971322730562363, 22.37287810555917 ], [ 113.969166300651182, 22.376653851648253 ] ], [ [ 113.976436718184587, 22.41198785468087 ], [ 113.976807345576631, 22.413319231232393 ], [ 113.976974513918975, 22.413819579565676 ], [ 113.976807345576631, 22.413319231232443 ], [ 113.976436718184587, 22.41198785468087 ] ], [ [ 113.976440074831046, 22.411755873260073 ], [ 113.976547878214035, 22.410757909999592 ], [ 113.976518817553739, 22.411219682293208 ], [ 113.976440074831046, 22.411755873260073 ] ], [ [ 113.976545628558284, 22.410707977838371 ], [ 113.975330549610248, 22.410470926202954 ], [ 113.975527193894848, 22.410234573386511 ], [ 113.976545628558284, 22.410707977838371 ] ], [ [ 113.975321439135129, 22.410828123418337 ], [ 113.975321439135101, 22.410828123418298 ], [ 113.97537382906161, 22.410826752888816 ], [ 113.975321439135129, 22.410828123418337 ] ], [ [ 113.975332274597974, 22.41093674594865 ], [ 113.975135605234414, 22.411069952874712 ], [ 113.974821314664538, 22.411164813544147 ], [ 113.975206950326751, 22.410909335973475 ], [ 113.975332274597974, 22.41093674594865 ] ], [ [ 113.974602107312691, 22.411279605413807 ], [ 113.974602107312691, 22.411279605413807 ], [ 113.974821314664538, 22.411164813544147 ], [ 113.974602107312691, 22.411279605413807 ] ], [ [ 113.97461047988854, 22.411581178778203 ], [ 113.974045920471411, 22.411713156281476 ], [ 113.97461047988854, 22.411581178778192 ], [ 113.97461047988854, 22.411581178778203 ] ], [ [ 113.974022318731997, 22.411710200315845 ], [ 113.974022318731997, 22.411710200315827 ], [ 113.974036037187219, 22.41171246537667 ], [ 113.974022318731997, 22.411710200315845 ] ], [ [ 113.972521415095727, 22.410448164642048 ], [ 113.972975089631973, 22.411196088622567 ], [ 113.97255378217568, 22.411327654086044 ], [ 113.971943878514296, 22.410957121211585 ], [ 113.972975089631944, 22.411196088622564 ], [ 113.972521415095727, 22.410448164642048 ] ], [ [ 113.971943878514296, 22.410957121211585 ], [ 113.971407479121837, 22.410963980740522 ], [ 113.971407479121837, 22.410963980740494 ], [ 113.971943878514296, 22.410957121211585 ] ], [ [ 113.971552869053099, 22.410503115808641 ], [ 113.971350523287228, 22.410338667017186 ], [ 113.971407916545147, 22.410851425761358 ], [ 113.971552869053099, 22.410503115808641 ] ], [ [ 113.971229970682813, 22.410222869748214 ], [ 113.971229970682828, 22.410222869748193 ], [ 113.971279660444466, 22.410287500677303 ], [ 113.971229970682813, 22.410222869748214 ] ], [ [ 113.971196759700319, 22.41018000509715 ], [ 113.971196759700319, 22.41018000509715 ], [ 113.971215274147099, 22.410204392809661 ], [ 113.97121527414707, 22.410204392809661 ], [ 113.971196759700319, 22.41018000509715 ] ], [ [ 113.971044673627318, 22.410102546983964 ], [ 113.971044673627333, 22.410102546983939 ], [ 113.971101918743216, 22.410124812317186 ], [ 113.971044673627318, 22.410102546983964 ] ], [ [ 113.970617987942191, 22.410365177574551 ], [ 113.970447886256565, 22.410360737646084 ], [ 113.970769088797738, 22.410327026999443 ], [ 113.970617987942191, 22.410365177574551 ] ], [ [ 113.970364658600289, 22.410375311414402 ], [ 113.970364658600275, 22.410375311414388 ], [ 113.970430170352031, 22.41036030496668 ], [ 113.970364658600289, 22.410375311414402 ] ], [ [ 113.970266628521671, 22.410378382933668 ], [ 113.970266628521671, 22.410378382933668 ], [ 113.970314036123682, 22.410376890279746 ], [ 113.970266628521671, 22.410378382933668 ] ], [ [ 113.969687926071487, 22.410410217328433 ], [ 113.969222980243316, 22.410542591912883 ], [ 113.968438347937322, 22.410692219045416 ], [ 113.969687926071487, 22.410410217328433 ] ], [ [ 113.967709609245333, 22.41061945640023 ], [ 113.96786015646552, 22.41084274154397 ], [ 113.967860156465534, 22.410842741543988 ], [ 113.967709609245333, 22.41061945640023 ] ], [ [ 113.97487771977373, 22.430451241162899 ], [ 113.971773783328359, 22.425074298777712 ], [ 113.971868641288651, 22.424985675553046 ], [ 113.971773788915442, 22.425074295985951 ], [ 113.974876402413813, 22.430448531042796 ], [ 113.97487771977373, 22.430451241162899 ] ], [ [ 113.972464146515179, 22.415270956312312 ], [ 113.972503295446884, 22.415228156672672 ], [ 113.972522701791618, 22.415206941886424 ], [ 113.972464146515179, 22.415270956312312 ] ], [ [ 113.976102230714446, 22.389902061852037 ], [ 113.977906891478682, 22.390258609456247 ], [ 113.978014187966735, 22.390284312357899 ], [ 113.976102230714446, 22.389902061852037 ] ], [ [ 113.980082995916305, 22.38989740625567 ], [ 113.980563701317053, 22.390007566112832 ], [ 113.980082995916348, 22.389897406255685 ], [ 113.979895844283959, 22.390597446813153 ], [ 113.979868545671081, 22.390673534204883 ], [ 113.980082995916305, 22.38989740625567 ] ], [ [ 113.980542797177719, 22.390088282242289 ], [ 113.980555862267678, 22.390037834661801 ], [ 113.980542797177719, 22.390088282242289 ], [ 113.980542797177719, 22.390088282242289 ] ], [ [ 113.980830967520433, 22.390114856222343 ], [ 113.980830967520461, 22.390114856222386 ], [ 113.980627553149091, 22.390096098172016 ], [ 113.980830967520433, 22.390114856222343 ] ], [ [ 113.980946359304042, 22.389721032400701 ], [ 113.981375025717057, 22.389802581474967 ], [ 113.980909446566685, 22.389972809103259 ], [ 113.980946359304042, 22.389721032400701 ] ], [ [ 113.981470827036873, 22.389688317184547 ], [ 113.982199330362818, 22.387544928905555 ], [ 113.981947363526189, 22.388372094718765 ], [ 113.981470827036873, 22.389688317184547 ] ], [ [ 113.982211644147725, 22.387517894695332 ], [ 113.982211644147739, 22.38751789469536 ], [ 113.982205527948963, 22.387531381713192 ], [ 113.982211644147725, 22.387517894695332 ] ], [ [ 113.982254432123341, 22.38739715445984 ], [ 113.982254432123369, 22.387397154459848 ], [ 113.982241700117129, 22.387436537498356 ], [ 113.982254432123341, 22.38739715445984 ] ], [ [ 113.982280878667822, 22.387275238655249 ], [ 113.982280878667822, 22.387275238655242 ], [ 113.982276146329255, 22.387305512166318 ], [ 113.982280878667822, 22.387275238655249 ] ], [ [ 113.982287502201658, 22.387218742901243 ], [ 113.982287502201643, 22.387218742901265 ], [ 113.982286829780335, 22.387225126663093 ], [ 113.982287502201658, 22.387218742901243 ] ], [ [ 113.982325371795369, 22.387045475446723 ], [ 113.982418966005554, 22.385898539440859 ], [ 113.982291130090942, 22.387165675126614 ], [ 113.982325371795369, 22.387045475446723 ] ], [ [ 113.982114099782706, 22.384413919199336 ], [ 113.982241371655874, 22.384171540623083 ], [ 113.98213750110871, 22.384560786162854 ], [ 113.982114099782706, 22.384413919199336 ] ], [ [ 113.982241371655874, 22.384171540623083 ], [ 113.982589421429779, 22.384004136378628 ], [ 113.982663131892508, 22.383718130070676 ], [ 113.982241371655874, 22.384171540623083 ] ], [ [ 113.982676587150664, 22.383419634495755 ], [ 113.982676587150664, 22.383419634495755 ], [ 113.982663131892508, 22.383718130070676 ], [ 113.982676587150664, 22.383419634495755 ] ], [ [ 113.98111396112364, 22.382500154912631 ], [ 113.982322001119414, 22.383400416111542 ], [ 113.982566614461362, 22.383289566831888 ], [ 113.982322001119414, 22.383400416111574 ], [ 113.98111396112364, 22.382500154912631 ] ], [ [ 113.979054097989291, 22.383611722658895 ], [ 113.979054097989277, 22.383611722658916 ], [ 113.979016061205797, 22.383609883693161 ], [ 113.979054097989291, 22.383611722658895 ] ], [ [ 113.979906255065387, 22.383814245324793 ], [ 113.979758721133962, 22.38374307305493 ], [ 113.979731751129478, 22.383732900522233 ], [ 113.979758721133962, 22.38374307305493 ], [ 113.979885930321572, 22.383802919470387 ], [ 113.979906255065387, 22.383814245324793 ] ], [ [ 113.980395090106782, 22.383370355218673 ], [ 113.98033233898208, 22.383460729747704 ], [ 113.980556095702013, 22.383154598291117 ], [ 113.980395090106782, 22.383370355218673 ] ], [ [ 113.993111401002949, 22.375801099964715 ], [ 113.993064459235327, 22.375781897403442 ], [ 113.993137898931906, 22.375724117195467 ], [ 113.993111401002949, 22.375801099964715 ] ], [ [ 114.021503185668749, 22.366982845047069 ], [ 114.021503185668749, 22.366982845047069 ], [ 114.02150171725512, 22.366987631010996 ], [ 114.021503185668749, 22.366982845047069 ] ], [ [ 113.970221639053634, 22.380560842580085 ], [ 113.970358061380267, 22.380564511531976 ], [ 113.970177888074318, 22.380559669476042 ], [ 113.970221639053634, 22.380560842580085 ] ], [ [ 113.970695864729549, 22.380553636105635 ], [ 113.970738249846576, 22.380554787682691 ], [ 113.97066455606884, 22.38055441977782 ], [ 113.970695864729549, 22.380553636105635 ] ], [ [ 113.971206271226876, 22.380631785211225 ], [ 113.971214143373089, 22.380634914316097 ], [ 113.97118810698079, 22.380626668317916 ], [ 113.971206271226876, 22.380631785211225 ] ], [ [ 113.971310730673864, 22.380673160158292 ], [ 113.971311164599456, 22.380673345501719 ], [ 113.97129550180891, 22.380666607222643 ], [ 113.971310730673864, 22.380673160158292 ] ], [ [ 113.976500289083518, 22.382892733938714 ], [ 113.977126227345863, 22.383163039395711 ], [ 113.975642364628371, 22.382530967375327 ], [ 113.976500289083518, 22.382892733938714 ] ], [ [ 113.978014536256296, 22.383528415492837 ], [ 113.978007384719589, 22.383525874648406 ], [ 113.978014536256296, 22.383528415492837 ], [ 113.978014536256296, 22.383528415492837 ] ], [ [ 113.977168656409162, 22.405619265064335 ], [ 113.976668640443677, 22.403929761133593 ], [ 113.977389659780386, 22.405569310791066 ], [ 113.977168656409162, 22.405619265064335 ] ], [ [ 113.985475426337118, 22.407170134283188 ], [ 113.985448134816295, 22.407232744016511 ], [ 113.98548248375576, 22.407144110283951 ], [ 113.985475426337118, 22.407170134283188 ] ], [ [ 113.985547392282626, 22.406708979663858 ], [ 113.985538174551152, 22.406782126323716 ], [ 113.985602882109404, 22.406350238014422 ], [ 113.985547392282626, 22.406708979663858 ] ], [ [ 113.986339298279916, 22.40461358335223 ], [ 113.986331780236952, 22.40461489430961 ], [ 113.986409903133634, 22.404641101084749 ], [ 113.986339298279916, 22.40461358335223 ] ], [ [ 113.986617338152158, 22.405405900422043 ], [ 113.986655036124532, 22.405501324522557 ], [ 113.98662962680973, 22.405460702698115 ], [ 113.986617338152158, 22.405405900422043 ] ], [ [ 113.986946609148575, 22.40615717951226 ], [ 113.986851904634591, 22.405716679690325 ], [ 113.986835778215607, 22.405678607295211 ], [ 113.986851904634605, 22.405716679690318 ], [ 113.986946609148575, 22.40615717951226 ] ], [ [ 113.986946609148575, 22.40615717951226 ], [ 113.986928274912017, 22.406270129051322 ], [ 113.986935354149438, 22.406289632361002 ], [ 113.986946609148575, 22.40615717951226 ] ], [ [ 113.987002976393882, 22.406437251406174 ], [ 113.987082783003416, 22.406605846328269 ], [ 113.987082783003402, 22.406605846328279 ], [ 113.987002976393882, 22.406437251406174 ] ], [ [ 113.987177503115177, 22.406499072947483 ], [ 113.987177532588404, 22.406499625023503 ], [ 113.987173572663167, 22.406491580643678 ], [ 113.987177503115177, 22.406499072947483 ] ], [ [ 113.987116709986267, 22.406331730367029 ], [ 113.987117253796796, 22.406338928283283 ], [ 113.987116418723033, 22.406324505655775 ], [ 113.987116709986267, 22.406331730367029 ] ], [ [ 113.987116389682157, 22.406317281252296 ], [ 113.987116389682157, 22.406317281252296 ], [ 113.987116418723033, 22.406324505655775 ], [ 113.987116389682157, 22.406317281252296 ] ], [ [ 113.987117875819976, 22.406295664070981 ], [ 113.987117789542125, 22.406296482614813 ], [ 113.987118549187102, 22.406290890757148 ], [ 113.987117875819976, 22.406295664070981 ] ], [ [ 113.98712547974705, 22.406260282615264 ], [ 113.987125189810186, 22.406261279495986 ], [ 113.987125820585803, 22.406259246769775 ], [ 113.98712547974705, 22.406260282615264 ] ], [ [ 113.98718099556298, 22.406165545969785 ], [ 113.987180277138648, 22.406166547508189 ], [ 113.987181552575777, 22.406164806125432 ], [ 113.98718099556298, 22.406165545969785 ] ], [ [ 113.987194751990273, 22.406148052043154 ], [ 113.987192632242497, 22.40615063400142 ], [ 113.987195216988482, 22.406147511897203 ], [ 113.987194751990273, 22.406148052043154 ] ], [ [ 113.987296684758931, 22.406064910734536 ], [ 113.987294967657263, 22.406065888526328 ], [ 113.987297357974512, 22.406064559717027 ], [ 113.987296684758931, 22.406064910734536 ] ], [ [ 113.987424893535049, 22.406013650591035 ], [ 113.987424371265291, 22.40601380120037 ], [ 113.987425827265781, 22.406013393358108 ], [ 113.987424893535049, 22.406013650591035 ] ], [ [ 113.987454845854998, 22.406005955608745 ], [ 113.98746509712123, 22.406003671300738 ], [ 113.987443566591722, 22.406008692169912 ], [ 113.987454845854998, 22.406005955608745 ] ], [ [ 113.987485175052356, 22.405999651753486 ], [ 113.987485175052342, 22.405999651753518 ], [ 113.98747647368009, 22.406001316066561 ], [ 113.987485175052356, 22.405999651753486 ] ], [ [ 113.987627845242542, 22.405983907134271 ], [ 113.987627845242542, 22.405983907134274 ], [ 113.987616299562177, 22.405983053190326 ], [ 113.987627845242542, 22.405983907134271 ] ], [ [ 113.987703392024571, 22.405999988491256 ], [ 113.987702358160391, 22.405999650989596 ], [ 113.987703751848827, 22.406000115109251 ], [ 113.987703392024571, 22.405999988491256 ] ], [ [ 113.987717845946349, 22.406005270161415 ], [ 113.987714575548907, 22.406004030456646 ], [ 113.987723675699698, 22.406007634132131 ], [ 113.987717845946349, 22.406005270161415 ] ], [ [ 113.987782704131462, 22.40603977014986 ], [ 113.987780177280641, 22.406038095300115 ], [ 113.98781326726224, 22.406067022956453 ], [ 113.987782704131462, 22.40603977014986 ] ], [ [ 113.988366545758126, 22.406746390229138 ], [ 113.988366545758126, 22.406746390229145 ], [ 113.988365615472262, 22.406745709122049 ], [ 113.988366545758126, 22.406746390229138 ] ], [ [ 113.988396447013102, 22.406769443736433 ], [ 113.988396447013102, 22.406769443736451 ], [ 113.98838737196499, 22.406762249228276 ], [ 113.988396447013102, 22.406769443736433 ] ], [ [ 113.988425268678498, 22.406793660909454 ], [ 113.988425268678483, 22.406793660909447 ], [ 113.98841387033174, 22.406783840541927 ], [ 113.988425268678498, 22.406793660909454 ] ], [ [ 113.988439450131082, 22.409198398738177 ], [ 113.988452992523264, 22.406818156742204 ], [ 113.988438783418502, 22.409315588407239 ], [ 113.988439450131082, 22.409198398738177 ] ], [ [ 113.988438202731771, 22.409417656827269 ], [ 113.988453338706009, 22.409474036215297 ], [ 113.988438202731757, 22.409417656827291 ], [ 113.988438202731771, 22.409417656827269 ] ], [ [ 113.988470967816596, 22.410004051716321 ], [ 113.988471088527064, 22.409914505833225 ], [ 113.988484261498584, 22.410088938628572 ], [ 113.988470967816596, 22.410004051716321 ] ], [ [ 113.989744730992797, 22.411021918264424 ], [ 113.989591731356043, 22.411820656583476 ], [ 113.989684602715926, 22.410796782554034 ], [ 113.989744730992797, 22.411021918264424 ] ], [ [ 113.989713340667393, 22.412391659321983 ], [ 113.989894218115481, 22.412854425058224 ], [ 113.989894218115467, 22.412854425058224 ], [ 113.989713340667393, 22.412391659321983 ] ], [ [ 113.990964944177762, 22.412649440567389 ], [ 113.99128503804242, 22.414122386830606 ], [ 113.991065308185156, 22.413777243135566 ], [ 113.990964944177762, 22.412649440567389 ] ], [ [ 113.99306219863584, 22.416955175705954 ], [ 113.992882839678956, 22.416648262844362 ], [ 113.993189094095797, 22.417102044217188 ], [ 113.99306219863584, 22.416955175705954 ] ], [ [ 113.995203527275024, 22.416313255951692 ], [ 113.995172010154306, 22.416388133370617 ], [ 113.995239030748237, 22.416251309234337 ], [ 113.995203527275024, 22.416313255951692 ] ], [ [ 113.995704299726583, 22.41530375270354 ], [ 113.995667948016006, 22.415380532404626 ], [ 113.995766199758577, 22.415165033011036 ], [ 113.995704299726583, 22.41530375270354 ] ], [ [ 113.99707023897443, 22.413356090075567 ], [ 113.996699117681914, 22.413099148621498 ], [ 113.996699117681914, 22.413099148621498 ], [ 113.99707023897443, 22.413356090075567 ] ], [ [ 113.998491054474499, 22.41392606838593 ], [ 113.997931165927497, 22.41385971683216 ], [ 113.997562316566373, 22.413568434825461 ], [ 113.997931165927511, 22.413859716832157 ], [ 113.998491054474499, 22.41392606838593 ] ], [ [ 114.002276382877412, 22.41441393606064 ], [ 114.001780344530715, 22.414057653614705 ], [ 114.002896633968632, 22.414741886723025 ], [ 114.002276382877412, 22.41441393606064 ] ], [ [ 114.005202566342149, 22.414790272157791 ], [ 114.00452421413263, 22.414784437529228 ], [ 114.005434536654732, 22.414793742238064 ], [ 114.005202566342149, 22.414790272157791 ] ], [ [ 113.978041230906896, 22.405422031599482 ], [ 113.978352522349979, 22.407059076346602 ], [ 113.978041230906882, 22.405422031599489 ], [ 113.978041230906896, 22.405422031599482 ] ], [ [ 113.97865203776152, 22.40695782614943 ], [ 113.978666210738297, 22.407010850267476 ], [ 113.978666210738297, 22.407010850267476 ], [ 113.97865203776152, 22.40695782614943 ] ], [ [ 113.979321874511655, 22.404563061760577 ], [ 113.979003558984232, 22.404978597473303 ], [ 113.978982229294999, 22.405009231674665 ], [ 113.979272891506341, 22.404639625364496 ], [ 113.979321874511655, 22.404563061760577 ] ], [ [ 113.979432318591023, 22.404366269402985 ], [ 113.979432318591009, 22.404366269402981 ], [ 113.979470656211447, 22.404261713801841 ], [ 113.979432318591023, 22.404366269402985 ] ], [ [ 113.979498228904006, 22.403778001505998 ], [ 113.979509331357903, 22.404071834934111 ], [ 113.979491250785813, 22.404173896584339 ], [ 113.979498228904006, 22.403778001505998 ] ], [ [ 113.979130717538155, 22.402787457395526 ], [ 113.979285765166395, 22.403149293631696 ], [ 113.978911466115036, 22.40235015649067 ], [ 113.979130717538155, 22.402787457395526 ] ], [ [ 113.979457228960072, 22.40206942883178 ], [ 113.978880144594413, 22.402287684907453 ], [ 113.979457228960072, 22.40206942883178 ], [ 113.979457228960072, 22.40206942883178 ] ], [ [ 113.979561879393515, 22.40198853524106 ], [ 113.979561879393515, 22.401988535241056 ], [ 113.97982365796635, 22.401677726071409 ], [ 113.979561879393515, 22.40198853524106 ] ], [ [ 113.980637058612444, 22.4002154655794 ], [ 113.980637058612444, 22.4002154655794 ], [ 113.980680832944671, 22.400181130677673 ], [ 113.980637058612444, 22.4002154655794 ] ], [ [ 113.981298521913786, 22.400519988564724 ], [ 113.981293959081128, 22.400484132096334 ], [ 113.981288005742144, 22.400463418037489 ], [ 113.981298521913786, 22.400519988564724 ] ], [ [ 113.981240402594437, 22.400826596922407 ], [ 113.981297038550778, 22.400566800706301 ], [ 113.981294324807635, 22.400590646884769 ], [ 113.981286100821663, 22.400644973251413 ], [ 113.981268226533672, 22.400724925436901 ], [ 113.981261791376511, 22.40075011265224 ], [ 113.981243830790063, 22.400815372161844 ], [ 113.981240402594437, 22.400826596922407 ] ], [ [ 113.98121048978355, 22.40093419984229 ], [ 113.981210489783592, 22.400934199842318 ], [ 113.981182573714065, 22.4010294294354 ], [ 113.98121048978355, 22.40093419984229 ] ], [ [ 113.981134396954332, 22.401015405109927 ], [ 113.981178297587022, 22.401044016499629 ], [ 113.981178297587007, 22.401044016499654 ], [ 113.981134396954332, 22.401015405109927 ] ], [ [ 113.981022698049088, 22.401002775628424 ], [ 113.980954071790805, 22.401012960935834 ], [ 113.98111785075713, 22.401010702194775 ], [ 113.981022698049088, 22.401002775628424 ] ], [ [ 113.980905063775026, 22.401026659477168 ], [ 113.980777687906524, 22.401111151322937 ], [ 113.980775074294883, 22.401132776117493 ], [ 113.980768569300835, 22.40115920943078 ], [ 113.980762462403007, 22.401177873784878 ], [ 113.980905063775026, 22.401026659477168 ] ], [ [ 113.980751713092005, 22.401205452060697 ], [ 113.980751713092019, 22.401205452060751 ], [ 113.980743927419269, 22.40122406343681 ], [ 113.980751713092005, 22.401205452060697 ] ], [ [ 113.980730324095845, 22.401249883097609 ], [ 113.980722254383593, 22.401262506751497 ], [ 113.980743927419269, 22.40122406343681 ], [ 113.980730324095845, 22.401249883097609 ] ], [ [ 113.980699918039022, 22.401276883425915 ], [ 113.980719958493324, 22.401266098269907 ], [ 113.980676211128028, 22.401287514669445 ], [ 113.980699918039022, 22.401276883425915 ] ], [ [ 113.98064559276483, 22.401310465025105 ], [ 113.980645592764844, 22.401310465025105 ], [ 113.980639157766106, 22.401320202543403 ], [ 113.98064559276483, 22.401310465025105 ] ], [ [ 113.980630668254264, 22.401357315026395 ], [ 113.980630668254278, 22.401357315026377 ], [ 113.980631273542713, 22.401350799238617 ], [ 113.980630668254264, 22.401357315026395 ] ], [ [ 113.980633460064823, 22.401402488799231 ], [ 113.980633460064837, 22.401402488799224 ], [ 113.980672573558863, 22.40150363100495 ], [ 113.980633460064823, 22.401402488799231 ] ], [ [ 113.980748950946023, 22.40169991180748 ], [ 113.980748950946023, 22.401699911807473 ], [ 113.980768312157508, 22.401746973883057 ], [ 113.980748950946023, 22.40169991180748 ] ], [ [ 113.98096413133571, 22.402219902954862 ], [ 113.980964131335725, 22.402219902954869 ], [ 113.9810245947574, 22.402357774790111 ], [ 113.98096413133571, 22.402219902954862 ] ], [ [ 113.981080827782449, 22.402489621702387 ], [ 113.981080827782449, 22.402489621702394 ], [ 113.98109829054826, 22.402529028141355 ], [ 113.981080827782449, 22.402489621702387 ] ], [ [ 113.98121084093404, 22.402792958828154 ], [ 113.981210840934054, 22.402792958828165 ], [ 113.981224003492187, 22.402825376057553 ], [ 113.98121084093404, 22.402792958828154 ] ], [ [ 113.981291078443704, 22.402980844384153 ], [ 113.981306524874086, 22.403018985106598 ], [ 113.981224003492187, 22.402825376057553 ], [ 113.981291078443704, 22.402980844384153 ] ], [ [ 113.981385572263221, 22.403231761704539 ], [ 113.981399732829189, 22.403321451320931 ], [ 113.981347420698498, 22.40311341404108 ], [ 113.981385572263221, 22.403231761704539 ] ], [ [ 113.981404417734453, 22.403429840599607 ], [ 113.981404417734453, 22.403429840599607 ], [ 113.981404409755555, 22.403429416689999 ], [ 113.981404417734453, 22.403429840599607 ] ], [ [ 113.981404404328245, 22.403430171441705 ], [ 113.981361577206997, 22.40370904683158 ], [ 113.981353943552207, 22.403730024395966 ], [ 113.981351113288227, 22.403739927390866 ], [ 113.981348607212382, 22.403747184852286 ], [ 113.981336171005921, 22.403771687519022 ], [ 113.981330035684721, 22.403783771888548 ], [ 113.981404404328245, 22.403430171441705 ] ], [ [ 113.981302259260204, 22.403832900131885 ], [ 113.981336783590578, 22.403850406964736 ], [ 113.981330035684721, 22.403783771888548 ], [ 113.981302259260204, 22.403832900131885 ] ], [ [ 113.981579875266888, 22.403968530061611 ], [ 113.981579875266917, 22.403968530061611 ], [ 113.981645056465098, 22.403996909528907 ], [ 113.981579875266888, 22.403968530061611 ] ], [ [ 113.981801533147348, 22.404061883634654 ], [ 113.981801533147348, 22.404061883634654 ], [ 113.981891272190865, 22.404095233005975 ], [ 113.981801533147348, 22.404061883634654 ] ], [ [ 113.982062472708662, 22.404157288999549 ], [ 113.982062472708705, 22.404157288999549 ], [ 113.982068668296151, 22.404159507751988 ], [ 113.982062472708662, 22.404157288999549 ] ], [ [ 113.982264919056021, 22.404216629604321 ], [ 113.982216930669964, 22.404205074587754 ], [ 113.982215181615217, 22.404204709326152 ], [ 113.982264919056021, 22.404216629604321 ] ], [ [ 113.982463439068539, 22.404279502230143 ], [ 113.982463439068539, 22.404279502230143 ], [ 113.982478419003513, 22.404284505055234 ], [ 113.982463439068539, 22.404279502230143 ] ], [ [ 113.982579391229862, 22.404319384668533 ], [ 113.982579391229862, 22.404319384668533 ], [ 113.982603698803786, 22.4043339193984 ], [ 113.982579391229862, 22.404319384668533 ] ], [ [ 113.982732716732926, 22.404466079056913 ], [ 113.982719991425697, 22.404443632109167 ], [ 113.98270877499219, 22.404427695156105 ], [ 113.982732716732926, 22.404466079056913 ] ], [ [ 113.982774104625079, 22.4045773117954 ], [ 113.982774104625065, 22.404577311795403 ], [ 113.98275829316519, 22.404525987140175 ], [ 113.982774104625079, 22.4045773117954 ] ], [ [ 113.982792049702084, 22.404683965031715 ], [ 113.982792049702084, 22.404683965031715 ], [ 113.982791536675578, 22.404678542526572 ], [ 113.982792049702084, 22.404683965031715 ] ], [ [ 113.982791183203744, 22.404748468580994 ], [ 113.982791753904252, 22.40471514686168 ], [ 113.982785518860169, 22.404792124064716 ], [ 113.982791183203744, 22.404748468580994 ] ], [ [ 113.982783984620667, 22.404930326803257 ], [ 113.982779406953256, 22.404871340969056 ], [ 113.982780701247947, 22.404904430134476 ], [ 113.982783984620667, 22.404930326803257 ] ], [ [ 113.982791469639949, 22.404954878189056 ], [ 113.982790970752177, 22.404953544834854 ], [ 113.98280304700944, 22.40497526480701 ], [ 113.98280304700944, 22.40497526480701 ], [ 113.982791469639949, 22.404954878189056 ] ], [ [ 113.982823190041813, 22.404995797161401 ], [ 113.982823190041813, 22.404995797161401 ], [ 113.982832630952061, 22.405002842134671 ], [ 113.982823190041813, 22.404995797161401 ] ], [ [ 113.982933789750533, 22.405058059436616 ], [ 113.982933789750533, 22.405058059436595 ], [ 113.982949638202072, 22.405068312141452 ], [ 113.982933789750533, 22.405058059436616 ] ], [ [ 113.983002247951745, 22.405100611796971 ], [ 113.983002247951745, 22.405100611796957 ], [ 113.982959118174819, 22.405073951742189 ], [ 113.983002247951745, 22.405100611796971 ] ], [ [ 113.983153316383081, 22.405261580233208 ], [ 113.983200732754568, 22.405351333956677 ], [ 113.983106477039101, 22.405197760018581 ], [ 113.983153316383081, 22.405261580233208 ] ], [ [ 113.983274679883266, 22.405567361559665 ], [ 113.983274679883266, 22.405567361559683 ], [ 113.983277694487469, 22.405590255347143 ], [ 113.983274679883266, 22.405567361559665 ] ], [ [ 113.983284587003965, 22.405741977386448 ], [ 113.983284587003936, 22.405741977386413 ], [ 113.983284321263582, 22.40565794531684 ], [ 113.983284587003965, 22.405741977386448 ] ], [ [ 113.983291681392615, 22.405899892519329 ], [ 113.983291681392615, 22.405899892519329 ], [ 113.983343398413268, 22.406177886059318 ], [ 113.983291681392615, 22.405899892519329 ] ], [ [ 113.983401494847456, 22.406467750952579 ], [ 113.983038020540704, 22.407178048891502 ], [ 113.982905918373191, 22.407254577116536 ], [ 113.982751813585509, 22.407264587545249 ], [ 113.983401494847456, 22.406467750952579 ] ], [ [ 113.982617700796467, 22.40754377467486 ], [ 113.982625290168073, 22.407254167947638 ], [ 113.982625290168087, 22.407254167947642 ], [ 113.982617700796467, 22.40754377467486 ] ], [ [ 113.982599865778511, 22.408224243430087 ], [ 113.982599865778496, 22.408224243430098 ], [ 113.982617700796467, 22.40754377467486 ], [ 113.982599865778511, 22.408224243430087 ] ], [ [ 113.984059640491409, 22.408006270928041 ], [ 113.984059640491466, 22.408006270928031 ], [ 113.984077198119337, 22.408006624859432 ], [ 113.984059640491409, 22.408006270928041 ] ], [ [ 113.97477530221046, 22.396825345968384 ], [ 113.974775301597617, 22.39682534610716 ], [ 113.97475082025025, 22.396731134144712 ], [ 113.97477530221046, 22.396825345968384 ] ], [ [ 113.977045290707736, 22.413976685479781 ], [ 113.977257918532359, 22.414384360905181 ], [ 113.977296956828397, 22.414476962183933 ], [ 113.977257918532345, 22.41438436090521 ], [ 113.977045290707736, 22.413976685479781 ] ], [ [ 113.977660939481765, 22.415467319938394 ], [ 113.97766093948178, 22.415467319938362 ], [ 113.977741201341843, 22.415510286381533 ], [ 113.977660939481765, 22.415467319938394 ] ], [ [ 113.977741201341843, 22.415510286381533 ], [ 113.97791565320648, 22.415534738943876 ], [ 113.978050930512524, 22.415486529965289 ], [ 113.977741201341843, 22.415510286381533 ] ], [ [ 113.980507620155635, 22.415080008944162 ], [ 113.979395508230809, 22.415035987024016 ], [ 113.978755988882384, 22.415248917377326 ], [ 113.979395508230837, 22.415035987023995 ], [ 113.980507620155635, 22.415080008944162 ] ], [ [ 113.972884892872912, 22.423062574501362 ], [ 113.972884892872912, 22.423062574501341 ], [ 113.97288439729283, 22.423063454315901 ], [ 113.972884892872912, 22.423062574501362 ] ], [ [ 113.972902311927584, 22.423026962384121 ], [ 113.972907180009216, 22.42301281096092 ], [ 113.972898619275753, 22.423034911228171 ], [ 113.972902311927584, 22.423026962384121 ] ], [ [ 113.972921096846989, 22.422953956946305 ], [ 113.972921573796043, 22.422946615802459 ], [ 113.972920272182151, 22.422959958566377 ], [ 113.972921096846989, 22.422953956946305 ] ], [ [ 113.972950882387835, 22.422770803077263 ], [ 113.972951012444142, 22.422769360105249 ], [ 113.972950502092161, 22.422773401695043 ], [ 113.972950882387835, 22.422770803077263 ] ], [ [ 113.97296365242866, 22.422573043568956 ], [ 113.972966461766177, 22.422561615400344 ], [ 113.972962343108492, 22.422592922015816 ], [ 113.97296365242866, 22.422573043568956 ] ], [ [ 113.973024769393618, 22.422418420244821 ], [ 113.973026757950919, 22.422417889736778 ], [ 113.973023013672105, 22.422419524346214 ], [ 113.973024769393618, 22.422418420244821 ] ], [ [ 113.973099455560444, 22.422423445067182 ], [ 113.973115292675331, 22.422429228715714 ], [ 113.973099205401411, 22.422423377916981 ], [ 113.973099455560444, 22.422423445067182 ] ], [ [ 113.973207303839246, 22.422467279328639 ], [ 113.973210975192615, 22.422467254968399 ], [ 113.973201356823992, 22.422465439474763 ], [ 113.973207303839246, 22.422467279328639 ] ], [ [ 113.973225801136664, 22.422484049796616 ], [ 113.973218318548092, 22.422467220967977 ], [ 113.973218318548106, 22.422467220967977 ], [ 113.973225801136664, 22.422484049796616 ] ], [ [ 113.973237634770413, 22.422522628990556 ], [ 113.973238859822217, 22.422527145408729 ], [ 113.973234444297418, 22.422508364427454 ], [ 113.973237634770413, 22.422522628990556 ] ], [ [ 113.973246199479874, 22.422544141257514 ], [ 113.973252664044495, 22.422550722266056 ], [ 113.973242608666894, 22.42253744756086 ], [ 113.973246199479874, 22.422544141257514 ] ], [ [ 113.973395094591865, 22.422655186484864 ], [ 113.973402327909852, 22.422663023177229 ], [ 113.973378212977011, 22.422640348452468 ], [ 113.973395094591865, 22.422655186484864 ] ], [ [ 113.973437959965935, 22.422700817079917 ], [ 113.97345335940507, 22.4227112756537 ], [ 113.973430559728229, 22.422691784591013 ], [ 113.973437959965935, 22.422700817079917 ] ], [ [ 113.973489801301028, 22.422725725075573 ], [ 113.97349451291268, 22.422724954387288 ], [ 113.973486588941483, 22.4227251749335 ], [ 113.973489801301028, 22.422725725075573 ] ], [ [ 113.973523739432352, 22.422698631322497 ], [ 113.973517591695597, 22.422717794647568 ], [ 113.97352511777737, 22.422696216616952 ], [ 113.973523739432352, 22.422698631322497 ] ], [ [ 113.973680741091101, 22.422572258204053 ], [ 113.973682730226102, 22.422568393776587 ], [ 113.973659682290219, 22.422592866273188 ], [ 113.973680741091101, 22.422572258204053 ] ], [ [ 113.973688212680543, 22.422550693881909 ], [ 113.973689161252281, 22.42253953900391 ], [ 113.973686098748814, 22.422560224297833 ], [ 113.973688212680543, 22.422550693881909 ] ], [ [ 113.973690381641106, 22.422468546709911 ], [ 113.97369038164112, 22.422468546709943 ], [ 113.973690015271018, 22.422458087711266 ], [ 113.973690381641106, 22.422468546709911 ] ], [ [ 113.973685062019669, 22.422419649226164 ], [ 113.973686014959355, 22.422432274977641 ], [ 113.973685062019698, 22.4224196492262 ], [ 113.973685062019669, 22.422419649226164 ] ], [ [ 113.973686130628067, 22.422386147642495 ], [ 113.973686130628082, 22.422386147642513 ], [ 113.973688625150771, 22.422373986778339 ], [ 113.973686130628067, 22.422386147642495 ] ], [ [ 113.973709492222881, 22.422331578984529 ], [ 113.973713142285831, 22.422318900075055 ], [ 113.973703031115178, 22.422346254354174 ], [ 113.973709492222881, 22.422331578984529 ] ], [ [ 113.973740504848209, 22.42220549886536 ], [ 113.973746022994703, 22.422191140261759 ], [ 113.973734962236193, 22.422211664791561 ], [ 113.973740504848209, 22.42220549886536 ] ], [ [ 113.973751015714626, 22.42212442776712 ], [ 113.973749076717098, 22.422108585939689 ], [ 113.973753465111699, 22.422135542259415 ], [ 113.973751015714626, 22.42212442776712 ] ], [ [ 113.973747423893499, 22.422063679502255 ], [ 113.973747190516477, 22.422069797833021 ], [ 113.973747190516477, 22.422069797833018 ], [ 113.973747423893499, 22.422063679502255 ] ], [ [ 113.973767179407517, 22.421976664949295 ], [ 113.97376654248653, 22.421977721463499 ], [ 113.973767179407503, 22.421976664949305 ], [ 113.973767179407517, 22.421976664949295 ] ], [ [ 113.973779574804581, 22.421962231826321 ], [ 113.973793162431477, 22.421950452569757 ], [ 113.973767945181621, 22.421975773286793 ], [ 113.973779574804581, 22.421962231826321 ] ], [ [ 113.973879300651191, 22.421914008164922 ], [ 113.973887169304192, 22.421912733459813 ], [ 113.973865173294044, 22.421918349784121 ], [ 113.973879300651191, 22.421914008164922 ] ], [ [ 113.974056794964952, 22.421801440854214 ], [ 113.974056780840527, 22.42180073979657 ], [ 113.974056944789822, 22.421803594816151 ], [ 113.974056794964952, 22.421801440854214 ] ], [ [ 113.974042133188917, 22.421731183692597 ], [ 113.974023432709899, 22.421693060793832 ], [ 113.974044843437142, 22.42173737746085 ], [ 113.974042133188917, 22.421731183692597 ] ], [ [ 113.97404249111537, 22.421578343951261 ], [ 113.974048980973663, 22.421570345523708 ], [ 113.974034774004252, 22.421587189445066 ], [ 113.97404249111537, 22.421578343951261 ] ], [ [ 113.974104459706894, 22.421505031339059 ], [ 113.974104791447303, 22.421503999275046 ], [ 113.974103734606643, 22.421506303208727 ], [ 113.974104459706894, 22.421505031339059 ] ], [ [ 113.974881898303977, 22.420551315862273 ], [ 113.974904399567492, 22.420543892550519 ], [ 113.974876957951537, 22.420555739741332 ], [ 113.974881898303977, 22.420551315862273 ] ], [ [ 113.975187612484149, 22.420255734018028 ], [ 113.975257489182496, 22.420144539002425 ], [ 113.975184665008001, 22.420269887556088 ], [ 113.975187612484149, 22.420255734018028 ] ], [ [ 113.976145312222556, 22.419190404088042 ], [ 113.976139497582736, 22.419194108511736 ], [ 113.976145312222556, 22.419190404088042 ], [ 113.976145312222556, 22.419190404088042 ] ], [ [ 113.976517875007758, 22.419463062034588 ], [ 113.976604050778974, 22.419657278223902 ], [ 113.976472835031458, 22.419391248760615 ], [ 113.976517875007758, 22.419463062034588 ] ], [ [ 113.976904163807234, 22.419933353969025 ], [ 113.976849499685898, 22.419871215402047 ], [ 113.976849499685912, 22.419871215402054 ], [ 113.976904163807234, 22.419933353969025 ] ], [ [ 113.977380780827488, 22.420588419683344 ], [ 113.977404864316114, 22.420600119906421 ], [ 113.977376862936026, 22.420586516757623 ], [ 113.977380780827488, 22.420588419683344 ] ], [ [ 113.977948874021664, 22.420586618566571 ], [ 113.978012973039029, 22.420575525511776 ], [ 113.977914740477559, 22.420605908332213 ], [ 113.977948874021664, 22.420586618566571 ] ], [ [ 113.978301685916307, 22.420580532509728 ], [ 113.978377946074147, 22.420626244986135 ], [ 113.978235225613062, 22.420570149133525 ], [ 113.978301685916307, 22.420580532509728 ] ], [ [ 113.978560777871678, 22.420758976154321 ], [ 113.97851900629199, 22.420726407872028 ], [ 113.978560777871692, 22.420758976154325 ], [ 113.978560777871678, 22.420758976154321 ] ], [ [ 113.978609829142158, 22.420772067271518 ], [ 113.978637150540024, 22.420766583077612 ], [ 113.978569785378355, 22.4207613801367 ], [ 113.978609829142158, 22.420772067271518 ] ], [ [ 113.979096080105123, 22.420579330376345 ], [ 113.979120600310083, 22.420588182123772 ], [ 113.979078082132546, 22.420584739256121 ], [ 113.979096080105123, 22.420579330376345 ] ], [ [ 113.980161626279752, 22.419843150761654 ], [ 113.98015336600146, 22.41983767371649 ], [ 113.980161626279752, 22.419843150761654 ], [ 113.980161626279752, 22.419843150761654 ] ], [ [ 113.980327468741692, 22.41941192307069 ], [ 113.980275761284773, 22.419703354003865 ], [ 113.980327468741649, 22.41941192307069 ], [ 113.980327468741692, 22.41941192307069 ] ], [ [ 113.980845800987936, 22.41953963809269 ], [ 113.980791365955483, 22.41949714840921 ], [ 113.98084580098795, 22.419539638092694 ], [ 113.980845800987936, 22.41953963809269 ] ], [ [ 113.98101425606896, 22.419508542821866 ], [ 113.98099195659313, 22.41943836729882 ], [ 113.981017145871562, 22.419515106749465 ], [ 113.98101425606896, 22.419508542821866 ] ], [ [ 113.980907267145554, 22.419232776850009 ], [ 113.980816161301021, 22.41894161509995 ], [ 113.98099195659313, 22.41943836729882 ], [ 113.980907267145554, 22.419232776850009 ] ], [ [ 113.981999606064178, 22.417887080273445 ], [ 113.98199960606415, 22.417887080273442 ], [ 113.981908794955729, 22.417737399123119 ], [ 113.981999606064178, 22.417887080273445 ] ], [ [ 113.981421301464167, 22.416934030949228 ], [ 113.981405966978272, 22.416908135851987 ], [ 113.981468772975958, 22.417012235989347 ], [ 113.981421301464167, 22.416934030949228 ] ], [ [ 113.981301981435379, 22.416732543741176 ], [ 113.981260839836708, 22.416663075184978 ], [ 113.981341140074903, 22.416798666828111 ], [ 113.981301981435379, 22.416732543741176 ] ], [ [ 113.980605662313963, 22.415306740025969 ], [ 113.980824967925486, 22.415796074372025 ], [ 113.980576479805094, 22.415241617039666 ], [ 113.980605662313963, 22.415306740025969 ] ], [ [ 113.971962824154573, 22.424891723711035 ], [ 113.971963974617907, 22.424889640781434 ], [ 113.971962251873407, 22.42489250862738 ], [ 113.971962824154573, 22.424891723711035 ] ], [ [ 113.972029139711978, 22.424697454772051 ], [ 113.972039760721955, 22.424675928454871 ], [ 113.972025296465247, 22.424706409224459 ], [ 113.972029139711978, 22.424697454772051 ] ], [ [ 113.972083197799279, 22.424529141797475 ], [ 113.972083197799279, 22.424529141797496 ], [ 113.972081918828508, 22.424515385694136 ], [ 113.972083197799279, 22.424529141797475 ] ], [ [ 113.972053546395372, 22.424454214809494 ], [ 113.972069928820758, 22.424476649117278 ], [ 113.972075794810891, 22.424487665940728 ], [ 113.97207464840622, 22.424483978782884 ], [ 113.972069928820758, 22.424476649117278 ], [ 113.972050719622814, 22.424449422510214 ], [ 113.972053546395372, 22.424454214809494 ] ], [ [ 113.972045583978471, 22.424439322557685 ], [ 113.972040258099639, 22.424423735294184 ], [ 113.972047074849755, 22.424442492384117 ], [ 113.972045583978471, 22.424439322557685 ] ], [ [ 113.972036089982581, 22.424409067592581 ], [ 113.972036089982581, 22.424409067592588 ], [ 113.972031811618734, 22.424385682370403 ], [ 113.972036089982581, 22.424409067592581 ] ], [ [ 113.972114380133277, 22.423809389972359 ], [ 113.972117443979869, 22.423828658154651 ], [ 113.97212281586674, 22.423849242180122 ], [ 113.972114380133277, 22.423809389972359 ] ], [ [ 113.972111875527958, 22.423790822599784 ], [ 113.972111134008713, 22.423775767558009 ], [ 113.972112936950779, 22.423799685125712 ], [ 113.972111875527958, 22.423790822599784 ] ], [ [ 113.972110229622871, 22.423740809956655 ], [ 113.972110229622871, 22.423740809956666 ], [ 113.972110202305714, 22.42374011780171 ], [ 113.972110229622871, 22.423740809956655 ] ], [ [ 113.972131601009153, 22.423626511711248 ], [ 113.972132252882673, 22.423623430552844 ], [ 113.972127910398001, 22.423639499252925 ], [ 113.972131601009153, 22.423626511711248 ] ], [ [ 113.972137946542276, 22.423604693186302 ], [ 113.972138083780735, 22.423604361196809 ], [ 113.972136754439902, 22.423608334272341 ], [ 113.972137946542276, 22.423604693186302 ] ], [ [ 113.972285078830254, 22.423487059440269 ], [ 113.972266333347349, 22.423498369930225 ], [ 113.972285078830282, 22.423487059440241 ], [ 113.972309248659272, 22.423471386111938 ], [ 113.97231090920107, 22.423470417117816 ], [ 113.972285078830254, 22.423487059440269 ] ], [ [ 113.972403257687134, 22.423427996457026 ], [ 113.972420400510458, 22.423419204890202 ], [ 113.972377631978233, 22.423439457348138 ], [ 113.972403257687134, 22.423427996457026 ] ], [ [ 113.972497249926462, 22.42338276451645 ], [ 113.972503078101823, 22.423379162250974 ], [ 113.972482202840354, 22.423390385233091 ], [ 113.972497249926462, 22.42338276451645 ] ], [ [ 113.972748764801935, 22.423221247984703 ], [ 113.972754667394767, 22.423215976977591 ], [ 113.972744096282412, 22.423224904582526 ], [ 113.972748764801935, 22.423221247984703 ] ], [ [ 113.97286376204724, 22.423099112065209 ], [ 113.972866997206822, 22.423094770910154 ], [ 113.972852139125877, 22.423111392907582 ], [ 113.97286376204724, 22.423099112065209 ] ] ] } },
{ "type": "Feature", "properties": { "codigo": "M", "distrito_en": "Yuen Long", "distrito_zh": "元朗區", "distrito_es": "Yuen Long", "region": "Nuevos Territorios", "area_km2_oficial": 138.56, "area_km2_poligono_incluye_mar": 187.408, "centro_lat": 22.457067, "centro_lon": 114.060526, "n_circunscripciones": 39 }, "geometry": { "type": "Polygon", "coordinates": [ [ [ 113.996457256160213, 22.432719700748574 ], [ 113.993251432667904, 22.430318931971296 ], [ 113.992784719270588, 22.432008067662256 ], [ 113.992006846787021, 22.431990283361809 ], [ 113.989884153172042, 22.429900120842483 ], [ 113.988916428130992, 22.430360678841001 ], [ 113.987714178296258, 22.429603536436531 ], [ 113.984411353866321, 22.430192257582988 ], [ 113.984218621680768, 22.430836015170318 ], [ 113.981051914245768, 22.430875102012298 ], [ 113.980984053747108, 22.430349556935184 ], [ 113.970414124963341, 22.430548608804155 ], [ 113.970363161371992, 22.433395954580522 ], [ 113.950217370043333, 22.433350880418555 ], [ 113.948197169773309, 22.430698960069289 ], [ 113.948061535330538, 22.428863380396052 ], [ 113.946106845104254, 22.426837361292723 ], [ 113.945985944276543, 22.424950706128445 ], [ 113.943892103486931, 22.424291757515075 ], [ 113.9444466333522, 22.422970258186247 ], [ 113.942717692740828, 22.423161618028303 ], [ 113.94088606993688, 22.421542290586299 ], [ 113.939906267985407, 22.41951778840048 ], [ 113.938931974818559, 22.419641518476265 ], [ 113.939374143786438, 22.422388736642038 ], [ 113.937916546133494, 22.423472495927314 ], [ 113.874232169645182, 22.43164073327009 ], [ 113.94780638111726, 22.472357976207597 ], [ 113.995224574607661, 22.510157680499027 ], [ 113.998071805201917, 22.509997552049363 ], [ 114.000122154785458, 22.509011198962352 ], [ 114.007560898115884, 22.50243835125012 ], [ 114.011625970452386, 22.500655272572867 ], [ 114.016647478743266, 22.501956851347167 ], [ 114.025424774505737, 22.506767706181282 ], [ 114.037147451766984, 22.505680125112157 ], [ 114.045352652733783, 22.504074749306429 ], [ 114.049424116070725, 22.502514475108178 ], [ 114.051787542337777, 22.502418455796629 ], [ 114.054851357508582, 22.50350066615464 ], [ 114.056366006509933, 22.504654858341041 ], [ 114.058445030715035, 22.512016205435273 ], [ 114.064086391005716, 22.516487232110187 ], [ 114.071959582277387, 22.518092534355791 ], [ 114.073885917980135, 22.517248951032304 ], [ 114.075680086480517, 22.515357377937075 ], [ 114.077713809499798, 22.515361135082347 ], [ 114.08251634004894, 22.518574865570734 ], [ 114.084114227203415, 22.520484767277342 ], [ 114.085504121528885, 22.519152743442408 ], [ 114.086928296590244, 22.519748989156412 ], [ 114.089415603561264, 22.523169687349426 ], [ 114.089665917835916, 22.520951830972532 ], [ 114.091661238942635, 22.520802471230514 ], [ 114.091350669790316, 22.516546638706973 ], [ 114.090527155799379, 22.514927234964944 ], [ 114.09144032988516, 22.514512135205575 ], [ 114.091823947782956, 22.51203632780377 ], [ 114.093268960806867, 22.510390919249499 ], [ 114.092356078200595, 22.509036265958624 ], [ 114.089664251921164, 22.508357751975389 ], [ 114.09043812048462, 22.50703595919504 ], [ 114.089311108147228, 22.504482607014246 ], [ 114.091367841408101, 22.504852250286753 ], [ 114.09169850645111, 22.501263290807422 ], [ 114.089703092323091, 22.496531944729654 ], [ 114.093198359992982, 22.49201457307181 ], [ 114.092458511546596, 22.491086684499955 ], [ 114.092291178963038, 22.484895743211009 ], [ 114.091248096488087, 22.484359572453553 ], [ 114.089265236927091, 22.481579409480851 ], [ 114.09010897275104, 22.468255219238277 ], [ 114.088933634775103, 22.466093323007186 ], [ 114.092440761061724, 22.466020225513923 ], [ 114.094226154397745, 22.46681709132784 ], [ 114.099470171507178, 22.467393999709461 ], [ 114.104254565469304, 22.469984270581563 ], [ 114.108865907808223, 22.469173731539403 ], [ 114.109822588909879, 22.470308777380072 ], [ 114.114875079781839, 22.471426939741132 ], [ 114.116088005416302, 22.47026281087004 ], [ 114.116101750314186, 22.469424765679623 ], [ 114.120298386679139, 22.467762625246309 ], [ 114.121507130386163, 22.465949165727171 ], [ 114.122654419637087, 22.465680601938807 ], [ 114.123669778063402, 22.466255374389558 ], [ 114.125954204236237, 22.465694526902293 ], [ 114.127909259455336, 22.466507969694881 ], [ 114.126858277676618, 22.463831470609755 ], [ 114.124816205265375, 22.463554836968004 ], [ 114.124932415133216, 22.462336569798758 ], [ 114.124069823066051, 22.461402019417232 ], [ 114.124381650709353, 22.460425696386483 ], [ 114.123859494379076, 22.459153977261419 ], [ 114.122300045178605, 22.457855205982543 ], [ 114.121798875331905, 22.455644303186943 ], [ 114.118509572094752, 22.452790467560177 ], [ 114.118076375852738, 22.450932874602447 ], [ 114.115266483527833, 22.448502537895131 ], [ 114.111954726580549, 22.44379818269352 ], [ 114.112857329106674, 22.441955526842086 ], [ 114.112502442456659, 22.44112893669185 ], [ 114.115136472488132, 22.436391394665282 ], [ 114.11689851899186, 22.434809226138643 ], [ 114.116622303159204, 22.431902524064039 ], [ 114.11795653236554, 22.42894499611219 ], [ 114.121019261146785, 22.427600525459091 ], [ 114.121984612207669, 22.424640622078378 ], [ 114.122963325782962, 22.423293234294615 ], [ 114.124371459039722, 22.422736625711561 ], [ 114.126004979083547, 22.420029620893729 ], [ 114.125572973801084, 22.415934865147094 ], [ 114.124340335508052, 22.41426732444522 ], [ 114.123511022162191, 22.414033389088353 ], [ 114.124414022590997, 22.41375493147568 ], [ 114.12359584648317, 22.412899314326104 ], [ 114.12428679630348, 22.413089271016496 ], [ 114.124628814294667, 22.412378465741629 ], [ 114.124086178643509, 22.412798505233518 ], [ 114.123169255539423, 22.412092253977189 ], [ 114.123145993369462, 22.410957438877539 ], [ 114.120478408603844, 22.410959610095247 ], [ 114.117411643053259, 22.411817870959659 ], [ 114.116804487367389, 22.411357498047309 ], [ 114.116968902114181, 22.410418180473851 ], [ 114.115710787018159, 22.410122069392386 ], [ 114.114593630207096, 22.40845385592484 ], [ 114.112821645437251, 22.408104776531349 ], [ 114.112450503335623, 22.406784073140756 ], [ 114.109091538785663, 22.405369003678011 ], [ 114.107486647199579, 22.406144557276942 ], [ 114.106792864872503, 22.404802534483281 ], [ 114.105263335854175, 22.405626935594437 ], [ 114.105340438390812, 22.40657728459361 ], [ 114.104443610214048, 22.407406299982711 ], [ 114.100781259250198, 22.40733455973967 ], [ 114.096848407154681, 22.403521215755511 ], [ 114.094959748605234, 22.400845825788402 ], [ 114.092225390068833, 22.399365520493156 ], [ 114.090347542309814, 22.399479340673523 ], [ 114.089069590532219, 22.401450957616365 ], [ 114.085307062289786, 22.401782060467493 ], [ 114.084500539118508, 22.400808845998096 ], [ 114.083249023145086, 22.400448089600907 ], [ 114.082428288223483, 22.398707742861308 ], [ 114.080771905508954, 22.397473526390645 ], [ 114.079349502257628, 22.396955895805103 ], [ 114.078424928953481, 22.397253956274795 ], [ 114.077077301262548, 22.396427264337952 ], [ 114.074242377344277, 22.396324782464582 ], [ 114.073332125993801, 22.394793261919073 ], [ 114.074067972571697, 22.393285131881761 ], [ 114.073641057280852, 22.393702096283466 ], [ 114.071925866267222, 22.39250590520183 ], [ 114.071586441955617, 22.392963729773857 ], [ 114.070587196207654, 22.392372707348564 ], [ 114.06922716387939, 22.393363628077857 ], [ 114.069227685251064, 22.392673409182642 ], [ 114.068185556044725, 22.392585098503456 ], [ 114.066775444098553, 22.391243630285164 ], [ 114.065962126118862, 22.391817062505126 ], [ 114.065818566108717, 22.397704270888106 ], [ 114.057373800299573, 22.39783088328479 ], [ 114.057445476776124, 22.404873588771839 ], [ 114.05972595208496, 22.404873568214256 ], [ 114.059777458493258, 22.408602066386862 ], [ 114.051624708646258, 22.408616834916831 ], [ 114.051609510695712, 22.404583024381751 ], [ 114.012172725691855, 22.404574756352432 ], [ 114.012166273734067, 22.414690001517801 ], [ 114.006941424482633, 22.414773768760103 ], [ 114.006769084307166, 22.421913806031423 ], [ 113.997346664472602, 22.422366161236948 ], [ 113.99561042964082, 22.425055539548641 ], [ 113.993787196801478, 22.425659634290188 ], [ 113.993585112206333, 22.427279854727892 ], [ 113.994517623174232, 22.42775309364605 ], [ 113.996457256160213, 22.432719700748574 ] ], [ [ 113.99659839444918, 22.453173842057982 ], [ 113.99659839444918, 22.453173842057982 ], [ 113.996994262999138, 22.452554246468988 ], [ 113.99659839444918, 22.453173842057982 ] ], [ [ 113.994331693149789, 22.456739914067519 ], [ 113.994291390705328, 22.456808556429049 ], [ 113.994498631346048, 22.456477022912459 ], [ 113.994331693149789, 22.456739914067519 ] ], [ [ 113.993953171498688, 22.457419222359039 ], [ 113.993884445288231, 22.457567854683365 ], [ 113.99401341653838, 22.457306677190576 ], [ 113.993953171498688, 22.457419222359039 ] ], [ [ 113.993397154514497, 22.459108487257467 ], [ 113.993394523470315, 22.459126979124154 ], [ 113.993412368482481, 22.459034523368118 ], [ 113.993397154514497, 22.459108487257467 ] ], [ [ 113.993937484633292, 22.461775076322454 ], [ 113.993266851092102, 22.46176959906515 ], [ 113.993266851092102, 22.461769599065118 ], [ 113.993937484633292, 22.461775076322454 ] ], [ [ 113.994437405281801, 22.463746252578627 ], [ 113.994891296050923, 22.464806584183549 ], [ 113.994992647255899, 22.465029308393969 ], [ 113.994437405281801, 22.463746252578627 ] ], [ [ 113.997815407571238, 22.47111000257345 ], [ 113.997982616704107, 22.471383700647674 ], [ 113.997791805063954, 22.47106766408811 ], [ 113.997815407571238, 22.47111000257345 ] ], [ [ 113.998356306606823, 22.471889130337704 ], [ 113.998611028670965, 22.472175088510362 ], [ 113.998227090681596, 22.471724857960968 ], [ 113.998356306606823, 22.471889130337704 ] ], [ [ 113.998611028670965, 22.472175088510362 ], [ 113.998776413495705, 22.472327496523654 ], [ 113.999027508224742, 22.472524526430025 ], [ 113.998611028670965, 22.472175088510362 ] ], [ [ 113.999665701844705, 22.472903779151864 ], [ 114.000678748918631, 22.473357876476875 ], [ 114.000965614956698, 22.473448619923975 ], [ 113.999665701844705, 22.472903779151864 ] ], [ [ 114.001242637624244, 22.473516866467858 ], [ 114.001616210242034, 22.473578315962563 ], [ 114.000965614956698, 22.473448619923975 ], [ 114.001242637624244, 22.473516866467858 ] ], [ [ 114.001716398421863, 22.473592910496773 ], [ 114.002044423525476, 22.47362689688206 ], [ 114.002461131502855, 22.473665835538704 ], [ 114.001716398421863, 22.473592910496773 ] ], [ [ 114.003792292092939, 22.473580676992746 ], [ 114.003992586539596, 22.473552956917317 ], [ 114.003741541630916, 22.473583709189448 ], [ 114.003792292092939, 22.473580676992746 ] ], [ [ 114.00442487174044, 22.473503639816002 ], [ 114.005402141691704, 22.473291942815919 ], [ 114.006341939843026, 22.47284236760461 ], [ 114.00442487174044, 22.473503639816002 ] ], [ [ 114.006495523297346, 22.472728701775587 ], [ 114.006775274873334, 22.472472922109223 ], [ 114.006899730859331, 22.472332459076814 ], [ 114.006495523297346, 22.472728701775587 ] ], [ [ 114.006906206665079, 22.472320051750629 ], [ 114.007067412260767, 22.472011298083981 ], [ 114.007516525739135, 22.471209161910366 ], [ 114.006906206665079, 22.472320051750629 ] ], [ [ 114.008063241922443, 22.470210070146205 ], [ 114.00768525195771, 22.470863705266389 ], [ 114.008006272152173, 22.470295957377374 ], [ 114.008063241922443, 22.470210070146205 ] ], [ [ 114.008324731434058, 22.469706488011536 ], [ 114.008485695400054, 22.469422206090222 ], [ 114.008193523001538, 22.469964204598782 ], [ 114.008324731434058, 22.469706488011536 ] ], [ [ 114.008648889998014, 22.469090850653725 ], [ 114.008974273726253, 22.46854311974116 ], [ 114.010344788492418, 22.465402592318743 ], [ 114.008648889998014, 22.469090850653725 ] ], [ [ 114.010338317730415, 22.465313022090555 ], [ 114.010297102041619, 22.465231823300616 ], [ 114.01034371607274, 22.465387747571807 ], [ 114.010338317730415, 22.465313022090555 ] ], [ [ 114.009934728103204, 22.464975229113094 ], [ 114.009943957574777, 22.464813621510036 ], [ 114.009960063202698, 22.465020996882934 ], [ 114.009934728103204, 22.464975229113094 ] ], [ [ 114.01024911133841, 22.463738894250344 ], [ 114.01024911133841, 22.463738894250344 ], [ 114.009943957574777, 22.464813621510036 ], [ 114.01024911133841, 22.463738894250344 ] ], [ [ 114.010048777659321, 22.463403633612625 ], [ 114.010066971472824, 22.463263598328219 ], [ 114.010156477459958, 22.463041867921746 ], [ 114.010048777659321, 22.463403633612625 ] ], [ [ 114.009342210015021, 22.462747753082279 ], [ 114.009349455404291, 22.462604448046672 ], [ 114.009371518935836, 22.46251653284715 ], [ 114.009390369675344, 22.462337009857663 ], [ 114.009378161806808, 22.462192800301448 ], [ 114.009390369675344, 22.462337009857649 ], [ 114.009371518935851, 22.462516532847161 ], [ 114.009349455404305, 22.462604448046658 ], [ 114.009342210015035, 22.462747753082283 ], [ 114.010163191597869, 22.463025249879699 ], [ 114.009342210015021, 22.462747753082279 ] ], [ [ 114.009213035578085, 22.461286968547117 ], [ 114.00912258931676, 22.461490465104731 ], [ 114.009144468123026, 22.461402621975264 ], [ 114.009183925900771, 22.461320251476742 ], [ 114.009213035578085, 22.461286968547117 ] ], [ [ 114.008762555348355, 22.459770519947611 ], [ 114.008560968502238, 22.459139580821706 ], [ 114.00902629402637, 22.460795538961314 ], [ 114.008762555348355, 22.459770519947611 ] ], [ [ 114.007575336602784, 22.456666881034657 ], [ 114.008761938936303, 22.456889393585289 ], [ 114.009015877394546, 22.452567195249699 ], [ 114.008761938936303, 22.4568893935853 ], [ 114.007575336602784, 22.456666881034657 ] ], [ [ 114.009036237526857, 22.452238599499907 ], [ 114.009110068094799, 22.451701312148444 ], [ 114.009015877394546, 22.452567195249699 ], [ 114.009036237526857, 22.452238599499907 ] ], [ [ 114.008278417814097, 22.451594383431249 ], [ 114.007821995611351, 22.451447179846799 ], [ 114.007507777652549, 22.451313128037423 ], [ 114.007222720339627, 22.451165821503885 ], [ 114.008278417814097, 22.451594383431249 ] ], [ [ 114.006951813988124, 22.450968584146509 ], [ 114.006751739260253, 22.450790658389092 ], [ 114.007115985697354, 22.451096874475681 ], [ 114.006951813988124, 22.450968584146509 ] ], [ [ 114.000593331269343, 22.4463854063757 ], [ 114.000574629348762, 22.446387296149915 ], [ 114.000595549392727, 22.446385182240707 ], [ 114.000593331269343, 22.4463854063757 ] ], [ [ 113.995659503696004, 22.438763399782964 ], [ 113.99564031213086, 22.438966813383356 ], [ 113.995639892768608, 22.438971258245072 ], [ 113.995659503696004, 22.438763399782964 ] ], [ [ 113.998471575011777, 22.457974132847728 ], [ 113.998471575011749, 22.457974132847738 ], [ 113.998629694981545, 22.457685711004203 ], [ 113.998471575011777, 22.457974132847728 ] ], [ [ 113.999266056125435, 22.459338284669119 ], [ 113.999266056125393, 22.459338284669123 ], [ 113.998035399717367, 22.45872805037051 ], [ 113.999266056125435, 22.459338284669119 ] ], [ [ 114.003467169849074, 22.451419220497684 ], [ 114.00306657585763, 22.451239451050075 ], [ 114.003020720435288, 22.451216238650357 ], [ 114.002960451753111, 22.451185722190889 ], [ 114.003467169849074, 22.451419220497684 ] ], [ [ 114.002454156036478, 22.452560238450516 ], [ 114.001581506309051, 22.452114490998955 ], [ 114.001581506309066, 22.452114490998948 ], [ 114.002454156036478, 22.452560238450516 ] ], [ [ 114.002841588669, 22.452730708383037 ], [ 114.003068186234131, 22.452837286115717 ], [ 114.002454156036478, 22.452560238450516 ], [ 114.002841588669, 22.452730708383037 ] ], [ [ 114.003303354463185, 22.452959577555102 ], [ 114.00385210233236, 22.453257166232493 ], [ 114.003482835293966, 22.453062570905438 ], [ 114.003303354463185, 22.452959577555102 ] ], [ [ 114.006172430249663, 22.454248182744617 ], [ 114.005651940229043, 22.454100250609443 ], [ 114.005414587736198, 22.453956640813814 ], [ 114.006172430249663, 22.454248182744617 ] ], [ [ 114.006681083516128, 22.454543684889227 ], [ 114.006681083516128, 22.454543684889227 ], [ 114.006694952518316, 22.454553207978108 ], [ 114.006681083516128, 22.454543684889227 ] ], [ [ 114.007624038086817, 22.455916242872615 ], [ 114.007507998092692, 22.455443541517219 ], [ 114.007172700676492, 22.45499660824273 ], [ 114.007507998092692, 22.455443541517191 ], [ 114.007624038086817, 22.455916242872615 ] ], [ [ 113.998389824362761, 22.453028284936462 ], [ 113.998389824362789, 22.453028284936462 ], [ 113.999136250451301, 22.453381466286952 ], [ 113.998389824362761, 22.453028284936462 ] ], [ [ 113.998680071046238, 22.457593848858167 ], [ 113.999560934144554, 22.456023906950279 ], [ 113.999748298761318, 22.455593416244135 ], [ 114.000255395969674, 22.454640297201721 ], [ 113.998680071046238, 22.457593848858167 ] ], [ [ 114.001661701582293, 22.461928602555865 ], [ 114.001661701582293, 22.461928602555865 ], [ 114.001496203793181, 22.46192211653926 ], [ 114.001661701582293, 22.461928602555865 ] ], [ [ 114.003956745503459, 22.462015349956864 ], [ 114.003583031027347, 22.462008238070037 ], [ 114.005039769532829, 22.462035957641614 ], [ 114.003956745503459, 22.462015349956864 ] ], [ [ 114.007187807515251, 22.462070000430842 ], [ 114.00703417647054, 22.462068275911097 ], [ 114.007661215243459, 22.462075319790575 ], [ 114.007187807515251, 22.462070000430842 ] ], [ [ 114.00824813547365, 22.462010275588614 ], [ 114.008400668455465, 22.461962969593472 ], [ 114.008400668455465, 22.461962969593511 ], [ 114.00824813547365, 22.462010275588614 ] ], [ [ 113.99875088311336, 22.460312179001214 ], [ 113.999152085412277, 22.45955374679891 ], [ 113.998750883113374, 22.460312179001232 ], [ 113.99875088311336, 22.460312179001214 ] ], [ [ 113.999546180466623, 22.461879685718731 ], [ 113.999546287998413, 22.461795152220322 ], [ 113.999547427004089, 22.460899725598246 ], [ 113.999546180466623, 22.461879685718731 ], [ 114.000085856309767, 22.461889506949611 ], [ 113.999546180466623, 22.461879685718731 ] ], [ [ 114.012050791004526, 22.442706536863888 ], [ 114.011456110573135, 22.442455530535071 ], [ 114.012123549598343, 22.4427372470407 ], [ 114.012050791004526, 22.442706536863888 ] ], [ [ 114.016203791787575, 22.443816409698208 ], [ 114.016241218985385, 22.443821974757824 ], [ 114.016231341781065, 22.443820506223052 ], [ 114.016203791787575, 22.443816409698208 ] ], [ [ 114.03215330297688, 22.444530751064526 ], [ 114.032070229692266, 22.444496667972796 ], [ 114.032070229692266, 22.444496667972793 ], [ 114.03215330297688, 22.444530751064526 ] ], [ [ 114.033085755592239, 22.44550763854199 ], [ 114.033085755592239, 22.445507638542004 ], [ 114.033008339345017, 22.445425153038812 ], [ 114.033085755592239, 22.44550763854199 ] ], [ [ 114.033404900566538, 22.445698807730079 ], [ 114.033404431934983, 22.446154537146054 ], [ 114.033975351907685, 22.445942015517662 ], [ 114.034011189545481, 22.445942011108855 ], [ 114.034440491159671, 22.445943925555348 ], [ 114.034641236649989, 22.445943596810906 ], [ 114.034693195421397, 22.445943514139742 ], [ 114.033404431934983, 22.446154537146054 ], [ 114.033404900566538, 22.445698807730079 ] ], [ [ 114.034826011104215, 22.445943289888845 ], [ 114.034926519855944, 22.445943125427682 ], [ 114.035179151796683, 22.445942715194484 ], [ 114.035265854630012, 22.445942572171898 ], [ 114.035179151796683, 22.445942715194505 ], [ 114.034826011104244, 22.445943289888863 ], [ 114.034735255950039, 22.445943444813039 ], [ 114.034734871560261, 22.445943445450663 ], [ 114.034826011104215, 22.445943289888845 ] ], [ [ 114.0358858751257, 22.445927223545233 ], [ 114.035885875125715, 22.445927223545258 ], [ 114.035835761529157, 22.445941809081816 ], [ 114.0358858751257, 22.445927223545233 ] ], [ [ 114.03596107026469, 22.445879223197895 ], [ 114.036060668538639, 22.445719116210739 ], [ 114.036084484553655, 22.445569502685952 ], [ 114.03596107026469, 22.445879223197895 ] ], [ [ 114.036230992119656, 22.444403232307696 ], [ 114.039575736443268, 22.444363938777226 ], [ 114.039688998920255, 22.443948520111878 ], [ 114.039575736512973, 22.4443639438981 ], [ 114.03623099211967, 22.444403232307703 ], [ 114.036081627560236, 22.444405459086415 ], [ 114.036084479501028, 22.445567444058522 ], [ 114.036081627560236, 22.444405459086383 ], [ 114.036230992119656, 22.444403232307696 ] ], [ [ 114.046923502177194, 22.444169592993074 ], [ 114.046963617399683, 22.4441778608672 ], [ 114.046941113434258, 22.444173222730161 ], [ 114.046923502177194, 22.444169592993074 ] ], [ [ 114.068743556683259, 22.431207913225325 ], [ 114.068747102468137, 22.431017674914578 ], [ 114.068747102468151, 22.431017674914582 ], [ 114.068743556683259, 22.431207913225325 ] ], [ [ 114.098666609028484, 22.43510538712825 ], [ 114.098743343037071, 22.435163346229615 ], [ 114.098666609028484, 22.43510538712825 ], [ 114.098666609028484, 22.43510538712825 ] ], [ [ 114.036399145229893, 22.441590209597397 ], [ 114.038536044623882, 22.438448998525523 ], [ 114.03705827597642, 22.440625579434133 ], [ 114.036399145229893, 22.441590209597397 ] ], [ [ 114.039312251762738, 22.439796172690841 ], [ 114.039603573682498, 22.440682263648036 ], [ 114.039241421967304, 22.439644797055049 ], [ 114.039312251762738, 22.439796172690841 ] ], [ [ 114.039714034346829, 22.441250126410267 ], [ 114.039670336204964, 22.440996026888332 ], [ 114.039761959961254, 22.441762948649831 ], [ 114.039714034346829, 22.441250126410267 ] ], [ [ 114.039797297610107, 22.443078562996458 ], [ 114.039769484171515, 22.441873570882748 ], [ 114.039792834133522, 22.443190985132162 ], [ 114.039797297610107, 22.443078562996458 ] ], [ [ 114.039737256431181, 22.443716656921683 ], [ 114.039737256431181, 22.443716656921659 ], [ 114.039770087706373, 22.443480320165413 ], [ 114.039737256431181, 22.443716656921683 ] ], [ [ 114.03225511270945, 22.44406171120815 ], [ 114.032255112709436, 22.44406171120816 ], [ 114.032264571344214, 22.44398505569395 ], [ 114.03225511270945, 22.44406171120815 ] ], [ [ 114.035267266357906, 22.443193575879189 ], [ 114.035285494319439, 22.443175536859371 ], [ 114.035218652051441, 22.44325371206973 ], [ 114.035267266357906, 22.443193575879189 ] ], [ [ 114.065505790696037, 22.463765965827214 ], [ 114.065443695573023, 22.463729439735125 ], [ 114.06557936276171, 22.463810861332018 ], [ 114.065505790696037, 22.463765965827214 ] ], [ [ 114.065708498322948, 22.463881560281223 ], [ 114.065746599817274, 22.46390138103413 ], [ 114.06571241571514, 22.463883598145895 ], [ 114.065708498322948, 22.463881560281223 ] ], [ [ 114.065905470286751, 22.464030191019262 ], [ 114.066062143250718, 22.464138250747062 ], [ 114.065963106069731, 22.464069943333261 ], [ 114.065905470286751, 22.464030191019262 ] ], [ [ 114.066157656600978, 22.464204127601203 ], [ 114.066092108025416, 22.464158917871732 ], [ 114.066062143250718, 22.464138250747062 ], [ 114.066157656600978, 22.464204127601203 ] ], [ [ 114.066704612182463, 22.46432387507382 ], [ 114.066770526882991, 22.464331359352741 ], [ 114.066745421947545, 22.464328508818326 ], [ 114.066704612182463, 22.46432387507382 ] ], [ [ 114.066860375808872, 22.46434156119658 ], [ 114.066774169260341, 22.46433177292537 ], [ 114.066770526882991, 22.464331359352741 ], [ 114.066860375808872, 22.46434156119658 ] ], [ [ 114.067845994173467, 22.464008226875205 ], [ 114.067748890772677, 22.464069673957439 ], [ 114.06790940450702, 22.463968100722131 ], [ 114.067845994173467, 22.464008226875205 ] ], [ [ 114.068213982124576, 22.463831218305259 ], [ 114.068135538111903, 22.4638662060838 ], [ 114.06824154540908, 22.463818924452521 ], [ 114.068213982124576, 22.463831218305259 ] ], [ [ 114.06841362151448, 22.463761210278594 ], [ 114.068391249269766, 22.463768713922889 ], [ 114.06824154540908, 22.463818924452521 ], [ 114.06841362151448, 22.463761210278594 ] ], [ [ 114.068596680670936, 22.4636743973366 ], [ 114.0686973876237, 22.463621916849835 ], [ 114.068682216784225, 22.463629822696319 ], [ 114.068596680670936, 22.4636743973366 ] ], [ [ 114.068775861284379, 22.46359154650402 ], [ 114.068801486838282, 22.463582585963159 ], [ 114.068781152418239, 22.463589696342662 ], [ 114.068775861284379, 22.46359154650402 ] ], [ [ 114.068849069477764, 22.46356421382146 ], [ 114.068980414337346, 22.463519054208401 ], [ 114.068969735446274, 22.463522725880548 ], [ 114.068849069477764, 22.46356421382146 ] ], [ [ 114.069240963479757, 22.46345369795867 ], [ 114.069301312312547, 22.463446370902123 ], [ 114.069264792078826, 22.463450804889913 ], [ 114.069240963479757, 22.46345369795867 ] ], [ [ 114.06947088115453, 22.463426038969786 ], [ 114.069542115676853, 22.463417146245259 ], [ 114.069539962167752, 22.463417415083988 ], [ 114.06947088115453, 22.463426038969786 ] ], [ [ 114.069668698855963, 22.46340593346698 ], [ 114.069757274570904, 22.463398087341751 ], [ 114.069673463614066, 22.463405511401259 ], [ 114.069668698855963, 22.46340593346698 ] ], [ [ 114.069980065494576, 22.463377377982653 ], [ 114.070009797535306, 22.463374742723008 ], [ 114.070003746062184, 22.463375279087707 ], [ 114.069980065494576, 22.463377377982653 ] ], [ [ 114.070516377209927, 22.463306272635666 ], [ 114.070429743621688, 22.46332922793211 ], [ 114.070354305864953, 22.463349216625602 ], [ 114.070516377209927, 22.463306272635666 ] ], [ [ 114.071159036754139, 22.463223409496276 ], [ 114.071159037026248, 22.463223409749581 ], [ 114.070972470494794, 22.46325091101242 ], [ 114.071159036754139, 22.463223409496276 ] ], [ [ 114.071378102214027, 22.463171812160905 ], [ 114.071328811007135, 22.463187398702939 ], [ 114.071405556145422, 22.46316313085077 ], [ 114.071378102214027, 22.463171812160905 ] ], [ [ 114.071448173878665, 22.46314548615933 ], [ 114.07148798296663, 22.463128805877808 ], [ 114.071460450481041, 22.463140342180068 ], [ 114.071448173878665, 22.46314548615933 ] ], [ [ 114.071620019858983, 22.463055139677412 ], [ 114.071555625847523, 22.463091087409428 ], [ 114.071552330556358, 22.463092905898076 ], [ 114.071620019858983, 22.463055139677412 ] ], [ [ 114.071660865692124, 22.463044608768936 ], [ 114.071673963486461, 22.463041231877273 ], [ 114.071620019858983, 22.463055139677412 ], [ 114.071660865692124, 22.463044608768936 ] ], [ [ 114.071705025961762, 22.463033229286349 ], [ 114.071687540211855, 22.46303773412145 ], [ 114.071744096978435, 22.463023163453975 ], [ 114.071705025961762, 22.463033229286349 ] ], [ [ 114.071898037081326, 22.462983221862551 ], [ 114.071988384758555, 22.462959639861314 ], [ 114.071948516735304, 22.462970045977539 ], [ 114.071898037081326, 22.462983221862551 ] ], [ [ 114.07225128657052, 22.462909699789673 ], [ 114.072320404236677, 22.462897309690046 ], [ 114.072253187500863, 22.462909359027485 ], [ 114.07225128657052, 22.462909699789673 ] ], [ [ 114.072544400033664, 22.46285504805774 ], [ 114.072505140275638, 22.46286166879031 ], [ 114.07260308033446, 22.462845152242171 ], [ 114.072544400033664, 22.46285504805774 ] ], [ [ 114.072736771543035, 22.462824218244478 ], [ 114.072675606026863, 22.462833795843011 ], [ 114.07260308033446, 22.462845152242171 ], [ 114.072736771543035, 22.462824218244478 ] ], [ [ 114.073143057943724, 22.462802529787993 ], [ 114.072997975063856, 22.462789219570784 ], [ 114.072987269682855, 22.462788237430683 ], [ 114.073143057943724, 22.462802529787993 ] ], [ [ 114.073628519933862, 22.462675931209812 ], [ 114.073717847922509, 22.462604539599717 ], [ 114.073643795980914, 22.462663722485225 ], [ 114.073628519933862, 22.462675931209812 ] ], [ [ 114.07786810733333, 22.461648813046995 ], [ 114.077736330337757, 22.461681430495066 ], [ 114.077937168399131, 22.461637530410652 ], [ 114.07786810733333, 22.461648813046995 ] ], [ [ 114.079151260407599, 22.461516395874931 ], [ 114.079074025264319, 22.461364131815092 ], [ 114.079151260407599, 22.461516395874931 ], [ 114.079151260407599, 22.461516395874931 ] ], [ [ 114.078453022081092, 22.45988775802827 ], [ 114.078453176318263, 22.459887758122335 ], [ 114.078437937094463, 22.45996535632948 ], [ 114.078453022081092, 22.45988775802827 ] ], [ [ 114.078514030146707, 22.459702572101193 ], [ 114.078487052100613, 22.459798585234765 ], [ 114.078513665544861, 22.459670233011291 ], [ 114.078514030146707, 22.459702572101193 ] ], [ [ 114.067459139042185, 22.44650351913219 ], [ 114.067434257033554, 22.446483756739735 ], [ 114.067422119064162, 22.446474116223815 ], [ 114.067459139042185, 22.44650351913219 ] ] ] } },
{ "type": "Feature", "properties": { "codigo": "N", "distrito_en": "North", "distrito_zh": "北區", "distrito_es": "Norte", "region": "Nuevos Territorios", "area_km2_oficial": 136.51, "area_km2_poligono_incluye_mar": 185.563, "centro_lat": 22.517135, "centro_lon": 114.21358, "n_circunscripciones": 18 }, "geometry": { "type": "Polygon", "coordinates": [ [ [ 114.130680958203243, 22.468406233195893 ], [ 114.125954204236237, 22.465694526902293 ], [ 114.123669778063402, 22.466255374389558 ], [ 114.122351939254145, 22.465725309037285 ], [ 114.120921050201076, 22.466415520681927 ], [ 114.120298386679139, 22.467762625246309 ], [ 114.116101750314186, 22.469424765679623 ], [ 114.116088005416302, 22.47026281087004 ], [ 114.114875079781839, 22.471426939741132 ], [ 114.109822588909879, 22.470308777380072 ], [ 114.108865907808223, 22.469173731539403 ], [ 114.104254565469304, 22.469984270581563 ], [ 114.099470171507178, 22.467393999709461 ], [ 114.094226154397745, 22.46681709132784 ], [ 114.092440761061724, 22.466020225513923 ], [ 114.088933634775103, 22.466093323007186 ], [ 114.09010897275104, 22.468255219238277 ], [ 114.089265236927091, 22.481579409480851 ], [ 114.091248096488087, 22.484359572453553 ], [ 114.092291178963038, 22.484895743211009 ], [ 114.092458511546596, 22.491086684499955 ], [ 114.093198359992982, 22.49201457307181 ], [ 114.089703092323091, 22.496531944729654 ], [ 114.09169850645111, 22.501263290807422 ], [ 114.091367841408101, 22.504852250286753 ], [ 114.089311108147228, 22.504482607014246 ], [ 114.09043812048462, 22.50703595919504 ], [ 114.089664251921164, 22.508357751975389 ], [ 114.092356078200595, 22.509036265958624 ], [ 114.093268960806867, 22.510390919249499 ], [ 114.091823947782956, 22.51203632780377 ], [ 114.09144032988516, 22.514512135205575 ], [ 114.090527155799379, 22.514927234964944 ], [ 114.091350669790316, 22.516546638706973 ], [ 114.091661238942635, 22.520802471230514 ], [ 114.089665917835916, 22.520951830972532 ], [ 114.089415603561264, 22.523169687349426 ], [ 114.087512399120556, 22.520225097020425 ], [ 114.085978558230067, 22.519165997545354 ], [ 114.085217275150271, 22.519320770982052 ], [ 114.084114227203415, 22.520484767277342 ], [ 114.085319112465882, 22.522505105949314 ], [ 114.085122694089335, 22.523807939510476 ], [ 114.07967719535722, 22.527301479036336 ], [ 114.07840489919684, 22.528906663823083 ], [ 114.078989221512344, 22.530353113375021 ], [ 114.085247244425432, 22.532379369096649 ], [ 114.088473380015259, 22.536145996872701 ], [ 114.089607557179718, 22.536712303632012 ], [ 114.092721713765329, 22.536891019765552 ], [ 114.095719477925996, 22.534607176938067 ], [ 114.09727814329618, 22.534113308764255 ], [ 114.103278881699069, 22.535164117731359 ], [ 114.102652151319305, 22.53196099052407 ], [ 114.103351041786979, 22.531561185305783 ], [ 114.104295969394002, 22.532555882891998 ], [ 114.10465750098912, 22.534602304829832 ], [ 114.107483612917434, 22.534616415982327 ], [ 114.108998762891716, 22.536753263147222 ], [ 114.109911394750313, 22.53563048674571 ], [ 114.109771408896719, 22.531148809514448 ], [ 114.112348092777751, 22.529620680425076 ], [ 114.115552606107968, 22.531019587848498 ], [ 114.11573837167181, 22.53470192933435 ], [ 114.117232171717035, 22.535127475989981 ], [ 114.120761410795737, 22.534379893755649 ], [ 114.12032391156076, 22.535668236317214 ], [ 114.120901437116103, 22.536102021356239 ], [ 114.122337972227442, 22.535388087220444 ], [ 114.121409463738786, 22.537964607282877 ], [ 114.124345099677839, 22.539231845258524 ], [ 114.125885091613583, 22.541329078274799 ], [ 114.126477205822354, 22.541000307334389 ], [ 114.125668224174262, 22.540174795874709 ], [ 114.127151759145818, 22.539273066093109 ], [ 114.128778070377024, 22.540334698111941 ], [ 114.129354969911148, 22.542078936076262 ], [ 114.13004749033729, 22.542273806131572 ], [ 114.131109605758937, 22.541608502954936 ], [ 114.132052566294178, 22.542357582466011 ], [ 114.13429508974265, 22.541116753570918 ], [ 114.137227842423513, 22.543629924878175 ], [ 114.141183944641426, 22.542850077929323 ], [ 114.14207247756724, 22.541934649658863 ], [ 114.144224094527303, 22.542154655097523 ], [ 114.144516644118255, 22.540896091632792 ], [ 114.148540608784302, 22.541881175678014 ], [ 114.148677262346737, 22.54423296323014 ], [ 114.15200289129298, 22.547053443066932 ], [ 114.151290183416066, 22.548172109204089 ], [ 114.150638952415136, 22.547917041828331 ], [ 114.151079628834239, 22.547008624734111 ], [ 114.149839652213245, 22.547152220467588 ], [ 114.149509751829058, 22.548831293058278 ], [ 114.149966312207866, 22.550644444950958 ], [ 114.151625954156373, 22.551403352256887 ], [ 114.151946331320332, 22.554846912100448 ], [ 114.156163950693809, 22.554507427549414 ], [ 114.159416255488523, 22.560550005915193 ], [ 114.161263365031729, 22.561940269551616 ], [ 114.16221662480487, 22.561462194428394 ], [ 114.163660194227518, 22.559185593576398 ], [ 114.165481089898151, 22.559465844313142 ], [ 114.167551349840622, 22.561215386235173 ], [ 114.168973403178441, 22.561117302532949 ], [ 114.171008117778044, 22.559609415181178 ], [ 114.175587083602593, 22.56009157315231 ], [ 114.177027709267023, 22.559745481696055 ], [ 114.177797466300859, 22.555633645128392 ], [ 114.180996339123894, 22.554146831497075 ], [ 114.181671200345221, 22.555452562577642 ], [ 114.186601487121223, 22.554604463166726 ], [ 114.187740982234146, 22.555690052609453 ], [ 114.18960113068448, 22.554178156997565 ], [ 114.190654500780525, 22.554435867939741 ], [ 114.192144659207045, 22.556088003811521 ], [ 114.194604609012657, 22.555373442772787 ], [ 114.195790313437655, 22.555800252488126 ], [ 114.196300503600867, 22.557159472970486 ], [ 114.197501353646061, 22.556520391271278 ], [ 114.199009181380745, 22.556630342492351 ], [ 114.200658184312971, 22.557546332994704 ], [ 114.201549501813503, 22.556088757551574 ], [ 114.208493883118152, 22.556933971668904 ], [ 114.210602375648833, 22.555904175634076 ], [ 114.211534092440061, 22.556318650094653 ], [ 114.213464739160386, 22.554805894596363 ], [ 114.216687226851292, 22.555156625124908 ], [ 114.217863796022499, 22.555998118616738 ], [ 114.219801579680095, 22.553720542603411 ], [ 114.220430852881648, 22.553685588456585 ], [ 114.221278859208724, 22.551743428495818 ], [ 114.224181135303624, 22.550927414193673 ], [ 114.226898379668299, 22.548070829106337 ], [ 114.225399333950165, 22.545265228080069 ], [ 114.226338784151366, 22.543670228629143 ], [ 114.233628982431043, 22.543670818733681 ], [ 114.237054034958931, 22.550722266851775 ], [ 114.248664768387641, 22.555720303786092 ], [ 114.276020910846697, 22.565503652945409 ], [ 114.336189576392485, 22.568131094018636 ], [ 114.335852142429403, 22.51006330091861 ], [ 114.329854724846797, 22.505001351860219 ], [ 114.326525369661283, 22.502970552032643 ], [ 114.323967702868018, 22.503177554293387 ], [ 114.320945942892365, 22.501071061705048 ], [ 114.318089052454582, 22.500105734209345 ], [ 114.316030291136912, 22.498792251662007 ], [ 114.315304357545244, 22.496393072253753 ], [ 114.311597352805705, 22.495211483099126 ], [ 114.310241883579124, 22.493834393870319 ], [ 114.308741518641071, 22.493443303806998 ], [ 114.305350356354026, 22.491189557770095 ], [ 114.301109086805027, 22.489955783587181 ], [ 114.300308339161404, 22.49059049488282 ], [ 114.297882947569477, 22.490823837663388 ], [ 114.29602450195874, 22.492116351610363 ], [ 114.293639738822463, 22.491993703890984 ], [ 114.287067254678831, 22.496236113693445 ], [ 114.28264340161823, 22.496964173873135 ], [ 114.280554355514894, 22.498253861008795 ], [ 114.274361033623848, 22.495984824869232 ], [ 114.269441156799672, 22.496039389958867 ], [ 114.267578068064452, 22.495285563315345 ], [ 114.265988806633075, 22.4958192253305 ], [ 114.265991605389956, 22.494438774936494 ], [ 114.263803257315828, 22.492990583500362 ], [ 114.261047916314865, 22.492895448572845 ], [ 114.260173803397549, 22.493485307741725 ], [ 114.255853356903742, 22.492730050405243 ], [ 114.251685405958213, 22.493155610609914 ], [ 114.248790063106426, 22.494811126057037 ], [ 114.247513146184247, 22.497795739285824 ], [ 114.24494571420243, 22.500821284992906 ], [ 114.242184382631507, 22.502242953673917 ], [ 114.242512084379698, 22.50458488707185 ], [ 114.241649062770563, 22.504650553332048 ], [ 114.241284088905715, 22.503911680138295 ], [ 114.238473045890913, 22.502991789034727 ], [ 114.238327758413746, 22.500722110735389 ], [ 114.235212954111589, 22.499070066677742 ], [ 114.235539596035025, 22.498344157373065 ], [ 114.233646390665044, 22.497767342299454 ], [ 114.232454101424111, 22.498346642498472 ], [ 114.229249412749539, 22.492601558306649 ], [ 114.226863048463642, 22.490919736320482 ], [ 114.224684596646441, 22.490259968283038 ], [ 114.223634147385013, 22.486966220016043 ], [ 114.220523269489277, 22.489198614482621 ], [ 114.219436609208529, 22.489102243866302 ], [ 114.217666084008584, 22.489969891685845 ], [ 114.211520425584638, 22.490388969216347 ], [ 114.207451052223831, 22.489528473485372 ], [ 114.202495774762752, 22.492471163675301 ], [ 114.195761908875966, 22.493079759593389 ], [ 114.193828396469655, 22.494974841847259 ], [ 114.191577203082232, 22.494344642207388 ], [ 114.190860878918841, 22.495105571423903 ], [ 114.186114330797963, 22.495618904272249 ], [ 114.183344027406008, 22.495623518929794 ], [ 114.179384524404497, 22.494522589611048 ], [ 114.177537945193606, 22.493221417784063 ], [ 114.174823779922434, 22.490675582687448 ], [ 114.173627365546295, 22.488098628759747 ], [ 114.172432945079464, 22.487169678646296 ], [ 114.171786761458407, 22.483969228370075 ], [ 114.169642406191642, 22.484658275581925 ], [ 114.170112449424295, 22.485251900869443 ], [ 114.168888997402988, 22.486960362385449 ], [ 114.165589285973354, 22.485632650600881 ], [ 114.164055252013512, 22.486027977830659 ], [ 114.16407036068891, 22.489758015620726 ], [ 114.159533843380018, 22.488294386699515 ], [ 114.15149674824228, 22.488244342381726 ], [ 114.151940850476208, 22.487302061605153 ], [ 114.151491627758816, 22.486959603698928 ], [ 114.152326561034045, 22.486318844811617 ], [ 114.151191179401621, 22.485531830597068 ], [ 114.153316737216841, 22.483989742749639 ], [ 114.152935097574385, 22.480131677528593 ], [ 114.151079470466314, 22.480418360229365 ], [ 114.148995212880706, 22.479719213138413 ], [ 114.148132349050087, 22.476535243834974 ], [ 114.145790265052696, 22.474681081438444 ], [ 114.143892862589482, 22.474732575670785 ], [ 114.143582832835094, 22.473540740268085 ], [ 114.142137302793486, 22.473384913758711 ], [ 114.141655975180313, 22.472589120900505 ], [ 114.138706183074873, 22.471579219329222 ], [ 114.13574257088024, 22.468452835476477 ], [ 114.134005395143845, 22.46780561528243 ], [ 114.130680958203243, 22.468406233195893 ] ], [ [ 114.131756095109552, 22.497192388186566 ], [ 114.132145660433906, 22.496960861076488 ], [ 114.131478838862009, 22.497348211097801 ], [ 114.131756095109552, 22.497192388186566 ] ], [ [ 114.13352333023839, 22.496047204795996 ], [ 114.134211876476229, 22.49551125380108 ], [ 114.134412296663811, 22.495346556141314 ], [ 114.134729444256408, 22.495067511314193 ], [ 114.13352333023839, 22.496047204795996 ] ], [ [ 114.135651802938042, 22.4942373717357 ], [ 114.137965199308255, 22.492150628079653 ], [ 114.138946588281499, 22.493184851664925 ], [ 114.139007967341968, 22.493256720974628 ], [ 114.139047939829126, 22.493320358547784 ], [ 114.137965199308255, 22.492150628079671 ], [ 114.135651802938042, 22.4942373717357 ] ], [ [ 114.140407715591721, 22.490413911151311 ], [ 114.140903087655573, 22.489742883687128 ], [ 114.141049891527061, 22.489641125645409 ], [ 114.140407715591721, 22.490413911151311 ] ], [ [ 114.141412378082165, 22.489400157165871 ], [ 114.14153258284388, 22.48932918972627 ], [ 114.141267835830888, 22.489495201935355 ], [ 114.141412378082165, 22.489400157165871 ] ], [ [ 114.142675923999022, 22.488761285030485 ], [ 114.142174482540227, 22.488981781712475 ], [ 114.142245469737247, 22.488946587418042 ], [ 114.142675923999022, 22.488761285030485 ] ], [ [ 114.144841776043819, 22.488118096473901 ], [ 114.144933520859283, 22.488089394961808 ], [ 114.144751845184928, 22.48814317634961 ], [ 114.144841776043819, 22.488118096473901 ] ], [ [ 114.146295485367602, 22.487625760846569 ], [ 114.146295485367617, 22.487625760846608 ], [ 114.145308114896025, 22.487966117081186 ], [ 114.146295485367602, 22.487625760846569 ] ], [ [ 114.146118619596422, 22.486104789956091 ], [ 114.146118619596422, 22.486104789956123 ], [ 114.146122521928717, 22.486121856438313 ], [ 114.146118619596422, 22.486104789956091 ] ], [ [ 114.145661306981467, 22.48543167485132 ], [ 114.145650634990901, 22.485422965703627 ], [ 114.145681226183129, 22.48545003075084 ], [ 114.145661306981467, 22.48543167485132 ] ], [ [ 114.145516415838131, 22.485316229107486 ], [ 114.145477873017384, 22.485294264628688 ], [ 114.14554739408284, 22.485340253557116 ], [ 114.145516415838131, 22.485316229107486 ] ], [ [ 114.134334194278708, 22.486810512463347 ], [ 114.134208131229641, 22.48673610835705 ], [ 114.134481587136193, 22.486854301151819 ], [ 114.134334194278708, 22.486810512463347 ] ], [ [ 114.133799705111386, 22.486376441541427 ], [ 114.133969452096622, 22.486500998023377 ], [ 114.133836524206558, 22.486410387636667 ], [ 114.133799705111386, 22.486376441541427 ] ], [ [ 114.133766439103866, 22.486322593370847 ], [ 114.133748134378138, 22.486249586670212 ], [ 114.133799705111386, 22.486376441541427 ], [ 114.133766439103866, 22.486322593370847 ] ], [ [ 114.133278871654952, 22.48592338195753 ], [ 114.133607983102351, 22.486139369148209 ], [ 114.133404521585732, 22.485969000975334 ], [ 114.133278871654952, 22.48592338195753 ] ], [ [ 114.133133689303207, 22.485859406991111 ], [ 114.133131780565236, 22.485857154822757 ], [ 114.13321287571074, 22.485898899736426 ], [ 114.133133689303207, 22.485859406991111 ] ], [ [ 114.133061813224344, 22.485753126342974 ], [ 114.132849427242149, 22.485597917434774 ], [ 114.132709829173947, 22.48543288470189 ], [ 114.132576099833898, 22.485358988956467 ], [ 114.132709829173947, 22.485432884701869 ], [ 114.132849427242149, 22.485597917434763 ], [ 114.133017672056155, 22.485703908000989 ], [ 114.133061813224344, 22.485753126342974 ] ], [ [ 114.132481718053612, 22.485288191081896 ], [ 114.132466779357259, 22.485264298258127 ], [ 114.132499299072734, 22.485306984128613 ], [ 114.132481718053612, 22.485288191081896 ] ], [ [ 114.132026572775942, 22.484887683995623 ], [ 114.131924102174636, 22.484797161755726 ], [ 114.131847219153926, 22.484702311997562 ], [ 114.131924102174651, 22.484797161755708 ], [ 114.131975858759944, 22.484822948953667 ], [ 114.132026572775942, 22.484887683995623 ] ], [ [ 114.13143703679026, 22.484401439235121 ], [ 114.13137913397351, 22.484364852185166 ], [ 114.13151082405281, 22.484467975815217 ], [ 114.13143703679026, 22.484401439235121 ] ], [ [ 114.131295918822715, 22.484287065422663 ], [ 114.131215811396814, 22.484159307637537 ], [ 114.13120869293634, 22.484131359115388 ], [ 114.131295918822715, 22.484287065422663 ] ], [ [ 114.131301199980371, 22.483649149784327 ], [ 114.131301199980371, 22.483649149784327 ], [ 114.13130294953136, 22.483660963140746 ], [ 114.131301199980371, 22.483649149784327 ] ], [ [ 114.13143476987004, 22.483069110056409 ], [ 114.131432318821481, 22.483046945895055 ], [ 114.131428968835564, 22.48308976292444 ], [ 114.13143476987004, 22.483069110056409 ] ], [ [ 114.131454005185816, 22.482846010157104 ], [ 114.131337437787607, 22.482781689805957 ], [ 114.131109097390436, 22.482642565903145 ], [ 114.13095956994394, 22.482577358787843 ], [ 114.131454005185816, 22.482846010157104 ] ], [ [ 114.130755905071737, 22.482429094783654 ], [ 114.130715356673349, 22.482388868148984 ], [ 114.130860995967396, 22.482492843368643 ], [ 114.130755905071737, 22.482429094783654 ] ], [ [ 114.130588107068007, 22.482267275525231 ], [ 114.13047464703628, 22.482197862711409 ], [ 114.130240672554152, 22.482000345312056 ], [ 114.130101470833353, 22.481948235664834 ], [ 114.130031278342855, 22.481875601762777 ], [ 114.130101470833353, 22.48194823566482 ], [ 114.130240672554152, 22.482000345312056 ], [ 114.13047464703628, 22.482197862711363 ], [ 114.130542423458621, 22.482231827504492 ], [ 114.130588107068007, 22.482267275525231 ] ], [ [ 114.129969668389364, 22.481854362396241 ], [ 114.129917998571912, 22.481797764440728 ], [ 114.130031278342855, 22.481875601762777 ], [ 114.129969668389364, 22.481854362396241 ] ], [ [ 114.129789642162606, 22.481694905134734 ], [ 114.129744697570871, 22.481615677241589 ], [ 114.129480921650085, 22.481363181903443 ], [ 114.129466298198807, 22.481331796925833 ], [ 114.129466296317105, 22.481331592107484 ], [ 114.129657771008468, 22.48151836720054 ], [ 114.129744697570871, 22.481615677241582 ], [ 114.129789642162564, 22.481694905134702 ], [ 114.12983852311217, 22.481731152558535 ], [ 114.129789642162606, 22.481694905134734 ] ], [ [ 114.129406396699039, 22.481255439229518 ], [ 114.129366721130467, 22.48120326487297 ], [ 114.129366721130467, 22.481203264872956 ], [ 114.129406396699039, 22.481255439229518 ] ], [ [ 114.129380528971623, 22.481061626924475 ], [ 114.129386941227608, 22.481121861660931 ], [ 114.129386941227608, 22.481121861660935 ], [ 114.129380528971623, 22.481061626924475 ] ], [ [ 114.129372045182606, 22.48075006617038 ], [ 114.129372045182606, 22.480750066170398 ], [ 114.129300240314549, 22.480678343537736 ], [ 114.12927463009008, 22.480637500458243 ], [ 114.129372045182606, 22.48075006617038 ] ], [ [ 114.12923118797417, 22.480514059955016 ], [ 114.129214074450644, 22.480433530709508 ], [ 114.12927463009008, 22.480637500458243 ], [ 114.12923118797417, 22.480514059955016 ] ], [ [ 114.12919302799996, 22.480146917242664 ], [ 114.12913449482258, 22.480025206085106 ], [ 114.129223228661118, 22.480374790577503 ], [ 114.12919302799996, 22.480146917242664 ] ], [ [ 114.12910233065513, 22.479941592998077 ], [ 114.128979993870729, 22.47973864333802 ], [ 114.128978979104659, 22.479666011419773 ], [ 114.12910233065513, 22.479941592998077 ] ], [ [ 114.128567389421519, 22.478636132519195 ], [ 114.128322005841085, 22.478411562752495 ], [ 114.128298971741899, 22.478397405159292 ], [ 114.128567389421519, 22.478636132519195 ] ], [ [ 114.128233346541109, 22.478331734271794 ], [ 114.12814615967352, 22.4782930036057 ], [ 114.128295497883542, 22.478393928884771 ], [ 114.128233346541109, 22.478331734271794 ] ], [ [ 114.128057597125547, 22.478076174626128 ], [ 114.127780314380814, 22.477907203667339 ], [ 114.127699529489533, 22.477846323096692 ], [ 114.127963660028257, 22.478001591068839 ], [ 114.12804072641498, 22.478054207550855 ], [ 114.128057597125547, 22.478076174626128 ] ], [ [ 114.127660430595938, 22.477785057866843 ], [ 114.127660430595938, 22.477785057866825 ], [ 114.127674767511991, 22.477807522818274 ], [ 114.127660430595938, 22.477785057866843 ] ], [ [ 114.127656540404573, 22.477607859598724 ], [ 114.127663424533623, 22.47761680407357 ], [ 114.127663424533623, 22.477616804073605 ], [ 114.127656540404573, 22.477607859598724 ] ], [ [ 114.127645572076133, 22.477597778935721 ], [ 114.12752128329592, 22.477539026840052 ], [ 114.127381603451738, 22.47741848993855 ], [ 114.127521283295891, 22.477539026840041 ], [ 114.127645572076133, 22.477597778935721 ] ], [ [ 114.12736341526228, 22.477311041745203 ], [ 114.12734077084076, 22.477267517219708 ], [ 114.127364517646001, 22.477322184502977 ], [ 114.12736341526228, 22.477311041745203 ] ], [ [ 114.127268172802715, 22.477193608051376 ], [ 114.127179559490216, 22.477144782447564 ], [ 114.12734077084076, 22.477267517219708 ], [ 114.127268172802715, 22.477193608051376 ] ], [ [ 114.12705833003703, 22.47699220123901 ], [ 114.126949681504428, 22.476894133457385 ], [ 114.127120986635418, 22.477077404522383 ], [ 114.12705833003703, 22.47699220123901 ] ], [ [ 114.126879151745783, 22.4767982176256 ], [ 114.126812594459139, 22.476747983357651 ], [ 114.126949681504428, 22.476894133457385 ], [ 114.126879151745783, 22.4767982176256 ] ], [ [ 114.12670716022842, 22.476615957524889 ], [ 114.12662708817308, 22.476548737278065 ], [ 114.126731458343144, 22.476667077236769 ], [ 114.12670716022842, 22.476615957524889 ] ], [ [ 114.126570474097278, 22.47642390121473 ], [ 114.126507216324654, 22.476326738954299 ], [ 114.12662708817308, 22.476548737278065 ], [ 114.126570474097278, 22.47642390121473 ] ], [ [ 114.126492034472321, 22.476303420007959 ], [ 114.126626458076714, 22.476248114496432 ], [ 114.126492034472321, 22.476303420007973 ], [ 114.126492034472321, 22.476303420007959 ] ], [ [ 114.127187008588109, 22.476045338476442 ], [ 114.127238210319192, 22.476013426008734 ], [ 114.127007899183184, 22.476053565408122 ], [ 114.127187008588109, 22.476045338476442 ] ], [ [ 114.128158280779417, 22.475696320004637 ], [ 114.128158280779417, 22.475696320004626 ], [ 114.128210237617139, 22.475741182373181 ], [ 114.128158280779417, 22.475696320004637 ] ], [ [ 114.128292307770579, 22.475715974479083 ], [ 114.128278954762237, 22.47566623994614 ], [ 114.128225475698088, 22.475576100259275 ], [ 114.128211336565514, 22.475535809172612 ], [ 114.128278954762223, 22.475666239946111 ], [ 114.128292307770579, 22.475715974479083 ], [ 114.12832531122676, 22.475757054752972 ], [ 114.128325311226789, 22.475757054752997 ], [ 114.128292307770579, 22.475715974479083 ] ], [ [ 114.128137650695024, 22.475145533650945 ], [ 114.128108296034213, 22.475061610980514 ], [ 114.12810688397056, 22.475040174454893 ], [ 114.128137650695024, 22.475145533650945 ] ], [ [ 114.12808272101384, 22.474230190614186 ], [ 114.128096902486632, 22.474207078995736 ], [ 114.128081875633484, 22.474236329782009 ], [ 114.12808272101384, 22.474230190614186 ] ], [ [ 114.128593599397007, 22.473129156751455 ], [ 114.128623584106279, 22.473112900425914 ], [ 114.128572991057439, 22.473155293653388 ], [ 114.128593599397007, 22.473129156751455 ] ], [ [ 114.129036033341762, 22.472460332952718 ], [ 114.12904962359471, 22.472372864275268 ], [ 114.128979616492288, 22.472643874212586 ], [ 114.129036033341762, 22.472460332952718 ] ], [ [ 114.129491739026903, 22.471639195637231 ], [ 114.129518215361003, 22.471843056167575 ], [ 114.129518215361003, 22.471843056167575 ], [ 114.129491739026903, 22.471639195637231 ] ], [ [ 114.129508222394676, 22.471541283601685 ], [ 114.129508222394676, 22.471541283601685 ], [ 114.129491739026903, 22.471639195637231 ], [ 114.129508222394676, 22.471541283601685 ] ], [ [ 114.129701063288081, 22.471177215363824 ], [ 114.129718303011344, 22.471170038946909 ], [ 114.129694039438846, 22.471181882499959 ], [ 114.129701063288081, 22.471177215363824 ] ], [ [ 114.130224135833217, 22.470643091418502 ], [ 114.130260495818888, 22.470549812715245 ], [ 114.130211619057675, 22.470654053458073 ], [ 114.130224135833217, 22.470643091418502 ] ], [ [ 114.130780503984269, 22.469428749460896 ], [ 114.130780503984269, 22.469428749460896 ], [ 114.130751229869716, 22.46960088809384 ], [ 114.130780503984269, 22.469428749460896 ] ], [ [ 114.136102082303978, 22.507008504149866 ], [ 114.136193507720549, 22.506946461419247 ], [ 114.136545035256589, 22.506775830335489 ], [ 114.136910956458635, 22.50656885475167 ], [ 114.137141612386415, 22.506448753469915 ], [ 114.137685192301831, 22.506206574213046 ], [ 114.136102082303978, 22.507008504149866 ] ], [ [ 114.135858779839751, 22.507173610610021 ], [ 114.135534231337289, 22.507395808132767 ], [ 114.135227045698983, 22.507674939478282 ], [ 114.135858779839751, 22.507173610610021 ] ], [ [ 114.112241997464395, 22.47830427897572 ], [ 114.112241997464409, 22.478304278975731 ], [ 114.112229137545597, 22.4783057425912 ], [ 114.112241997464395, 22.47830427897572 ] ], [ [ 114.112915837307767, 22.482185002107595 ], [ 114.112915836093293, 22.482185001655569 ], [ 114.112863946620735, 22.482064254339225 ], [ 114.112915837307767, 22.482185002107595 ] ], [ [ 114.123919361622569, 22.499733613509079 ], [ 114.123812723890111, 22.500413142414487 ], [ 114.123785242454758, 22.500532324018607 ], [ 114.123919361622569, 22.499733613509079 ] ], [ [ 114.126050918017796, 22.499366825846671 ], [ 114.126050918017782, 22.499366825846693 ], [ 114.126008311235722, 22.49915676550313 ], [ 114.126050918017796, 22.499366825846671 ] ], [ [ 114.112109225270714, 22.478310033096477 ], [ 114.112109225270714, 22.478310033096506 ], [ 114.112004445948926, 22.47816689444161 ], [ 114.112109225270714, 22.478310033096477 ] ], [ [ 114.131157287203791, 22.497114937410473 ], [ 114.131375296486596, 22.497239194086539 ], [ 114.131392126908153, 22.497256914405714 ], [ 114.131157287203791, 22.497114937410473 ] ], [ [ 114.131157287203791, 22.497114937410473 ], [ 114.130274911042804, 22.496480714995247 ], [ 114.130213170931412, 22.496406376989704 ], [ 114.131157287203791, 22.497114937410473 ] ], [ [ 114.130041750871797, 22.496161007577317 ], [ 114.130041750871797, 22.496161007577317 ], [ 114.130037700154162, 22.496151988887291 ], [ 114.130041750871797, 22.496161007577317 ] ], [ [ 114.129924652531969, 22.495873951185551 ], [ 114.128653971445175, 22.496030867887661 ], [ 114.12803443215482, 22.495147656665758 ], [ 114.128653971445175, 22.49603086788763 ], [ 114.129287653961569, 22.495761553012777 ], [ 114.129553384052883, 22.495690453632534 ], [ 114.129861694040926, 22.495634284446698 ], [ 114.129924652531969, 22.495873951185551 ] ], [ [ 114.127592096186689, 22.494764182364662 ], [ 114.127856508212318, 22.494937416738583 ], [ 114.127980058301077, 22.495079941415035 ], [ 114.127856508212318, 22.494937416738583 ], [ 114.127628583793083, 22.494784697469072 ], [ 114.127592096186689, 22.494764182364662 ] ], [ [ 114.12716134285526, 22.494571978560632 ], [ 114.127295622893428, 22.494617532179355 ], [ 114.12699985312544, 22.494546031648127 ], [ 114.12716134285526, 22.494571978560632 ] ], [ [ 114.12533677726779, 22.493481039447744 ], [ 114.124599176377373, 22.493480802024109 ], [ 114.125336777267776, 22.493481039447733 ], [ 114.125409641037322, 22.4935397603046 ], [ 114.125409310918045, 22.494432920679674 ], [ 114.126580690787435, 22.494510682377548 ], [ 114.125409310918045, 22.494432920679682 ], [ 114.12533677726779, 22.493481039447744 ] ], [ [ 114.124769296919737, 22.492830234812573 ], [ 114.124782111237081, 22.492825913531792 ], [ 114.124782111237081, 22.492825913531806 ], [ 114.124769296919737, 22.492830234812573 ] ], [ [ 114.124621495918447, 22.492633784988143 ], [ 114.124811637409096, 22.492653887337596 ], [ 114.124477115307727, 22.492580984862382 ], [ 114.124621495918447, 22.492633784988143 ] ], [ [ 114.124053620165299, 22.492363058261244 ], [ 114.123980380891965, 22.492323842323529 ], [ 114.123980380891965, 22.492323842323515 ], [ 114.124053620165299, 22.492363058261244 ] ], [ [ 114.124006311891634, 22.49228922827675 ], [ 114.123990105018336, 22.492310862056481 ], [ 114.124406814846111, 22.492197050339243 ], [ 114.124006311891634, 22.49228922827675 ] ], [ [ 114.125469860309451, 22.492549135776276 ], [ 114.125354033608559, 22.492538259634092 ], [ 114.12576046262356, 22.492531045896811 ], [ 114.125469860309451, 22.492549135776276 ] ], [ [ 114.12712586745667, 22.492462006084871 ], [ 114.127125867456655, 22.492462006084882 ], [ 114.127011102001887, 22.492452028089051 ], [ 114.12712586745667, 22.492462006084871 ] ], [ [ 114.127896848743518, 22.492836371511565 ], [ 114.12779998217394, 22.492778939177054 ], [ 114.128085051556823, 22.492964578949735 ], [ 114.127896848743518, 22.492836371511565 ] ], [ [ 114.128138929494668, 22.493016700641618 ], [ 114.128138929494639, 22.493016700641633 ], [ 114.128085051556823, 22.492964578949735 ], [ 114.128138929494668, 22.493016700641618 ] ], [ [ 114.128472984750488, 22.492826900991215 ], [ 114.128472984750488, 22.492826900991215 ], [ 114.128747458979944, 22.492718654468582 ], [ 114.128472984750488, 22.492826900991215 ] ], [ [ 114.128829190872864, 22.492680552493631 ], [ 114.128835712416048, 22.492677872295495 ], [ 114.128747458979944, 22.492718654468582 ], [ 114.128829190872864, 22.492680552493631 ] ], [ [ 114.130728185281313, 22.491629137703143 ], [ 114.130739315843812, 22.491442473476368 ], [ 114.1306866141597, 22.491845081164215 ], [ 114.130728185281313, 22.491629137703143 ] ], [ [ 114.13080493827924, 22.491714993602258 ], [ 114.130804938279255, 22.491714993602248 ], [ 114.130821197360149, 22.491698032318187 ], [ 114.13080493827924, 22.491714993602258 ] ], [ [ 114.131226531097852, 22.491331339510523 ], [ 114.131226531097838, 22.491331339510506 ], [ 114.131236034425712, 22.491323085933217 ], [ 114.131226531097852, 22.491331339510523 ] ], [ [ 114.131260299425421, 22.491306009759434 ], [ 114.131260299425421, 22.491306009759423 ], [ 114.13127253624441, 22.491299998972782 ], [ 114.131260299425421, 22.491306009759434 ] ], [ [ 114.131367987843959, 22.491266884076918 ], [ 114.131393867622677, 22.491260272377346 ], [ 114.131376218530534, 22.491264466535949 ], [ 114.131367987843959, 22.491266884076918 ] ], [ [ 114.131490634858508, 22.491103217740658 ], [ 114.13149067964909, 22.491104344621629 ], [ 114.13149067964909, 22.49110434462164 ], [ 114.131490634858508, 22.491103217740658 ] ], [ [ 114.131492710922586, 22.491014158576213 ], [ 114.131492710922572, 22.491014158576249 ], [ 114.131486865600422, 22.490991854103285 ], [ 114.131492710922586, 22.491014158576213 ] ], [ [ 114.131476109036697, 22.490965967682708 ], [ 114.131486072140376, 22.490988826432506 ], [ 114.131486072140376, 22.490988826432517 ], [ 114.131476109036697, 22.490965967682708 ] ], [ [ 114.13201769873568, 22.490476734661478 ], [ 114.13201769873568, 22.490476734661474 ], [ 114.132037188008638, 22.490476449537816 ], [ 114.13201769873568, 22.490476734661478 ] ], [ [ 114.132586617450485, 22.49054832235959 ], [ 114.132586617450485, 22.490548322359583 ], [ 114.13300695079522, 22.490681039648518 ], [ 114.132586617450485, 22.49054832235959 ] ], [ [ 114.133149139626212, 22.490752562918029 ], [ 114.133205661367356, 22.490784568872517 ], [ 114.13300695079522, 22.490681039648518 ], [ 114.133149139626212, 22.490752562918029 ] ], [ [ 114.133359464516303, 22.490811705716986 ], [ 114.133359464516303, 22.490811705716993 ], [ 114.133357603850214, 22.490818549714024 ], [ 114.133359464516303, 22.490811705716986 ] ], [ [ 114.133497180452594, 22.490799199584625 ], [ 114.133385190927598, 22.490801490241012 ], [ 114.133382993704728, 22.49080158669728 ], [ 114.133385190927598, 22.490801490241012 ], [ 114.133453274476125, 22.490801156398348 ], [ 114.133497180452594, 22.490799199584625 ] ], [ [ 114.13368457833576, 22.490773179103847 ], [ 114.133684578335746, 22.490773179103844 ], [ 114.133686059593543, 22.490772778687379 ], [ 114.13368457833576, 22.490773179103847 ] ], [ [ 114.135659989884417, 22.488562869962347 ], [ 114.135656829503191, 22.488577067650329 ], [ 114.135656829503176, 22.48857706765034 ], [ 114.135659989884417, 22.488562869962347 ] ], [ [ 114.135563659322827, 22.488312561941164 ], [ 114.135657045230673, 22.488471989919653 ], [ 114.135665358664909, 22.488503124084563 ], [ 114.135582139480164, 22.488379065961162 ], [ 114.135563659322827, 22.488312561941164 ] ], [ [ 114.135561375463624, 22.488304343076944 ], [ 114.135575794840776, 22.488146161169272 ], [ 114.135561375463624, 22.488304343076944 ], [ 114.135561375463624, 22.488304343076944 ] ], [ [ 114.135609132814096, 22.48799370034412 ], [ 114.135596266580578, 22.488026576756926 ], [ 114.13559418026928, 22.487852515165425 ], [ 114.13559418026928, 22.487852515165425 ], [ 114.135609132814096, 22.48799370034412 ] ], [ [ 114.13559464432457, 22.487846902883916 ], [ 114.135576598404668, 22.487599036218903 ], [ 114.135602062074994, 22.487653098742499 ], [ 114.135605756619839, 22.487712510724503 ], [ 114.13559464432457, 22.487846902883916 ] ], [ [ 114.13513139236268, 22.487182349017587 ], [ 114.13513139236268, 22.487182349017587 ], [ 114.135075472896929, 22.487131758244772 ], [ 114.13513139236268, 22.487182349017587 ] ], [ [ 114.123504722861711, 22.502544366014998 ], [ 114.123505107385228, 22.502564961664877 ], [ 114.123504722861711, 22.502544366014998 ], [ 114.123504722861711, 22.502544366014998 ] ], [ [ 114.123935190665748, 22.503112772170173 ], [ 114.123481296368354, 22.503163924095855 ], [ 114.124103716094993, 22.503080408337812 ], [ 114.123935190665748, 22.503112772170173 ] ], [ [ 114.124234796931745, 22.503043399517207 ], [ 114.124335499944863, 22.503003102646069 ], [ 114.124103716094993, 22.503080408337812 ], [ 114.124234796931745, 22.503043399517207 ] ], [ [ 114.124583907166723, 22.50287833832736 ], [ 114.12446505620531, 22.502943642496653 ], [ 114.124927367438119, 22.502706066757771 ], [ 114.124583907166723, 22.50287833832736 ] ], [ [ 114.126307269461805, 22.501995345940294 ], [ 114.12657000494012, 22.501906683736003 ], [ 114.12638751305326, 22.502004627238751 ], [ 114.126307269461805, 22.501995345940315 ], [ 114.125314777226023, 22.502507540303483 ], [ 114.126307269461805, 22.501995345940294 ] ], [ [ 114.12685683249255, 22.501729938557396 ], [ 114.12742828059622, 22.501194029911925 ], [ 114.127149425555984, 22.501491025891983 ], [ 114.126986207329622, 22.501636861401511 ], [ 114.12685683249255, 22.501729938557396 ] ], [ [ 114.126823105682547, 22.500511570121972 ], [ 114.126812608487754, 22.500533307818184 ], [ 114.126845930070743, 22.500497038278009 ], [ 114.126823105682547, 22.500511570121972 ] ], [ [ 114.126871501381814, 22.500492034344479 ], [ 114.127296659335968, 22.500490856241161 ], [ 114.127296546401723, 22.500262487007543 ], [ 114.127296659335997, 22.500490856241175 ], [ 114.126871501381814, 22.500492034344479 ] ], [ [ 114.127713590115277, 22.499926719954932 ], [ 114.127296546343487, 22.500262369268249 ], [ 114.127296546343487, 22.500262369268235 ], [ 114.127713590115277, 22.499926719954932 ] ], [ [ 114.127555909299346, 22.499591716529967 ], [ 114.127555909299346, 22.499591716529959 ], [ 114.127546958663316, 22.499562410412803 ], [ 114.127555909299346, 22.499591716529967 ] ], [ [ 114.128676522512137, 22.50616067655298 ], [ 114.12862896274585, 22.50621995747807 ], [ 114.12862896274585, 22.50621995747807 ], [ 114.128676522512137, 22.50616067655298 ] ], [ [ 114.133080295634031, 22.501791597755982 ], [ 114.133080295634031, 22.501791597755982 ], [ 114.133113176208823, 22.501756704496209 ], [ 114.133080295634031, 22.501791597755982 ] ], [ [ 114.128681717338893, 22.506303820374484 ], [ 114.129311212486073, 22.50730444741059 ], [ 114.12864335035583, 22.50624282917887 ], [ 114.128681717338893, 22.506303820374484 ] ], [ [ 114.13057827406756, 22.507241639757165 ], [ 114.13057827406756, 22.507241639757165 ], [ 114.129311212486073, 22.50730444741059 ], [ 114.13057827406756, 22.507241639757165 ] ], [ [ 114.130786425890918, 22.507771466813768 ], [ 114.130786425890918, 22.50777146681374 ], [ 114.130896086815753, 22.507710371472445 ], [ 114.130786425890918, 22.507771466813768 ] ], [ [ 114.130896086815753, 22.507710371472445 ], [ 114.131240580399506, 22.507527721515761 ], [ 114.131363161131603, 22.507425920545103 ], [ 114.130896086815753, 22.507710371472445 ] ], [ [ 114.131363161131603, 22.507425920545103 ], [ 114.131663470132338, 22.507035639652358 ], [ 114.131663470132366, 22.507035639652365 ], [ 114.131525799040631, 22.507248420022155 ], [ 114.131363161131603, 22.507425920545103 ] ], [ [ 114.133328880525539, 22.507813442563197 ], [ 114.132865188985036, 22.507765439251038 ], [ 114.134093535016788, 22.507785451763439 ], [ 114.133328880525539, 22.507813442563197 ] ], [ [ 114.134890265145827, 22.508047725649696 ], [ 114.135025001289847, 22.507884419124679 ], [ 114.134668891409561, 22.507928042829747 ], [ 114.134890265145827, 22.508047725649696 ] ], [ [ 114.143553725448811, 22.482306117412236 ], [ 114.143571382716331, 22.482223288193236 ], [ 114.143539427138151, 22.482486126689434 ], [ 114.143554698784484, 22.482787149583363 ], [ 114.143544550755792, 22.482922215350325 ], [ 114.14345978725494, 22.483324394268418 ], [ 114.143553725448811, 22.482306117412236 ] ], [ [ 114.143622402481284, 22.482041868360387 ], [ 114.14461486589822, 22.481536336839063 ], [ 114.144820295558176, 22.481504166288026 ], [ 114.144948992578833, 22.48149524265828 ], [ 114.145082963120998, 22.481499107029432 ], [ 114.145821529409929, 22.481592498867368 ], [ 114.143622402481284, 22.482041868360387 ] ], [ [ 114.145653390352521, 22.48173042404591 ], [ 114.145610551216748, 22.482014982114478 ], [ 114.145736794464739, 22.482030430464683 ], [ 114.145610551216748, 22.482014982114492 ], [ 114.145653390352535, 22.481730424045896 ], [ 114.145791439331077, 22.48174797872311 ], [ 114.145653390352521, 22.48173042404591 ] ], [ [ 114.145590538555254, 22.48350841867515 ], [ 114.145590538555254, 22.483508418675182 ], [ 114.14546784743554, 22.483420501856504 ], [ 114.145590538555254, 22.48350841867515 ] ], [ [ 114.145764854128373, 22.483440624956348 ], [ 114.14569837012327, 22.483461465083952 ], [ 114.145764854128373, 22.483440624956348 ], [ 114.145764854128373, 22.483440624956348 ] ], [ [ 114.145865219034903, 22.483510124253019 ], [ 114.145865219034903, 22.483510124253051 ], [ 114.145788219333824, 22.483456804581166 ], [ 114.145865219034903, 22.483510124253019 ] ], [ [ 114.145902050814158, 22.483584298089273 ], [ 114.145902050814144, 22.483584298089276 ], [ 114.145884744171894, 22.483584294766885 ], [ 114.145902050814158, 22.483584298089273 ] ], [ [ 114.145918600714097, 22.48351633839345 ], [ 114.146075135845948, 22.483236272087165 ], [ 114.146076543323716, 22.48323123758048 ], [ 114.146075135845933, 22.483236272087211 ], [ 114.145977725415619, 22.483428384491788 ], [ 114.145918600714097, 22.48351633839345 ] ], [ [ 114.146131756266925, 22.482983611976312 ], [ 114.146131756266939, 22.48298361197633 ], [ 114.146113688549733, 22.48307802266179 ], [ 114.146131756266925, 22.482983611976312 ] ], [ [ 114.146177509991603, 22.482881196306419 ], [ 114.146741739756067, 22.482141568865572 ], [ 114.146828958855764, 22.482111080392709 ], [ 114.146889917234134, 22.482102079377498 ], [ 114.147104385326102, 22.482110445119012 ], [ 114.147332190299693, 22.482050506977036 ], [ 114.147488227920689, 22.482061191348848 ], [ 114.147733682096856, 22.481987394168065 ], [ 114.147860390576767, 22.481962926515926 ], [ 114.147934027255417, 22.481966416444894 ], [ 114.147488227920689, 22.482061191348848 ], [ 114.147332190299721, 22.482050506977068 ], [ 114.147104385326116, 22.482110445119034 ], [ 114.146741739756067, 22.482141568865579 ], [ 114.14661626263441, 22.482445572277143 ], [ 114.146177509991603, 22.482881196306419 ] ], [ [ 114.147953479338014, 22.481975450344159 ], [ 114.147953479338014, 22.481975450344162 ], [ 114.147934027255417, 22.481966416444894 ], [ 114.147953479338014, 22.481975450344159 ] ], [ [ 114.14799238400569, 22.482038029039291 ], [ 114.147989974187709, 22.482028058335288 ], [ 114.14799238400569, 22.482038029039266 ], [ 114.14799238400569, 22.482038029039291 ] ], [ [ 114.147984596345751, 22.482151729569171 ], [ 114.147984596345751, 22.482151729569175 ], [ 114.147984548985534, 22.482150803371013 ], [ 114.147984596345751, 22.482151729569171 ] ], [ [ 114.148105212366914, 22.482314795207937 ], [ 114.148234255515149, 22.482373786749196 ], [ 114.148039947607614, 22.482269635494887 ], [ 114.148105212366914, 22.482314795207937 ] ], [ [ 114.148358759932776, 22.482484503585557 ], [ 114.148358759932776, 22.482484503585589 ], [ 114.1483076775841, 22.48242984774209 ], [ 114.148358759932776, 22.482484503585557 ] ], [ [ 114.148332145666231, 22.482714900811693 ], [ 114.148332145666231, 22.482714900811715 ], [ 114.148325664602964, 22.482665575555981 ], [ 114.148332145666231, 22.482714900811693 ] ], [ [ 114.148143428236637, 22.482985571978862 ], [ 114.148146199036546, 22.482981992231004 ], [ 114.148143428236637, 22.482985571978865 ], [ 114.148143428236637, 22.482985571978862 ] ], [ [ 114.148126569573776, 22.483028282823231 ], [ 114.14812994001133, 22.483019743937483 ], [ 114.148126569573776, 22.483028282823231 ], [ 114.148126569573776, 22.483028282823231 ] ], [ [ 114.148135633617926, 22.48318049202107 ], [ 114.148182312027558, 22.48326150913498 ], [ 114.148128835582995, 22.483066335123009 ], [ 114.148135633617926, 22.48318049202107 ] ], [ [ 114.148387209188371, 22.483307468080636 ], [ 114.148387209188357, 22.483307468080646 ], [ 114.148457237348836, 22.483283423410089 ], [ 114.148387209188371, 22.483307468080636 ] ], [ [ 114.148579156070213, 22.483211860759884 ], [ 114.148679380861651, 22.483133561793249 ], [ 114.148457237348836, 22.483283423410089 ], [ 114.148579156070213, 22.483211860759884 ] ], [ [ 114.148805492521163, 22.482970679929981 ], [ 114.148820400722457, 22.48296166114077 ], [ 114.148829796150054, 22.48296286307118 ], [ 114.148805492521177, 22.482970679930013 ], [ 114.148761377803851, 22.483057291959437 ], [ 114.148742967261555, 22.483080340770336 ], [ 114.148805492521163, 22.482970679929981 ] ], [ [ 114.148942944436484, 22.483066353893577 ], [ 114.149191263434147, 22.483202358548454 ], [ 114.14919662071253, 22.483214788799021 ], [ 114.148942944436484, 22.483066353893577 ] ], [ [ 114.14920357488073, 22.483253490848298 ], [ 114.149203562386418, 22.483253025589313 ], [ 114.14920357488073, 22.483253490848298 ], [ 114.14920357488073, 22.483253490848298 ] ], [ [ 114.149200296249802, 22.483468838500752 ], [ 114.149200296249802, 22.483468838500766 ], [ 114.149197058996066, 22.483455197707308 ], [ 114.149200296249802, 22.483468838500752 ] ], [ [ 114.149407751456096, 22.483621063452958 ], [ 114.149427937667781, 22.483639799187792 ], [ 114.149407751456124, 22.483621063452986 ], [ 114.149252801923694, 22.483553065107554 ], [ 114.149244503086123, 22.48354622015399 ], [ 114.149407751456096, 22.483621063452958 ] ], [ [ 114.149468030746405, 22.483707693400167 ], [ 114.149518566714107, 22.483741537001883 ], [ 114.149460497825558, 22.483687962477809 ], [ 114.149468030746405, 22.483707693400167 ] ], [ [ 114.149596407504802, 22.483755233168697 ], [ 114.149762416618572, 22.483669246476541 ], [ 114.149569155000648, 22.4837513592758 ], [ 114.149596407504802, 22.483755233168697 ] ], [ [ 114.14988175770732, 22.483508660620057 ], [ 114.149809109540001, 22.483614511962241 ], [ 114.14988175770732, 22.483508660620057 ], [ 114.14988175770732, 22.483508660620057 ] ], [ [ 114.149918737932055, 22.483429262395553 ], [ 114.14991873793204, 22.483429262395568 ], [ 114.14989042297421, 22.483490055906906 ], [ 114.149918737932055, 22.483429262395553 ] ], [ [ 114.149978447654263, 22.483245819552263 ], [ 114.149978447654263, 22.483245819552266 ], [ 114.149965475119799, 22.483252345087443 ], [ 114.149978447654263, 22.483245819552263 ] ], [ [ 114.150145729647235, 22.483257279840405 ], [ 114.150172316319825, 22.483257284240771 ], [ 114.150018649144798, 22.483241609043915 ], [ 114.150145729647235, 22.483257279840405 ] ], [ [ 114.150320811286676, 22.483235653811157 ], [ 114.150225489664976, 22.483257293028345 ], [ 114.150225489664948, 22.483257293028348 ], [ 114.150320811286676, 22.483235653811157 ] ], [ [ 114.150860396715061, 22.483389610851447 ], [ 114.150860396715089, 22.483389610851411 ], [ 114.151221535843405, 22.484375897858992 ], [ 114.150860396715061, 22.483389610851447 ] ], [ [ 114.151407290908054, 22.484606825826752 ], [ 114.151618250939151, 22.484754020248744 ], [ 114.151221535843405, 22.484375897858992 ], [ 114.151407290908054, 22.484606825826752 ] ], [ [ 114.144247748021954, 22.484902402918649 ], [ 114.144245324877076, 22.484917322305989 ], [ 114.144247748021954, 22.484902402918646 ], [ 114.144247748021954, 22.484902402918649 ] ], [ [ 114.143980712212041, 22.483954860067094 ], [ 114.143749933755146, 22.483678668486835 ], [ 114.144151768408932, 22.48425702464051 ], [ 114.143980712212041, 22.483954860067094 ] ], [ [ 114.139138047531972, 22.493420897028923 ], [ 114.139138047531972, 22.493420897028923 ], [ 114.139163508644842, 22.493405962118921 ], [ 114.139138047531972, 22.493420897028923 ] ], [ [ 114.139285689663055, 22.493365024301585 ], [ 114.139285689663112, 22.493365024301639 ], [ 114.139243833626139, 22.493368830720005 ], [ 114.139285689663055, 22.493365024301585 ] ], [ [ 114.139402652830285, 22.493521990824753 ], [ 114.139401763251144, 22.493516314582866 ], [ 114.139402652830285, 22.493521990824743 ], [ 114.139402652830285, 22.493521990824753 ] ], [ [ 114.139357454526262, 22.493628638361518 ], [ 114.139361522864348, 22.493624350921383 ], [ 114.139357454526262, 22.493628638361528 ], [ 114.139357454526262, 22.493628638361518 ] ], [ [ 114.139716474006903, 22.493975479754916 ], [ 114.14040994345541, 22.494638687832307 ], [ 114.139507256860426, 22.49377335964833 ], [ 114.139716474006903, 22.493975479754916 ] ], [ [ 114.140597476561794, 22.494727162963258 ], [ 114.140683391871406, 22.494697401653497 ], [ 114.140555573655888, 22.494757667247633 ], [ 114.140597476561794, 22.494727162963258 ] ], [ [ 114.140799503268425, 22.494704876101235 ], [ 114.140781451297116, 22.494701129160333 ], [ 114.140799503268397, 22.49470487610122 ], [ 114.140799503268425, 22.494704876101235 ] ], [ [ 114.140845163633685, 22.494725060216105 ], [ 114.140845163633671, 22.49472506021614 ], [ 114.140799731491938, 22.494704976987244 ], [ 114.140845163633685, 22.494725060216105 ] ], [ [ 114.141305022714747, 22.49454984613439 ], [ 114.140915234453402, 22.494788920766094 ], [ 114.140891105090574, 22.494761817623683 ], [ 114.140915234453388, 22.494788920766073 ], [ 114.141305022714747, 22.49454984613439 ] ], [ [ 114.142303268111505, 22.494009214550058 ], [ 114.142812807486038, 22.493811024419909 ], [ 114.143227646217071, 22.493598608128895 ], [ 114.142995255593704, 22.493728118626379 ], [ 114.142812807486067, 22.493811024419941 ], [ 114.142303268111505, 22.494009214550058 ], [ 114.142080054130062, 22.494121549867781 ], [ 114.142303268111505, 22.494009214550058 ] ], [ [ 114.143444450934027, 22.493459512810713 ], [ 114.143805236403509, 22.49316297466677 ], [ 114.144055998658516, 22.49288320990162 ], [ 114.144553871655177, 22.492258199000268 ], [ 114.144717858791338, 22.492064014935593 ], [ 114.143444450934027, 22.493459512810713 ] ], [ [ 114.143574552123312, 22.491282003070051 ], [ 114.142363424379297, 22.490963044821513 ], [ 114.143672608685151, 22.491310869394393 ], [ 114.143574552123312, 22.491282003070051 ] ], [ [ 114.140047591668463, 22.491392789016587 ], [ 114.140242550154682, 22.491598988442455 ], [ 114.140047591668463, 22.491392789016587 ], [ 114.140047591668463, 22.491392789016587 ] ], [ [ 114.140601637932122, 22.490763847721151 ], [ 114.140549401123721, 22.490838351836302 ], [ 114.140601637932122, 22.490763847721141 ], [ 114.140601637932122, 22.490763847721151 ] ], [ [ 114.140598679725429, 22.490741785783069 ], [ 114.14060023492604, 22.490740476724447 ], [ 114.140598679725443, 22.490741785783097 ], [ 114.140598679725429, 22.490741785783069 ] ], [ [ 114.140598194777155, 22.490738155452277 ], [ 114.140598194777198, 22.490738155452291 ], [ 114.140599674641052, 22.49073983923471 ], [ 114.140598194777155, 22.490738155452277 ] ], [ [ 114.137328069186864, 22.502999561931652 ], [ 114.13732806918685, 22.502999561931667 ], [ 114.137292806379136, 22.502976841851833 ], [ 114.137328069186864, 22.502999561931652 ] ], [ [ 114.137240278520991, 22.502904865795163 ], [ 114.137168338689435, 22.502806290421496 ], [ 114.137168338689435, 22.502806290421493 ], [ 114.137240278520991, 22.502904865795163 ] ], [ [ 114.138345067988098, 22.502115100959688 ], [ 114.138319971041781, 22.502127186652164 ], [ 114.138448032999619, 22.5020628253599 ], [ 114.138345067988098, 22.502115100959688 ] ], [ [ 114.138665157482464, 22.502202446812479 ], [ 114.13866515748245, 22.502202446812461 ], [ 114.138600859188003, 22.50203175288221 ], [ 114.138665157482464, 22.502202446812479 ] ], [ [ 114.138634126527705, 22.502277995431481 ], [ 114.138634684484543, 22.502291253467561 ], [ 114.138634684484501, 22.502291253467561 ], [ 114.138634126527705, 22.502277995431481 ] ], [ [ 114.138631249067586, 22.502291487239603 ], [ 114.138627278712079, 22.502291757412873 ], [ 114.138627278712079, 22.502291757412873 ], [ 114.138631249067586, 22.502291487239603 ] ], [ [ 114.138629487041598, 22.502319165168128 ], [ 114.13862948704157, 22.502319165168117 ], [ 114.138627368398403, 22.502292870517305 ], [ 114.138629487041598, 22.502319165168128 ] ], [ [ 114.138524255386429, 22.502346348736406 ], [ 114.13850440318204, 22.502405745913496 ], [ 114.138556169537878, 22.502318325995681 ], [ 114.138524255386429, 22.502346348736406 ] ], [ [ 114.13850440318204, 22.502405745913496 ], [ 114.138521359615552, 22.502556566475544 ], [ 114.138523569184684, 22.502652356706658 ], [ 114.138521359615538, 22.502556566475544 ], [ 114.138501788767641, 22.502476579663508 ], [ 114.13850440318204, 22.502405745913496 ] ], [ [ 114.138582294982271, 22.502913055555982 ], [ 114.138582294982257, 22.502913055555958 ], [ 114.138530136173657, 22.502682812804107 ], [ 114.138582294982271, 22.502913055555982 ] ], [ [ 114.141017231670034, 22.501977326605211 ], [ 114.140971638769756, 22.501991470468283 ], [ 114.14114786281533, 22.501948843286804 ], [ 114.141017231670034, 22.501977326605211 ] ], [ [ 114.144113184565995, 22.501558306387736 ], [ 114.144098229476327, 22.501529442776562 ], [ 114.144098229476327, 22.501529442776562 ], [ 114.144113184565995, 22.501558306387736 ] ], [ [ 114.148291231488159, 22.502725141630496 ], [ 114.146993439965783, 22.501337395984002 ], [ 114.145751149153796, 22.500073258400324 ], [ 114.146993439965783, 22.501337395984002 ], [ 114.148291231488159, 22.502725141630485 ], [ 114.148291231488159, 22.502725141630496 ] ], [ [ 114.140712879719288, 22.498319634274626 ], [ 114.140712879719331, 22.498319634218173 ], [ 114.140868396699446, 22.497856608124199 ], [ 114.140712879719288, 22.498319634274626 ] ], [ [ 114.140304590866847, 22.499844351057519 ], [ 114.140304593493454, 22.499844351491006 ], [ 114.13993234161525, 22.501413865309676 ], [ 114.140304590866847, 22.499844351057519 ] ], [ [ 114.137986009074226, 22.50612552710945 ], [ 114.137986009074226, 22.506125527109443 ], [ 114.138145161659665, 22.506108212031751 ], [ 114.137986009074226, 22.50612552710945 ] ], [ [ 114.138575457346676, 22.506076335224108 ], [ 114.13857545734669, 22.50607633522409 ], [ 114.138771119519575, 22.506088594261364 ], [ 114.138575457346676, 22.506076335224108 ] ], [ [ 114.138869993804306, 22.506102270844849 ], [ 114.141300919207865, 22.506997869235335 ], [ 114.141601235457742, 22.507118851931118 ], [ 114.138869993804306, 22.506102270844849 ] ], [ [ 114.142912857364422, 22.507469106219926 ], [ 114.141987094220113, 22.507256270102964 ], [ 114.14189951717286, 22.507225732558176 ], [ 114.142912857364422, 22.507469106219926 ] ], [ [ 114.143308126513702, 22.507527182121351 ], [ 114.144579775692563, 22.507571338544473 ], [ 114.142912857364422, 22.507469106219926 ], [ 114.143308126513702, 22.507527182121351 ] ], [ [ 114.144579775692563, 22.507571338544473 ], [ 114.145591309609102, 22.507292137893504 ], [ 114.145902551627586, 22.50689984583531 ], [ 114.146147096333493, 22.506569479870201 ], [ 114.14629835303802, 22.506372811623738 ], [ 114.145902551627586, 22.506899845835321 ], [ 114.145591309609131, 22.507292137893522 ], [ 114.145326308615864, 22.507557949797729 ], [ 114.144579775692563, 22.507571338544473 ] ], [ [ 114.146342414894534, 22.506314586570351 ], [ 114.146662726172437, 22.505006065309768 ], [ 114.146667397939041, 22.504706374731757 ], [ 114.146342414894534, 22.506314586570351 ] ], [ [ 114.146676692197417, 22.504333891054188 ], [ 114.146685984054557, 22.504017070669853 ], [ 114.146667397939041, 22.504706374731757 ], [ 114.146676692197417, 22.504333891054188 ] ], [ [ 114.146930299768414, 22.503499069937732 ], [ 114.146755159275273, 22.503717392114392 ], [ 114.146709053787049, 22.503850103112132 ], [ 114.146930299768414, 22.503499069937732 ] ], [ [ 114.146930299768414, 22.503499069937732 ], [ 114.148123846284051, 22.502818549318079 ], [ 114.148270822832728, 22.502736530498535 ], [ 114.146930299768414, 22.503499069937732 ] ] ] } },
{ "type": "Feature", "properties": { "codigo": "P", "distrito_en": "Tai Po", "distrito_zh": "大埔區", "distrito_es": "Tai Po", "region": "Nuevos Territorios", "area_km2_oficial": 148.19, "area_km2_poligono_incluye_mar": 341.496, "centro_lat": 22.480836, "centro_lon": 114.327091, "n_circunscripciones": 19 }, "geometry": { "type": "Polygon", "coordinates": [ [ [ 114.138324657251431, 22.417308973053458 ], [ 114.134016206352413, 22.416607240575434 ], [ 114.128439302215213, 22.416898714711763 ], [ 114.125572973801084, 22.415934865147094 ], [ 114.126004979083547, 22.420029620893729 ], [ 114.124371459039722, 22.422736625711561 ], [ 114.122963325782962, 22.423293234294615 ], [ 114.121984612207669, 22.424640622078378 ], [ 114.121019261146785, 22.427600525459091 ], [ 114.11795653236554, 22.42894499611219 ], [ 114.116622303159204, 22.431902524064039 ], [ 114.11689851899186, 22.434809226138643 ], [ 114.115136472488132, 22.436391394665282 ], [ 114.112502442456659, 22.44112893669185 ], [ 114.112857329106674, 22.441955526842086 ], [ 114.111954726580549, 22.44379818269352 ], [ 114.115266483527833, 22.448502537895131 ], [ 114.118076375852738, 22.450932874602447 ], [ 114.118509572094752, 22.452790467560177 ], [ 114.121798875331905, 22.455644303186943 ], [ 114.122300045178605, 22.457855205982543 ], [ 114.123859494379076, 22.459153977261419 ], [ 114.124381650709353, 22.460425696386483 ], [ 114.124069823066051, 22.461402019417232 ], [ 114.124932415133216, 22.462336569798758 ], [ 114.124816205265375, 22.463554836968004 ], [ 114.126858277676618, 22.463831470609755 ], [ 114.128099274520508, 22.466992437441426 ], [ 114.131139907109997, 22.468647114828421 ], [ 114.134005395143831, 22.46780561528243 ], [ 114.135742570880254, 22.468452835476512 ], [ 114.138706183074873, 22.471579219329254 ], [ 114.141655975180342, 22.472589120900526 ], [ 114.142137302793557, 22.473384913758711 ], [ 114.143582832835094, 22.473540740268113 ], [ 114.143892862589482, 22.474732575670817 ], [ 114.145790265052725, 22.47468108143843 ], [ 114.14813234905013, 22.476535243834984 ], [ 114.148995212880763, 22.479719213138413 ], [ 114.151079470466328, 22.480418360229361 ], [ 114.152935097574385, 22.480131677528579 ], [ 114.153316737216855, 22.483989742749657 ], [ 114.151191179401621, 22.485531830597068 ], [ 114.152326561034045, 22.486318844811617 ], [ 114.151491627758816, 22.486959603698928 ], [ 114.151940850476208, 22.487302061605153 ], [ 114.151442867045091, 22.488225451321757 ], [ 114.159533843380018, 22.488294386699515 ], [ 114.16407036068891, 22.489758015620726 ], [ 114.164055252013512, 22.486027977830659 ], [ 114.165589285973354, 22.485632650600881 ], [ 114.168888997402988, 22.486960362385449 ], [ 114.170112449424295, 22.485251900869443 ], [ 114.169642406191642, 22.484658275581925 ], [ 114.171786761458407, 22.483969228370075 ], [ 114.172432945079464, 22.487169678646296 ], [ 114.173627365546295, 22.488098628759747 ], [ 114.174823779922434, 22.490675582687448 ], [ 114.177537945193606, 22.493221417784063 ], [ 114.179384524404497, 22.494522589611048 ], [ 114.183344027406008, 22.495623518929794 ], [ 114.186114330797963, 22.495618904272249 ], [ 114.190860878918841, 22.495105571423903 ], [ 114.191577203082232, 22.494344642207388 ], [ 114.193828396469655, 22.494974841847259 ], [ 114.195761908875966, 22.493079759593389 ], [ 114.202495774762752, 22.492471163675301 ], [ 114.207451052223831, 22.489528473485372 ], [ 114.211520425584638, 22.490388969216337 ], [ 114.217666084008584, 22.489969891685838 ], [ 114.219436609208515, 22.48910224386627 ], [ 114.220523269489263, 22.489198614482607 ], [ 114.223634147384999, 22.486966220016072 ], [ 114.224684596646384, 22.490259968283006 ], [ 114.226863048463642, 22.490919736320496 ], [ 114.229249412749539, 22.492601558306674 ], [ 114.232454101424111, 22.498346642498458 ], [ 114.233646390665044, 22.497767342299426 ], [ 114.235539596035039, 22.498344157373062 ], [ 114.235212954111589, 22.499070066677735 ], [ 114.238327758413732, 22.500722110735389 ], [ 114.238473045890899, 22.502991789034713 ], [ 114.241284088905715, 22.503911680138284 ], [ 114.241649062770577, 22.504650553332034 ], [ 114.242512084379698, 22.504584887071832 ], [ 114.242184382631478, 22.502242953673921 ], [ 114.244945714202402, 22.500821284992856 ], [ 114.247513146184247, 22.497795739285806 ], [ 114.248790063106426, 22.494811126057026 ], [ 114.251685405958199, 22.493155610609907 ], [ 114.255853356903714, 22.492730050405253 ], [ 114.260173803397549, 22.493485307741722 ], [ 114.261047916314865, 22.492895448572828 ], [ 114.263803257315828, 22.492990583500351 ], [ 114.265991605389956, 22.494438774936466 ], [ 114.265988806633075, 22.4958192253305 ], [ 114.267578068064438, 22.495285563315392 ], [ 114.269441156799644, 22.496039389958852 ], [ 114.274361033623833, 22.495984824869215 ], [ 114.280554355514894, 22.498253861008795 ], [ 114.28264340161823, 22.496964173873145 ], [ 114.287067254678831, 22.496236113693431 ], [ 114.293639738822449, 22.491993703890952 ], [ 114.296024501958726, 22.492116351610377 ], [ 114.297882947569462, 22.490823837663356 ], [ 114.300308339161404, 22.490590494882799 ], [ 114.301109086805013, 22.48995578358717 ], [ 114.305101185445309, 22.491068974816404 ], [ 114.310241883579081, 22.493834393870287 ], [ 114.311597352805705, 22.495211483099087 ], [ 114.315304357545259, 22.496393072253735 ], [ 114.316030291136912, 22.498792251661996 ], [ 114.318089052454553, 22.500105734209303 ], [ 114.320945942892322, 22.501071061704991 ], [ 114.323967702868032, 22.503177554293352 ], [ 114.326525369661283, 22.502970552032671 ], [ 114.329854724846797, 22.505001351860212 ], [ 114.335852142429417, 22.510063300918581 ], [ 114.336189576392485, 22.568131094018657 ], [ 114.434004590186163, 22.561996393525863 ], [ 114.455166098554201, 22.544966205511937 ], [ 114.454916367902854, 22.468714690083544 ], [ 114.456059590217706, 22.466226297332206 ], [ 114.36379374786857, 22.442019770392516 ], [ 114.364787525784223, 22.438854210811542 ], [ 114.363928958930344, 22.435583094887118 ], [ 114.364528496565072, 22.433964913278992 ], [ 114.366095777760052, 22.433452783409901 ], [ 114.366689222277373, 22.432450530502116 ], [ 114.365931936578136, 22.429130638565315 ], [ 114.366437458597346, 22.426548694864898 ], [ 114.36786271755247, 22.425361418134489 ], [ 114.368027651159963, 22.423170925251174 ], [ 114.366022464445152, 22.42099935950819 ], [ 114.366393625046214, 22.420755012096031 ], [ 114.365621108561214, 22.418638050610589 ], [ 114.366065404404551, 22.41790871036093 ], [ 114.364723325317428, 22.415122386132509 ], [ 114.362130589015521, 22.412892762057602 ], [ 114.359559769843216, 22.408398727293516 ], [ 114.358238965265869, 22.407503029334013 ], [ 114.356224804057064, 22.407502956341126 ], [ 114.355580174853614, 22.405800388961659 ], [ 114.35072715042989, 22.406320012630079 ], [ 114.351524005166908, 22.406815612489424 ], [ 114.352044973189166, 22.408347094465093 ], [ 114.348872681429611, 22.410099929037706 ], [ 114.344731295170007, 22.411041267161607 ], [ 114.342809430236841, 22.414453697327833 ], [ 114.338519861450322, 22.41844802895033 ], [ 114.337593039049963, 22.418805169202546 ], [ 114.334285682574901, 22.415151747881026 ], [ 114.331539783412836, 22.414690008244769 ], [ 114.324767680383175, 22.417435389045423 ], [ 114.322229933565353, 22.420700236302519 ], [ 114.322860235724079, 22.422222031956949 ], [ 114.322566452205592, 22.422955642773342 ], [ 114.319942647060671, 22.424294432965855 ], [ 114.317998520373152, 22.426075884142364 ], [ 114.313804936379881, 22.426351654244005 ], [ 114.30800427000537, 22.427708084314911 ], [ 114.306668425382867, 22.426151165565326 ], [ 114.306162581135652, 22.424104212304123 ], [ 114.306510323852606, 22.422325997925554 ], [ 114.306090188219912, 22.42134391034238 ], [ 114.307106942681045, 22.419547900308086 ], [ 114.305636614092876, 22.418505138920466 ], [ 114.306032734732483, 22.416596693510133 ], [ 114.302929638112275, 22.414779947033331 ], [ 114.299596437106686, 22.415671066905691 ], [ 114.298131488973979, 22.415176544617054 ], [ 114.292491493509658, 22.415988247787503 ], [ 114.291029063400458, 22.416646625101656 ], [ 114.29069118543633, 22.41602412200163 ], [ 114.28827170700859, 22.415065236860425 ], [ 114.286714162995466, 22.412207434578011 ], [ 114.287567601422282, 22.4096717070789 ], [ 114.287298309677581, 22.408957625292597 ], [ 114.28312042812918, 22.404003483805365 ], [ 114.281842011937044, 22.401378351654127 ], [ 114.276733815133156, 22.402818358139911 ], [ 114.274763193652518, 22.401262228094662 ], [ 114.272325962450651, 22.397921300415554 ], [ 114.258060467196188, 22.398459366627133 ], [ 114.252447384245755, 22.393600173870201 ], [ 114.252746130479139, 22.399116226722921 ], [ 114.254384922486238, 22.401300820779998 ], [ 114.25302725468805, 22.403100386447555 ], [ 114.253510988855169, 22.404748494009862 ], [ 114.25179217020424, 22.40597886503933 ], [ 114.251786191485266, 22.410404503528753 ], [ 114.248479073930895, 22.414190165404243 ], [ 114.249011223541743, 22.415073290540064 ], [ 114.248254918479219, 22.419490651505683 ], [ 114.249428750548645, 22.422421403064796 ], [ 114.248633869014597, 22.42434912331688 ], [ 114.249341500206597, 22.42577472785327 ], [ 114.247897615912535, 22.427862699468605 ], [ 114.247035780760683, 22.427773475993675 ], [ 114.247522328278876, 22.428971056148828 ], [ 114.248805194889655, 22.42929341917441 ], [ 114.248003405790072, 22.429902111858414 ], [ 114.249487406500833, 22.431415950607033 ], [ 114.249607934672284, 22.438961243683877 ], [ 114.227258773674251, 22.438992219033654 ], [ 114.207286646059032, 22.426672248710698 ], [ 114.206624398678599, 22.425457439153469 ], [ 114.205208474459852, 22.425202321199478 ], [ 114.204727581656726, 22.426094010895856 ], [ 114.203290075614319, 22.424323195686181 ], [ 114.203980351892938, 22.422597447111386 ], [ 114.203362806824956, 22.422474130123511 ], [ 114.203163949065683, 22.423395542400879 ], [ 114.202202555037019, 22.422898712848053 ], [ 114.202329971056358, 22.425393624079515 ], [ 114.20053115888183, 22.42434862024378 ], [ 114.200126400473522, 22.421683441639452 ], [ 114.199203273739442, 22.421639376897932 ], [ 114.198675564762397, 22.418605297403872 ], [ 114.185242933027808, 22.418346910052179 ], [ 114.185126188586338, 22.415628252165536 ], [ 114.173422677165419, 22.415720142316868 ], [ 114.17340842176209, 22.412836679792719 ], [ 114.160472045563495, 22.413077688010688 ], [ 114.160092848330393, 22.412051081060795 ], [ 114.158745390002878, 22.413025452199975 ], [ 114.158896538192295, 22.412397813847392 ], [ 114.15823530178973, 22.411854744700467 ], [ 114.155144301362441, 22.412900099220291 ], [ 114.149303544770873, 22.412503385258731 ], [ 114.147327441185396, 22.411833976517759 ], [ 114.146943147706182, 22.415892017773096 ], [ 114.146165408040034, 22.416858585511431 ], [ 114.143159656238097, 22.415784162966851 ], [ 114.138324657251431, 22.417308973053458 ] ], [ [ 114.138408629230796, 22.417537202404194 ], [ 114.138387351676144, 22.417455263762797 ], [ 114.13845686199096, 22.417615389673259 ], [ 114.138408629230796, 22.417537202404194 ] ], [ [ 114.157688067985703, 22.445064108965955 ], [ 114.157372244053249, 22.445010566525873 ], [ 114.157688067985703, 22.445064108965948 ], [ 114.157688067985703, 22.445064108965955 ] ], [ [ 114.156144060192929, 22.444696180246069 ], [ 114.156098612981808, 22.444677075622455 ], [ 114.156485660590889, 22.444804038273755 ], [ 114.156144060192929, 22.444696180246069 ] ], [ [ 114.155392422775051, 22.444281214014222 ], [ 114.155260287446012, 22.444135390677499 ], [ 114.155171219539639, 22.444126540051595 ], [ 114.155260287445969, 22.444135390677484 ], [ 114.155392422775051, 22.444281214014222 ] ], [ [ 114.154747001477801, 22.444222528356736 ], [ 114.154303024234437, 22.44415751995572 ], [ 114.154302127703147, 22.444152373181112 ], [ 114.154747001477801, 22.444222528356736 ] ], [ [ 114.154289537710852, 22.443813150689053 ], [ 114.154272466949266, 22.443766244988183 ], [ 114.154285747153097, 22.443836670938374 ], [ 114.154289537710852, 22.443813150689053 ] ], [ [ 114.1538858201599, 22.443506591097183 ], [ 114.153885820159914, 22.443506591097222 ], [ 114.153797998194577, 22.443519663717371 ], [ 114.1538858201599, 22.443506591097183 ] ], [ [ 114.153701903745883, 22.443506465508428 ], [ 114.153613897589693, 22.443473878553196 ], [ 114.153797998194577, 22.443519663717371 ], [ 114.153701903745883, 22.443506465508428 ] ], [ [ 114.153433679390915, 22.4434254846717 ], [ 114.153209323486877, 22.443406309618997 ], [ 114.153094205152954, 22.443352994977253 ], [ 114.153433679390915, 22.4434254846717 ] ], [ [ 114.153029717296306, 22.443254056833659 ], [ 114.152915306733846, 22.443198542245778 ], [ 114.153075982150796, 22.443325037017331 ], [ 114.153029717296306, 22.443254056833659 ] ], [ [ 114.152759854717047, 22.443125199842587 ], [ 114.152479041140467, 22.442955581315783 ], [ 114.152265374940143, 22.442760897444892 ], [ 114.152759854717047, 22.443125199842587 ] ], [ [ 114.151630784982245, 22.442320330044524 ], [ 114.152107411057074, 22.44268318430532 ], [ 114.152094629994721, 22.442610089830264 ], [ 114.151630784982245, 22.442320330044524 ] ], [ [ 114.151520723358232, 22.442139712709618 ], [ 114.151520723358217, 22.442139712709594 ], [ 114.151527807617271, 22.442167725711581 ], [ 114.151520723358232, 22.442139712709618 ] ], [ [ 114.151487511384289, 22.441084040957225 ], [ 114.151551905596477, 22.441181884031369 ], [ 114.151551905596477, 22.441181884031391 ], [ 114.151487511384289, 22.441084040957225 ] ], [ [ 114.151442237595333, 22.440605443613045 ], [ 114.151442276789865, 22.440390112322692 ], [ 114.151458362850192, 22.440875828921687 ], [ 114.151442237595333, 22.440605443613045 ] ], [ [ 114.151365745693241, 22.440184630226089 ], [ 114.151365745693241, 22.440184630226089 ], [ 114.151442276789865, 22.440390112322692 ], [ 114.151365745693241, 22.440184630226089 ] ], [ [ 114.151451100749043, 22.440021882592028 ], [ 114.151444446029146, 22.440053728052138 ], [ 114.151444446029132, 22.440053728052138 ], [ 114.151451100749043, 22.440021882592028 ] ], [ [ 114.151242808103987, 22.439403945591135 ], [ 114.151242808104001, 22.439403945591121 ], [ 114.151272240087451, 22.439469673943798 ], [ 114.151242808103987, 22.439403945591135 ] ], [ [ 114.151371671294953, 22.439014527358694 ], [ 114.151432220616613, 22.438959566676846 ], [ 114.151362838770254, 22.439207785046779 ], [ 114.151371671294953, 22.439014527358694 ] ], [ [ 114.151476650064964, 22.438818998283548 ], [ 114.151405055971807, 22.438712639798176 ], [ 114.151466993483552, 22.438895796820326 ], [ 114.151476650064964, 22.438818998283548 ] ], [ [ 114.151226439454248, 22.438499014313223 ], [ 114.150638786882126, 22.438089763118484 ], [ 114.150521617990961, 22.438069479708236 ], [ 114.150226571789091, 22.43800154033935 ], [ 114.150082713571308, 22.437903743755612 ], [ 114.150638786882141, 22.438089763118469 ], [ 114.151161949873384, 22.438434377327575 ], [ 114.151226439454248, 22.438499014313223 ] ], [ [ 114.150055795424009, 22.437651337879441 ], [ 114.150055795424009, 22.437651337879437 ], [ 114.150082713571308, 22.437903743755612 ], [ 114.150055795424009, 22.437651337879441 ] ], [ [ 114.150000293576525, 22.437322628865129 ], [ 114.150000293576525, 22.437322628865118 ], [ 114.150088653815828, 22.43747291042229 ], [ 114.150000293576525, 22.437322628865129 ] ], [ [ 114.149859789096055, 22.436161865837505 ], [ 114.149746676583476, 22.436038194764969 ], [ 114.149866365101488, 22.43618021849435 ], [ 114.149859789096055, 22.436161865837505 ] ], [ [ 114.149114484801871, 22.435487777998663 ], [ 114.149092502403704, 22.435469457190045 ], [ 114.149237163497176, 22.435573779625702 ], [ 114.149114484801871, 22.435487777998663 ] ], [ [ 114.148659338821233, 22.434984341110276 ], [ 114.147726180035306, 22.434724504555138 ], [ 114.14774498090712, 22.434593626242457 ], [ 114.147726180035306, 22.434724504555138 ], [ 114.148659338821233, 22.434984341110276 ] ], [ [ 114.148991008111196, 22.431820521309952 ], [ 114.148831512212766, 22.431194879999452 ], [ 114.148782296864084, 22.431126221829892 ], [ 114.148991008111196, 22.431820521309952 ] ], [ [ 114.148521226604984, 22.430436491796179 ], [ 114.147253679491996, 22.429515816228175 ], [ 114.147002738018401, 22.429372654196218 ], [ 114.148521226604984, 22.430436491796179 ] ], [ [ 114.14642008676455, 22.429070928744043 ], [ 114.146203170372374, 22.428914405005703 ], [ 114.146456405925704, 22.429079377264415 ], [ 114.14642008676455, 22.429070928744043 ] ], [ [ 114.14583561708524, 22.428738433047769 ], [ 114.145716429457821, 22.428748957718163 ], [ 114.146011527566571, 22.428791222732336 ], [ 114.14583561708524, 22.428738433047769 ] ], [ [ 114.145279596099826, 22.428577506860414 ], [ 114.144127396560037, 22.427599037510635 ], [ 114.144084860387409, 22.427548170726265 ], [ 114.145119634957851, 22.428422525523082 ], [ 114.145272415403028, 22.428567620955498 ], [ 114.145279596099826, 22.428577506860414 ] ], [ [ 114.144009821502237, 22.427486640133598 ], [ 114.143781777001863, 22.427371868813506 ], [ 114.143689603425557, 22.427341850692393 ], [ 114.144009821502237, 22.427486640133598 ] ], [ [ 114.143394651386956, 22.427273239572251 ], [ 114.143215426418209, 22.427160892034042 ], [ 114.143689603425557, 22.427341850692393 ], [ 114.143394651386956, 22.427273239572251 ] ], [ [ 114.143053628010833, 22.427127479980175 ], [ 114.142938391240719, 22.427153165595175 ], [ 114.14315465993927, 22.427137562282471 ], [ 114.143053628010833, 22.427127479980175 ] ], [ [ 114.142648024207062, 22.427165954760454 ], [ 114.14264802420702, 22.427165954760444 ], [ 114.142938391240719, 22.427153165595175 ], [ 114.142648024207062, 22.427165954760454 ] ], [ [ 114.142293186020481, 22.42699448990993 ], [ 114.142240909608532, 22.426948729679729 ], [ 114.142315922435813, 22.427008046438335 ], [ 114.142293186020481, 22.42699448990993 ] ], [ [ 114.14214583251696, 22.426450281977221 ], [ 114.141874274526899, 22.42625904828876 ], [ 114.142155024980156, 22.426553122989933 ], [ 114.14214583251696, 22.426450281977221 ] ], [ [ 114.141304477600528, 22.425535420383795 ], [ 114.141304477600528, 22.425535420383774 ], [ 114.141564643411442, 22.425664311786491 ], [ 114.141304477600528, 22.425535420383795 ] ], [ [ 114.141681064120803, 22.42410495799956 ], [ 114.141636667693732, 22.424011661749194 ], [ 114.141746833538022, 22.424293673138319 ], [ 114.141681064120803, 22.42410495799956 ] ], [ [ 114.141383666324558, 22.423791598671531 ], [ 114.141238739117739, 22.423710750660394 ], [ 114.141471076101624, 22.423827486885592 ], [ 114.141383666324558, 22.423791598671531 ] ], [ [ 114.141137505510713, 22.423673705765779 ], [ 114.141035133627767, 22.423653283262926 ], [ 114.141231715095955, 22.423706832286275 ], [ 114.141137505510713, 22.423673705765779 ] ], [ [ 114.140029846138845, 22.42177638853218 ], [ 114.139853424004073, 22.42051850693775 ], [ 114.140624018103907, 22.423183453286757 ], [ 114.140029846138845, 22.42177638853218 ] ], [ [ 114.139630812845326, 22.420285590647023 ], [ 114.139644626618363, 22.420176310346402 ], [ 114.139709603625676, 22.420407659305649 ], [ 114.139630812845326, 22.420285590647023 ] ], [ [ 114.139647200323395, 22.419742474084011 ], [ 114.139458759129326, 22.419625901376978 ], [ 114.139383971430902, 22.419572429027099 ], [ 114.139633890467536, 22.419707378679181 ], [ 114.139647200323395, 22.419742474084011 ] ], [ [ 114.139223018970569, 22.419510048803456 ], [ 114.139131728822377, 22.419476553811759 ], [ 114.139304619239368, 22.419521495276758 ], [ 114.139223018970569, 22.419510048803456 ] ], [ [ 114.13899533952609, 22.419332861997955 ], [ 114.138779106487846, 22.419130366609128 ], [ 114.138707628873604, 22.419088261550396 ], [ 114.13899533952609, 22.419332861997955 ] ], [ [ 114.138457231148692, 22.418954033523441 ], [ 114.138334858522782, 22.418789842220214 ], [ 114.138608121506152, 22.419033590778429 ], [ 114.138457231148692, 22.418954033523441 ] ], [ [ 114.138304611026882, 22.418749258104182 ], [ 114.138317729171533, 22.418674734466368 ], [ 114.138304611026882, 22.418749258104189 ], [ 114.138304611026882, 22.418749258104182 ] ], [ [ 114.138308667706013, 22.418479509526744 ], [ 114.13832510812172, 22.418632814919313 ], [ 114.13832510812172, 22.418632814919313 ], [ 114.138308667706013, 22.418479509526744 ] ], [ [ 114.138418613377681, 22.417998400602229 ], [ 114.138418613377681, 22.417998400602205 ], [ 114.138430156717817, 22.418057938327426 ], [ 114.138418613377681, 22.417998400602229 ] ], [ [ 114.150569328466418, 22.458627759042031 ], [ 114.15035174387728, 22.45905301731732 ], [ 114.150306908737079, 22.459140645010375 ], [ 114.150569328466418, 22.458627759042031 ] ], [ [ 114.159141113868458, 22.4528699548224 ], [ 114.159601520336039, 22.453249831351453 ], [ 114.160038814352845, 22.453407106549005 ], [ 114.159141113868458, 22.4528699548224 ] ], [ [ 114.161198690519953, 22.453241071969231 ], [ 114.161318755331635, 22.45318073749565 ], [ 114.160974616885326, 22.453334433931154 ], [ 114.161198690519953, 22.453241071969231 ] ], [ [ 114.161508911742771, 22.453079024654468 ], [ 114.162013010658669, 22.452813701726697 ], [ 114.162250437938809, 22.452720412516364 ], [ 114.161508911742771, 22.453079024654468 ] ], [ [ 114.16242598617103, 22.45263879227053 ], [ 114.163560531066494, 22.452088962557916 ], [ 114.163887456786711, 22.451981707418867 ], [ 114.164302211848636, 22.451821449739096 ], [ 114.164520034468538, 22.451722583118087 ], [ 114.164915648640459, 22.451568914620399 ], [ 114.165115688742347, 22.451505625839946 ], [ 114.16242598617103, 22.45263879227053 ] ], [ [ 114.166018696032154, 22.454200084983643 ], [ 114.166048055209359, 22.454378309488618 ], [ 114.165882892509444, 22.45362116163415 ], [ 114.166018696032154, 22.454200084983643 ] ], [ [ 114.166066527275106, 22.45454244135318 ], [ 114.166066273363597, 22.454547576207222 ], [ 114.166066527275106, 22.454542441353155 ], [ 114.166066527275106, 22.45454244135318 ] ], [ [ 114.165937301409471, 22.455065033481628 ], [ 114.165937301409471, 22.455065033481638 ], [ 114.165948078385981, 22.455043762622612 ], [ 114.165937301409471, 22.455065033481628 ] ], [ [ 114.165259104943999, 22.455880588129837 ], [ 114.165252914746077, 22.455835418033686 ], [ 114.165252914746077, 22.455835418033661 ], [ 114.165259104943999, 22.455880588129837 ] ], [ [ 114.165592021384427, 22.456349750336809 ], [ 114.168614573589238, 22.458138811366631 ], [ 114.16921335653042, 22.458321837168953 ], [ 114.165592021384427, 22.456349750336809 ] ], [ [ 114.169714339937357, 22.458343376054934 ], [ 114.170011784162782, 22.458329364643305 ], [ 114.169563715381273, 22.45833953154682 ], [ 114.169714339937357, 22.458343376054934 ] ], [ [ 114.170084455569807, 22.45956084869135 ], [ 114.170108269239861, 22.459674303688058 ], [ 114.170069189947213, 22.459442833032988 ], [ 114.170084455569807, 22.45956084869135 ] ], [ [ 114.170559108626946, 22.460804070177193 ], [ 114.170581735322244, 22.460834593933839 ], [ 114.170516859572942, 22.460747072513911 ], [ 114.170559108626946, 22.460804070177193 ] ], [ [ 114.157570589496729, 22.450329227395486 ], [ 114.157724652578182, 22.450458381126115 ], [ 114.157783935230341, 22.450519768092807 ], [ 114.159413413377465, 22.449674422305399 ], [ 114.160319384713986, 22.449288994651084 ], [ 114.157570589496729, 22.450329227395486 ] ], [ [ 114.157374915529132, 22.450211726812231 ], [ 114.157366604402398, 22.450207289636559 ], [ 114.157570589496729, 22.450329227395486 ], [ 114.157374915529132, 22.450211726812231 ] ], [ [ 114.161047559549232, 22.449126658905541 ], [ 114.161047559549232, 22.449126658905541 ], [ 114.160713271216721, 22.449177322798501 ], [ 114.161047559549232, 22.449126658905541 ] ], [ [ 114.16180126370196, 22.44915274761323 ], [ 114.16180126370196, 22.44915274761324 ], [ 114.161613723749142, 22.449123667329165 ], [ 114.16180126370196, 22.44915274761323 ] ], [ [ 114.162593788883342, 22.449467097217649 ], [ 114.162362279421828, 22.449357927396807 ], [ 114.162593788883356, 22.449467097217639 ], [ 114.162593788883342, 22.449467097217649 ] ], [ [ 114.156046378730196, 22.446068336126451 ], [ 114.156303138107944, 22.445939243139723 ], [ 114.156003946674133, 22.446090170720858 ], [ 114.156046378730196, 22.446068336126451 ] ], [ [ 114.155658123443089, 22.446292863983356 ], [ 114.155362578002354, 22.44649885471107 ], [ 114.155519994349973, 22.446385407940507 ], [ 114.155658123443089, 22.446292863983356 ] ], [ [ 114.153804729165955, 22.450091636715609 ], [ 114.153931579186931, 22.450347860355155 ], [ 114.153868490741672, 22.450223014471412 ], [ 114.153804729165955, 22.450091636715609 ] ], [ [ 114.154460888074368, 22.450447477243511 ], [ 114.154427999660271, 22.450452587245188 ], [ 114.154729965260927, 22.450330822875856 ], [ 114.154460888074368, 22.450447477243511 ] ], [ [ 114.15653107715859, 22.449938406617882 ], [ 114.155789293174365, 22.449956318293701 ], [ 114.155430154612475, 22.450039540822459 ], [ 114.155789293174365, 22.44995631829369 ], [ 114.15653107715859, 22.449938406617882 ] ], [ [ 114.157005602993621, 22.450039976901721 ], [ 114.156829808187297, 22.449980896068805 ], [ 114.157068646422132, 22.450067424088129 ], [ 114.157005602993621, 22.450039976901721 ] ], [ [ 114.157292878090274, 22.450167937283283 ], [ 114.157217715633877, 22.450133535734381 ], [ 114.157316402555338, 22.450180493504046 ], [ 114.157292878090274, 22.450167937283283 ] ], [ [ 114.159845883285882, 22.454804791586135 ], [ 114.159845883241232, 22.454804791748874 ], [ 114.159826820356869, 22.454816447717313 ], [ 114.159845883285882, 22.454804791586135 ] ], [ [ 114.177125978480916, 22.450954652261366 ], [ 114.177126057536015, 22.450993863049593 ], [ 114.177118332331759, 22.450772210128818 ], [ 114.177125978480916, 22.450954652261366 ] ], [ [ 114.177048936722173, 22.450279238043368 ], [ 114.176986633739602, 22.4499495183553 ], [ 114.177118332331759, 22.450772210128818 ], [ 114.177048936722173, 22.450279238043368 ] ], [ [ 114.204607879351315, 22.445061447851732 ], [ 114.203802029005729, 22.44662065737316 ], [ 114.207186498373801, 22.441563932399912 ], [ 114.204607879351315, 22.445061447851732 ] ], [ [ 114.197245305084678, 22.437642991638132 ], [ 114.197066448107961, 22.43777863728835 ], [ 114.197449910363204, 22.437487817832086 ], [ 114.197245305084678, 22.437642991638132 ] ], [ [ 114.20700750990288, 22.426843077289035 ], [ 114.205852743989652, 22.427583077051018 ], [ 114.203497179068805, 22.42909252551026 ], [ 114.205852743989652, 22.427583077051015 ], [ 114.20700750990288, 22.426843077289035 ] ], [ [ 114.174093114293086, 22.44624052615368 ], [ 114.1740931142931, 22.44624052615368 ], [ 114.174099824656182, 22.446267933746764 ], [ 114.174093114293086, 22.44624052615368 ] ], [ [ 114.174541491193423, 22.446159006225106 ], [ 114.175734428448777, 22.445794351016701 ], [ 114.176218311955196, 22.445343074718 ], [ 114.174541491193423, 22.446159006225106 ] ], [ [ 114.176218311955196, 22.445343074718 ], [ 114.176327972419401, 22.445116175902136 ], [ 114.176354336972196, 22.444993498077093 ], [ 114.176218311955196, 22.445343074718 ] ], [ [ 114.17636393694039, 22.444902405444815 ], [ 114.176368328208369, 22.444833143510301 ], [ 114.176365102742906, 22.444890288219678 ], [ 114.17636393694039, 22.444902405444815 ] ], [ [ 114.176367425271096, 22.444676961787543 ], [ 114.176369087046737, 22.444717892078934 ], [ 114.176348201223774, 22.444315635151035 ], [ 114.176367425271096, 22.444676961787543 ] ], [ [ 114.176340783028991, 22.444210192156618 ], [ 114.176332660502283, 22.443571335892557 ], [ 114.176349149009511, 22.443501674830639 ], [ 114.176340783028991, 22.444210192156618 ] ], [ [ 114.177208000383345, 22.442605411502189 ], [ 114.176558749034555, 22.443080314393661 ], [ 114.17667934562256, 22.442950321129544 ], [ 114.176806441003265, 22.442843463806049 ], [ 114.176935566538432, 22.442755200091423 ], [ 114.177087122717168, 22.442652631995117 ], [ 114.177208000383345, 22.442605411502189 ] ], [ [ 114.177298287578068, 22.442745591060419 ], [ 114.177325499046731, 22.44276244059294 ], [ 114.177298287578068, 22.442745591060419 ], [ 114.177298287578068, 22.442745591060419 ] ], [ [ 114.177780266176896, 22.443042790344411 ], [ 114.177770552791657, 22.44303644322158 ], [ 114.177789629250924, 22.443047884549799 ], [ 114.177780266176896, 22.443042790344411 ] ], [ [ 114.177807748732988, 22.443056868664222 ], [ 114.177800531938388, 22.443053410432228 ], [ 114.177814038841149, 22.4430595175604 ], [ 114.177807748732988, 22.443056868664222 ] ], [ [ 114.177834677540076, 22.44306742510458 ], [ 114.177823425467082, 22.443063311896815 ], [ 114.177914987947972, 22.44309588858949 ], [ 114.177834677540076, 22.44306742510458 ] ], [ [ 114.178003468290129, 22.443119710320847 ], [ 114.178027722544215, 22.443126241241465 ], [ 114.177914987947972, 22.44309588858949 ], [ 114.178003468290129, 22.443119710320847 ] ], [ [ 114.178033043806167, 22.443127674011755 ], [ 114.178147205183123, 22.443157149494215 ], [ 114.178041335709736, 22.443129905429064 ], [ 114.178033043806167, 22.443127674011755 ] ], [ [ 114.17826639009543, 22.443215077994584 ], [ 114.178233645652867, 22.443191599963409 ], [ 114.178241106481167, 22.443196268644943 ], [ 114.178248392450271, 22.443201172119565 ], [ 114.178258952256144, 22.44320897434168 ], [ 114.17826639009543, 22.443215077994584 ] ], [ [ 114.178287824202755, 22.443235297866622 ], [ 114.178287824202755, 22.44323529786665 ], [ 114.178278702133568, 22.443226059790977 ], [ 114.178287824202755, 22.443235297866622 ] ], [ [ 114.178567603475543, 22.443555933831522 ], [ 114.178439160135838, 22.44345181969625 ], [ 114.178494078175319, 22.443581126248336 ], [ 114.178567603475543, 22.443555933831522 ] ], [ [ 114.178615442716392, 22.443538433299064 ], [ 114.178865629936766, 22.443442378078903 ], [ 114.17871793029488, 22.443500238000212 ], [ 114.178615442716392, 22.443538433299064 ] ], [ [ 114.179033127566129, 22.44337252530784 ], [ 114.17905572928602, 22.443362474100876 ], [ 114.178972334178013, 22.44339875959902 ], [ 114.179033127566129, 22.44337252530784 ] ], [ [ 114.179432004433536, 22.443187241513851 ], [ 114.179572815542087, 22.443114769774628 ], [ 114.179218333680055, 22.443287682933605 ], [ 114.179432004433536, 22.443187241513851 ] ], [ [ 114.179093116636381, 22.442268831031058 ], [ 114.179093116636352, 22.442268831031036 ], [ 114.179110359696992, 22.442258536067449 ], [ 114.179093116636381, 22.442268831031058 ] ], [ [ 114.179110359696992, 22.442258536067449 ], [ 114.180293884830661, 22.44141782456202 ], [ 114.181190015159444, 22.440728778864518 ], [ 114.179110359696992, 22.442258536067449 ] ], [ [ 114.182057189662359, 22.440086714558515 ], [ 114.183053990119376, 22.439259895434805 ], [ 114.181692874261813, 22.440343084816288 ], [ 114.182057189662359, 22.440086714558515 ] ], [ [ 114.183264590535444, 22.439355980327441 ], [ 114.18326459053543, 22.43935598032747 ], [ 114.183190555967272, 22.439313169840869 ], [ 114.183264590535444, 22.439355980327441 ] ], [ [ 114.183368235393857, 22.439421735986471 ], [ 114.183368235393857, 22.439421735986489 ], [ 114.183266465957502, 22.439368216527551 ], [ 114.183368235393857, 22.439421735986471 ] ], [ [ 114.183454355077217, 22.439473287382416 ], [ 114.183454355077188, 22.439473287382448 ], [ 114.183413780551589, 22.439448204340014 ], [ 114.183454355077217, 22.439473287382416 ] ], [ [ 114.183493563286035, 22.439500404245301 ], [ 114.183489925606949, 22.439497943979408 ], [ 114.183495759702865, 22.439501593052167 ], [ 114.183493563286035, 22.439500404245301 ] ], [ [ 114.183509844830084, 22.43950822395254 ], [ 114.183509229578434, 22.439507962879848 ], [ 114.183518694693333, 22.439511013999073 ], [ 114.183509844830084, 22.43950822395254 ] ], [ [ 114.183518694693333, 22.439511013999073 ], [ 114.18354438924456, 22.439515600408111 ], [ 114.183555603195032, 22.439516572894995 ], [ 114.183518694693333, 22.439511013999073 ] ], [ [ 114.183590347664321, 22.439516673117755 ], [ 114.183580528297512, 22.439516821044439 ], [ 114.18359246098683, 22.439516497830603 ], [ 114.183590347664321, 22.439516673117755 ] ], [ [ 114.183598585358368, 22.439515950336222 ], [ 114.183598558553413, 22.439515968136504 ], [ 114.183613943517628, 22.439512780000708 ], [ 114.183598585358368, 22.439515950336222 ] ], [ [ 114.183794307120777, 22.439475503619498 ], [ 114.183968290238468, 22.439475496030823 ], [ 114.183613943517628, 22.439512780000708 ], [ 114.183794307120777, 22.439475503619498 ] ], [ [ 114.184243765804439, 22.439610263259919 ], [ 114.184106020991621, 22.439502445816213 ], [ 114.18439876608582, 22.439764632622886 ], [ 114.184243765804439, 22.439610263259919 ] ], [ [ 114.184887986097081, 22.43999370570079 ], [ 114.184446747614288, 22.439812418745653 ], [ 114.184446747614274, 22.439812418745639 ], [ 114.184887986097081, 22.43999370570079 ] ], [ [ 114.185098056719823, 22.440039401949402 ], [ 114.185358160019717, 22.440088330583837 ], [ 114.185200671792245, 22.440061721502484 ], [ 114.185098056719823, 22.440039401949402 ] ], [ [ 114.174221693678049, 22.446524563135128 ], [ 114.174221693678078, 22.446524563135124 ], [ 114.174369668841223, 22.446952112231592 ], [ 114.174221693678049, 22.446524563135128 ] ], [ [ 114.174454663431902, 22.44713116031555 ], [ 114.174454663431916, 22.44713116031555 ], [ 114.174505365915451, 22.447199898753052 ], [ 114.174454663431902, 22.44713116031555 ] ], [ [ 114.175303545746715, 22.44799824752555 ], [ 114.174797101792137, 22.448445059606307 ], [ 114.175303545746715, 22.447998247525543 ], [ 114.175303545746715, 22.44799824752555 ] ], [ [ 114.174916270628785, 22.448745946659113 ], [ 114.174997838254569, 22.448674724446224 ], [ 114.174916270628813, 22.448745946659152 ], [ 114.174916270628785, 22.448745946659113 ] ], [ [ 114.174995660071374, 22.448828820030201 ], [ 114.174995660071389, 22.448828820030215 ], [ 114.174966466277368, 22.448855956197772 ], [ 114.174995660071374, 22.448828820030201 ] ], [ [ 114.175202993472482, 22.449092899725201 ], [ 114.174914814824675, 22.449345956848525 ], [ 114.175202993472467, 22.449092899725187 ], [ 114.175202993472482, 22.449092899725201 ] ], [ [ 114.1749214500595, 22.449353361896442 ], [ 114.174717860103414, 22.449528495892604 ], [ 114.174717860103399, 22.449528495892601 ], [ 114.1749214500595, 22.449353361896442 ] ], [ [ 114.170708286940055, 22.460976430836588 ], [ 114.170746964529116, 22.461002484525316 ], [ 114.170708286940055, 22.460976430836595 ], [ 114.170708286940055, 22.460976430836588 ] ], [ [ 114.171652454792508, 22.461336660987829 ], [ 114.172247239244328, 22.461300656605253 ], [ 114.171906173544471, 22.461343875234952 ], [ 114.171652454792508, 22.461336660987829 ] ], [ [ 114.172538802796723, 22.461211783297852 ], [ 114.172883632963391, 22.461037734240964 ], [ 114.172692296237415, 22.461152993930664 ], [ 114.172538802796723, 22.461211783297852 ] ], [ [ 114.173034611652128, 22.460860605851611 ], [ 114.173034611652142, 22.460860605851586 ], [ 114.173248202174634, 22.461016887424776 ], [ 114.173034611652128, 22.460860605851611 ] ], [ [ 114.17425953047686, 22.461878251924581 ], [ 114.174509994533977, 22.462307837616095 ], [ 114.173802664401876, 22.461470423324624 ], [ 114.17425953047686, 22.461878251924581 ] ], [ [ 114.174684049476184, 22.462520691550967 ], [ 114.174887095473736, 22.462707164416628 ], [ 114.174702136070437, 22.462541381343286 ], [ 114.174684049476184, 22.462520691550967 ] ], [ [ 114.175091886685905, 22.462780846085185 ], [ 114.175541102543093, 22.462768568936738 ], [ 114.175844988214024, 22.462664188299378 ], [ 114.175091886685905, 22.462780846085185 ] ], [ [ 114.175844988214024, 22.462664188299378 ], [ 114.176749617748825, 22.462592318111277 ], [ 114.176881734655595, 22.462432678096967 ], [ 114.176749617748825, 22.462592318111302 ], [ 114.175844988214024, 22.462664188299378 ] ], [ [ 114.176313621581585, 22.461180110610986 ], [ 114.176351339478728, 22.461169542119009 ], [ 114.176313621581613, 22.461180110610997 ], [ 114.176181494800048, 22.461487108847251 ], [ 114.176036164155491, 22.461695873814342 ], [ 114.176098835942895, 22.461804772722182 ], [ 114.176036164155477, 22.461695873814342 ], [ 114.176313621581585, 22.461180110610986 ] ], [ [ 114.176392494641632, 22.461150364590473 ], [ 114.176437324078051, 22.461109273476286 ], [ 114.176380118644147, 22.461157115388879 ], [ 114.176392494641632, 22.461150364590473 ] ], [ [ 114.176527173379711, 22.460996472721938 ], [ 114.176569186833959, 22.460909739962165 ], [ 114.176587685890937, 22.460806726785993 ], [ 114.176527173379711, 22.460996472721938 ] ], [ [ 114.176855161435427, 22.460335855894524 ], [ 114.176855161435455, 22.460335855894542 ], [ 114.176664356229793, 22.460635099215665 ], [ 114.176855161435427, 22.460335855894524 ] ], [ [ 114.177147905113074, 22.459571636715616 ], [ 114.177147905113088, 22.459571636715619 ], [ 114.177078794849237, 22.459693387806912 ], [ 114.177147905113074, 22.459571636715616 ] ], [ [ 114.176298078522166, 22.458101724393352 ], [ 114.176498673205629, 22.458440780003059 ], [ 114.176173148768825, 22.457921398182616 ], [ 114.176298078522166, 22.458101724393352 ] ], [ [ 114.177029915448415, 22.456656139695799 ], [ 114.176516176715566, 22.457042824524759 ], [ 114.176302327884144, 22.457155280039338 ], [ 114.17604802183142, 22.457508947184177 ], [ 114.177029915448415, 22.456656139695799 ] ], [ [ 114.177545330690208, 22.456694275355279 ], [ 114.177213360262513, 22.456669195672163 ], [ 114.177610074031094, 22.456558800370992 ], [ 114.177545330690208, 22.456694275355279 ] ], [ [ 114.177610074031094, 22.456558800370992 ], [ 114.177666711965003, 22.455990315692297 ], [ 114.177852824455996, 22.455110487597906 ], [ 114.177932400591544, 22.454776568362011 ], [ 114.178002520773887, 22.454137835520228 ], [ 114.177932400591544, 22.454776568362018 ], [ 114.177666711965017, 22.455990315692336 ], [ 114.177610074031094, 22.456558800370992 ] ], [ [ 114.177932391026843, 22.453556808153447 ], [ 114.177966461635094, 22.453719156590239 ], [ 114.177904239602384, 22.453456700056101 ], [ 114.177932391026843, 22.453556808153447 ] ], [ [ 114.177370201401374, 22.452199390459242 ], [ 114.177407583911162, 22.452279093524474 ], [ 114.177367094795159, 22.452190907982871 ], [ 114.177370201401374, 22.452199390459242 ] ], [ [ 114.177203429045491, 22.451639069741493 ], [ 114.17721248586669, 22.451677618485508 ], [ 114.177179952808913, 22.451511092099818 ], [ 114.177203429045491, 22.451639069741493 ] ], [ [ 114.207577229094383, 22.489445423936701 ], [ 114.207577229094369, 22.489445423936719 ], [ 114.207600352556327, 22.48924078834127 ], [ 114.207577229094383, 22.489445423936701 ] ], [ [ 114.207322929950536, 22.488450059242705 ], [ 114.207436977219928, 22.488539294638642 ], [ 114.207470864884996, 22.48854468110429 ], [ 114.207322929950536, 22.488450059242705 ] ], [ [ 114.207321704852333, 22.488447016702985 ], [ 114.207321857430671, 22.488445350508197 ], [ 114.207321704852333, 22.488447016702985 ], [ 114.207321704852333, 22.488447016702985 ] ], [ [ 114.207208016772597, 22.487801572847324 ], [ 114.20730185802978, 22.487988095232577 ], [ 114.207298837060264, 22.488034755394271 ], [ 114.207208016772597, 22.487801572847324 ] ], [ [ 114.206811195485898, 22.487458734480768 ], [ 114.206811195485898, 22.487458734480793 ], [ 114.20666265522928, 22.487339741268521 ], [ 114.206811195485898, 22.487458734480768 ] ], [ [ 114.206438011644451, 22.487060887582167 ], [ 114.206438011644451, 22.487060887582182 ], [ 114.206379005919047, 22.486990604092114 ], [ 114.206438011644451, 22.487060887582167 ] ], [ [ 114.206306155802551, 22.48693498270913 ], [ 114.206373830000615, 22.486984438895895 ], [ 114.206373830000629, 22.486984438895924 ], [ 114.206306155802551, 22.48693498270913 ] ], [ [ 114.206239548093336, 22.486827695570341 ], [ 114.20623954809335, 22.486827695570369 ], [ 114.206175892664689, 22.486725794317074 ], [ 114.206239548093336, 22.486827695570341 ] ], [ [ 114.205395768474602, 22.485831134021925 ], [ 114.205605459256773, 22.486047781392699 ], [ 114.205836772496326, 22.486125573041281 ], [ 114.205395768474602, 22.485831134021925 ] ], [ [ 114.205395768474602, 22.485831134021925 ], [ 114.205201844327618, 22.485778060422501 ], [ 114.205146673128311, 22.485754473661487 ], [ 114.205269399427323, 22.485772422578876 ], [ 114.205395768474602, 22.485831134021925 ] ], [ [ 114.205146673128311, 22.485754473661487 ], [ 114.205102614194558, 22.485660357441638 ], [ 114.205054499781468, 22.485573325165547 ], [ 114.205105070726233, 22.485698366001358 ], [ 114.205146673128311, 22.485754473661487 ] ], [ [ 114.20502169582339, 22.485513437825009 ], [ 114.205048414603041, 22.485539829037339 ], [ 114.205048414603041, 22.485539829037343 ], [ 114.20502169582339, 22.485513437825009 ] ], [ [ 114.204641526774239, 22.485120834552113 ], [ 114.204929849573986, 22.485194373378892 ], [ 114.204281807991634, 22.485135814420264 ], [ 114.204641526774239, 22.485120834552113 ] ], [ [ 114.20378175810589, 22.484945582881476 ], [ 114.204110421573333, 22.485090411512385 ], [ 114.204279937129684, 22.485135318801198 ], [ 114.204110421573361, 22.485090411512413 ], [ 114.20378175810589, 22.48494558288148 ], [ 114.203546898660221, 22.484905734639423 ], [ 114.20378175810589, 22.484945582881476 ] ], [ [ 114.203262924252769, 22.484952306102453 ], [ 114.203235212762394, 22.484943347376799 ], [ 114.203546898660221, 22.484905734639423 ], [ 114.203262924252769, 22.484952306102453 ] ], [ [ 114.202799386909049, 22.484339527965524 ], [ 114.202921748083313, 22.484559755559125 ], [ 114.203026480241462, 22.484650123955834 ], [ 114.202799386909049, 22.484339527965524 ] ], [ [ 114.202657750490047, 22.484172276053659 ], [ 114.202657750490033, 22.484172276053631 ], [ 114.20275714059899, 22.484278737676785 ], [ 114.202657750490047, 22.484172276053659 ] ], [ [ 114.202017680151428, 22.483668679026245 ], [ 114.202017680151442, 22.483668679026241 ], [ 114.202073454511293, 22.483717713829911 ], [ 114.202017680151428, 22.483668679026245 ] ], [ [ 114.20212984861962, 22.482977302195355 ], [ 114.20212984861962, 22.482977302195355 ], [ 114.202150178399279, 22.483018115129124 ], [ 114.20212984861962, 22.482977302195355 ] ], [ [ 114.202036257005489, 22.482847865893056 ], [ 114.20215374671784, 22.482834437327472 ], [ 114.20215374671784, 22.482834437327494 ], [ 114.202036257005489, 22.482847865893056 ] ], [ [ 114.201852703366413, 22.482884576007372 ], [ 114.201852703366427, 22.482884576007386 ], [ 114.201819720834905, 22.482872761783707 ], [ 114.201852703366413, 22.482884576007372 ] ], [ [ 114.201742623766762, 22.482871876988721 ], [ 114.201793307258924, 22.482863300529871 ], [ 114.201793307258924, 22.482863300529871 ], [ 114.201742623766762, 22.482871876988721 ] ], [ [ 114.201234667725316, 22.482695302960849 ], [ 114.201234667725316, 22.482695302960856 ], [ 114.201150550252592, 22.482670012450988 ], [ 114.201234667725316, 22.482695302960849 ] ], [ [ 114.201150550252592, 22.482670012450988 ], [ 114.201013084749391, 22.482644522204907 ], [ 114.200736380525527, 22.482483269581284 ], [ 114.201150550252592, 22.482670012450988 ] ], [ [ 114.200675172819004, 22.482461209989022 ], [ 114.200675172819004, 22.482461209989047 ], [ 114.20062000944786, 22.482378850210818 ], [ 114.200675172819004, 22.482461209989022 ] ], [ [ 114.200612581517433, 22.482106847773135 ], [ 114.200612581517404, 22.482106847773139 ], [ 114.20059507371019, 22.482090991747359 ], [ 114.200612581517433, 22.482106847773135 ] ], [ [ 114.200179549053857, 22.481748900309295 ], [ 114.20010268789575, 22.48164610919066 ], [ 114.199954112159546, 22.481534171491205 ], [ 114.19976919039388, 22.481322482501433 ], [ 114.200102687895779, 22.481646109190628 ], [ 114.200179549053857, 22.48174890030926 ], [ 114.20043217861118, 22.481924396714735 ], [ 114.200512996954387, 22.482004512786816 ], [ 114.200179549053857, 22.481748900309295 ] ], [ [ 114.199340184358135, 22.481035562754524 ], [ 114.199243450146639, 22.480917765439926 ], [ 114.199141090856173, 22.480839949772488 ], [ 114.199340184358121, 22.481035562754514 ], [ 114.199419878129817, 22.481054316814557 ], [ 114.199654311879627, 22.481152363141629 ], [ 114.199704560134819, 22.481232035168031 ], [ 114.199340184358135, 22.481035562754524 ] ], [ [ 114.199089226353024, 22.480842590534255 ], [ 114.199089226353024, 22.480842590534262 ], [ 114.199019538010134, 22.480890397115299 ], [ 114.199089226353024, 22.480842590534255 ] ], [ [ 114.198738199281593, 22.480943652804704 ], [ 114.198738199281564, 22.480943652804701 ], [ 114.198575590025158, 22.480869914382346 ], [ 114.198738199281593, 22.480943652804704 ] ], [ [ 114.198355223500627, 22.480868634527575 ], [ 114.1982286109657, 22.480884179170005 ], [ 114.198575590025158, 22.480869914382346 ], [ 114.198355223500627, 22.480868634527575 ] ], [ [ 114.198008973404185, 22.480948093821812 ], [ 114.198008973404171, 22.480948093821819 ], [ 114.197951131794682, 22.480955734535243 ], [ 114.198008973404185, 22.480948093821812 ] ], [ [ 114.197939380277262, 22.480957286874922 ], [ 114.197409447960155, 22.481316196916115 ], [ 114.197361691001788, 22.481337641204114 ], [ 114.197311703998764, 22.481458718317104 ], [ 114.197259268663672, 22.481516925982724 ], [ 114.197186404187917, 22.481551386222158 ], [ 114.197102517335381, 22.48156525847094 ], [ 114.197032745275223, 22.481683267638658 ], [ 114.19697631495707, 22.481734603566395 ], [ 114.196847694299038, 22.481779997405727 ], [ 114.197102517335381, 22.481565258470901 ], [ 114.197259268663686, 22.481516925982696 ], [ 114.197361691001788, 22.481337641204114 ], [ 114.197715425752349, 22.481070810271884 ], [ 114.197939380277262, 22.480957286874922 ] ], [ [ 114.196828911334336, 22.481780465004178 ], [ 114.196628039883166, 22.481808100068125 ], [ 114.196696037735123, 22.481783772805283 ], [ 114.196828911334336, 22.481780465004178 ] ], [ [ 114.196348450807179, 22.481873556232532 ], [ 114.196431708221866, 22.481915477597855 ], [ 114.196377706762689, 22.481896556404156 ], [ 114.196348450807179, 22.481873556232532 ] ], [ [ 114.1961340099501, 22.481842845759644 ], [ 114.196134009950114, 22.481842845759683 ], [ 114.196044984727024, 22.481803212873082 ], [ 114.1961340099501, 22.481842845759644 ] ], [ [ 114.19593997896304, 22.481723947346019 ], [ 114.19593997896304, 22.481723947346033 ], [ 114.195826652106803, 22.481727708352313 ], [ 114.19593997896304, 22.481723947346019 ] ], [ [ 114.195146201868525, 22.481615755731628 ], [ 114.195146201868525, 22.481615755731603 ], [ 114.195273023297716, 22.481629079204126 ], [ 114.195350597131124, 22.481677646897268 ], [ 114.195146201868525, 22.481615755731628 ] ], [ [ 114.194602339500761, 22.481171962685135 ], [ 114.194614251883522, 22.481194906722607 ], [ 114.19450419358617, 22.481155176896532 ], [ 114.194602339500761, 22.481171962685135 ] ], [ [ 114.194185680614538, 22.48097975955525 ], [ 114.194185680614538, 22.48097975955525 ], [ 114.194171869670825, 22.480957824480129 ], [ 114.194185680614538, 22.48097975955525 ] ], [ [ 114.193924355373113, 22.480663477293621 ], [ 114.194037332072284, 22.480774839217769 ], [ 114.1940405959907, 22.480785676542414 ], [ 114.193965089475498, 22.480733451485623 ], [ 114.193924355373113, 22.480663477293621 ] ], [ [ 114.193868269315288, 22.480509615816359 ], [ 114.193871593166008, 22.480521876182777 ], [ 114.1938123321994, 22.480467431615072 ], [ 114.1938123321994, 22.480467431615072 ], [ 114.193868269315288, 22.480509615816359 ] ], [ [ 114.193795057864349, 22.48041037927014 ], [ 114.193795057864349, 22.480410379270147 ], [ 114.193760204926903, 22.480394533731729 ], [ 114.193795057864349, 22.48041037927014 ] ], [ [ 114.193653093658156, 22.48026706825323 ], [ 114.193603675232723, 22.480221555238053 ], [ 114.193639126562402, 22.480248100969437 ], [ 114.193653093658156, 22.48026706825323 ] ], [ [ 114.19345156786774, 22.480098432235803 ], [ 114.19345156786774, 22.480098432235842 ], [ 114.193403216976847, 22.48008745606387 ], [ 114.19345156786774, 22.480098432235803 ] ], [ [ 114.193358281304853, 22.480049349613669 ], [ 114.193050246979325, 22.479902666579413 ], [ 114.193326838646215, 22.480015338123291 ], [ 114.193358281304853, 22.480049349613669 ] ], [ [ 114.19283581716715, 22.479799172337739 ], [ 114.192783100115577, 22.479784096764178 ], [ 114.192960926198438, 22.479893744452898 ], [ 114.19283581716715, 22.479799172337739 ] ], [ [ 114.192583150398079, 22.479691491434121 ], [ 114.192583150398079, 22.479691491434107 ], [ 114.192619453519839, 22.479691704615686 ], [ 114.192779530375404, 22.479782081351306 ], [ 114.192619453519825, 22.479691704615714 ], [ 114.192583150398079, 22.479691491434121 ] ], [ [ 114.192395691717778, 22.479637399374646 ], [ 114.192312107964312, 22.479416857023288 ], [ 114.192532745072839, 22.479674272686065 ], [ 114.192395691717778, 22.479637399374646 ] ], [ [ 114.192244977960357, 22.479096374512483 ], [ 114.1922467593524, 22.479144796177984 ], [ 114.192198047945098, 22.479039026813027 ], [ 114.192244977960357, 22.479096374512483 ] ], [ [ 114.192115771109158, 22.478750395415521 ], [ 114.192115771109172, 22.478750395415542 ], [ 114.192009022114888, 22.478696149467332 ], [ 114.192115771109158, 22.478750395415521 ] ], [ [ 114.19198116112986, 22.478662325423237 ], [ 114.19200224543593, 22.478688026157947 ], [ 114.191928054547233, 22.478634579929189 ], [ 114.19198116112986, 22.478662325423237 ] ], [ [ 114.191881205814624, 22.47850861500735 ], [ 114.191932247529195, 22.478590520131615 ], [ 114.191932247529195, 22.478590520131633 ], [ 114.191881205814624, 22.47850861500735 ] ], [ [ 114.191760555019414, 22.478114904023155 ], [ 114.191766236039172, 22.478173646364301 ], [ 114.19177065351397, 22.478180708476099 ], [ 114.191766236039143, 22.478173646364283 ], [ 114.191760555019414, 22.478114904023201 ], [ 114.191741282219979, 22.478077501815065 ], [ 114.191760555019414, 22.478114904023155 ] ], [ [ 114.19158764097817, 22.477838227926352 ], [ 114.191498978505166, 22.477792596277602 ], [ 114.191498978505152, 22.477792596277602 ], [ 114.19158764097817, 22.477838227926352 ] ], [ [ 114.191378691497363, 22.477693507358605 ], [ 114.191378691497405, 22.477693507358637 ], [ 114.191217290259459, 22.477651233530825 ], [ 114.191378691497363, 22.477693507358605 ] ], [ [ 114.190958096849769, 22.477542556135649 ], [ 114.190958096849769, 22.477542556135671 ], [ 114.190940681316675, 22.477515367069696 ], [ 114.190958096849769, 22.477542556135649 ] ], [ [ 114.1908757304993, 22.477488434997767 ], [ 114.190834963025296, 22.477439963254632 ], [ 114.190940681316675, 22.477515367069696 ], [ 114.1908757304993, 22.477488434997767 ] ], [ [ 114.190837419872494, 22.47742463842124 ], [ 114.19083741987248, 22.477424638421262 ], [ 114.190767562295321, 22.477338097158828 ], [ 114.190837419872494, 22.47742463842124 ] ], [ [ 114.190700117956013, 22.477214458256856 ], [ 114.190700117956013, 22.477214458256867 ], [ 114.190687281160265, 22.477204221036516 ], [ 114.190700117956013, 22.477214458256856 ] ], [ [ 114.190446596518939, 22.477145649994931 ], [ 114.190446596518925, 22.477145649994902 ], [ 114.190573753311682, 22.477156845965812 ], [ 114.190652034510805, 22.477183998955223 ], [ 114.190446596518939, 22.477145649994931 ] ], [ [ 114.189977648481715, 22.476739012988695 ], [ 114.19007705211277, 22.476838854205404 ], [ 114.190077052112798, 22.476838854205429 ], [ 114.189977648481715, 22.476739012988695 ] ], [ [ 114.189854241737294, 22.476716013486424 ], [ 114.18977559609894, 22.476667524582005 ], [ 114.189977648481715, 22.476739012988695 ], [ 114.189854241737294, 22.476716013486424 ] ], [ [ 114.189609676678771, 22.476604453175472 ], [ 114.189609676678771, 22.476604453175483 ], [ 114.189388272213733, 22.476565451817343 ], [ 114.189609676678771, 22.476604453175472 ] ], [ [ 114.188911463534666, 22.476421216524486 ], [ 114.188768193082453, 22.476291309308813 ], [ 114.18934288213056, 22.476550250128788 ], [ 114.188911463534666, 22.476421216524486 ] ], [ [ 114.188011829664177, 22.475126183614478 ], [ 114.187729450421401, 22.473546388046898 ], [ 114.18780388173144, 22.473657219149221 ], [ 114.188011829664177, 22.475126183614478 ] ], [ [ 114.187634264145402, 22.473240006987403 ], [ 114.187634264145402, 22.473240006987403 ], [ 114.187690954288655, 22.473280938091786 ], [ 114.187634264145402, 22.473240006987403 ] ], [ [ 114.187605342722563, 22.47305433272901 ], [ 114.187625907466838, 22.473109906238058 ], [ 114.187625907466838, 22.473109906238079 ], [ 114.187605342722563, 22.47305433272901 ] ], [ [ 114.18760624845828, 22.472955234458645 ], [ 114.18760624845828, 22.472955234458631 ], [ 114.187611077535635, 22.472971698240258 ], [ 114.18760624845828, 22.472955234458645 ] ], [ [ 114.187614990092996, 22.472912113602369 ], [ 114.187569453168322, 22.472849860897636 ], [ 114.187569453168294, 22.472849860897618 ], [ 114.187614990092996, 22.472912113602369 ] ], [ [ 114.187488726982721, 22.472589663616052 ], [ 114.187531678051414, 22.47263029213649 ], [ 114.187488726982735, 22.472589663616077 ], [ 114.187488726982721, 22.472589663616052 ] ], [ [ 114.187816196353765, 22.472716194023636 ], [ 114.187938429279882, 22.472859435273772 ], [ 114.187816196353737, 22.47271619402364 ], [ 114.187816196353765, 22.472716194023636 ] ], [ [ 114.188693091628053, 22.473512841063986 ], [ 114.188693091628053, 22.473512841063986 ], [ 114.188577279565266, 22.47342244567875 ], [ 114.188693091628053, 22.473512841063986 ] ], [ [ 114.188845356199565, 22.473562939618422 ], [ 114.188845356199593, 22.473562939618414 ], [ 114.188889471163122, 22.47357745724856 ], [ 114.188845356199565, 22.473562939618422 ] ], [ [ 114.189251921397926, 22.47367258332747 ], [ 114.18925192139794, 22.47367258332746 ], [ 114.189518195607505, 22.473723459659674 ], [ 114.189251921397926, 22.47367258332747 ] ], [ [ 114.189529998282566, 22.473725714755549 ], [ 114.189597095281272, 22.473761469935901 ], [ 114.189529998282566, 22.473725714755552 ], [ 114.189529998282566, 22.473725714755549 ] ], [ [ 114.189849263637996, 22.473874393287435 ], [ 114.189849263638024, 22.473874393287435 ], [ 114.189868037641972, 22.473876587959349 ], [ 114.189849263637996, 22.473874393287435 ] ], [ [ 114.191078855546678, 22.473895438668428 ], [ 114.191078855546664, 22.473895438668414 ], [ 114.191124449559197, 22.473892770566419 ], [ 114.191078855546678, 22.473895438668428 ] ], [ [ 114.191146084982094, 22.47389150448522 ], [ 114.19115327912975, 22.473894308710747 ], [ 114.191146084982094, 22.47389150448522 ], [ 114.191146084982094, 22.47389150448522 ] ], [ [ 114.191336348192891, 22.473896652897707 ], [ 114.191336348192891, 22.473896652897679 ], [ 114.191410970268194, 22.473987351347525 ], [ 114.191336348192891, 22.473896652897707 ] ], [ [ 114.192180832788424, 22.474156337888981 ], [ 114.192171702825675, 22.474164300578259 ], [ 114.192171702825675, 22.474164300578259 ], [ 114.192180832788424, 22.474156337888981 ] ], [ [ 114.192886883908315, 22.47400879034819 ], [ 114.192886883908258, 22.474008790348183 ], [ 114.192949164912278, 22.474005154876075 ], [ 114.192886883908315, 22.47400879034819 ] ], [ [ 114.193542837468996, 22.473831077280199 ], [ 114.193542837468982, 22.473831077280177 ], [ 114.193644723299002, 22.473883217385527 ], [ 114.193542837468996, 22.473831077280199 ] ], [ [ 114.193868218207513, 22.473707070603954 ], [ 114.19380448186044, 22.473775630268239 ], [ 114.193771108372772, 22.473796200862182 ], [ 114.193868218207513, 22.473707070603954 ] ], [ [ 114.194023195774733, 22.473546857479178 ], [ 114.193974219202602, 22.473574056465463 ], [ 114.194049196353021, 22.473458148864001 ], [ 114.194023195774733, 22.473546857479178 ] ], [ [ 114.194130365328689, 22.473425350717196 ], [ 114.194130365328689, 22.473425350717196 ], [ 114.194175723578155, 22.473371480880243 ], [ 114.194130365328689, 22.473425350717196 ] ], [ [ 114.194548867440034, 22.473161373135152 ], [ 114.19454886744002, 22.473161373135135 ], [ 114.194629226005716, 22.473189926296268 ], [ 114.194548867440034, 22.473161373135152 ] ], [ [ 114.194844195549891, 22.473248760176435 ], [ 114.194860254562613, 22.473293959437044 ], [ 114.194860254562599, 22.473293959437026 ], [ 114.194844195549891, 22.473248760176435 ] ], [ [ 114.194377434437527, 22.47260371806685 ], [ 114.194388222089771, 22.472626203345435 ], [ 114.194373942365644, 22.472496256402945 ], [ 114.194373942365644, 22.472496256402945 ], [ 114.194377434437527, 22.47260371806685 ] ], [ [ 114.194448794220321, 22.472381092281942 ], [ 114.194496982957645, 22.47249050866062 ], [ 114.194496982957645, 22.47249050866062 ], [ 114.194448794220321, 22.472381092281942 ] ], [ [ 114.194646838799656, 22.472160701098193 ], [ 114.194646838799628, 22.472160701098201 ], [ 114.194661381236202, 22.472130076502072 ], [ 114.194646838799656, 22.472160701098193 ] ], [ [ 114.194566563501141, 22.472150476715484 ], [ 114.194699226160168, 22.472050379642418 ], [ 114.194699226160168, 22.472050379642457 ], [ 114.194566563501141, 22.472150476715484 ] ], [ [ 114.194307240781967, 22.472286775864379 ], [ 114.194307240781967, 22.472286775864379 ], [ 114.194445851645497, 22.472213987409688 ], [ 114.194307240781967, 22.472286775864379 ] ], [ [ 114.194215835445902, 22.472197601268473 ], [ 114.194215835445902, 22.472197601268487 ], [ 114.194147086614407, 22.472181354869999 ], [ 114.194215835445902, 22.472197601268473 ] ], [ [ 114.194128184279165, 22.472178033678368 ], [ 114.194134019439133, 22.47217826689322 ], [ 114.194134019439147, 22.47217826689322 ], [ 114.194128184279165, 22.472178033678368 ] ], [ [ 114.193520700147488, 22.472152414869377 ], [ 114.193902148327595, 22.472221782112054 ], [ 114.193984706467134, 22.472199365711255 ], [ 114.193520700147488, 22.472152414869377 ] ], [ [ 114.193357635822892, 22.472016026394368 ], [ 114.193357635822935, 22.472016026394424 ], [ 114.193049740577777, 22.472044837594929 ], [ 114.193357635822892, 22.472016026394368 ] ], [ [ 114.193049740577777, 22.472044837594929 ], [ 114.192765388656213, 22.472075379726238 ], [ 114.192659518558813, 22.472090082645437 ], [ 114.193049740577777, 22.472044837594929 ] ], [ [ 114.192540753469885, 22.472035557433404 ], [ 114.191984003043999, 22.471733165771592 ], [ 114.192207129218957, 22.471779244985804 ], [ 114.192400937931424, 22.47188755537848 ], [ 114.192540753469885, 22.472035557433404 ] ], [ [ 114.191344817105971, 22.471431499960023 ], [ 114.191344817105971, 22.471431499960055 ], [ 114.191030981909762, 22.471183561620904 ], [ 114.191344817105971, 22.471431499960023 ] ], [ [ 114.190036694921361, 22.470141615951462 ], [ 114.190036694921332, 22.470141615951459 ], [ 114.189952310501553, 22.469919502241865 ], [ 114.190036694921361, 22.470141615951462 ] ], [ [ 114.190281993665636, 22.468102272255262 ], [ 114.190346705767482, 22.468319015201306 ], [ 114.190281993665621, 22.468102272255287 ], [ 114.190281993665636, 22.468102272255262 ] ], [ [ 114.191812501037774, 22.467166548850187 ], [ 114.191812501037788, 22.467166548850187 ], [ 114.191768551438372, 22.467228366215927 ], [ 114.191812501037774, 22.467166548850187 ] ], [ [ 114.191933423070395, 22.467177352695114 ], [ 114.19191329960718, 22.467188772381309 ], [ 114.19191329960718, 22.467188772381302 ], [ 114.191933423070395, 22.467177352695114 ] ], [ [ 114.192306981803554, 22.465787745073243 ], [ 114.192306981803554, 22.465787745073253 ], [ 114.192286123873444, 22.465739031862949 ], [ 114.192306981803554, 22.465787745073243 ] ], [ [ 114.192301969955608, 22.465452599145017 ], [ 114.192301969955608, 22.465452599145017 ], [ 114.192305472139509, 22.465448650778605 ], [ 114.192301969955608, 22.465452599145017 ] ], [ [ 114.192949504807061, 22.465241115310082 ], [ 114.19293584590153, 22.465005422394235 ], [ 114.19293584590153, 22.465005422394235 ], [ 114.192949504807061, 22.465241115310082 ] ], [ [ 114.193070594515916, 22.464223012202773 ], [ 114.193070594515902, 22.464223012202815 ], [ 114.19304026767513, 22.464016709137105 ], [ 114.193070594515916, 22.464223012202773 ] ], [ [ 114.192441702235286, 22.463326767584075 ], [ 114.192696243191619, 22.463516797282896 ], [ 114.192903742456863, 22.463727908298491 ], [ 114.192441702235286, 22.463326767584075 ] ], [ [ 114.192329090228, 22.463203269185851 ], [ 114.192291549165972, 22.463128094419666 ], [ 114.192441702235286, 22.463326767584075 ], [ 114.192329090228, 22.463203269185851 ] ], [ [ 114.192230903563512, 22.462964315226237 ], [ 114.192230417857417, 22.462960106057835 ], [ 114.192291549165972, 22.463128094419666 ], [ 114.192230903563512, 22.462964315226237 ] ], [ [ 114.192272247350985, 22.462429278051541 ], [ 114.19227415010468, 22.462446117650664 ], [ 114.19227415010468, 22.462446117650668 ], [ 114.192272247350985, 22.462429278051541 ] ], [ [ 114.191988751869232, 22.4616105675222 ], [ 114.191988751869246, 22.461610567522207 ], [ 114.192081287162395, 22.46181326592253 ], [ 114.191988751869232, 22.4616105675222 ] ], [ [ 114.193310120123684, 22.461233372176938 ], [ 114.193310120123684, 22.461233372176949 ], [ 114.193601011081142, 22.461147851077374 ], [ 114.193310120123684, 22.461233372176938 ] ], [ [ 114.196131010060981, 22.460180255088616 ], [ 114.196935034049702, 22.459931252389751 ], [ 114.193601011081142, 22.461147851077374 ], [ 114.196131010060981, 22.460180255088616 ] ], [ [ 114.197186354682785, 22.459323615503674 ], [ 114.197292377121727, 22.459820583235668 ], [ 114.197292377121727, 22.459820583235668 ], [ 114.197186354682785, 22.459323615503674 ] ] ] } },
{ "type": "Feature", "properties": { "codigo": "Q", "distrito_en": "Sai Kung", "distrito_zh": "西貢區", "distrito_es": "Sai Kung", "region": "Nuevos Territorios", "area_km2_oficial": 136.34, "area_km2_poligono_incluye_mar": 766.457, "centro_lat": 22.307422, "centro_lon": 114.415828, "n_circunscripciones": 29 }, "geometry": { "type": "Polygon", "coordinates": [ [ [ 114.243681049554183, 22.286205599352584 ], [ 114.24196665018448, 22.286345232528824 ], [ 114.242348058636694, 22.287293520594446 ], [ 114.241070311945464, 22.28921306623911 ], [ 114.241520376193506, 22.290179389970369 ], [ 114.241057882746034, 22.292125717831908 ], [ 114.241980969824041, 22.29287105337664 ], [ 114.242155072399427, 22.294208833500207 ], [ 114.244479818961025, 22.295081313371789 ], [ 114.244133695980793, 22.29479703799673 ], [ 114.245390928808959, 22.294790641809136 ], [ 114.244821780361605, 22.295907471883609 ], [ 114.245412246522932, 22.297131729713605 ], [ 114.243705309978196, 22.30038193674368 ], [ 114.243724868623218, 22.302203782081541 ], [ 114.242166426962328, 22.302871056742809 ], [ 114.241470360744515, 22.304415948835469 ], [ 114.240151730160889, 22.304991763710873 ], [ 114.239860050650307, 22.305907526591522 ], [ 114.240744702633748, 22.30887068152046 ], [ 114.241868654932631, 22.309244697687202 ], [ 114.24189720457673, 22.310620146111553 ], [ 114.243499394243571, 22.31078393364394 ], [ 114.24388162153852, 22.312594411146065 ], [ 114.245575711482672, 22.313597208943982 ], [ 114.244385802266564, 22.315216100099057 ], [ 114.242138118903583, 22.315373819080193 ], [ 114.241590340940633, 22.31651272446636 ], [ 114.243018665430753, 22.319960235372516 ], [ 114.242835842590452, 22.321651423122763 ], [ 114.241229192357096, 22.320813714554419 ], [ 114.240666643140074, 22.319607107058903 ], [ 114.2392020215987, 22.319390979014607 ], [ 114.236417400894567, 22.322205632885552 ], [ 114.234036953253707, 22.322128529224191 ], [ 114.232623520987786, 22.323708805706726 ], [ 114.231368297947427, 22.327856203728285 ], [ 114.229254358923697, 22.330537620143172 ], [ 114.228591399851865, 22.334355582112476 ], [ 114.224034687016129, 22.334517193894019 ], [ 114.221274403445207, 22.354521090816885 ], [ 114.221816110889819, 22.355180939238643 ], [ 114.221714948575084, 22.356543713751098 ], [ 114.222476025616899, 22.356917672874292 ], [ 114.22233749322092, 22.358409414251991 ], [ 114.224733494232694, 22.358576953280402 ], [ 114.223615474891858, 22.364021814378518 ], [ 114.225096138125522, 22.36498855984054 ], [ 114.225722371359538, 22.367337585730649 ], [ 114.226916670427741, 22.369071138095464 ], [ 114.2267961980629, 22.370545879951283 ], [ 114.231810641611546, 22.370761483880003 ], [ 114.233679202154619, 22.371387575520696 ], [ 114.239750716962305, 22.375248563199701 ], [ 114.242752611671321, 22.37913046744265 ], [ 114.244484636506954, 22.379723039889488 ], [ 114.245645378677466, 22.381246478125334 ], [ 114.247471181415108, 22.384870920953936 ], [ 114.246540079158621, 22.386992665295207 ], [ 114.254444182696176, 22.386741648139818 ], [ 114.254439729218106, 22.388603760115835 ], [ 114.252781741629178, 22.390227709250301 ], [ 114.25244738424577, 22.393600173870198 ], [ 114.258060467196188, 22.398459366627133 ], [ 114.272325962450651, 22.397921300415579 ], [ 114.274763193652518, 22.401262228094673 ], [ 114.276733815133156, 22.402818358139875 ], [ 114.281842011937044, 22.401378351654127 ], [ 114.283120428129195, 22.404003483805401 ], [ 114.287298309677581, 22.408957625292597 ], [ 114.287567601422296, 22.409671707078907 ], [ 114.286714162995466, 22.41220743457804 ], [ 114.28827170700859, 22.415065236860425 ], [ 114.290691185436344, 22.416024122001652 ], [ 114.291029063400458, 22.416646625101656 ], [ 114.292491493509687, 22.415988247787507 ], [ 114.298131488973993, 22.415176544617061 ], [ 114.299596437106686, 22.415671066905706 ], [ 114.302929638112275, 22.414779947033331 ], [ 114.306032734732483, 22.416596693510133 ], [ 114.305636614092876, 22.418505138920491 ], [ 114.30710694268106, 22.4195479003081 ], [ 114.306090188219912, 22.42134391034238 ], [ 114.306510323852606, 22.422325997925544 ], [ 114.306162581135652, 22.424104212304123 ], [ 114.306668425382881, 22.426151165565351 ], [ 114.308004270005355, 22.427708084314915 ], [ 114.313804936379881, 22.426351654243994 ], [ 114.317998520373195, 22.426075884142378 ], [ 114.319942647060671, 22.424294432965855 ], [ 114.322566452205592, 22.422955642773335 ], [ 114.322860235724079, 22.422222031956949 ], [ 114.322229933565367, 22.420700236302515 ], [ 114.324767680383218, 22.417435389045441 ], [ 114.331539783412836, 22.414690008244794 ], [ 114.334285682574887, 22.415151747881058 ], [ 114.337593039049935, 22.418805169202564 ], [ 114.338519861450322, 22.418448028950348 ], [ 114.342809430236827, 22.414453697327843 ], [ 114.344731295170007, 22.411041267161607 ], [ 114.348872681429597, 22.410099929037727 ], [ 114.352044973189209, 22.408347094465103 ], [ 114.351524005166908, 22.406815612489442 ], [ 114.35072715042989, 22.406320012630065 ], [ 114.3555801748536, 22.405800388961673 ], [ 114.356224804057064, 22.407502956341137 ], [ 114.358238965265869, 22.407503029334055 ], [ 114.35955976984323, 22.408398727293516 ], [ 114.362130589015521, 22.412892762057627 ], [ 114.36472332531747, 22.415122386132531 ], [ 114.366065404404537, 22.417908710360933 ], [ 114.3656211085612, 22.418638050610628 ], [ 114.366393625046214, 22.420755012096031 ], [ 114.366022464445138, 22.420999359508198 ], [ 114.368027651159963, 22.423170925251188 ], [ 114.36786271755247, 22.4253614181345 ], [ 114.36643745859736, 22.426548694864923 ], [ 114.36593193657815, 22.42913063856534 ], [ 114.366689222277373, 22.432450530502116 ], [ 114.366095777760052, 22.433452783409901 ], [ 114.364528496565072, 22.433964913278992 ], [ 114.363928958930344, 22.435583094887146 ], [ 114.364787525784237, 22.438854210811559 ], [ 114.36379374786857, 22.442019770392516 ], [ 114.456059590217706, 22.466226297332195 ], [ 114.502468994935441, 22.365128477242074 ], [ 114.502466382252052, 22.29327879289605 ], [ 114.479953909019699, 22.293322402605924 ], [ 114.502466382252052, 22.29327879289605 ], [ 114.502462665155136, 22.148458256333889 ], [ 114.309243803656884, 22.148473931395223 ], [ 114.309068690882782, 22.192828356339536 ], [ 114.261582457232848, 22.24573542657226 ], [ 114.261598877013839, 22.273006648194944 ], [ 114.244233727531395, 22.282289960898314 ], [ 114.244227587481845, 22.285634764135374 ], [ 114.243681049554183, 22.286205599352584 ] ], [ [ 114.255133514075695, 22.298264062631251 ], [ 114.254984691953339, 22.298005863526303 ], [ 114.254773202311469, 22.297708785851128 ], [ 114.254642753827483, 22.297549114977045 ], [ 114.254640993382154, 22.297506951888906 ], [ 114.254642753827483, 22.297549114977031 ], [ 114.254773202311426, 22.297708785851086 ], [ 114.254984691953311, 22.298005863526271 ], [ 114.255133514075695, 22.298264062631251 ] ], [ [ 114.254673391004019, 22.29742688899567 ], [ 114.254673391004005, 22.297426888995656 ], [ 114.254676780232003, 22.297427390123527 ], [ 114.254673391004019, 22.29742688899567 ] ], [ [ 114.254670174141282, 22.297418419823675 ], [ 114.254670174141282, 22.297418419823675 ], [ 114.254670640980081, 22.297419648890223 ], [ 114.254670174141282, 22.297418419823675 ] ], [ [ 114.254676925148033, 22.297402478608277 ], [ 114.254679323533082, 22.297414992832032 ], [ 114.254679323533082, 22.297414992832032 ], [ 114.254676925148033, 22.297402478608277 ] ], [ [ 114.254647470468043, 22.297321812182272 ], [ 114.254647470468043, 22.297321812182258 ], [ 114.254655137293767, 22.297329939620223 ], [ 114.254647470468043, 22.297321812182272 ] ], [ [ 114.254630758439262, 22.297295963964881 ], [ 114.254651912063139, 22.297316328469918 ], [ 114.254651912063139, 22.297316328469933 ], [ 114.254630758439262, 22.297295963964881 ] ], [ [ 114.254623778353917, 22.297291394974781 ], [ 114.254607934086252, 22.297285835112952 ], [ 114.254596570899608, 22.297269576424512 ], [ 114.254623778353917, 22.297291394974781 ] ], [ [ 114.254586931935833, 22.297247591500163 ], [ 114.254600032597537, 22.297264544713808 ], [ 114.254600032597523, 22.297264544713833 ], [ 114.254586931935833, 22.297247591500163 ] ], [ [ 114.254574092792268, 22.2972297260681 ], [ 114.254588909615492, 22.297243933154043 ], [ 114.254588909615492, 22.297243933154043 ], [ 114.254574092792268, 22.2972297260681 ] ], [ [ 114.25455555887541, 22.297197432442648 ], [ 114.25455555887541, 22.297197432442641 ], [ 114.254577302809409, 22.297225841366387 ], [ 114.254577302809409, 22.297225841366387 ], [ 114.25455555887541, 22.297197432442648 ] ], [ [ 114.254538973845641, 22.29717493562994 ], [ 114.25455803186054, 22.297194460186258 ], [ 114.254558031860526, 22.297194460186272 ], [ 114.254538973845641, 22.29717493562994 ] ], [ [ 114.254510592462651, 22.297151840346412 ], [ 114.25452393820602, 22.29715574421272 ], [ 114.25452393820602, 22.29715574421272 ], [ 114.254510592462651, 22.297151840346412 ] ], [ [ 114.254497774927913, 22.297143821886582 ], [ 114.254480198273512, 22.297134407748441 ], [ 114.254480198273512, 22.297134407748434 ], [ 114.254497774927913, 22.297143821886582 ] ], [ [ 114.254453272592357, 22.297106687616765 ], [ 114.254448326870033, 22.297113083656875 ], [ 114.254482425614341, 22.297125944997724 ], [ 114.254453272592357, 22.297106687616765 ] ], [ [ 114.254418669604505, 22.297094512837464 ], [ 114.254419094735582, 22.29709358513615 ], [ 114.254448326870033, 22.297113083656875 ], [ 114.254418669604505, 22.297094512837464 ] ], [ [ 114.254406831997827, 22.297076508041158 ], [ 114.254421393265048, 22.297088569391402 ], [ 114.254421393265048, 22.297088569391423 ], [ 114.254406831997827, 22.297076508041158 ] ], [ [ 114.254392482361126, 22.297068390761012 ], [ 114.254387537021174, 22.297075482156416 ], [ 114.254402853229223, 22.297073214471624 ], [ 114.254392482361126, 22.297068390761012 ] ], [ [ 114.25434726715541, 22.297046603435053 ], [ 114.254316919916945, 22.297026158651793 ], [ 114.254371728113142, 22.297057157565966 ], [ 114.25434726715541, 22.297046603435053 ] ], [ [ 114.254313021894589, 22.297014362438688 ], [ 114.254268813270272, 22.297005271652829 ], [ 114.254249583360576, 22.296995356184226 ], [ 114.254285899998251, 22.29700028762965 ], [ 114.254313021894589, 22.297014362438688 ] ], [ [ 114.254244147070111, 22.297001949135122 ], [ 114.254228035243472, 22.297005137587497 ], [ 114.254206295829547, 22.29705524076909 ], [ 114.254244147070111, 22.297001949135122 ] ], [ [ 114.254214691805629, 22.297058243959675 ], [ 114.254212886290077, 22.297074969517123 ], [ 114.254211316252537, 22.297057036544548 ], [ 114.254214691805629, 22.297058243959675 ] ], [ [ 114.254215334459062, 22.297079790697282 ], [ 114.254215334459047, 22.297079790697286 ], [ 114.254213605891835, 22.297076386629186 ], [ 114.254215334459062, 22.297079790697282 ] ], [ [ 114.254220265322957, 22.297081639621513 ], [ 114.254225353362486, 22.297104565922719 ], [ 114.254219431423181, 22.297081326934439 ], [ 114.254220265322957, 22.297081639621513 ] ], [ [ 114.254231682694126, 22.297125902243636 ], [ 114.25423168269414, 22.297125902243621 ], [ 114.2542352904658, 22.297125990134102 ], [ 114.254231682694126, 22.297125902243636 ] ], [ [ 114.254236459977989, 22.297166050072562 ], [ 114.254236459978003, 22.297166050072594 ], [ 114.254131807649998, 22.297078223060016 ], [ 114.253848844859149, 22.296863383849843 ], [ 114.253528080218246, 22.296605449857886 ], [ 114.253404226986746, 22.296495706279156 ], [ 114.253528080218246, 22.29660544985785 ], [ 114.254131807650012, 22.297078223060009 ], [ 114.254236459977989, 22.297166050072562 ] ], [ [ 114.252924426715708, 22.29608249121134 ], [ 114.25261935558413, 22.295803082258274 ], [ 114.252421199351843, 22.295616231914714 ], [ 114.252285919140135, 22.295519765018284 ], [ 114.252924426715708, 22.29608249121134 ] ], [ [ 114.252039032844962, 22.295415478284859 ], [ 114.251864098692067, 22.295443707694208 ], [ 114.252226546788904, 22.295479020809438 ], [ 114.252039032844962, 22.295415478284859 ] ], [ [ 114.251864098692067, 22.295443707694208 ], [ 114.25170335045253, 22.29561442445522 ], [ 114.251696858349106, 22.295760308013545 ], [ 114.251864098692067, 22.295443707694208 ] ], [ [ 114.251696858349106, 22.295760308013545 ], [ 114.2515632899308, 22.295691032515013 ], [ 114.251563278745607, 22.295670000216589 ], [ 114.251696858349106, 22.295760308013545 ] ], [ [ 114.251680959131349, 22.295261771176786 ], [ 114.251680959131349, 22.295261771176786 ], [ 114.251685921489866, 22.295287383601561 ], [ 114.251680959131349, 22.295261771176786 ] ], [ [ 114.251616872793647, 22.29489862546259 ], [ 114.251495140231611, 22.294638780372228 ], [ 114.251404945090286, 22.294570735699331 ], [ 114.251616872793647, 22.29489862546259 ] ], [ [ 114.251360785737461, 22.294544473783482 ], [ 114.251377399941646, 22.294549955170584 ], [ 114.25137739994166, 22.294549955170588 ], [ 114.251360785737461, 22.294544473783482 ] ], [ [ 114.251202787848655, 22.294403076459343 ], [ 114.251241020097211, 22.2944285198415 ], [ 114.251241020097211, 22.294428519841517 ], [ 114.251202787848655, 22.294403076459343 ] ], [ [ 114.251114389279891, 22.294354671285404 ], [ 114.25111438927992, 22.294354671285408 ], [ 114.251135986041291, 22.29436383198987 ], [ 114.251114389279891, 22.294354671285404 ] ], [ [ 114.251110030346396, 22.294355241785965 ], [ 114.250950769266467, 22.294397262243795 ], [ 114.250936537261012, 22.294405053135304 ], [ 114.251110030346396, 22.294355241785965 ] ], [ [ 114.250806815697317, 22.294542964688684 ], [ 114.250926638225963, 22.294477320652664 ], [ 114.250919406471695, 22.294491754880351 ], [ 114.250821921353094, 22.294554074491501 ], [ 114.250806815697317, 22.294542964688684 ] ], [ [ 114.250719209264616, 22.294586532173806 ], [ 114.250816551349132, 22.294565753527451 ], [ 114.250763894682805, 22.294581499829611 ], [ 114.250719209264616, 22.294586532173806 ] ], [ [ 114.250656243254952, 22.294484948328822 ], [ 114.250654887724167, 22.294472306081673 ], [ 114.250664382652516, 22.294498734377985 ], [ 114.250656243254952, 22.294484948328822 ] ], [ [ 114.250740369971794, 22.294412367089461 ], [ 114.250747647444939, 22.294392577692847 ], [ 114.250698905763329, 22.294439240766028 ], [ 114.250740369971794, 22.294412367089461 ] ], [ [ 114.250747647444939, 22.294392577692847 ], [ 114.250657061145986, 22.294342372574341 ], [ 114.250628332587709, 22.294316214912506 ], [ 114.250657061146001, 22.29434237257432 ], [ 114.250731395426044, 22.294379021107666 ], [ 114.250747647444939, 22.294392577692847 ] ], [ [ 114.250613837730526, 22.294193043883908 ], [ 114.250545793792583, 22.294104475418941 ], [ 114.250615961487881, 22.294211090669553 ], [ 114.250613837730526, 22.294193043883908 ] ], [ [ 114.250563110918904, 22.294002656370402 ], [ 114.250546465961591, 22.293961384979085 ], [ 114.250547748766536, 22.294092980818004 ], [ 114.250563110918904, 22.294002656370402 ] ], [ [ 114.250708862441726, 22.2937961573896 ], [ 114.250710209713674, 22.293804168740326 ], [ 114.250710209713674, 22.293804168740337 ], [ 114.250708862441726, 22.2937961573896 ] ], [ [ 114.250663901167698, 22.293693095154996 ], [ 114.250659304019095, 22.293685334013304 ], [ 114.250685371343891, 22.293738617760781 ], [ 114.250663901167698, 22.293693095154996 ] ], [ [ 114.250631296902554, 22.293659570270332 ], [ 114.250613558387087, 22.293660969051182 ], [ 114.250638448798412, 22.293662999134416 ], [ 114.250631296902554, 22.293659570270332 ] ], [ [ 114.25058414331636, 22.293694738871658 ], [ 114.250577276525476, 22.293701930364026 ], [ 114.250613558387087, 22.293660969051182 ], [ 114.25058414331636, 22.293694738871658 ] ], [ [ 114.250566844928926, 22.293702702706579 ], [ 114.250566844928926, 22.29370270270655 ], [ 114.250576503314406, 22.293701987611637 ], [ 114.250566844928926, 22.293702702706579 ] ], [ [ 114.250558404042096, 22.293687553164695 ], [ 114.25055553811859, 22.293675308948803 ], [ 114.250560362426853, 22.293691068036438 ], [ 114.250558404042096, 22.293687553164695 ] ], [ [ 114.25050045865656, 22.29353623535237 ], [ 114.250500458656575, 22.293536235352381 ], [ 114.250452840730688, 22.293574176526569 ], [ 114.250443399820313, 22.293576573922977 ], [ 114.250434364834447, 22.293575819449035 ], [ 114.250430053121022, 22.293566975303953 ], [ 114.25050045865656, 22.29353623535237 ] ], [ [ 114.250433932645919, 22.293510293480303 ], [ 114.250395349617037, 22.293456145326871 ], [ 114.250369568070184, 22.293460798749219 ], [ 114.250433932645919, 22.293510293480303 ] ], [ [ 114.250363088721798, 22.293460153836438 ], [ 114.250335254642152, 22.293443240711323 ], [ 114.25032998996528, 22.293437954135989 ], [ 114.250363088721798, 22.293460153836438 ] ], [ [ 114.25031353349209, 22.293399966794794 ], [ 114.250309422562637, 22.293393902066452 ], [ 114.250313792977423, 22.293413693217023 ], [ 114.25031353349209, 22.293399966794794 ] ], [ [ 114.250306055515935, 22.29338893476509 ], [ 114.25016275900316, 22.293286754917848 ], [ 114.250141630968585, 22.293268479090234 ], [ 114.250283744907094, 22.293368969136921 ], [ 114.250306055515935, 22.29338893476509 ] ], [ [ 114.250055901534083, 22.293140136440226 ], [ 114.25010895161374, 22.293197863753072 ], [ 114.25010895161374, 22.293197863753086 ], [ 114.250055901534083, 22.293140136440226 ] ], [ [ 114.249789070019062, 22.292779673489033 ], [ 114.249767579861327, 22.292750902565668 ], [ 114.249813018945417, 22.292835839432332 ], [ 114.249789070019062, 22.292779673489033 ] ], [ [ 114.249603658359405, 22.292676961197913 ], [ 114.249590443372284, 22.292667474652241 ], [ 114.249728643895821, 22.292726356775685 ], [ 114.249603658359405, 22.292676961197913 ] ], [ [ 114.249495881049413, 22.292595336570077 ], [ 114.24934118561238, 22.292509573601233 ], [ 114.249543921292187, 22.292632400302356 ], [ 114.249495881049413, 22.292595336570077 ] ], [ [ 114.249294410954107, 22.292386208567173 ], [ 114.249300475748697, 22.292400714758731 ], [ 114.249300475748683, 22.292400714758731 ], [ 114.249294410954107, 22.292386208567173 ] ], [ [ 114.249269407943544, 22.2923728969647 ], [ 114.249293178972763, 22.292383261829325 ], [ 114.249293178972778, 22.292383261829343 ], [ 114.249269407943544, 22.2923728969647 ] ], [ [ 114.249144301072903, 22.292444420374345 ], [ 114.249144301072903, 22.292444420374345 ], [ 114.249146362778959, 22.292415322799691 ], [ 114.249144301072903, 22.292444420374345 ] ], [ [ 114.249172434810802, 22.29248513592999 ], [ 114.249168982243646, 22.292494259875927 ], [ 114.249153993220517, 22.292458446994946 ], [ 114.249172434810802, 22.29248513592999 ] ], [ [ 114.248848589331658, 22.292541712300796 ], [ 114.249093736445474, 22.29258323448633 ], [ 114.249062102987082, 22.292587014336693 ], [ 114.248880895182339, 22.292581279166516 ], [ 114.248864716429495, 22.292577376090147 ], [ 114.248848589331658, 22.292541712300796 ] ], [ [ 114.248840591286637, 22.292540072581424 ], [ 114.24875800190712, 22.292542538137806 ], [ 114.248733584559616, 22.292535997464309 ], [ 114.248758001907134, 22.292542538137756 ], [ 114.248828810282504, 22.292537657297853 ], [ 114.248840591286637, 22.292540072581424 ] ], [ [ 114.248713210300195, 22.292509587191407 ], [ 114.248708817363266, 22.292496249842703 ], [ 114.248724242275301, 22.292523991956621 ], [ 114.248713210300195, 22.292509587191407 ] ], [ [ 114.248746901770616, 22.292412447952529 ], [ 114.24874690177063, 22.292412447952533 ], [ 114.248735493994545, 22.292429316197879 ], [ 114.248746901770616, 22.292412447952529 ] ], [ [ 114.248772510955988, 22.292412581092375 ], [ 114.248781691556673, 22.29241561906651 ], [ 114.248747508129469, 22.292412451104969 ], [ 114.248772510955988, 22.292412581092375 ] ], [ [ 114.248882408432451, 22.292201540941914 ], [ 114.248857723029957, 22.292191392992404 ], [ 114.248887630026417, 22.292218252923274 ], [ 114.248882408432451, 22.292201540941914 ] ], [ [ 114.248820406525638, 22.292184843579733 ], [ 114.248672428316482, 22.292195402900209 ], [ 114.248585525386829, 22.292379882722727 ], [ 114.248820406525638, 22.292184843579733 ] ], [ [ 114.248393151569189, 22.292253210874165 ], [ 114.248638218765805, 22.292494105784868 ], [ 114.248629458814648, 22.292518691006727 ], [ 114.248393151569189, 22.292253210874165 ] ], [ [ 114.248321031251905, 22.292209609714245 ], [ 114.248305859459052, 22.29219811710961 ], [ 114.248370950298721, 22.292239077160005 ], [ 114.248321031251905, 22.292209609714245 ] ], [ [ 114.248257872808935, 22.292029377318091 ], [ 114.248257872808935, 22.292029377318087 ], [ 114.248278122035998, 22.292009920617424 ], [ 114.248257872808935, 22.292029377318091 ] ], [ [ 114.248272179094982, 22.291843349276636 ], [ 114.248222696400092, 22.29172538599623 ], [ 114.248323682776387, 22.291966143031537 ], [ 114.248272179094982, 22.291843349276636 ] ], [ [ 114.248231492863695, 22.291696222253304 ], [ 114.248231492863738, 22.291696222253286 ], [ 114.248222696400092, 22.29172538599623 ], [ 114.248231492863695, 22.291696222253304 ] ], [ [ 114.248284156184539, 22.291650495305543 ], [ 114.248325576598788, 22.291587605685098 ], [ 114.24832642522793, 22.29155805712082 ], [ 114.248284156184539, 22.291650495305543 ] ], [ [ 114.248260979593809, 22.291432124719954 ], [ 114.248234972716091, 22.291421120927637 ], [ 114.24823152974048, 22.291431431374782 ], [ 114.248260979593809, 22.291432124719954 ] ], [ [ 114.248230573214869, 22.291436858655469 ], [ 114.248230505952989, 22.291434497242005 ], [ 114.248230505952989, 22.291434497242005 ], [ 114.248230573214869, 22.291436858655469 ] ], [ [ 114.248049696873636, 22.291281626297884 ], [ 114.248179223307034, 22.291440723830988 ], [ 114.248050286937612, 22.291308843091624 ], [ 114.248047301379017, 22.291296165409985 ], [ 114.248049696873636, 22.291281626297884 ] ], [ [ 114.247824188657603, 22.291127516973294 ], [ 114.247818121226672, 22.291121403611548 ], [ 114.247857916318111, 22.291140784530196 ], [ 114.247824188657603, 22.291127516973294 ] ], [ [ 114.24773699390866, 22.291022980497203 ], [ 114.247560475508848, 22.290998566473711 ], [ 114.247539098756604, 22.291000878596559 ], [ 114.247525131156195, 22.291013130203577 ], [ 114.247514716734841, 22.291017204659688 ], [ 114.24773699390866, 22.291022980497203 ] ], [ [ 114.247510508551599, 22.291016555765992 ], [ 114.247416601032754, 22.290973370461494 ], [ 114.247334371146664, 22.290945030028677 ], [ 114.247416601032754, 22.290973370461476 ], [ 114.247510508551599, 22.291016555765992 ] ], [ [ 114.247303940632946, 22.290921366917363 ], [ 114.24730394063296, 22.290921366917367 ], [ 114.247303275145924, 22.29092952185745 ], [ 114.247303940632946, 22.290921366917363 ] ], [ [ 114.247411976015755, 22.290922945483132 ], [ 114.247411976015755, 22.290922945483146 ], [ 114.247407023350476, 22.290924247151921 ], [ 114.247411976015755, 22.290922945483132 ] ], [ [ 114.247400803209985, 22.290776761806026 ], [ 114.247329311580785, 22.290698570465864 ], [ 114.247317341706065, 22.290680099693102 ], [ 114.247386884996118, 22.290755962140043 ], [ 114.247400803209985, 22.290776761806026 ] ], [ [ 114.247344300884464, 22.290653212172245 ], [ 114.247344300884464, 22.290653212172245 ], [ 114.247343252553051, 22.290654098569263 ], [ 114.247344300884464, 22.290653212172245 ] ], [ [ 114.247230398430077, 22.290387625875596 ], [ 114.247230398430077, 22.290387625875606 ], [ 114.247042070270339, 22.290225363959603 ], [ 114.247230398430077, 22.290387625875596 ] ], [ [ 114.246900978850974, 22.289858953127293 ], [ 114.246861779859046, 22.289834298500139 ], [ 114.246831078990795, 22.289836426978955 ], [ 114.246900978850974, 22.289858953127293 ] ], [ [ 114.246695058986987, 22.289877771522146 ], [ 114.246596849951331, 22.289867049263727 ], [ 114.246366764599131, 22.289718973541458 ], [ 114.246695058986987, 22.289877771522146 ] ], [ [ 114.246352899744878, 22.289703473901383 ], [ 114.246352899744878, 22.28970347390133 ], [ 114.246366764599131, 22.289718973541458 ], [ 114.246352899744878, 22.289703473901383 ] ], [ [ 114.246352902872047, 22.289702943103482 ], [ 114.246358014089409, 22.289665010287635 ], [ 114.246373604538263, 22.289637848525292 ], [ 114.246352902872047, 22.289702943103482 ] ], [ [ 114.246226223832693, 22.289327899342954 ], [ 114.246226223832693, 22.289327899342965 ], [ 114.246167633627877, 22.289295309193371 ], [ 114.246226223832693, 22.289327899342954 ] ], [ [ 114.245830615849485, 22.289107842788006 ], [ 114.245555113199458, 22.288991396810633 ], [ 114.245383213386106, 22.289119243798535 ], [ 114.245132467110395, 22.289122907573432 ], [ 114.245555113199458, 22.288991396810616 ], [ 114.245701770214126, 22.289036171695521 ], [ 114.245830615849485, 22.289107842788006 ] ], [ [ 114.245062042805458, 22.289136094811887 ], [ 114.245053040277924, 22.289121595414365 ], [ 114.245071827081489, 22.289142494656989 ], [ 114.245062042805458, 22.289136094811887 ] ], [ [ 114.245049421624756, 22.289103436351038 ], [ 114.245049421624742, 22.28910343635102 ], [ 114.245053040277924, 22.289121595414365 ], [ 114.245049421624756, 22.289103436351038 ] ], [ [ 114.245068160095613, 22.289024085413807 ], [ 114.245068186146696, 22.289023491639824 ], [ 114.245064144710739, 22.28904108918632 ], [ 114.245068160095613, 22.289024085413807 ] ], [ [ 114.245058569004428, 22.288976534180609 ], [ 114.245020873994136, 22.288923023838766 ], [ 114.245064245816337, 22.28899113463223 ], [ 114.245058569004428, 22.288976534180609 ] ], [ [ 114.244999675513768, 22.288854925451819 ], [ 114.245016525498826, 22.288840185739112 ], [ 114.244998104256709, 22.288865493901103 ], [ 114.244999675513768, 22.288854925451819 ] ], [ [ 114.245512525594549, 22.28848440850971 ], [ 114.245519631815341, 22.288585909719732 ], [ 114.245519631815341, 22.288585909719732 ], [ 114.245512525594549, 22.28848440850971 ] ], [ [ 114.245510749040989, 22.288459033206948 ], [ 114.245552301322007, 22.288360798548492 ], [ 114.245510749040989, 22.288459033206969 ], [ 114.245510749040989, 22.288459033206948 ] ], [ [ 114.245361610188951, 22.288178839840668 ], [ 114.245201400918447, 22.288120190280367 ], [ 114.245152880578502, 22.288137432112102 ], [ 114.245051200464019, 22.288229885262243 ], [ 114.245036206929697, 22.288235670099205 ], [ 114.245361610188951, 22.288178839840668 ] ], [ [ 114.244982956536305, 22.288236018632585 ], [ 114.244964158595124, 22.288246423761727 ], [ 114.245014142856803, 22.288236509497061 ], [ 114.244982956536305, 22.288236018632585 ] ], [ [ 114.244938757095852, 22.288299034822352 ], [ 114.244934453060793, 22.288348298685467 ], [ 114.244947366475628, 22.288274984919177 ], [ 114.244938757095852, 22.288299034822352 ] ], [ [ 114.244878954654681, 22.288363664992868 ], [ 114.244893699056803, 22.288372544945464 ], [ 114.244884383342736, 22.288372449514597 ], [ 114.244878954654681, 22.288363664992868 ] ], [ [ 114.244805251414903, 22.287475019153643 ], [ 114.24475777059719, 22.287474343671889 ], [ 114.244882085768438, 22.28763537086806 ], [ 114.244805251414903, 22.287475019153643 ] ], [ [ 114.244665834842522, 22.287409153909739 ], [ 114.244533522663232, 22.287224713465363 ], [ 114.243923543619999, 22.286641208503269 ], [ 114.244061478933034, 22.286787673835413 ], [ 114.244533522663232, 22.287224713465363 ], [ 114.244668997940849, 22.28741356152635 ], [ 114.244665834842522, 22.287409153909739 ] ], [ [ 114.243671333372831, 22.286220106540824 ], [ 114.243671281703215, 22.286219868317119 ], [ 114.243685239969551, 22.286283920255432 ], [ 114.243671333372831, 22.286220106540824 ] ], [ [ 114.225031786894419, 22.335266907725519 ], [ 114.225322394390645, 22.335385179528043 ], [ 114.224832052714603, 22.335003671961317 ], [ 114.225031786894419, 22.335266907725519 ] ], [ [ 114.225408726505606, 22.335420314940968 ], [ 114.226231175913369, 22.335607775833648 ], [ 114.226275324856033, 22.335651667224486 ], [ 114.225408726505606, 22.335420314940968 ] ], [ [ 114.226634949762413, 22.336228461527963 ], [ 114.226902905207027, 22.337072662805259 ], [ 114.226923577827606, 22.337159875223968 ], [ 114.226634949762413, 22.336228461527963 ] ], [ [ 114.227350038622362, 22.339042145836427 ], [ 114.227723135585151, 22.339378598430987 ], [ 114.227243240242373, 22.338867745728948 ], [ 114.227350038622362, 22.339042145836427 ] ], [ [ 114.228085360136191, 22.339550381152605 ], [ 114.228146859430595, 22.339572863837986 ], [ 114.227723135585151, 22.339378598430987 ], [ 114.228085360136191, 22.339550381152605 ] ], [ [ 114.228661424808237, 22.339764783051614 ], [ 114.229171759933564, 22.340019984685217 ], [ 114.229246748736884, 22.340147670750735 ], [ 114.228661424808237, 22.339764783051614 ] ], [ [ 114.228396802553647, 22.341163755998593 ], [ 114.228376165025381, 22.341187226086081 ], [ 114.228681756072277, 22.340823528712782 ], [ 114.228396802553647, 22.341163755998593 ] ], [ [ 114.239132416540443, 22.344417100552018 ], [ 114.240049204397451, 22.344349205897174 ], [ 114.240654349918401, 22.344129751704539 ], [ 114.239132416540443, 22.344417100552018 ] ], [ [ 114.240757818181194, 22.344053041427287 ], [ 114.241890476099968, 22.343500597334103 ], [ 114.24241693042508, 22.343235524204825 ], [ 114.241255395872685, 22.343781295280056 ], [ 114.240757818181194, 22.344053041427287 ] ], [ [ 114.242836662002219, 22.343134549010561 ], [ 114.245868448528242, 22.341230130052868 ], [ 114.246272765256037, 22.340976153214775 ], [ 114.246282383590383, 22.340972609110263 ], [ 114.246286295037038, 22.340971279940369 ], [ 114.246290225929812, 22.340970013976005 ], [ 114.246294185976211, 22.340968811213003 ], [ 114.242836662002219, 22.343134549010561 ] ], [ [ 114.246294185976211, 22.340968811213003 ], [ 114.246302164407496, 22.340966595303563 ], [ 114.246305126754734, 22.3409658484136 ], [ 114.246294185976211, 22.340968811213003 ] ], [ [ 114.246321026883948, 22.340962463660819 ], [ 114.246314277909619, 22.340963763542028 ], [ 114.246318354637523, 22.340962949042723 ], [ 114.246321026883948, 22.340962463660819 ] ], [ [ 114.246376325415952, 22.340958616590257 ], [ 114.246334778373821, 22.34096036828689 ], [ 114.246338903804428, 22.340959887897125 ], [ 114.246343048685716, 22.340959479743432 ], [ 114.246347193598282, 22.340959134803597 ], [ 114.246351348249675, 22.340958853073456 ], [ 114.2463555126443, 22.340958643583541 ], [ 114.246359667367301, 22.340958506342169 ], [ 114.246363831829072, 22.340958432310511 ], [ 114.246367996322235, 22.340958421492687 ], [ 114.246372160851138, 22.340958482919262 ], [ 114.246376325415952, 22.340958616590257 ] ], [ [ 114.246387595769505, 22.340959310390605 ], [ 114.246392925753057, 22.34095980149873 ], [ 114.246396464860183, 22.340960201837269 ], [ 114.246387595769505, 22.340959310390605 ] ], [ [ 114.246397654967168, 22.34096034571315 ], [ 114.24640530355417, 22.34096140362481 ], [ 114.246412615400814, 22.34096264275826 ], [ 114.246397654967168, 22.34096034571315 ] ], [ [ 114.246414003233852, 22.340962899581154 ], [ 114.246421623307938, 22.340964467008597 ], [ 114.246425274917186, 22.340965304408488 ], [ 114.246414003233852, 22.340962899581154 ] ], [ [ 114.246429691157005, 22.340966387053722 ], [ 114.246433529019981, 22.340967405343012 ], [ 114.246426594283363, 22.3409656230127 ], [ 114.246429691157005, 22.340966387053722 ] ], [ [ 114.246433792334045, 22.340967476837605 ], [ 114.246441642714345, 22.340969768381612 ], [ 114.246445584564043, 22.340971021936689 ], [ 114.246433792334045, 22.340967476837605 ] ], [ [ 114.246460386792123, 22.34097640114911 ], [ 114.246453390702669, 22.340973727752338 ], [ 114.246457254987106, 22.340975170982347 ], [ 114.246460386792123, 22.34097640114911 ] ], [ [ 114.24647392878974, 22.340983224139091 ], [ 114.246468673295112, 22.340979880030584 ], [ 114.246472421211536, 22.340981567135533 ], [ 114.24647392878974, 22.340983224139091 ] ], [ [ 114.246861462128621, 22.340563699641422 ], [ 114.246870708370921, 22.340553816205116 ], [ 114.246474655146287, 22.340984022489266 ], [ 114.246474655146287, 22.340984022489266 ], [ 114.246861462128621, 22.340563699641422 ] ], [ [ 114.246870708370921, 22.340553816205116 ], [ 114.247042768625988, 22.340390938683665 ], [ 114.247034236415033, 22.340333986597152 ], [ 114.246870708370921, 22.340553816205116 ] ], [ [ 114.247604659258997, 22.340539260399233 ], [ 114.246968132587682, 22.339991955414668 ], [ 114.247327136642852, 22.340292336878623 ], [ 114.247604659258997, 22.340539260399233 ] ], [ [ 114.24800065000025, 22.340929516472642 ], [ 114.248188893918353, 22.341210720401552 ], [ 114.248231107056071, 22.341315944014141 ], [ 114.24800065000025, 22.340929516472642 ] ], [ [ 114.248653392207757, 22.342508866342865 ], [ 114.248866345566611, 22.342828318498384 ], [ 114.248933902964453, 22.342894639383424 ], [ 114.248653392207757, 22.342508866342865 ] ], [ [ 114.249096552888631, 22.343038700351588 ], [ 114.249251838983241, 22.343139123119652 ], [ 114.249063919354555, 22.34301168223562 ], [ 114.249096552888631, 22.343038700351588 ] ], [ [ 114.249466362212743, 22.343237020364739 ], [ 114.249436629347429, 22.343225842183731 ], [ 114.249436629347414, 22.343225842183717 ], [ 114.249466362212743, 22.343237020364739 ] ], [ [ 114.249612779729489, 22.343288902491224 ], [ 114.250425217276259, 22.34339901772951 ], [ 114.250866424703347, 22.343330242472764 ], [ 114.249612779729489, 22.343288902491224 ] ], [ [ 114.251559059215367, 22.343109800643045 ], [ 114.251922731307943, 22.342848829830039 ], [ 114.251262636765119, 22.343236355947624 ], [ 114.251559059215367, 22.343109800643045 ] ], [ [ 114.252626946659944, 22.34266549753772 ], [ 114.25288056896575, 22.342654584785702 ], [ 114.252531020827462, 22.342687586032088 ], [ 114.252626946659944, 22.34266549753772 ] ], [ [ 114.253502028526682, 22.342669917129722 ], [ 114.253650016888813, 22.342716516978303 ], [ 114.25319022577915, 22.342649970245844 ], [ 114.253502028526682, 22.342669917129722 ] ], [ [ 114.253862056018335, 22.342886904298211 ], [ 114.253891846058565, 22.342902972783939 ], [ 114.253834506103004, 22.342868129697944 ], [ 114.253862056018335, 22.342886904298211 ] ], [ [ 114.254200988069229, 22.34313557091679 ], [ 114.25424333847765, 22.343181299515898 ], [ 114.25409713885783, 22.343075135059848 ], [ 114.254200988069229, 22.34313557091679 ] ], [ [ 114.254310398421794, 22.343233608599022 ], [ 114.254789149613373, 22.343409790967748 ], [ 114.254873643088899, 22.343354447125279 ], [ 114.255524053001011, 22.34305928464963 ], [ 114.255649374630508, 22.342966750769857 ], [ 114.254310398421794, 22.343233608599022 ] ], [ [ 114.255811811419662, 22.342793772512579 ], [ 114.256031778329614, 22.342489452561264 ], [ 114.25576531295583, 22.342848416339947 ], [ 114.255811811419662, 22.342793772512579 ] ], [ [ 114.256384663400283, 22.342088629705366 ], [ 114.256712844969869, 22.341797259648814 ], [ 114.257054056042321, 22.341528820101644 ], [ 114.25715555282207, 22.341605213536958 ], [ 114.257202516461831, 22.341653855954842 ], [ 114.256384663400283, 22.342088629705366 ] ], [ [ 114.257131922876923, 22.342144295706031 ], [ 114.257131922876923, 22.342144295706031 ], [ 114.257150879445661, 22.342086143931279 ], [ 114.257131922876923, 22.342144295706031 ] ], [ [ 114.25770143616819, 22.342752374354717 ], [ 114.257404483632357, 22.342654992234529 ], [ 114.25758727191166, 22.34271322059865 ], [ 114.25770143616819, 22.342752374354717 ] ], [ [ 114.258197415382242, 22.343078351138413 ], [ 114.258505349858424, 22.343335652419604 ], [ 114.258569689519192, 22.343376233952959 ], [ 114.258197415382242, 22.343078351138413 ] ], [ [ 114.258707517048563, 22.343458663911605 ], [ 114.258927168139721, 22.343556028742402 ], [ 114.259061333879259, 22.343596765701253 ], [ 114.258707517048563, 22.343458663911605 ] ], [ [ 114.2592092986621, 22.343661341601671 ], [ 114.259576933672946, 22.343793915347831 ], [ 114.259576933672975, 22.343793915347849 ], [ 114.2592092986621, 22.343661341601671 ] ], [ [ 114.259659369770958, 22.343841066933514 ], [ 114.25976269731548, 22.343889089562449 ], [ 114.259636267459982, 22.343827852941025 ], [ 114.259659369770958, 22.343841066933514 ] ], [ [ 114.260176275704197, 22.34410658026372 ], [ 114.260344788960481, 22.344280005569292 ], [ 114.260127508148258, 22.344067078068402 ], [ 114.260176275704197, 22.34410658026372 ] ], [ [ 114.260655171274465, 22.344636869560819 ], [ 114.261642040383549, 22.344497285302825 ], [ 114.265632022408894, 22.343932886655946 ], [ 114.265680905798973, 22.343925978567352 ], [ 114.279746543091477, 22.347756969116936 ], [ 114.265680905798959, 22.343925978567366 ], [ 114.260655171274465, 22.344636869560819 ] ], [ [ 114.258284370214184, 22.321404447358475 ], [ 114.258363241142305, 22.321460251675514 ], [ 114.258363241142305, 22.321460251675521 ], [ 114.258284370214184, 22.321404447358475 ] ], [ [ 114.260356596100166, 22.316359275396564 ], [ 114.260191038898341, 22.316180004900456 ], [ 114.260648977824459, 22.316655896425079 ], [ 114.260356596100166, 22.316359275396564 ] ], [ [ 114.260014910433213, 22.315991517641674 ], [ 114.260014910433227, 22.31599151764166 ], [ 114.260028934644055, 22.316005683150152 ], [ 114.260014910433213, 22.315991517641674 ] ], [ [ 114.259787087302612, 22.316142987064364 ], [ 114.260014910433213, 22.315991517641667 ], [ 114.260014910433213, 22.315991517641674 ], [ 114.259787087302612, 22.316142987064364 ] ], [ [ 114.258878738594106, 22.314843650076149 ], [ 114.258878623468348, 22.314843532309258 ], [ 114.258907171258073, 22.31487237638477 ], [ 114.258878738594106, 22.314843650076149 ] ], [ [ 114.262025900684549, 22.311629310857683 ], [ 114.25996476881113, 22.310937896996823 ], [ 114.256569317837133, 22.309783911234842 ], [ 114.255620603306156, 22.309450721109421 ], [ 114.25582596576406, 22.310690639751567 ], [ 114.254548259657128, 22.310734730557126 ], [ 114.254184533362107, 22.312816032705907 ], [ 114.255144725057107, 22.315350739907657 ], [ 114.255114275892041, 22.315450894759937 ], [ 114.255055729676016, 22.315622260104796 ], [ 114.255058215348356, 22.315625518339854 ], [ 114.255055728647264, 22.315622259426231 ], [ 114.254184532233666, 22.312816031745175 ], [ 114.254548258813088, 22.31073472962273 ], [ 114.255825964545778, 22.310690639051021 ], [ 114.25562060221101, 22.309450720303019 ], [ 114.262025900684549, 22.311629310857683 ] ], [ [ 114.244259635830559, 22.301486196162426 ], [ 114.244259635830531, 22.301486196162436 ], [ 114.244210723182235, 22.301464235978365 ], [ 114.244259635830559, 22.301486196162426 ] ], [ [ 114.244430624465608, 22.301649750631121 ], [ 114.244430624465608, 22.301649750631118 ], [ 114.24441567387754, 22.301631530366667 ], [ 114.244430624465608, 22.301649750631121 ] ], [ [ 114.244560274869343, 22.301740255514463 ], [ 114.244560274869301, 22.301740255514456 ], [ 114.244536360606403, 22.301727821350205 ], [ 114.244560274869343, 22.301740255514463 ] ], [ [ 114.244736105780603, 22.301781162923572 ], [ 114.244693422712828, 22.301777866548985 ], [ 114.244736105780646, 22.301781162923572 ], [ 114.244736105780603, 22.301781162923572 ] ], [ [ 114.245508141463915, 22.301669598904585 ], [ 114.245508141463887, 22.301669598904585 ], [ 114.245486595044142, 22.301662011542177 ], [ 114.245508141463915, 22.301669598904585 ] ], [ [ 114.245609699035668, 22.301743742341774 ], [ 114.245609699035668, 22.301743742341774 ], [ 114.245601464123965, 22.301735264636704 ], [ 114.245609699035668, 22.301743742341774 ] ], [ [ 114.246137232594251, 22.301730342187724 ], [ 114.246137232594251, 22.301730342187724 ], [ 114.246128160852493, 22.301730287990782 ], [ 114.246137232594251, 22.301730342187724 ] ], [ [ 114.24622510615599, 22.301744148550512 ], [ 114.24622510615599, 22.301744148550512 ], [ 114.246219105226459, 22.301742898998267 ], [ 114.24622510615599, 22.301744148550512 ] ], [ [ 114.246412888699567, 22.301853130793656 ], [ 114.246412888699552, 22.301853130793649 ], [ 114.246404025503196, 22.301843798809852 ], [ 114.246412888699567, 22.301853130793656 ] ], [ [ 114.246501205208062, 22.301996706672366 ], [ 114.246501205208034, 22.301996706672341 ], [ 114.246485505110513, 22.301965542008187 ], [ 114.246501205208062, 22.301996706672366 ] ], [ [ 114.246526168418214, 22.302080120718259 ], [ 114.246531576638034, 22.30211479590751 ], [ 114.246515598401132, 22.30203791619136 ], [ 114.246526168418214, 22.302080120718259 ] ], [ [ 114.246933377110267, 22.302306821266374 ], [ 114.246933377110253, 22.302306821266363 ], [ 114.246915256669922, 22.302301952074394 ], [ 114.246933377110267, 22.302306821266374 ] ], [ [ 114.247499239470031, 22.302800252046946 ], [ 114.247740990290183, 22.303071099888459 ], [ 114.247499239470031, 22.302800252046925 ], [ 114.247499239470031, 22.302800252046946 ] ], [ [ 114.248304532581727, 22.304511235448746 ], [ 114.248304532581713, 22.304511235448704 ], [ 114.248296989116866, 22.304315121094593 ], [ 114.248304532581727, 22.304511235448746 ] ], [ [ 114.248803133765975, 22.305667483379469 ], [ 114.248803133765932, 22.305667483379448 ], [ 114.248767436718538, 22.305584358147982 ], [ 114.248803133765975, 22.305667483379469 ] ], [ [ 114.24915125356128, 22.307082875736274 ], [ 114.24934621188396, 22.307465248864663 ], [ 114.249066628867098, 22.306788515771785 ], [ 114.24915125356128, 22.307082875736274 ] ], [ [ 114.249918545893692, 22.308064474405015 ], [ 114.250355036512005, 22.308250514072714 ], [ 114.249856203742993, 22.308011483587901 ], [ 114.249918545893692, 22.308064474405015 ] ], [ [ 114.252143431109886, 22.307452626722771 ], [ 114.25214176274676, 22.307454343311814 ], [ 114.252143431109886, 22.307452626722771 ], [ 114.252143431109886, 22.307452626722771 ] ], [ [ 114.253951046023559, 22.304932383492638 ], [ 114.254436978470366, 22.305169701813195 ], [ 114.2541517230582, 22.305034189313105 ], [ 114.253951046023559, 22.304932383492638 ] ], [ [ 114.251958931761166, 22.307008433719183 ], [ 114.251962092526483, 22.307019660053612 ], [ 114.251958542665292, 22.307006585743331 ], [ 114.251958931761166, 22.307008433719183 ] ], [ [ 114.25192627594582, 22.306775964995101 ], [ 114.25192627594582, 22.306775964995101 ], [ 114.25193182016254, 22.30685344500337 ], [ 114.25192627594582, 22.306775964995101 ] ], [ [ 114.251973082023653, 22.306454774365562 ], [ 114.251974267826029, 22.306449838652441 ], [ 114.251974267826029, 22.306449838652441 ], [ 114.251973082023653, 22.306454774365562 ] ], [ [ 114.250248190666284, 22.305518318486357 ], [ 114.250653961433073, 22.306487136231205 ], [ 114.251393767776207, 22.30621010016414 ], [ 114.250653961433073, 22.306487136231208 ], [ 114.250248190666284, 22.305518318486357 ] ], [ [ 114.250437875611382, 22.305327440410103 ], [ 114.250960140435296, 22.304801885786706 ], [ 114.250960140435311, 22.304801885786723 ], [ 114.250437875611382, 22.305327440410103 ] ], [ [ 114.252130128191141, 22.305749337579606 ], [ 114.252312435487468, 22.305897965940979 ], [ 114.252312435487454, 22.305897965940986 ], [ 114.252130128191141, 22.305749337579606 ] ], [ [ 114.253306052423, 22.304483515560147 ], [ 114.253657497223514, 22.304767596837848 ], [ 114.253657497223514, 22.304767596837848 ], [ 114.253306052423, 22.304483515560147 ] ], [ [ 114.248555693790536, 22.303749600641162 ], [ 114.248555694683787, 22.303749596122302 ], [ 114.24856753749188, 22.303734423978245 ], [ 114.248555693790536, 22.303749600641162 ] ], [ [ 114.253221482394338, 22.323272322033738 ], [ 114.252958363023168, 22.323384660455915 ], [ 114.253584802969428, 22.323117196142288 ], [ 114.253221482394338, 22.323272322033738 ] ], [ [ 114.25470798459547, 22.322447610645614 ], [ 114.254707981853642, 22.322447612359401 ], [ 114.254861493421473, 22.322318191759759 ], [ 114.25470798459547, 22.322447610645614 ] ], [ [ 114.254980195660977, 22.322196642834204 ], [ 114.255248886667928, 22.32186799269995 ], [ 114.255062456281209, 22.322103365648534 ], [ 114.254980195660977, 22.322196642834204 ] ], [ [ 114.255517268036996, 22.321481913478099 ], [ 114.255625304604408, 22.321290271220381 ], [ 114.255378461982659, 22.321691770333874 ], [ 114.255517268036996, 22.321481913478099 ] ], [ [ 114.255801424494706, 22.320913516627272 ], [ 114.256183174763223, 22.31970723527359 ], [ 114.255709789344635, 22.321115900391092 ], [ 114.255801424494706, 22.320913516627272 ] ], [ [ 114.256984898811837, 22.323112569778701 ], [ 114.256890264372814, 22.323228330256587 ], [ 114.257475479320163, 22.32248320883102 ], [ 114.256984898811837, 22.323112569778701 ] ], [ [ 114.258178205110426, 22.321562706311614 ], [ 114.258068686058138, 22.321706691345867 ], [ 114.258203111720519, 22.32151652481042 ], [ 114.258178205110426, 22.321562706311614 ] ], [ [ 114.258809441870682, 22.316809445209589 ], [ 114.258809441870682, 22.316809445209589 ], [ 114.258481155066562, 22.3170291264471 ], [ 114.258809441870682, 22.316809445209589 ] ], [ [ 114.257182329100772, 22.318053428792311 ], [ 114.25628903449072, 22.319270253905845 ], [ 114.258268673689273, 22.317176179071431 ], [ 114.257182329100772, 22.318053428792311 ] ], [ [ 114.25397516543093, 22.324596165425909 ], [ 114.25397516543093, 22.324596165425923 ], [ 114.25327605369273, 22.323763187129284 ], [ 114.25397516543093, 22.324596165425909 ] ], [ [ 114.254529041770724, 22.324148462599709 ], [ 114.254529041770752, 22.324148462599688 ], [ 114.254900673762052, 22.323849607310663 ], [ 114.254529041770724, 22.324148462599709 ] ], [ [ 114.262475552660888, 22.375700784257472 ], [ 114.262974024105745, 22.3761839146411 ], [ 114.262475552660874, 22.375700784257472 ], [ 114.262475552660888, 22.375700784257472 ] ], [ [ 114.263024253754736, 22.376216045592621 ], [ 114.263142007940402, 22.376266969171006 ], [ 114.262974024105745, 22.3761839146411 ], [ 114.263024253754736, 22.376216045592621 ] ], [ [ 114.263441366954765, 22.376349953265496 ], [ 114.263565124394844, 22.376397655131683 ], [ 114.263142007940402, 22.376266969171006 ], [ 114.263441366954765, 22.376349953265496 ] ], [ [ 114.263510881563505, 22.375740689772385 ], [ 114.263508408447038, 22.375739376236645 ], [ 114.263510881563505, 22.375740689772385 ], [ 114.263510881563505, 22.375740689772385 ] ], [ [ 114.264626185360129, 22.375941568575954 ], [ 114.264626185360129, 22.375941568575968 ], [ 114.264560238807761, 22.375926329852941 ], [ 114.264626185360129, 22.375941568575954 ] ], [ [ 114.265034305497124, 22.375686423971462 ], [ 114.265034305497096, 22.375686423971469 ], [ 114.265026771458892, 22.37568829887104 ], [ 114.265034305497124, 22.375686423971462 ] ], [ [ 114.265093262017572, 22.375683655578154 ], [ 114.265133709648836, 22.375708666127029 ], [ 114.265060267198834, 22.37568251766314 ], [ 114.265093262017572, 22.375683655578154 ] ], [ [ 114.265274406879143, 22.375931614135748 ], [ 114.265274419930577, 22.375931227836276 ], [ 114.265274419930577, 22.375931227836276 ], [ 114.265274406879143, 22.375931614135748 ] ], [ [ 114.265272403413974, 22.3759822965532 ], [ 114.265273309790757, 22.375961469406846 ], [ 114.265272403414016, 22.375982296553172 ], [ 114.265272403413974, 22.3759822965532 ] ], [ [ 114.265431228891515, 22.375876453204597 ], [ 114.265431228891515, 22.375876453204597 ], [ 114.26541670599569, 22.375886130264995 ], [ 114.265431228891515, 22.375876453204597 ] ], [ [ 114.265562935399686, 22.375542305818431 ], [ 114.265568062876511, 22.375560930115054 ], [ 114.265562935399686, 22.375542305818431 ], [ 114.265562935399686, 22.375542305818431 ] ], [ [ 114.265886812367981, 22.37527536620917 ], [ 114.265886812367981, 22.375275366209173 ], [ 114.265692486335311, 22.375435530053096 ], [ 114.265886812367981, 22.37527536620917 ] ], [ [ 114.26818343658762, 22.374883705526226 ], [ 114.26818343658762, 22.374883705526248 ], [ 114.268103810221703, 22.37490300544464 ], [ 114.26818343658762, 22.374883705526226 ] ], [ [ 114.269287069814382, 22.373380525744327 ], [ 114.269287069814382, 22.373380525744313 ], [ 114.26928059638179, 22.373391663324369 ], [ 114.269287069814382, 22.373380525744327 ] ], [ [ 114.271526557408677, 22.372451154733721 ], [ 114.2709779608726, 22.372334466150985 ], [ 114.270936903066868, 22.372335557959062 ], [ 114.270977960872642, 22.372334466150974 ], [ 114.271526557408677, 22.372451154733721 ] ], [ [ 114.272763577303166, 22.371555798459898 ], [ 114.27274390626242, 22.371537180568129 ], [ 114.27274390626242, 22.371537180568119 ], [ 114.272763577303166, 22.371555798459898 ] ], [ [ 114.273102064591825, 22.371793407822437 ], [ 114.273102064591811, 22.371793407822452 ], [ 114.273075687431117, 22.371803628005932 ], [ 114.273102064591825, 22.371793407822437 ] ], [ [ 114.273166720214377, 22.371804113570857 ], [ 114.273158166840545, 22.371793771785502 ], [ 114.273158166840574, 22.371793771785494 ], [ 114.273166720214377, 22.371804113570857 ] ], [ [ 114.273155848021801, 22.371835157170356 ], [ 114.273172208878222, 22.371810749849818 ], [ 114.273172208878222, 22.371810749849818 ], [ 114.273155848021801, 22.371835157170356 ] ], [ [ 114.273021881537773, 22.371904603228849 ], [ 114.27303843536744, 22.371903103352693 ], [ 114.273021881537773, 22.371904603228849 ], [ 114.273021881537773, 22.371904603228849 ] ], [ [ 114.273025245470947, 22.371953420260606 ], [ 114.273025245470947, 22.371953420260592 ], [ 114.273022002130219, 22.371906353254172 ], [ 114.273025245470947, 22.371953420260606 ] ], [ [ 114.273175213282883, 22.372141283421904 ], [ 114.273175213282883, 22.372141283421911 ], [ 114.273149822195748, 22.372128012089181 ], [ 114.273175213282883, 22.372141283421904 ] ], [ [ 114.273306877898577, 22.372102319541995 ], [ 114.273306877898563, 22.37210231954203 ], [ 114.273290246371232, 22.372099953708581 ], [ 114.273306877898577, 22.372102319541995 ] ], [ [ 114.273353419785238, 22.372128860828841 ], [ 114.27335407212415, 22.372124416194776 ], [ 114.27335407212415, 22.372124416194776 ], [ 114.273353419785238, 22.372128860828841 ] ], [ [ 114.273351114874458, 22.372144565064318 ], [ 114.273264170491174, 22.372194393156434 ], [ 114.273279727562226, 22.37216949575383 ], [ 114.273351114874458, 22.372144565064318 ] ], [ [ 114.273350732399749, 22.372176134871331 ], [ 114.273313797873598, 22.37226706835246 ], [ 114.273275600459499, 22.372267407187135 ], [ 114.273350732399749, 22.372176134871331 ] ], [ [ 114.273306056712059, 22.372333754377831 ], [ 114.273306056712059, 22.372333754377831 ], [ 114.273275600459499, 22.372267407187135 ], [ 114.273306056712059, 22.372333754377831 ] ], [ [ 114.273342030857179, 22.37234784108492 ], [ 114.273336698813807, 22.372331613935785 ], [ 114.273336698813836, 22.372331613935785 ], [ 114.273342030857179, 22.37234784108492 ] ], [ [ 114.273347343477212, 22.372364009118662 ], [ 114.273470135694282, 22.372553053136354 ], [ 114.273510221476485, 22.372573465277668 ], [ 114.273347343477212, 22.372364009118662 ] ], [ [ 114.273569527975425, 22.372573474992524 ], [ 114.273588669886351, 22.372593610654626 ], [ 114.273569527975425, 22.372573474992524 ], [ 114.273569527975425, 22.372573474992524 ] ], [ [ 114.27378272990012, 22.372766311705792 ], [ 114.273734288042206, 22.372779778140316 ], [ 114.273769533662275, 22.372737087796558 ], [ 114.27378272990012, 22.372766311705792 ] ], [ [ 114.279441207772663, 22.377684935040421 ], [ 114.27971641290388, 22.376777754371236 ], [ 114.279716412903909, 22.37677775437124 ], [ 114.279441207772663, 22.377684935040421 ] ], [ [ 114.334402185196112, 22.302172227950319 ], [ 114.287849226492028, 22.349963207361974 ], [ 114.287849226492028, 22.349963207361974 ], [ 114.334402185196112, 22.302172227950319 ] ], [ [ 114.335676114011704, 22.300863780686033 ], [ 114.342824917469855, 22.29352059536626 ], [ 114.334402185196112, 22.302172227950319 ], [ 114.335676114011704, 22.300863780686033 ] ], [ [ 114.26221245612787, 22.311418158687665 ], [ 114.26221245612787, 22.311418158687665 ], [ 114.262088085894604, 22.31155892682526 ], [ 114.26221245612787, 22.311418158687665 ] ], [ [ 114.262417122745887, 22.311161645086305 ], [ 114.262417122745887, 22.311161645086351 ], [ 114.262337340514492, 22.311263487174976 ], [ 114.262417122745887, 22.311161645086305 ] ], [ [ 114.262545427109117, 22.310985245897363 ], [ 114.262725285730042, 22.310713104011018 ], [ 114.26279143279902, 22.310602466138821 ], [ 114.262545427109117, 22.310985245897363 ] ], [ [ 114.262996864368731, 22.310228053002767 ], [ 114.263136852394055, 22.30987801581643 ], [ 114.262854599988941, 22.310494860139187 ], [ 114.262996864368731, 22.310228053002767 ] ], [ [ 114.262115607785219, 22.309531707662458 ], [ 114.262987699377916, 22.309827433458132 ], [ 114.263070562151455, 22.30985553478531 ], [ 114.262987699377916, 22.309827433458146 ], [ 114.262115607785219, 22.309531707662458 ] ], [ [ 114.26159235458563, 22.309354269923777 ], [ 114.262084305753675, 22.30815669007054 ], [ 114.262162118062193, 22.307958662276146 ], [ 114.26159235458563, 22.309354269923777 ] ], [ [ 114.262189871195673, 22.307888777919086 ], [ 114.262189871195702, 22.3078887779191 ], [ 114.262162118062193, 22.307958662276146 ], [ 114.262189871195673, 22.307888777919086 ] ], [ [ 114.264560159447782, 22.308651944120005 ], [ 114.264401108288155, 22.30861491287623 ], [ 114.264560159447782, 22.308651944119998 ], [ 114.264560159447782, 22.308651944120005 ] ], [ [ 114.26462170816248, 22.30881104841378 ], [ 114.264846748348646, 22.308942971872554 ], [ 114.264924879907014, 22.309027329432475 ], [ 114.26462170816248, 22.30881104841378 ] ], [ [ 114.264917729098869, 22.30903044887258 ], [ 114.264919589102107, 22.309029637472221 ], [ 114.264917729098855, 22.30903044887258 ], [ 114.264917729098869, 22.30903044887258 ] ], [ [ 114.264717454950926, 22.309345833767306 ], [ 114.264717454950926, 22.309345833767306 ], [ 114.26472894334681, 22.309321551168797 ], [ 114.264717454950926, 22.309345833767306 ] ], [ [ 114.264717310841689, 22.309472244159906 ], [ 114.264717310841689, 22.309472244159885 ], [ 114.264722370385371, 22.309505498257437 ], [ 114.264717310841689, 22.309472244159906 ] ], [ [ 114.264840948554635, 22.309754527798042 ], [ 114.264840948554635, 22.309754527798056 ], [ 114.264738399823372, 22.309610852412668 ], [ 114.264840948554635, 22.309754527798042 ] ], [ [ 114.264533602475154, 22.310968505882045 ], [ 114.264533602475169, 22.310968505882077 ], [ 114.26444574414316, 22.310882320199489 ], [ 114.264533602475154, 22.310968505882045 ] ], [ [ 114.264614023376211, 22.311034024506071 ], [ 114.264612548994052, 22.311035361832324 ], [ 114.264612548994052, 22.311035361832324 ], [ 114.264614023376211, 22.311034024506071 ] ], [ [ 114.265141741812158, 22.311493738533095 ], [ 114.265546274321096, 22.311849183115697 ], [ 114.264881916938265, 22.311267396573403 ], [ 114.265141741812158, 22.311493738533095 ] ], [ [ 114.266471122425827, 22.312893789963226 ], [ 114.267439461978469, 22.313709039805008 ], [ 114.266815928746183, 22.313209678830557 ], [ 114.266471122425827, 22.312893789963226 ] ], [ [ 114.256255554478741, 22.300948713745058 ], [ 114.256139315365701, 22.300814030935395 ], [ 114.256130572566136, 22.300798544782811 ], [ 114.256139315365701, 22.300814030935395 ], [ 114.256232589881506, 22.300922108797536 ], [ 114.256255554478741, 22.300948713745058 ] ], [ [ 114.256677116703713, 22.301218907365314 ], [ 114.25698157457235, 22.301307175933651 ], [ 114.25641946096205, 22.301081715677963 ], [ 114.256677116703713, 22.301218907365314 ] ], [ [ 114.25788932834925, 22.301331173819246 ], [ 114.259279932291918, 22.301324627289237 ], [ 114.259279932291918, 22.301324627289251 ], [ 114.25788932834925, 22.301331173819246 ] ], [ [ 114.259279554978647, 22.301315843946259 ], [ 114.259266697798097, 22.3005519570853 ], [ 114.259323396205446, 22.300525351185609 ], [ 114.259279554978647, 22.301315843946259 ] ], [ [ 114.259372955403748, 22.300537634700568 ], [ 114.259372955403748, 22.300537634700571 ], [ 114.259323396205446, 22.300525351185609 ], [ 114.259372955403748, 22.300537634700568 ] ], [ [ 114.259481642412283, 22.301320659558741 ], [ 114.259481642412297, 22.301320659558748 ], [ 114.259435807584083, 22.301321558870519 ], [ 114.259481642412283, 22.301320659558741 ] ], [ [ 114.259825107656084, 22.301511120359901 ], [ 114.260023268817292, 22.301598029775285 ], [ 114.259764045362601, 22.301415178866719 ], [ 114.259825107656084, 22.301511120359901 ] ], [ [ 114.260030537191739, 22.301599136212591 ], [ 114.260193356622736, 22.30156550352962 ], [ 114.26010832442779, 22.301599330701421 ], [ 114.260030537191739, 22.301599136212591 ] ], [ [ 114.260593453536558, 22.30130939398741 ], [ 114.260306981925226, 22.301308108906866 ], [ 114.260577268239473, 22.301308773341187 ], [ 114.260593453536558, 22.30130939398741 ] ], [ [ 114.260626609354929, 22.300548018448687 ], [ 114.260727366267631, 22.300528003717591 ], [ 114.260619486513605, 22.300582451496865 ], [ 114.260626609354929, 22.300548018448687 ] ], [ [ 114.260784706415407, 22.300609411508194 ], [ 114.260789429418253, 22.300621344094196 ], [ 114.260789429418253, 22.300621344094207 ], [ 114.260784706415407, 22.300609411508194 ] ], [ [ 114.260788612580953, 22.301316872935505 ], [ 114.260788770703286, 22.301180815149987 ], [ 114.260848482323965, 22.301319171840063 ], [ 114.260788612580953, 22.301316872935505 ] ], [ [ 114.26145488215073, 22.301320653775811 ], [ 114.261928594634256, 22.301318170081384 ], [ 114.260848482323965, 22.301319171840063 ], [ 114.26145488215073, 22.301320653775811 ] ], [ [ 114.26278933226061, 22.301342537809699 ], [ 114.262531755322414, 22.301330025441665 ], [ 114.263008770437182, 22.301404073870998 ], [ 114.26278933226061, 22.301342537809699 ] ], [ [ 114.263350356827672, 22.30161820593182 ], [ 114.263350356827644, 22.301618205931835 ], [ 114.26309371663757, 22.301446298678663 ], [ 114.263350356827672, 22.30161820593182 ] ], [ [ 114.263662506490718, 22.302052899012629 ], [ 114.263516905615489, 22.301810885262203 ], [ 114.263725065304669, 22.302167860854585 ], [ 114.263662506490718, 22.302052899012629 ] ], [ [ 114.265355909270966, 22.305162702038601 ], [ 114.265318469398494, 22.305064270035292 ], [ 114.265368982621595, 22.305317849690258 ], [ 114.265355909270966, 22.305162702038601 ] ], [ [ 114.265375211437316, 22.305422781893117 ], [ 114.265375211437316, 22.305422781893135 ], [ 114.265368982621595, 22.305317849690258 ], [ 114.265375211437316, 22.305422781893117 ] ], [ [ 114.265329298093533, 22.305794018888495 ], [ 114.265348143839631, 22.305695474556035 ], [ 114.265290997571611, 22.305877448563436 ], [ 114.265329298093533, 22.305794018888495 ] ], [ [ 114.259250564095154, 22.306879105487493 ], [ 114.259250564095169, 22.306879105487493 ], [ 114.259205673337348, 22.306986944646301 ], [ 114.259205673337348, 22.306986944646301 ], [ 114.259250564095154, 22.306879105487493 ] ], [ [ 114.261619799717081, 22.307696300677446 ], [ 114.261833534940564, 22.307768465901191 ], [ 114.261611702026926, 22.307693233084247 ], [ 114.261619799717081, 22.307696300677446 ] ], [ [ 114.26585121382395, 22.31438878117941 ], [ 114.266129468895144, 22.314678965488664 ], [ 114.265922349474778, 22.314462977331988 ], [ 114.26585121382395, 22.31438878117941 ] ], [ [ 114.264948876087303, 22.313406676409077 ], [ 114.264456533974936, 22.312837835662222 ], [ 114.264456533974951, 22.312837835662201 ], [ 114.264948876087303, 22.313406676409077 ] ], [ [ 114.26010698111115, 22.315929710169154 ], [ 114.260121617999729, 22.315919916500626 ], [ 114.260097384352008, 22.315936146383596 ], [ 114.26010698111115, 22.315929710169154 ] ], [ [ 114.263353834524466, 22.313737983249684 ], [ 114.263393149005836, 22.313707899307698 ], [ 114.263200384584394, 22.313847911206921 ], [ 114.263353834524466, 22.313737983249684 ] ], [ [ 114.263823883993766, 22.313376119721202 ], [ 114.263941649708968, 22.313279127737822 ], [ 114.263746159835051, 22.31343631810277 ], [ 114.263823883993766, 22.313376119721202 ] ], [ [ 114.26403081681606, 22.31320567352325 ], [ 114.264148150495672, 22.313105809867061 ], [ 114.264030441799889, 22.313205991581043 ], [ 114.26403081681606, 22.31320567352325 ] ], [ [ 114.277555963286076, 22.384239088174507 ], [ 114.277555951295184, 22.384240416670735 ], [ 114.279044746175231, 22.37905980400296 ], [ 114.277555963286076, 22.384239088174507 ] ], [ [ 114.277450237814847, 22.38439027959614 ], [ 114.276967559153931, 22.384904767429919 ], [ 114.277148971436105, 22.384689168953411 ], [ 114.277232681151006, 22.384601918395511 ], [ 114.277450237814847, 22.384390279596126 ], [ 114.277554651359821, 22.38424589690521 ], [ 114.277450237814847, 22.38439027959614 ] ], [ [ 114.276967559153931, 22.384904767429919 ], [ 114.276564865055462, 22.385490807438032 ], [ 114.276334596628402, 22.385978885827765 ], [ 114.276967559153931, 22.384904767429919 ] ], [ [ 114.276334596628402, 22.385978885827765 ], [ 114.27620513873228, 22.386380191005355 ], [ 114.27612533411579, 22.38674549706899 ], [ 114.276334596628402, 22.385978885827765 ] ], [ [ 114.276070122803773, 22.387242958534866 ], [ 114.276090624272115, 22.386972428000664 ], [ 114.276100399922967, 22.386899825731131 ], [ 114.276070122803773, 22.387242958534866 ] ], [ [ 114.27602862288505, 22.387494312103204 ], [ 114.276051496789862, 22.387433272901315 ], [ 114.276016351510478, 22.387512127792668 ], [ 114.27602862288505, 22.387494312103204 ] ], [ [ 114.275995246651249, 22.387534509303833 ], [ 114.275958698375874, 22.387565759206375 ], [ 114.276016351510478, 22.387512127792668 ], [ 114.275995246651249, 22.387534509303833 ] ], [ [ 114.276097788352402, 22.388200735432587 ], [ 114.276137218002418, 22.389027255590271 ], [ 114.276097788352388, 22.388200735432573 ], [ 114.276047524966913, 22.387873739716948 ], [ 114.276097788352402, 22.388200735432587 ] ], [ [ 114.27620407308261, 22.3893775079212 ], [ 114.276153845675552, 22.389205622303322 ], [ 114.27625966998167, 22.389504018254463 ], [ 114.27620407308261, 22.3893775079212 ] ], [ [ 114.276264693689086, 22.389522202607839 ], [ 114.276264693689043, 22.38952220260785 ], [ 114.27625966998167, 22.389504018254463 ], [ 114.276264693689086, 22.389522202607839 ] ], [ [ 114.276316823331257, 22.389524979041479 ], [ 114.276315758853414, 22.389523111409343 ], [ 114.276316823331257, 22.389524979041479 ], [ 114.276316823331257, 22.389524979041479 ] ], [ [ 114.276277294741277, 22.389544473122381 ], [ 114.276312079901047, 22.389527318331705 ], [ 114.276277294741291, 22.389544473122402 ], [ 114.276277294741277, 22.389544473122381 ] ], [ [ 114.276316720996903, 22.389613207159357 ], [ 114.276306544180486, 22.389595465343149 ], [ 114.276316720996903, 22.389613207159346 ], [ 114.276316720996903, 22.389613207159357 ] ], [ [ 114.276368790725485, 22.389613617620071 ], [ 114.276356783458027, 22.389593378611686 ], [ 114.276368790725499, 22.389613617620054 ], [ 114.276368790725485, 22.389613617620071 ] ], [ [ 114.27640828372337, 22.389776016011073 ], [ 114.276328233817807, 22.389634584318738 ], [ 114.276328233817821, 22.389634584318717 ], [ 114.27640828372337, 22.389776016011073 ] ], [ [ 114.276420534357072, 22.389797058580385 ], [ 114.276420534357086, 22.389797058580395 ], [ 114.276484988139089, 22.389911121212478 ], [ 114.276420534357072, 22.389797058580385 ] ], [ [ 114.276474492022416, 22.390228394164055 ], [ 114.276639878089625, 22.390185226136033 ], [ 114.276639878089625, 22.390185226136044 ], [ 114.276474492022416, 22.390228394164055 ] ], [ [ 114.275663543237343, 22.389477716506519 ], [ 114.275751971640247, 22.389562549220205 ], [ 114.275663543237343, 22.389477716506526 ], [ 114.275375929574764, 22.389231359129834 ], [ 114.275291069223229, 22.389156457592545 ], [ 114.275663543237343, 22.389477716506519 ] ], [ [ 114.274614150768542, 22.388584333995478 ], [ 114.274788611293062, 22.388720772146296 ], [ 114.274594439991546, 22.388573680223793 ], [ 114.274614150768542, 22.388584333995478 ] ], [ [ 114.274475242310174, 22.38852030129565 ], [ 114.274418020901436, 22.388504647796925 ], [ 114.274525579305106, 22.388539975366299 ], [ 114.274475242310174, 22.38852030129565 ] ], [ [ 114.274267413516014, 22.388493335091134 ], [ 114.27438601840673, 22.388498350441637 ], [ 114.274185802789603, 22.388502023199393 ], [ 114.274267413516014, 22.388493335091134 ] ], [ [ 114.273673479397885, 22.388567625829364 ], [ 114.27330904669634, 22.388614918353731 ], [ 114.273483678966045, 22.388592255891094 ], [ 114.273673479397885, 22.388567625829364 ] ], [ [ 114.272758365367906, 22.38849604314591 ], [ 114.272673834263657, 22.388426558333574 ], [ 114.272851622591972, 22.388545655613846 ], [ 114.272758365367906, 22.38849604314591 ] ], [ [ 114.272617471171657, 22.388366990358893 ], [ 114.272560121605338, 22.388284846674605 ], [ 114.272673834263657, 22.388426558333574 ], [ 114.272617471171657, 22.388366990358893 ] ], [ [ 114.272210441995412, 22.387606861956868 ], [ 114.272083290312153, 22.387440236731933 ], [ 114.272263865911, 22.387679937904224 ], [ 114.272210441995412, 22.387606861956868 ] ], [ [ 114.27157459493678, 22.386773602086183 ], [ 114.271457556757085, 22.386607256328979 ], [ 114.271604913369515, 22.386813340824311 ], [ 114.27157459493678, 22.386773602086183 ] ], [ [ 114.271202498804186, 22.386220186016807 ], [ 114.271202498804172, 22.386220186016789 ], [ 114.271457556757085, 22.386607256328979 ], [ 114.271202498804186, 22.386220186016807 ] ], [ [ 114.271214948911719, 22.386164288915381 ], [ 114.271215821649974, 22.386159812466754 ], [ 114.271213757325839, 22.386169591191987 ], [ 114.271214948911719, 22.386164288915381 ] ], [ [ 114.271220745492982, 22.386134557088102 ], [ 114.271220745492982, 22.386134557088102 ], [ 114.271215159518846, 22.386133567949212 ], [ 114.271220745492982, 22.386134557088102 ] ], [ [ 114.271170146450714, 22.38612431891158 ], [ 114.27115818128047, 22.38612174918272 ], [ 114.271171216078898, 22.386124632025247 ], [ 114.271170146450714, 22.38612431891158 ] ], [ [ 114.270894893261755, 22.385579921242837 ], [ 114.27089375529809, 22.385559331574012 ], [ 114.270941859014286, 22.385651447459441 ], [ 114.270894893261755, 22.385579921242837 ] ], [ [ 114.27088532231609, 22.383981941322979 ], [ 114.27088532231609, 22.383981941323015 ], [ 114.270871851403086, 22.383645860854358 ], [ 114.27088532231609, 22.383981941322979 ] ], [ [ 114.270875058125867, 22.383550195805608 ], [ 114.270870014465672, 22.383600031698368 ], [ 114.270870014465672, 22.383600031698368 ], [ 114.270875058125867, 22.383550195805608 ] ], [ [ 114.271044018754637, 22.382321679056897 ], [ 114.271031669005879, 22.382289194929459 ], [ 114.271044212650907, 22.382609662100414 ], [ 114.271044018754637, 22.382321679056897 ] ], [ [ 114.270515281701606, 22.381407194729537 ], [ 114.270391657033258, 22.381338297300005 ], [ 114.270656909601598, 22.381524153501054 ], [ 114.270515281701606, 22.381407194729537 ] ], [ [ 114.268457195326604, 22.381069566349996 ], [ 114.265460717081112, 22.378485296320157 ], [ 114.268457195326604, 22.381069566349979 ], [ 114.268639366230431, 22.381154160312864 ], [ 114.270041677576742, 22.381238064786523 ], [ 114.270229221962865, 22.381281566986736 ], [ 114.268639366230431, 22.381154160312871 ], [ 114.268457195326604, 22.381069566349996 ] ], [ [ 114.264505522979718, 22.377231815885988 ], [ 114.264765024688302, 22.377549415933871 ], [ 114.264372361689709, 22.377123443851673 ], [ 114.264505522979718, 22.377231815885988 ] ], [ [ 114.263664029995923, 22.376467889982319 ], [ 114.263616790245734, 22.376431407323164 ], [ 114.264256293336004, 22.377018074930213 ], [ 114.263664029995923, 22.376467889982319 ] ] ] } },
{ "type": "Feature", "properties": { "codigo": "R", "distrito_en": "Sha Tin", "distrito_zh": "沙田區", "distrito_es": "Sha Tin", "region": "Nuevos Territorios", "area_km2_oficial": 69.27, "area_km2_poligono_incluye_mar": 74.27, "centro_lat": 22.391564, "centro_lon": 114.223624, "n_circunscripciones": 41 }, "geometry": { "type": "Polygon", "coordinates": [ [ [ 114.180329978792727, 22.348746907139688 ], [ 114.175640933598146, 22.349170175849373 ], [ 114.174282577795339, 22.348028606815525 ], [ 114.173473166294329, 22.348494442643215 ], [ 114.172886673964925, 22.347946445859282 ], [ 114.173330078797434, 22.347001895258366 ], [ 114.172582426016007, 22.346377323553163 ], [ 114.168248804279074, 22.345825763671439 ], [ 114.167014527794692, 22.34635163365704 ], [ 114.166145664064473, 22.345752888349189 ], [ 114.165508400031825, 22.347265744505247 ], [ 114.163732242626239, 22.348622100431587 ], [ 114.160941943055363, 22.346992321826818 ], [ 114.160114288215624, 22.347317862573508 ], [ 114.158681449908002, 22.345449167245643 ], [ 114.157192055730476, 22.346480139497476 ], [ 114.156319694180439, 22.346249815211177 ], [ 114.154935545117283, 22.346855124294638 ], [ 114.152538079302488, 22.346188615852459 ], [ 114.151258011880913, 22.347220070382914 ], [ 114.150748265654315, 22.344999057336217 ], [ 114.147963326235512, 22.345058629210868 ], [ 114.146842408812645, 22.344165636785444 ], [ 114.146262400009732, 22.346409668852122 ], [ 114.144733873825899, 22.347970188509859 ], [ 114.144934777779156, 22.348917317321359 ], [ 114.142060541110538, 22.349604556461173 ], [ 114.141309432473349, 22.355678950598556 ], [ 114.141551268334396, 22.358733903452752 ], [ 114.144619113253768, 22.361918434095781 ], [ 114.145556170781362, 22.362040132862724 ], [ 114.145336282409303, 22.363122879719615 ], [ 114.146127613697075, 22.36409870981073 ], [ 114.144491113326694, 22.367205665162867 ], [ 114.145403034114167, 22.367351995062421 ], [ 114.144738521391119, 22.368111631060561 ], [ 114.145314881413839, 22.368482736922065 ], [ 114.144979775919339, 22.369235249301045 ], [ 114.147134428608894, 22.370852630870523 ], [ 114.145492563871215, 22.372208328406163 ], [ 114.145028576203316, 22.374275281862236 ], [ 114.146408084193311, 22.375827805184887 ], [ 114.148500358862549, 22.376449909989539 ], [ 114.148485572579787, 22.378118315742039 ], [ 114.149539182561995, 22.377554152073103 ], [ 114.149871408574455, 22.377965151017641 ], [ 114.149822137874779, 22.379258585305855 ], [ 114.14900951377723, 22.380280197494113 ], [ 114.151862196728089, 22.381447298462184 ], [ 114.154294282651222, 22.381602745811321 ], [ 114.156909821257102, 22.383118654825015 ], [ 114.157009984389461, 22.38462261032646 ], [ 114.160600976338415, 22.386836047943351 ], [ 114.162903227040616, 22.391091315762143 ], [ 114.167286484564883, 22.393605539203882 ], [ 114.168267139470927, 22.394941019328122 ], [ 114.167651181041848, 22.395593166720214 ], [ 114.167693691990934, 22.397450627361319 ], [ 114.165959592164199, 22.398665204472948 ], [ 114.167892041916971, 22.401020090293489 ], [ 114.167086163082288, 22.403921580123487 ], [ 114.167721285143813, 22.4049995698829 ], [ 114.165277822224965, 22.408954599727448 ], [ 114.165681043701895, 22.410158429044504 ], [ 114.165243225039546, 22.411324975349039 ], [ 114.169194778483146, 22.412927752457399 ], [ 114.173408421762105, 22.412836679792711 ], [ 114.173422677165419, 22.415720142316864 ], [ 114.185126188586352, 22.415628252165575 ], [ 114.18524293302788, 22.418346910052211 ], [ 114.198675564762397, 22.4186052974039 ], [ 114.199203273739442, 22.421639376897932 ], [ 114.200126400473522, 22.421683441639452 ], [ 114.20053115888183, 22.42434862024378 ], [ 114.202329971056358, 22.425393624079515 ], [ 114.202202555037019, 22.422898712848053 ], [ 114.203163949065683, 22.423395542400879 ], [ 114.203362806824956, 22.422474130123511 ], [ 114.203980351892938, 22.422597447111386 ], [ 114.203290075614319, 22.424323195686181 ], [ 114.204727581656726, 22.426094010895856 ], [ 114.205208474459852, 22.425202321199478 ], [ 114.206624398678599, 22.425457439153469 ], [ 114.214707582613315, 22.431361449390593 ], [ 114.227258773674251, 22.438992219033654 ], [ 114.249607934672284, 22.438961243683877 ], [ 114.249487406500833, 22.431415950607033 ], [ 114.248003405790072, 22.429902111858414 ], [ 114.248805194889655, 22.42929341917441 ], [ 114.247522328278876, 22.428971056148828 ], [ 114.247035780760683, 22.427773475993675 ], [ 114.247897615912535, 22.427862699468605 ], [ 114.249341500206597, 22.42577472785327 ], [ 114.248633869014597, 22.42434912331688 ], [ 114.249428750548645, 22.422421403064796 ], [ 114.248254918479219, 22.419490651505683 ], [ 114.249011223541743, 22.415073290540064 ], [ 114.248479073930895, 22.414190165404243 ], [ 114.251786191485266, 22.410404503528753 ], [ 114.25179217020424, 22.40597886503933 ], [ 114.253510988855169, 22.404748494009862 ], [ 114.25302725468805, 22.403100386447555 ], [ 114.254384922486238, 22.401300820779998 ], [ 114.252746130479139, 22.399116226722921 ], [ 114.252855246826627, 22.397112216846303 ], [ 114.252207293954001, 22.395397013424539 ], [ 114.252781741629178, 22.390227709250297 ], [ 114.254439729218078, 22.388603760115817 ], [ 114.254444182696147, 22.386741648139807 ], [ 114.246540079158621, 22.386992665295207 ], [ 114.247471181415108, 22.38487092095389 ], [ 114.245645378677438, 22.38124647812533 ], [ 114.244484636506954, 22.379723039889488 ], [ 114.242752611671307, 22.379130467442643 ], [ 114.239750716962305, 22.375248563199701 ], [ 114.23367920215459, 22.371387575520718 ], [ 114.231810641611546, 22.370761483880003 ], [ 114.226879910016862, 22.370644946152762 ], [ 114.226916670427741, 22.369071138095446 ], [ 114.22572237135951, 22.367337585730667 ], [ 114.225096138125522, 22.364988559840508 ], [ 114.223615474891858, 22.364021814378518 ], [ 114.224733494232694, 22.358576953280402 ], [ 114.217632419085774, 22.358104478323529 ], [ 114.216489301981056, 22.357206963038131 ], [ 114.213806240172531, 22.357032983149811 ], [ 114.214169469408176, 22.355803372073549 ], [ 114.210971491535645, 22.355197143370155 ], [ 114.209104732968072, 22.35591709869913 ], [ 114.206781934373154, 22.354635242419445 ], [ 114.204792214988146, 22.354971877954135 ], [ 114.203656353881726, 22.354343100973583 ], [ 114.20118263493768, 22.35444026324004 ], [ 114.198853392411621, 22.355584126800636 ], [ 114.199451336570945, 22.354978410270228 ], [ 114.198997068025875, 22.355215398706925 ], [ 114.19808887913203, 22.353919292650627 ], [ 114.197380381927715, 22.354245748373042 ], [ 114.196766707035707, 22.352550527751639 ], [ 114.193083137502711, 22.353955452696397 ], [ 114.192666516177013, 22.352695550708322 ], [ 114.19089440694755, 22.353180564876453 ], [ 114.190929174922047, 22.351951123695876 ], [ 114.191757040412568, 22.351557290087804 ], [ 114.191232005899678, 22.349801589132468 ], [ 114.185407928540599, 22.350426320949698 ], [ 114.184891887036329, 22.34963649851322 ], [ 114.183361981714327, 22.350214153034781 ], [ 114.180329978792727, 22.348746907139688 ] ], [ [ 114.195136839592848, 22.396310760062136 ], [ 114.195667162431008, 22.395805974859073 ], [ 114.195010432092786, 22.396431087650537 ], [ 114.195136839592848, 22.396310760062136 ] ], [ [ 114.196917425421631, 22.393209137203325 ], [ 114.197547039374413, 22.394099312722609 ], [ 114.196885763987808, 22.393233931617811 ], [ 114.196917425421631, 22.393209137203325 ] ], [ [ 114.19863163579771, 22.393211010337005 ], [ 114.198878171700329, 22.393030213160749 ], [ 114.197547039374413, 22.394099312722609 ], [ 114.19863163579771, 22.393211010337005 ] ], [ [ 114.198544990279643, 22.392439491125494 ], [ 114.198479703608641, 22.392364807887954 ], [ 114.198555152572538, 22.392453194693203 ], [ 114.198544990279643, 22.392439491125494 ] ], [ [ 114.198227106448783, 22.39210250570358 ], [ 114.198095498918434, 22.392002229688348 ], [ 114.198276226092702, 22.392150273189511 ], [ 114.198227106448783, 22.39210250570358 ] ], [ [ 114.200587970316633, 22.376555609045507 ], [ 114.200686119214268, 22.376661982429841 ], [ 114.200556657867168, 22.376556336081322 ], [ 114.200587970316633, 22.376555609045507 ] ], [ [ 114.200805292578679, 22.376637908344655 ], [ 114.200805353761552, 22.37663725152078 ], [ 114.200797061357633, 22.37663735743461 ], [ 114.200805292578679, 22.376637908344655 ] ], [ [ 114.20076178765035, 22.376611997161113 ], [ 114.200761787650308, 22.376611997161081 ], [ 114.200807521764119, 22.376613977108821 ], [ 114.20076178765035, 22.376611997161113 ] ], [ [ 114.200706819352234, 22.376552846274546 ], [ 114.200761882273227, 22.376551566615266 ], [ 114.200706819352263, 22.37655284627456 ], [ 114.200706819352234, 22.376552846274546 ] ], [ [ 114.203031035724052, 22.376603382769893 ], [ 114.203110139839637, 22.376629516243071 ], [ 114.202955678984708, 22.376583370880727 ], [ 114.203031035724052, 22.376603382769893 ] ], [ [ 114.207663499050241, 22.378460796543177 ], [ 114.207840059059407, 22.378499421957773 ], [ 114.207152055638616, 22.378309064903029 ], [ 114.207663499050241, 22.378460796543177 ] ], [ [ 114.209180855926661, 22.378649744070266 ], [ 114.209222520748241, 22.378649647856303 ], [ 114.209108963811886, 22.378649745522068 ], [ 114.209180855926661, 22.378649744070266 ] ], [ [ 114.21042686149606, 22.378468486192318 ], [ 114.210412166834089, 22.378552640827287 ], [ 114.210412166834089, 22.378552640827305 ], [ 114.21042686149606, 22.378468486192318 ] ], [ [ 114.210204777159902, 22.37789224508527 ], [ 114.209816153584541, 22.377564841670818 ], [ 114.210366494354133, 22.378041097975661 ], [ 114.210204777159902, 22.37789224508527 ] ], [ [ 114.209512544317519, 22.377327761576513 ], [ 114.208912236887457, 22.376787395471499 ], [ 114.208856193663664, 22.376713726478325 ], [ 114.208811014499489, 22.376633869405481 ], [ 114.209512544317519, 22.377327761576513 ] ], [ [ 114.208769305699789, 22.37651531928611 ], [ 114.208723009007542, 22.376017995571761 ], [ 114.208723111602552, 22.375988082529354 ], [ 114.208769305699789, 22.37651531928611 ] ], [ [ 114.208713005661821, 22.375837982941874 ], [ 114.208704689861591, 22.375802718550514 ], [ 114.208713623567974, 22.375843360527753 ], [ 114.208713005661821, 22.375837982941874 ] ], [ [ 114.208620276566904, 22.375582446184794 ], [ 114.208486483221989, 22.375421376639217 ], [ 114.20864835602768, 22.375638632620731 ], [ 114.208620276566904, 22.375582446184794 ] ], [ [ 114.208337783968631, 22.375177879435267 ], [ 114.208337783968631, 22.375177879435267 ], [ 114.208340248881299, 22.375184416428137 ], [ 114.208337783968631, 22.375177879435267 ] ], [ [ 114.208324325476397, 22.375088597187808 ], [ 114.208324325476411, 22.375088597187791 ], [ 114.208326586070683, 22.375103593745031 ], [ 114.208324325476397, 22.375088597187808 ] ], [ [ 114.208330024310214, 22.3749985887683 ], [ 114.20833370085677, 22.374988132845544 ], [ 114.208328599602424, 22.375021090873275 ], [ 114.208330024310214, 22.3749985887683 ] ], [ [ 114.208656283893234, 22.374485924846464 ], [ 114.208675412520691, 22.374464378541933 ], [ 114.208416236155941, 22.374810331694128 ], [ 114.208656283893234, 22.374485924846464 ] ], [ [ 114.208739576858406, 22.374155860541769 ], [ 114.20871663935479, 22.37411990871821 ], [ 114.208761540896774, 22.37424346140785 ], [ 114.208739576858406, 22.374155860541769 ] ], [ [ 114.208400008175659, 22.373754710401787 ], [ 114.208258621560333, 22.373585784848558 ], [ 114.208241272241821, 22.373554469955284 ], [ 114.208400008175659, 22.373754710401787 ] ], [ [ 114.208151746273757, 22.37337497039065 ], [ 114.208029619392164, 22.373157221963837 ], [ 114.207897308918263, 22.37299789461046 ], [ 114.208151746273757, 22.37337497039065 ] ], [ [ 114.207830927806654, 22.371471126873164 ], [ 114.20774544456124, 22.37117249131839 ], [ 114.20774254319609, 22.371165127812098 ], [ 114.207830927806654, 22.371471126873164 ] ], [ [ 114.207366558149289, 22.370414594180946 ], [ 114.207340873307004, 22.37038266835031 ], [ 114.207416849602623, 22.370452903114298 ], [ 114.207366558149289, 22.370414594180946 ] ], [ [ 114.207300652923024, 22.370291747535976 ], [ 114.207250059825896, 22.370218635399198 ], [ 114.207250059825881, 22.370218635399176 ], [ 114.207293665470644, 22.370264818396581 ], [ 114.207300652923024, 22.370291747535976 ] ], [ [ 114.207254122637181, 22.370059426262841 ], [ 114.207254018899249, 22.37005701732285 ], [ 114.207280660296931, 22.3701563640914 ], [ 114.207254122637181, 22.370059426262841 ] ], [ [ 114.207620838561382, 22.369214649444341 ], [ 114.207645379332021, 22.369073819978773 ], [ 114.207620838561382, 22.369214649444348 ], [ 114.207620838561382, 22.369214649444341 ] ], [ [ 114.207880249750374, 22.367571773230619 ], [ 114.208196423235819, 22.367223747500873 ], [ 114.208207349534433, 22.367206239680748 ], [ 114.208196423235819, 22.367223747500876 ], [ 114.207880249750417, 22.36757177323063 ], [ 114.207894566488349, 22.367658691730497 ], [ 114.207880249750374, 22.367571773230619 ] ], [ [ 114.208531105133204, 22.366722451175825 ], [ 114.208572434465452, 22.366838070124238 ], [ 114.208572434465452, 22.366838070124246 ], [ 114.208531105133204, 22.366722451175825 ] ], [ [ 114.208531979266994, 22.366680892454696 ], [ 114.208532588276995, 22.36667811814435 ], [ 114.208531575820658, 22.366700073402928 ], [ 114.208531979266994, 22.366680892454696 ] ], [ [ 114.208510003746198, 22.3665366248308 ], [ 114.208451523291998, 22.366485866560836 ], [ 114.208524270496767, 22.366554948486485 ], [ 114.208510003746198, 22.3665366248308 ] ], [ [ 114.208326749577552, 22.366397644433601 ], [ 114.208319435704311, 22.366388844835683 ], [ 114.208451523291998, 22.366485866560836 ], [ 114.208326749577552, 22.366397644433601 ] ], [ [ 114.208312192703275, 22.366342217801606 ], [ 114.208296439375488, 22.366314198799241 ], [ 114.208312520973593, 22.366346350205248 ], [ 114.208312192703275, 22.366342217801606 ] ], [ [ 114.208276512094073, 22.366215914551557 ], [ 114.208273755920516, 22.366206642362517 ], [ 114.208276782956844, 22.366219725036043 ], [ 114.208276512094073, 22.366215914551557 ] ], [ [ 114.208239526748315, 22.365849131224351 ], [ 114.208287765643277, 22.36608879846052 ], [ 114.208287765643277, 22.36608879846052 ], [ 114.208239526748315, 22.365849131224351 ] ], [ [ 114.20799833475769, 22.364650794719111 ], [ 114.207998851426211, 22.364636635271147 ], [ 114.20799833475769, 22.364650794719125 ], [ 114.20799833475769, 22.364650794719111 ] ], [ [ 114.207943047384575, 22.363366354945406 ], [ 114.207824637849754, 22.363022458380012 ], [ 114.20809361136196, 22.363699200847655 ], [ 114.20809361136196, 22.363699200847655 ], [ 114.207943047384575, 22.363366354945406 ] ], [ [ 114.207675579716863, 22.361805918796652 ], [ 114.207444951032215, 22.360813099064369 ], [ 114.207420255389749, 22.360647136192895 ], [ 114.207617382887022, 22.361268260143586 ], [ 114.207654451493624, 22.361445450485494 ], [ 114.207675579716863, 22.361805918796652 ] ], [ [ 114.207418368069582, 22.360634452761683 ], [ 114.207418493929922, 22.36063199430928 ], [ 114.207418368069582, 22.360634452761683 ], [ 114.207418368069582, 22.360634452761683 ] ], [ [ 114.207466342879556, 22.36025097952902 ], [ 114.207474114287137, 22.360093875819683 ], [ 114.207456503234283, 22.360302605577765 ], [ 114.207466342879556, 22.36025097952902 ] ], [ [ 114.207470478646698, 22.360031689649187 ], [ 114.207474781342597, 22.360080390873279 ], [ 114.207474781342597, 22.360080390873289 ], [ 114.207470478646698, 22.360031689649187 ] ], [ [ 114.206779890146152, 22.358112962197776 ], [ 114.206879184253296, 22.358124620908491 ], [ 114.206879184253296, 22.358124620908512 ], [ 114.206779890146152, 22.358112962197776 ] ], [ [ 114.206658827377893, 22.358080547407134 ], [ 114.206658827377893, 22.358080547407134 ], [ 114.206663716135395, 22.35808602115387 ], [ 114.206658827377893, 22.358080547407134 ] ], [ [ 114.206674302702837, 22.35803376630296 ], [ 114.206674302702851, 22.358033766302938 ], [ 114.206673983786843, 22.358042231643083 ], [ 114.206674302702837, 22.35803376630296 ] ], [ [ 114.206924769186401, 22.357866591545221 ], [ 114.206935786572359, 22.357855549942734 ], [ 114.206897302274754, 22.357879591007109 ], [ 114.206924769186401, 22.357866591545221 ] ], [ [ 114.20664195593217, 22.35781703000832 ], [ 114.206638371889284, 22.357808479095645 ], [ 114.206667946898278, 22.357834787560773 ], [ 114.20664195593217, 22.35781703000832 ] ], [ [ 114.206666460814532, 22.357591097051387 ], [ 114.206664208524643, 22.357499836829412 ], [ 114.206652088903127, 22.357465289919844 ], [ 114.206666460814532, 22.357591097051387 ] ], [ [ 114.206623289998845, 22.357423789058306 ], [ 114.206593272761609, 22.357406500250857 ], [ 114.206636235095317, 22.35744039386039 ], [ 114.206623289998845, 22.357423789058306 ] ], [ [ 114.206368688825904, 22.357364261149463 ], [ 114.206589198933088, 22.357404153877052 ], [ 114.206589198933102, 22.357404153877049 ], [ 114.206368688825904, 22.357364261149463 ] ], [ [ 114.206368688825904, 22.357364261149463 ], [ 114.20629359714097, 22.357292400668605 ], [ 114.206292291669087, 22.357274221820578 ], [ 114.206368688825904, 22.357364261149463 ] ], [ [ 114.206282543392405, 22.357173092593065 ], [ 114.206170559152199, 22.35700938745217 ], [ 114.2061589121314, 22.356978604410209 ], [ 114.206240905079056, 22.357090541292607 ], [ 114.206273557009624, 22.357146190650372 ], [ 114.206282543392405, 22.357173092593065 ] ], [ [ 114.206368159302187, 22.357063002040466 ], [ 114.206421189706347, 22.357099228703046 ], [ 114.206289912182584, 22.356989661120078 ], [ 114.206368159302187, 22.357063002040466 ] ], [ [ 114.2064819855823, 22.357122790584022 ], [ 114.206521071293579, 22.357117934016454 ], [ 114.206443449515419, 22.357109942644811 ], [ 114.2064819855823, 22.357122790584022 ] ], [ [ 114.206766874632464, 22.356988806055778 ], [ 114.206768714596137, 22.35701241157841 ], [ 114.206768714596137, 22.357012411578413 ], [ 114.206766874632464, 22.356988806055778 ] ], [ [ 114.206646483416364, 22.356919934184994 ], [ 114.206564630032858, 22.356882364374865 ], [ 114.206778800895748, 22.356962750708252 ], [ 114.206646483416364, 22.356919934184994 ] ], [ [ 114.206511935783979, 22.356844201599625 ], [ 114.206511935783951, 22.356844201599589 ], [ 114.206533646541942, 22.356864087003942 ], [ 114.206511935783979, 22.356844201599625 ] ], [ [ 114.206502341627484, 22.356742600615121 ], [ 114.206502341627484, 22.356742600615142 ], [ 114.206515630943628, 22.356703720020302 ], [ 114.206502341627484, 22.356742600615121 ] ], [ [ 114.206669812207835, 22.356414291202878 ], [ 114.206669812207835, 22.356414291202864 ], [ 114.206693388229127, 22.356431697762574 ], [ 114.206669812207835, 22.356414291202878 ] ], [ [ 114.186965828574913, 22.376591875081527 ], [ 114.188183029070217, 22.375066122086679 ], [ 114.188369938321173, 22.374889300072443 ], [ 114.18863454917205, 22.374647786483784 ], [ 114.188749951489172, 22.374550203118066 ], [ 114.188836839080594, 22.374488346575649 ], [ 114.188905712416755, 22.374434059153362 ], [ 114.186965828574913, 22.376591875081527 ] ], [ [ 114.189252117376185, 22.374166123873831 ], [ 114.189545171249549, 22.373937977424664 ], [ 114.189099765078879, 22.37428271573248 ], [ 114.189252117376185, 22.374166123873831 ] ], [ [ 114.189600037232992, 22.37389328650551 ], [ 114.189745151253319, 22.373759241684638 ], [ 114.189833261263203, 22.373647187067611 ], [ 114.189600037232992, 22.37389328650551 ] ], [ [ 114.189845763908195, 22.3736301714858 ], [ 114.189974589825553, 22.373423070614511 ], [ 114.190026651626425, 22.373301445813073 ], [ 114.189845763908195, 22.3736301714858 ] ], [ [ 114.190030721597623, 22.373289990802018 ], [ 114.190085936957885, 22.373074988612494 ], [ 114.190095336520457, 22.372978686219728 ], [ 114.190030721597623, 22.373289990802018 ] ], [ [ 114.190091558314379, 22.372761592469129 ], [ 114.190053667599059, 22.37253692561174 ], [ 114.19009721061019, 22.372877489892268 ], [ 114.190091558314379, 22.372761592469129 ] ], [ [ 114.189987912640845, 22.372298054517341 ], [ 114.189987912640873, 22.372298054517358 ], [ 114.190017213724616, 22.372401160213432 ], [ 114.189987912640845, 22.372298054517341 ] ], [ [ 114.190106986369202, 22.371487749142172 ], [ 114.189907894453924, 22.371662374484558 ], [ 114.190001505012418, 22.371563617980708 ], [ 114.190106986369202, 22.371487749142172 ] ], [ [ 114.190871096897013, 22.371097379564777 ], [ 114.190871096897013, 22.371097379564787 ], [ 114.191414538833399, 22.370616753424397 ], [ 114.190871096897013, 22.371097379564777 ] ], [ [ 114.192226893885021, 22.36972213118111 ], [ 114.19239919627077, 22.368919588045529 ], [ 114.191954456119277, 22.370079766174104 ], [ 114.192226893885021, 22.36972213118111 ] ], [ [ 114.192408620411939, 22.368604826762517 ], [ 114.192408615831283, 22.368607191871181 ], [ 114.192409342892375, 22.368231789720436 ], [ 114.192408620411939, 22.368604826762517 ] ], [ [ 114.192384542113501, 22.367848793920228 ], [ 114.192384542113516, 22.367848793920267 ], [ 114.192409343459701, 22.368231496801329 ], [ 114.192384542113501, 22.367848793920228 ] ], [ [ 114.192407306671825, 22.367727285808659 ], [ 114.192407306671825, 22.367727285808687 ], [ 114.192386736803812, 22.36776304872712 ], [ 114.192407306671825, 22.367727285808659 ] ], [ [ 114.192585150732896, 22.367541663897292 ], [ 114.192551384494223, 22.367479347417166 ], [ 114.192554709939571, 22.367609161118327 ], [ 114.192585150732896, 22.367541663897292 ] ], [ [ 114.192163541628233, 22.367198996245172 ], [ 114.192131843384502, 22.367368971186828 ], [ 114.192131843384487, 22.367368971186789 ], [ 114.192163541628233, 22.367198996245172 ] ], [ [ 114.192243176202638, 22.366630316521686 ], [ 114.192187516732048, 22.367029961979132 ], [ 114.192243176202638, 22.366630316521686 ], [ 114.192243176202638, 22.366630316521686 ] ], [ [ 114.192205472965981, 22.366521267282508 ], [ 114.192234925754263, 22.366606453728572 ], [ 114.192205472965966, 22.366521267282483 ], [ 114.192205472965981, 22.366521267282508 ] ], [ [ 114.192135135604673, 22.366487508750041 ], [ 114.192168961255703, 22.366503743432855 ], [ 114.192135135604644, 22.366487508750041 ], [ 114.192135135604673, 22.366487508750041 ] ], [ [ 114.191346848647711, 22.366632837611157 ], [ 114.19134684864774, 22.366632837611157 ], [ 114.191470425192335, 22.366700356876205 ], [ 114.191346848647711, 22.366632837611157 ] ], [ [ 114.191521346388726, 22.36618630607293 ], [ 114.191755882394787, 22.365931334992943 ], [ 114.191877327599187, 22.365775239852294 ], [ 114.191755882394801, 22.36593133499294 ], [ 114.191625709532516, 22.366098646771082 ], [ 114.191521346388726, 22.36618630607293 ] ], [ [ 114.19198005368311, 22.365712865344534 ], [ 114.191966594230863, 22.365730646261731 ], [ 114.191980053683125, 22.365712865344495 ], [ 114.19198005368311, 22.365712865344534 ] ], [ [ 114.191700335789236, 22.365563160386408 ], [ 114.191708239494446, 22.365566631875208 ], [ 114.191708239494446, 22.365566631875208 ], [ 114.191700335789236, 22.365563160386408 ] ], [ [ 114.191631624591793, 22.36547589096951 ], [ 114.191663441735415, 22.365386377313893 ], [ 114.191646057324562, 22.365519807596684 ], [ 114.191631624591793, 22.36547589096951 ] ], [ [ 114.191657913710529, 22.36535315445165 ], [ 114.191662505520867, 22.365380750761716 ], [ 114.191657913710529, 22.365353154451622 ], [ 114.191657913710529, 22.36535315445165 ] ], [ [ 114.191490416186511, 22.365212907304201 ], [ 114.191490416186539, 22.365212907304208 ], [ 114.191536365054688, 22.365262571126173 ], [ 114.191490416186511, 22.365212907304201 ] ], [ [ 114.191383677443312, 22.364873287218185 ], [ 114.191383677443326, 22.364873287218163 ], [ 114.191415712275884, 22.364916071052168 ], [ 114.191383677443312, 22.364873287218185 ] ], [ [ 114.191259167821642, 22.364779976720879 ], [ 114.19125916782167, 22.364779976720886 ], [ 114.191276176343024, 22.364799911269195 ], [ 114.191259167821642, 22.364779976720879 ] ], [ [ 114.191278342488459, 22.364677830528269 ], [ 114.191274228271439, 22.364690922536393 ], [ 114.191278342488459, 22.364677830528255 ], [ 114.191278342488459, 22.364677830528269 ] ], [ [ 114.19125891405271, 22.364578532397939 ], [ 114.19127172535056, 22.36443867521761 ], [ 114.19127597204924, 22.364475790375739 ], [ 114.191258914052753, 22.364578532397957 ], [ 114.19127541639152, 22.364662875347189 ], [ 114.19125891405271, 22.364578532397939 ] ], [ [ 114.191097062449359, 22.364187795084884 ], [ 114.191150015521842, 22.364280877263621 ], [ 114.191115543243129, 22.364231275527573 ], [ 114.191097062449359, 22.364187795084884 ] ], [ [ 114.191084928969559, 22.364120464412849 ], [ 114.191067973528746, 22.364086882437778 ], [ 114.191097062449359, 22.364187795084884 ], [ 114.191084928969559, 22.364120464412849 ] ], [ [ 114.191032588319146, 22.363938006855307 ], [ 114.19103258831916, 22.363938006855314 ], [ 114.19103903532293, 22.364022058146755 ], [ 114.191032588319146, 22.363938006855307 ] ], [ [ 114.19108193542877, 22.363707795867008 ], [ 114.19108193542877, 22.363707795867011 ], [ 114.191050762139469, 22.363829891182359 ], [ 114.19108193542877, 22.363707795867008 ] ], [ [ 114.191075081745979, 22.363621139358745 ], [ 114.191075081745979, 22.363621139358749 ], [ 114.191082100768256, 22.363660177820936 ], [ 114.191075081745979, 22.363621139358745 ] ], [ [ 114.190997267900812, 22.36346901761933 ], [ 114.191035244104384, 22.363529294417493 ], [ 114.190997267900769, 22.363469017619295 ], [ 114.190997267900812, 22.36346901761933 ] ], [ [ 114.190899450883009, 22.363289191864961 ], [ 114.190899450883052, 22.363289191864983 ], [ 114.190925113155799, 22.363390042373275 ], [ 114.190899450883009, 22.363289191864961 ] ], [ [ 114.191014161750402, 22.363086996970392 ], [ 114.191014161750445, 22.363086996970377 ], [ 114.191008716111881, 22.363117405264035 ], [ 114.191014161750402, 22.363086996970392 ] ], [ [ 114.190911456062878, 22.362564697209095 ], [ 114.191026508887546, 22.362417725792604 ], [ 114.19088787318482, 22.362954796142869 ], [ 114.190911456062878, 22.362564697209095 ] ], [ [ 114.190790631131676, 22.361913216936436 ], [ 114.190790631131719, 22.361913216936461 ], [ 114.19083137447366, 22.361947319934988 ], [ 114.190790631131676, 22.361913216936436 ] ], [ [ 114.190657765527348, 22.361626797437665 ], [ 114.190643098546545, 22.361585890585552 ], [ 114.190657765527348, 22.361626797437673 ], [ 114.190687962695549, 22.361750359835952 ], [ 114.190715119636465, 22.361808069763477 ], [ 114.190657765527348, 22.361626797437665 ] ], [ [ 114.190555073796261, 22.361222436310555 ], [ 114.190555073796261, 22.361222436310563 ], [ 114.1905309263813, 22.361306684336039 ], [ 114.190548112734547, 22.361375917959275 ], [ 114.1905309263813, 22.361306684336039 ], [ 114.190555073796261, 22.361222436310555 ] ], [ [ 114.190530911002384, 22.361149426376606 ], [ 114.190530911002384, 22.36114942637662 ], [ 114.190550912826069, 22.361209863591437 ], [ 114.190530911002384, 22.361149426376606 ] ], [ [ 114.190518817648439, 22.360891081478989 ], [ 114.190518817648439, 22.360891081478989 ], [ 114.190507835638641, 22.360868617686663 ], [ 114.190518817648439, 22.360891081478989 ] ], [ [ 114.190488617129901, 22.360829306048096 ], [ 114.190579175986883, 22.360677657416243 ], [ 114.190584745689819, 22.360631001602865 ], [ 114.190579175986898, 22.360677657416247 ], [ 114.190488617129901, 22.360829306048096 ] ], [ [ 114.19058520991446, 22.360627112923794 ], [ 114.19058520991446, 22.360627112923797 ], [ 114.190515768024838, 22.360582187312634 ], [ 114.19058520991446, 22.360627112923794 ] ], [ [ 114.190434241867791, 22.36046986770214 ], [ 114.190434241867791, 22.360469867702143 ], [ 114.190444931677348, 22.360529484562569 ], [ 114.190434241867791, 22.36046986770214 ] ], [ [ 114.190349688816468, 22.360278923827764 ], [ 114.190349688816482, 22.360278923827767 ], [ 114.190357750089746, 22.360313895700273 ], [ 114.190349688816468, 22.360278923827764 ] ], [ [ 114.190418210673215, 22.360049379596994 ], [ 114.190406009715105, 22.360140271291208 ], [ 114.190418210673215, 22.36004937959699 ], [ 114.190418210673215, 22.360049379596994 ] ], [ [ 114.190173888090158, 22.359630454663012 ], [ 114.190257887683487, 22.359928681617248 ], [ 114.190257887683458, 22.359928681617244 ], [ 114.190173888090158, 22.359630454663012 ] ], [ [ 114.190158598657789, 22.359445835362671 ], [ 114.190158587849936, 22.359332222015208 ], [ 114.190173888090158, 22.359630454663012 ], [ 114.190158598657789, 22.359445835362671 ] ], [ [ 114.190242551204463, 22.359254100825318 ], [ 114.190158587849922, 22.359332222014917 ], [ 114.190158587849908, 22.359332222014888 ], [ 114.190242551204463, 22.359254100825318 ] ], [ [ 114.190242545766964, 22.359197298665588 ], [ 114.19021200572702, 22.35913339198834 ], [ 114.190242551204463, 22.359254100825318 ], [ 114.190242545766964, 22.359197298665588 ] ], [ [ 114.18989897894545, 22.358735775322788 ], [ 114.189918189689791, 22.358763260437165 ], [ 114.18989897894545, 22.358735775322788 ], [ 114.18989897894545, 22.358735775322788 ] ], [ [ 114.18992949950399, 22.358593758416209 ], [ 114.189909152471827, 22.358688436354836 ], [ 114.189929499504004, 22.358593758416198 ], [ 114.18992949950399, 22.358593758416209 ] ], [ [ 114.189876049034552, 22.358444641243477 ], [ 114.189876049034581, 22.358444641243469 ], [ 114.18992127678797, 22.358570818543008 ], [ 114.189876049034552, 22.358444641243477 ] ], [ [ 114.18982259423808, 22.358352335247766 ], [ 114.189822594238123, 22.35835233524778 ], [ 114.189844345668462, 22.35837593818383 ], [ 114.18982259423808, 22.358352335247766 ] ], [ [ 114.189833853166306, 22.357732261751714 ], [ 114.189852765061104, 22.357418701311509 ], [ 114.189857550396994, 22.357465911557782 ], [ 114.189833853166306, 22.357732261751714 ] ], [ [ 114.189742931527306, 22.357265045133644 ], [ 114.189747728088406, 22.357270851763339 ], [ 114.189742931527306, 22.357265045133648 ], [ 114.189742931527306, 22.357265045133644 ] ], [ [ 114.189511848810483, 22.356741264249923 ], [ 114.189434007751956, 22.356621045384799 ], [ 114.189515115182573, 22.35677307724648 ], [ 114.189511848810483, 22.356741264249923 ] ], [ [ 114.189426557346749, 22.356613009961954 ], [ 114.189481067480713, 22.356468426558173 ], [ 114.189575543607447, 22.356379525106625 ], [ 114.189426557346749, 22.356613009961954 ] ], [ [ 114.189595840813766, 22.356351273216166 ], [ 114.189585607486364, 22.356369038124125 ], [ 114.189595840813766, 22.356351273216145 ], [ 114.189595840813766, 22.356351273216166 ] ], [ [ 114.189573843931569, 22.356166780741972 ], [ 114.1896539534076, 22.356110179940142 ], [ 114.189756243572745, 22.356019080614622 ], [ 114.189653953407628, 22.356110179940156 ], [ 114.189573843931555, 22.356166780742015 ], [ 114.189555710414723, 22.356193847095017 ], [ 114.189573843931569, 22.356166780741972 ] ], [ [ 114.190528224867478, 22.355124468532253 ], [ 114.191204373735829, 22.354316084952412 ], [ 114.189756243572745, 22.356019080614622 ], [ 114.190528224867478, 22.355124468532253 ] ], [ [ 114.191204373735829, 22.354316084952412 ], [ 114.191416085513254, 22.353859445003106 ], [ 114.19160858396188, 22.353778838871861 ], [ 114.191714442286937, 22.353581854686389 ], [ 114.191829941509923, 22.35348335678383 ], [ 114.192041683033509, 22.353331136037617 ], [ 114.192465176685218, 22.353134121210289 ], [ 114.192561404705827, 22.352955044980163 ], [ 114.192634828623795, 22.35275008465003 ], [ 114.192561404705827, 22.352955044980192 ], [ 114.192465176685204, 22.353134121210317 ], [ 114.192041683033537, 22.353331136037628 ], [ 114.19160858396188, 22.353778838871882 ], [ 114.191416085513268, 22.353859445003106 ], [ 114.191204373735829, 22.354316084952412 ] ], [ [ 114.175671135283608, 22.374925838204572 ], [ 114.175736850294669, 22.375167262665403 ], [ 114.175630223483623, 22.374805102098911 ], [ 114.175671135283608, 22.374925838204572 ] ], [ [ 114.175386676814796, 22.373961718112472 ], [ 114.175460521520932, 22.374219006266092 ], [ 114.175335138865108, 22.373831813412856 ], [ 114.175386676814796, 22.373961718112472 ] ], [ [ 114.175109883379292, 22.372983166693416 ], [ 114.175189050341174, 22.373266058066008 ], [ 114.175035420595208, 22.372734958769968 ], [ 114.175109883379292, 22.372983166693416 ] ], [ [ 114.174886192100786, 22.372261913359562 ], [ 114.174683306100221, 22.371680484003733 ], [ 114.174972977261206, 22.372532833595155 ], [ 114.174886192100786, 22.372261913359562 ] ], [ [ 114.174553740861214, 22.371267619880296 ], [ 114.174574794692418, 22.371335533458023 ], [ 114.174523778653011, 22.371176925773408 ], [ 114.174553740861214, 22.371267619880296 ] ], [ [ 114.174458756818595, 22.370997000412263 ], [ 114.174474236594435, 22.371038647218256 ], [ 114.174440535907479, 22.370950656510797 ], [ 114.174458756818595, 22.370997000412263 ] ], [ [ 114.174288172044896, 22.370601487543187 ], [ 114.174223747150606, 22.370471491758771 ], [ 114.17426701113169, 22.370557445108297 ], [ 114.174288172044896, 22.370601487543187 ] ], [ [ 114.174151011965421, 22.370335550271804 ], [ 114.17408439159469, 22.370218020314784 ], [ 114.174132432525553, 22.370301761302173 ], [ 114.174151011965421, 22.370335550271804 ] ], [ [ 114.173938559932424, 22.369983612093499 ], [ 114.17401326109642, 22.370101198553392 ], [ 114.173938556144847, 22.369983605857847 ], [ 114.173938559932424, 22.369983612093499 ] ], [ [ 114.173444607862876, 22.369268736033437 ], [ 114.173444607862876, 22.369268736033437 ], [ 114.173597002818781, 22.369447561885117 ], [ 114.173597024522948, 22.3694475957703 ], [ 114.173444607862876, 22.369268736033437 ] ], [ [ 114.17313204351241, 22.368849766347417 ], [ 114.173217546913463, 22.368969718339248 ], [ 114.17299610776081, 22.368650513355274 ], [ 114.17313204351241, 22.368849766347417 ] ], [ [ 114.172914655899518, 22.368299241461585 ], [ 114.174902407422564, 22.367489948766607 ], [ 114.172806424484875, 22.368342224175674 ], [ 114.172914655899518, 22.368299241461585 ] ], [ [ 114.17527516596715, 22.367351047541916 ], [ 114.17527516596715, 22.367351047541916 ], [ 114.17507664051459, 22.367417324036619 ], [ 114.17527516596715, 22.367351047541916 ] ], [ [ 114.175395852696099, 22.367325221311106 ], [ 114.175757038323994, 22.367307163034106 ], [ 114.176013363220989, 22.36735087235569 ], [ 114.175395852696099, 22.367325221311106 ] ], [ [ 114.176575412780039, 22.367634828760959 ], [ 114.176235996892544, 22.367427813541639 ], [ 114.1764868847185, 22.367566523384106 ], [ 114.176575412780039, 22.367634828760959 ] ], [ [ 114.181987597960671, 22.369524398210764 ], [ 114.181754076885198, 22.368990700618163 ], [ 114.180676807390014, 22.368580842617309 ], [ 114.181754076885198, 22.368990700618138 ], [ 114.181987597960671, 22.369524398210764 ] ], [ [ 114.181655355547704, 22.370230768131101 ], [ 114.182893589541663, 22.370732616703965 ], [ 114.182893589541663, 22.370732616703986 ], [ 114.181655355547704, 22.370230768131101 ] ], [ [ 114.181655098965535, 22.372929896162344 ], [ 114.181756796692582, 22.372792089260578 ], [ 114.181187849287369, 22.373533356824503 ], [ 114.181655098965535, 22.372929896162344 ] ], [ [ 114.177774578483096, 22.372681923117881 ], [ 114.177774578061431, 22.372681923638584 ], [ 114.177773576626834, 22.372681228180284 ], [ 114.177774578483096, 22.372681923117881 ] ], [ [ 114.17880939490145, 22.371417738502092 ], [ 114.180070253826486, 22.369873884595084 ], [ 114.180496576395683, 22.369109530703103 ], [ 114.180070253826528, 22.369873884595112 ], [ 114.178809394901506, 22.371417738502124 ], [ 114.177425689932974, 22.370544794538517 ], [ 114.17880939490145, 22.371417738502092 ] ], [ [ 114.180589586085119, 22.368868413170144 ], [ 114.180665914052966, 22.368616758255872 ], [ 114.180496576395683, 22.369109530703103 ], [ 114.180589586085119, 22.368868413170144 ] ], [ [ 114.176996626339005, 22.370270321372288 ], [ 114.176996626339005, 22.370270321372278 ], [ 114.177425689932974, 22.370544794538517 ], [ 114.176996626339005, 22.370270321372288 ] ], [ [ 114.17724926094192, 22.368127410102641 ], [ 114.17735183518829, 22.368186274475679 ], [ 114.177079154770283, 22.368011049535347 ], [ 114.17724926094192, 22.368127410102641 ] ], [ [ 114.177730444452891, 22.368763742365658 ], [ 114.177886642845721, 22.368443051682355 ], [ 114.177886642845721, 22.368443051682355 ], [ 114.177730444452891, 22.368763742365658 ] ], [ [ 114.176696909882722, 22.374240027515757 ], [ 114.176858506266299, 22.374347998171761 ], [ 114.176681979236363, 22.37423005224608 ], [ 114.176696909882722, 22.374240027515757 ] ], [ [ 114.179530523677258, 22.374889860341952 ], [ 114.180126435305851, 22.375304386265153 ], [ 114.179113471704952, 22.374599746745609 ], [ 114.179530523677258, 22.374889860341952 ] ], [ [ 114.19021078364419, 22.378251793932399 ], [ 114.192179227548579, 22.380326506151309 ], [ 114.189914909232513, 22.378054253497297 ], [ 114.19021078364419, 22.378251793932399 ] ], [ [ 114.168464288647186, 22.39487468929109 ], [ 114.168275751252963, 22.394942950080303 ], [ 114.168275751252949, 22.394942950080303 ], [ 114.168464288647186, 22.39487468929109 ] ], [ [ 114.16854376466749, 22.394881971977217 ], [ 114.16896211628162, 22.395003787381267 ], [ 114.168464288647186, 22.39487468929109 ], [ 114.16854376466749, 22.394881971977217 ] ], [ [ 114.169272610265253, 22.395049406277845 ], [ 114.1693513014405, 22.395078824079491 ], [ 114.16896211628162, 22.395003787381267 ], [ 114.169272610265253, 22.395049406277845 ] ], [ [ 114.169594010145772, 22.395095016036347 ], [ 114.169594010145772, 22.39509501603634 ], [ 114.169821082383905, 22.395062356437823 ], [ 114.169594010145772, 22.395095016036347 ] ], [ [ 114.170612452388596, 22.394920182602601 ], [ 114.170612452388582, 22.394920182602601 ], [ 114.170617573877124, 22.394920127656672 ], [ 114.170612452388596, 22.394920182602601 ] ], [ [ 114.17142954120564, 22.394218748988031 ], [ 114.172637330582319, 22.393778249408747 ], [ 114.173406476529863, 22.393153952120457 ], [ 114.173828263229296, 22.392903598581508 ], [ 114.172637330582319, 22.393778249408768 ], [ 114.17142954120564, 22.39421874898806 ], [ 114.17111690172554, 22.394897155365658 ], [ 114.171068530683428, 22.394900844590257 ], [ 114.17142954120564, 22.394218748988031 ] ], [ [ 114.174886364175549, 22.392524333834825 ], [ 114.174285957986385, 22.39275617429179 ], [ 114.173860790876958, 22.392893121421849 ], [ 114.174626973876528, 22.392592049733885 ], [ 114.174886364175549, 22.392524333834825 ] ], [ [ 114.174994703111153, 22.392496050951905 ], [ 114.176209955994764, 22.391512339259709 ], [ 114.176356203524023, 22.391398979711923 ], [ 114.177073279513749, 22.391077385559523 ], [ 114.177464940572605, 22.390991612679031 ], [ 114.177845228956727, 22.39080853512068 ], [ 114.178223545265126, 22.390648954081804 ], [ 114.178759886937456, 22.390066148456128 ], [ 114.178223545265141, 22.390648954081804 ], [ 114.177464940572605, 22.39099161267907 ], [ 114.176356203524051, 22.391398979711948 ], [ 114.176209955994764, 22.391512339259723 ], [ 114.176164255457181, 22.391665370171012 ], [ 114.176085032812097, 22.391758889826995 ], [ 114.17542994399075, 22.392291676742069 ], [ 114.174994703111167, 22.392496050951909 ], [ 114.174994703111153, 22.392496050951905 ] ], [ [ 114.179233316333708, 22.388498695010099 ], [ 114.17893483006074, 22.387402033017118 ], [ 114.17906331748128, 22.389446400164939 ], [ 114.179233316333708, 22.388498695010099 ] ], [ [ 114.17893483006074, 22.387402033017118 ], [ 114.179281082516567, 22.387329495023771 ], [ 114.179281082516567, 22.387329495023796 ], [ 114.17893483006074, 22.387402033017118 ] ], [ [ 114.179253888528777, 22.387092588793923 ], [ 114.179253888528763, 22.387092588793919 ], [ 114.179311965400814, 22.386398718907721 ], [ 114.179253888528777, 22.387092588793923 ] ], [ [ 114.179300548172307, 22.385986818992066 ], [ 114.179354514007031, 22.385677062271395 ], [ 114.179346104911005, 22.385690951343193 ], [ 114.179300548172307, 22.385986818992066 ] ], [ [ 114.179755425265981, 22.385262699102068 ], [ 114.17945536477167, 22.385510709443281 ], [ 114.179453723739243, 22.38551340056511 ], [ 114.179755425265981, 22.385262699102068 ] ], [ [ 114.179755425265981, 22.385262699102068 ], [ 114.179981408849244, 22.385266659263376 ], [ 114.180178436430495, 22.38530377075362 ], [ 114.180149642144627, 22.385380242771213 ], [ 114.180178436430467, 22.385303770753652 ], [ 114.179851366046094, 22.385296399247007 ], [ 114.179755425265981, 22.385262699102068 ] ], [ [ 114.180364415882707, 22.386204010385462 ], [ 114.18038891684094, 22.386236124023693 ], [ 114.180268274399992, 22.38613407559016 ], [ 114.180364415882707, 22.386204010385462 ] ], [ [ 114.180424645062828, 22.386740485158604 ], [ 114.1804034632287, 22.386777467411218 ], [ 114.180425830940052, 22.386735496994788 ], [ 114.180424645062828, 22.386740485158604 ] ], [ [ 114.18024778252655, 22.388219534451355 ], [ 114.18032855921318, 22.388434907785793 ], [ 114.180173543728685, 22.387871560032728 ], [ 114.18024778252655, 22.388219534451355 ] ], [ [ 114.180985710834236, 22.389518150736837 ], [ 114.18072728145323, 22.389351221287679 ], [ 114.181164558275171, 22.38954962342655 ], [ 114.180985710834236, 22.389518150736837 ] ], [ [ 114.181605561766744, 22.38949255922067 ], [ 114.181839006640601, 22.38939844515351 ], [ 114.181396062274132, 22.389549385273803 ], [ 114.181605561766744, 22.38949255922067 ] ], [ [ 114.183815858595295, 22.388448677576587 ], [ 114.18337611819311, 22.388544856245161 ], [ 114.183949899356548, 22.388452309868185 ], [ 114.183815858595295, 22.388448677576587 ] ], [ [ 114.184399490110678, 22.388551463779653 ], [ 114.184096191856568, 22.388477677202474 ], [ 114.184680570698632, 22.388630802384888 ], [ 114.184399490110678, 22.388551463779653 ] ], [ [ 114.185005995807003, 22.388896950905746 ], [ 114.1851657479301, 22.389092597839667 ], [ 114.184902829464207, 22.388789798549105 ], [ 114.185005995807003, 22.388896950905746 ] ], [ [ 114.185457598343035, 22.3894105381125 ], [ 114.185567276629513, 22.389504010100058 ], [ 114.185316276075866, 22.389265933306724 ], [ 114.185457598343035, 22.3894105381125 ] ], [ [ 114.185676598973913, 22.389445772396147 ], [ 114.185676598973899, 22.389445772396137 ], [ 114.185661238674214, 22.389365014505024 ], [ 114.185676598973913, 22.389445772396147 ] ], [ [ 114.185618813875095, 22.38920025385552 ], [ 114.185621836366423, 22.389210845666693 ], [ 114.185618813875095, 22.389200253855538 ], [ 114.185618813875095, 22.38920025385552 ] ], [ [ 114.185619293450159, 22.389105270852525 ], [ 114.185619293450173, 22.389105270852554 ], [ 114.185618814437476, 22.389200142474262 ], [ 114.185619293450159, 22.389105270852525 ] ], [ [ 114.185865048911651, 22.38839414080114 ], [ 114.185785578871304, 22.388697517095512 ], [ 114.185812249766528, 22.388542938977746 ], [ 114.185865048911651, 22.38839414080114 ] ], [ [ 114.18643630775334, 22.388202253947554 ], [ 114.186008454559868, 22.388378102960761 ], [ 114.185871736758315, 22.388375293134949 ], [ 114.18643630775334, 22.388202253947554 ] ], [ [ 114.18643630775334, 22.388202253947554 ], [ 114.187356127900202, 22.387941919142033 ], [ 114.187657847884779, 22.387885428121333 ], [ 114.18643630775334, 22.388202253947554 ] ], [ [ 114.187892996281832, 22.387962761889739 ], [ 114.187757841354198, 22.387880890882386 ], [ 114.187908189477554, 22.388156564799342 ], [ 114.187892996281832, 22.387962761889739 ] ], [ [ 114.187908189477554, 22.388156564799342 ], [ 114.188612474066076, 22.388088777137686 ], [ 114.188679030773784, 22.388081448527846 ], [ 114.187908189477554, 22.388156564799342 ] ], [ [ 114.188679030773784, 22.388081448527846 ], [ 114.188961327643455, 22.388487024289127 ], [ 114.189249816056545, 22.388829800845389 ], [ 114.188961327643483, 22.388487024289155 ], [ 114.188679030773784, 22.388081448527846 ] ], [ [ 114.19015857461288, 22.389589791018352 ], [ 114.190175291496573, 22.38961026363776 ], [ 114.190072940019363, 22.389548701424342 ], [ 114.19015857461288, 22.389589791018352 ] ], [ [ 114.19034513759479, 22.389976182298049 ], [ 114.19034513759479, 22.389976182298028 ], [ 114.190441132467228, 22.39000736565329 ], [ 114.19034513759479, 22.389976182298049 ] ], [ [ 114.190600562255028, 22.389975591839026 ], [ 114.19076887025065, 22.389969490859716 ], [ 114.190441132467228, 22.39000736565329 ], [ 114.190600562255028, 22.389975591839026 ] ], [ [ 114.19096086021878, 22.390031866040683 ], [ 114.191154333669957, 22.390165157501929 ], [ 114.190815451425763, 22.389984624537099 ], [ 114.19096086021878, 22.390031866040683 ] ], [ [ 114.191323940993769, 22.390325957819382 ], [ 114.191475549997065, 22.390504907589243 ], [ 114.191154333669957, 22.390165157501929 ], [ 114.191323940993769, 22.390325957819382 ] ], [ [ 114.191502948879801, 22.390549984869828 ], [ 114.191491251069436, 22.390523440116961 ], [ 114.191491251069479, 22.390523440116961 ], [ 114.191502948879801, 22.390549984869828 ] ], [ [ 114.192398985369692, 22.391644565952284 ], [ 114.19171447459739, 22.392432244678268 ], [ 114.191177953667861, 22.391995135024466 ], [ 114.191714474597404, 22.392432244678258 ], [ 114.192398985369692, 22.391644565952284 ] ], [ [ 114.192380523261818, 22.391455929318425 ], [ 114.192608878653346, 22.391163993563548 ], [ 114.192623593645607, 22.391242316047894 ], [ 114.192380523261818, 22.391455929318425 ] ], [ [ 114.192670523299157, 22.391126946636973 ], [ 114.192670523299157, 22.391126946636955 ], [ 114.192750988265729, 22.391042747250978 ], [ 114.192670523299157, 22.391126946636973 ] ], [ [ 114.192750988265729, 22.391042747250978 ], [ 114.192937497473196, 22.390883024136564 ], [ 114.19309296298907, 22.390744941041529 ], [ 114.192750988265729, 22.391042747250978 ] ], [ [ 114.193805259898326, 22.391477685100931 ], [ 114.193821300727095, 22.391492388571805 ], [ 114.193776131772452, 22.391452993303485 ], [ 114.193805259898326, 22.391477685100931 ] ], [ [ 114.194815675349702, 22.391700178097562 ], [ 114.194487898708999, 22.39153054890846 ], [ 114.193984416654004, 22.391629559450386 ], [ 114.194815675349702, 22.391700178097562 ] ], [ [ 114.194785282873951, 22.392403622352415 ], [ 114.194792850010145, 22.392381202327556 ], [ 114.194785282873951, 22.392403622352415 ], [ 114.194785282873951, 22.392403622352415 ] ], [ [ 114.196081457047981, 22.392859956691254 ], [ 114.194921740561483, 22.392616004815007 ], [ 114.194824270742359, 22.392464303068337 ], [ 114.194921740561483, 22.39261600481499 ], [ 114.195814008661245, 22.392673905553472 ], [ 114.195942666623893, 22.392718013489631 ], [ 114.196081457047981, 22.392859956691254 ] ], [ [ 114.196589062050393, 22.393466294381803 ], [ 114.19671576011163, 22.393367069798135 ], [ 114.196417751337933, 22.39327837220063 ], [ 114.196589062050393, 22.393466294381803 ] ], [ [ 114.197025501170657, 22.3694589944539 ], [ 114.197028995968253, 22.369457541281687 ], [ 114.197011092843169, 22.369464985581264 ], [ 114.197025501170657, 22.3694589944539 ] ], [ [ 114.191769964644365, 22.378253915159579 ], [ 114.194199358696522, 22.380750080725004 ], [ 114.194276628750686, 22.380874892343975 ], [ 114.194199358696522, 22.380750080725022 ], [ 114.191769964644365, 22.378253915159579 ] ], [ [ 114.196326235401244, 22.378450584708535 ], [ 114.196119686526487, 22.378186096487909 ], [ 114.196095635707266, 22.378165360822241 ], [ 114.196326235401244, 22.378450584708535 ] ], [ [ 114.196714551068283, 22.379063033287892 ], [ 114.196714551068283, 22.379063033287892 ], [ 114.196605997866911, 22.378888951245678 ], [ 114.196714551068283, 22.379063033287892 ] ], [ [ 114.214255907799114, 22.383244428528783 ], [ 114.214390315491727, 22.383195099762073 ], [ 114.214212075352151, 22.383251797474912 ], [ 114.214255907799114, 22.383244428528783 ] ], [ [ 114.214604196872259, 22.383088661386346 ], [ 114.215055543441423, 22.382762950862812 ], [ 114.215222104747625, 22.38258435992935 ], [ 114.215345180408761, 22.382432500495856 ], [ 114.215430558031954, 22.382336887124588 ], [ 114.214604196872259, 22.383088661386346 ] ], [ [ 114.215481254544358, 22.382280117101516 ], [ 114.215902547715885, 22.38175073392139 ], [ 114.215902547715899, 22.38175073392139 ], [ 114.21554205470278, 22.382212036502068 ], [ 114.215481254544358, 22.382280117101516 ] ], [ [ 114.216914598244642, 22.381460704227951 ], [ 114.216076584363535, 22.38160931895062 ], [ 114.216247623110732, 22.381512759134175 ], [ 114.216390814110596, 22.381455940253201 ], [ 114.216505980194526, 22.381429904145779 ], [ 114.216678616313743, 22.381420533191672 ], [ 114.216834723533395, 22.381438104194181 ], [ 114.216914598244642, 22.381460704227951 ] ], [ [ 114.217296583711246, 22.381643551165133 ], [ 114.217503871548871, 22.380883761185164 ], [ 114.216479530139836, 22.380884015425377 ], [ 114.217503871548899, 22.38088376118516 ], [ 114.217296583711246, 22.381643551165133 ] ], [ [ 114.216208424414859, 22.38041435886775 ], [ 114.216208424414859, 22.38041435886775 ], [ 114.216306786332467, 22.380612591051165 ], [ 114.216208424414859, 22.38041435886775 ] ], [ [ 114.215979938769919, 22.380536100637073 ], [ 114.215972117481513, 22.38054527752978 ], [ 114.216020060080012, 22.380514723231013 ], [ 114.215979938769919, 22.380536100637073 ] ], [ [ 114.215463459425806, 22.380383094153299 ], [ 114.215538233703612, 22.380123204850328 ], [ 114.215463459425806, 22.38038309415332 ], [ 114.215463459425806, 22.380383094153299 ] ], [ [ 114.2208378348152, 22.415523888527979 ], [ 114.221636508436163, 22.418352450214908 ], [ 114.22239371279791, 22.421033993490592 ], [ 114.22163650843612, 22.418352450214925 ], [ 114.2208378348152, 22.415523888527979 ] ], [ [ 114.219744554132546, 22.411651770163576 ], [ 114.219906896859342, 22.412226760454086 ], [ 114.2208378348152, 22.415523888527979 ], [ 114.219744554132546, 22.411651770163576 ] ], [ [ 114.219410857025238, 22.409953100163161 ], [ 114.219289172551171, 22.409453261271029 ], [ 114.219686164822278, 22.411378872214634 ], [ 114.219410857025238, 22.409953100163161 ] ], [ [ 114.219242948577175, 22.409302632771364 ], [ 114.219242948577204, 22.409302632771396 ], [ 114.219263724727199, 22.409366484295273 ], [ 114.219242948577175, 22.409302632771364 ] ], [ [ 114.2189073600792, 22.40845438688466 ], [ 114.218721529418346, 22.408106118272499 ], [ 114.219091511746043, 22.408871159345047 ], [ 114.2189073600792, 22.40845438688466 ] ], [ [ 114.218198145375297, 22.407354484103234 ], [ 114.219565399898315, 22.406298251620644 ], [ 114.218309721038622, 22.407507436042113 ], [ 114.218198145375297, 22.407354484103234 ] ], [ [ 114.220479081311979, 22.405517514931901 ], [ 114.22050935515594, 22.405492427457808 ], [ 114.220186887874732, 22.405772157743144 ], [ 114.220479081311979, 22.405517514931901 ] ], [ [ 114.22076324907583, 22.405712036058475 ], [ 114.220514404190268, 22.405488246581243 ], [ 114.220514404190268, 22.405488246581236 ], [ 114.22076324907583, 22.405712036058475 ] ], [ [ 114.221250873893737, 22.406179091851527 ], [ 114.221820636108333, 22.406803947737394 ], [ 114.221989099789852, 22.40705299072788 ], [ 114.221250873893737, 22.406179091851527 ] ], [ [ 114.222726924492648, 22.408315325539267 ], [ 114.222324503316102, 22.40760219279743 ], [ 114.222089873142835, 22.407212639762051 ], [ 114.222324503316102, 22.40760219279742 ], [ 114.222726924492648, 22.408315325539267 ] ], [ [ 114.224576687198592, 22.411840302754033 ], [ 114.224316473255101, 22.411497401402762 ], [ 114.224011183786459, 22.411033838334024 ], [ 114.224316473255101, 22.41149740140273 ], [ 114.224576687198592, 22.411840302754033 ] ], [ [ 114.225101975157088, 22.415674834880569 ], [ 114.22510197515706, 22.415674834880576 ], [ 114.224898527357198, 22.414985960277736 ], [ 114.225101975157088, 22.415674834880569 ] ], [ [ 114.203837721627011, 22.390009422561274 ], [ 114.204121785175488, 22.389532033350026 ], [ 114.204059824556523, 22.389636163068165 ], [ 114.203837721627011, 22.390009422561274 ] ], [ [ 114.210800501440943, 22.385033017421343 ], [ 114.210701439090542, 22.384447133480705 ], [ 114.209618419714204, 22.385773176967032 ], [ 114.210701439060401, 22.384447132893175 ], [ 114.210800501440943, 22.385033017421343 ] ], [ [ 114.225890459417897, 22.41750672919331 ], [ 114.226226817661015, 22.418440284568259 ], [ 114.225690202238425, 22.416981084777554 ], [ 114.225890459417897, 22.41750672919331 ] ], [ [ 114.227594566753595, 22.418229093814997 ], [ 114.227613434831753, 22.418222964428846 ], [ 114.227613434831753, 22.418222964428846 ], [ 114.227594566753595, 22.418229093814997 ] ], [ [ 114.228083765902468, 22.418401520156589 ], [ 114.228435973055426, 22.418429059403763 ], [ 114.227813153339952, 22.418259231175149 ], [ 114.228083765902468, 22.418401520156589 ] ], [ [ 114.228562797066317, 22.418438636317749 ], [ 114.228846791929911, 22.418311739127216 ], [ 114.228486693847756, 22.418431711989641 ], [ 114.228562797066317, 22.418438636317749 ] ], [ [ 114.229587177641122, 22.41791665031338 ], [ 114.229652466693508, 22.418031453780571 ], [ 114.228846791929911, 22.418311739127216 ], [ 114.229587177641122, 22.41791665031338 ] ], [ [ 114.22931916743967, 22.419092470192385 ], [ 114.229343825194746, 22.419012786245958 ], [ 114.229278131794544, 22.419302803419122 ], [ 114.22931916743967, 22.419092470192385 ] ], [ [ 114.22454007700621, 22.420388841492766 ], [ 114.225264295179699, 22.420023848827256 ], [ 114.224250574018413, 22.420823283761969 ], [ 114.22454007700621, 22.420388841492766 ] ], [ [ 114.226173480043272, 22.421393105098673 ], [ 114.226057864685274, 22.421023138659884 ], [ 114.227027074180015, 22.420742859505268 ], [ 114.22650184383852, 22.419376683043541 ], [ 114.227027074180043, 22.420742859505292 ], [ 114.226173480043272, 22.421393105098673 ] ], [ [ 114.226290317679741, 22.421766962404259 ], [ 114.226290317679783, 22.421766962404256 ], [ 114.225839958486887, 22.421951637453748 ], [ 114.226290317679741, 22.421766962404259 ] ], [ [ 114.22576741477188, 22.421905522726679 ], [ 114.225719305080304, 22.421903153243552 ], [ 114.225801873030477, 22.421927427226102 ], [ 114.22576741477188, 22.421905522726679 ] ], [ [ 114.22564244392872, 22.422009781276703 ], [ 114.225564499380752, 22.422046044112847 ], [ 114.225719305080304, 22.421903153243552 ], [ 114.22564244392872, 22.422009781276703 ] ], [ [ 114.225577506726651, 22.422078242874495 ], [ 114.22529170012632, 22.422193088160828 ], [ 114.225568185425104, 22.422055168655653 ], [ 114.225577506726651, 22.422078242874495 ] ], [ [ 114.225768453648911, 22.423179460923176 ], [ 114.22580745728267, 22.423249913916305 ], [ 114.22529170012632, 22.422193088160828 ], [ 114.225768453648911, 22.423179460923176 ] ], [ [ 114.225920122895161, 22.423423021056596 ], [ 114.226030626279325, 22.423600956890752 ], [ 114.22580745728267, 22.423249913916305 ], [ 114.225920122895161, 22.423423021056596 ] ], [ [ 114.226605225289987, 22.424547710756279 ], [ 114.226605225289987, 22.424547710756279 ], [ 114.228025841062433, 22.423708236337124 ], [ 114.226605225289987, 22.424547710756279 ] ], [ [ 114.228037434468717, 22.423723394832678 ], [ 114.228037434468717, 22.423723394832678 ], [ 114.228042899985724, 22.42371976645958 ], [ 114.228037434468717, 22.423723394832678 ] ], [ [ 114.228134821616152, 22.42365112012963 ], [ 114.228129956642064, 22.423654760956214 ], [ 114.228134821616152, 22.423651120129616 ], [ 114.228134821616152, 22.42365112012963 ] ], [ [ 114.228125787628016, 22.423649172415086 ], [ 114.228126373136377, 22.423649957285964 ], [ 114.228125787628016, 22.423649172415086 ], [ 114.228125787628016, 22.423649172415086 ] ] ] } },
{ "type": "Feature", "properties": { "codigo": "S", "distrito_en": "Kwai Tsing", "distrito_zh": "葵青區", "distrito_es": "Kwai Tsing", "region": "Nuevos Territorios", "area_km2_oficial": 23.34, "area_km2_poligono_incluye_mar": 49.317, "centro_lat": 22.340963, "centro_lon": 114.094669, "n_circunscripciones": 31 }, "geometry": { "type": "Polygon", "coordinates": [ [ [ 114.132993085531041, 22.338781951291654 ], [ 114.131673380650312, 22.339313417222463 ], [ 114.133986922666665, 22.335721891511849 ], [ 114.13890697782476, 22.333589797585859 ], [ 114.138755585553326, 22.332884537197387 ], [ 114.142145554172089, 22.330965893713874 ], [ 114.140427982243153, 22.328939144905114 ], [ 114.140567088134574, 22.328374990429712 ], [ 114.140049086078349, 22.328598200027812 ], [ 114.137981509309299, 22.327099092342515 ], [ 114.13510859717428, 22.323612174822632 ], [ 114.132493941447095, 22.322823977442518 ], [ 114.130422708252013, 22.321377663675438 ], [ 114.130466994547007, 22.32044543945986 ], [ 114.129530515469341, 22.319825867812387 ], [ 114.130466994547021, 22.320445439459842 ], [ 114.131961871675657, 22.318284685763839 ], [ 114.131765064158131, 22.313753023914902 ], [ 114.149524990006427, 22.313796368977854 ], [ 114.149508995686148, 22.297477658692429 ], [ 114.109860234899287, 22.297605138728702 ], [ 114.109870127331277, 22.311726915678438 ], [ 114.072692949399126, 22.312530001959026 ], [ 114.072425486789882, 22.361972020660183 ], [ 114.07898618308478, 22.364833687200516 ], [ 114.110094060857705, 22.36474021316943 ], [ 114.110081597939683, 22.360006334651843 ], [ 114.11322548976797, 22.360591912633385 ], [ 114.120098250135428, 22.364269121296243 ], [ 114.123389024539691, 22.370372121626261 ], [ 114.129862366630277, 22.370945419426697 ], [ 114.132779942662737, 22.369506519577588 ], [ 114.134467450254903, 22.369802494393848 ], [ 114.13468020305578, 22.37093395869892 ], [ 114.136355986261535, 22.372563097569067 ], [ 114.13640159910301, 22.375868238460367 ], [ 114.13748574795207, 22.379314446887054 ], [ 114.135043000518095, 22.381533591572175 ], [ 114.138534674652888, 22.382007185672165 ], [ 114.143515039329699, 22.384502310581187 ], [ 114.144466873590389, 22.384445078744232 ], [ 114.144585967006364, 22.382783892858903 ], [ 114.143850858671897, 22.382434660757855 ], [ 114.143796352088359, 22.381622615915806 ], [ 114.142875990589005, 22.381590646940321 ], [ 114.144396269290439, 22.380714781267137 ], [ 114.143563602379203, 22.380373619545981 ], [ 114.144224677167728, 22.378393675708491 ], [ 114.145418975951586, 22.378908299873032 ], [ 114.146369956216304, 22.378135170534776 ], [ 114.14900951377723, 22.380280197494113 ], [ 114.149949035224722, 22.378092250562112 ], [ 114.149539182561995, 22.377554152073103 ], [ 114.148485572579787, 22.378118315742039 ], [ 114.148500358862549, 22.376449909989539 ], [ 114.146408084193311, 22.375827805184887 ], [ 114.145028576203316, 22.374275281862236 ], [ 114.145492563871215, 22.372208328406163 ], [ 114.147134428608894, 22.370852630870523 ], [ 114.144979775919339, 22.369235249301045 ], [ 114.145314881413839, 22.368482736922065 ], [ 114.144738521391119, 22.368111631060561 ], [ 114.145403034114167, 22.367351995062421 ], [ 114.144491113326694, 22.367205665162867 ], [ 114.146127613697075, 22.36409870981073 ], [ 114.145336282409303, 22.363122879719615 ], [ 114.145556170781362, 22.362040132862724 ], [ 114.144619113253768, 22.361918434095781 ], [ 114.141704029747459, 22.359062901514989 ], [ 114.141351793549688, 22.355245439156405 ], [ 114.142179125656469, 22.349327199201838 ], [ 114.144934777779156, 22.348917317321359 ], [ 114.144733873825899, 22.347970188509859 ], [ 114.146205917683645, 22.34650828999639 ], [ 114.146836736586565, 22.344769211650046 ], [ 114.146953146170944, 22.341515014122713 ], [ 114.148923056901751, 22.340602058781563 ], [ 114.145367815319076, 22.339998056923442 ], [ 114.143320466407786, 22.341263614880113 ], [ 114.140880604112581, 22.339876899431697 ], [ 114.13827490854672, 22.341256315802468 ], [ 114.138180016714813, 22.34203545964224 ], [ 114.135966332953842, 22.341393348734375 ], [ 114.135509391763648, 22.339845140443824 ], [ 114.134109145722178, 22.339701624689503 ], [ 114.132993085531041, 22.338781951291654 ] ], [ [ 114.123692326698034, 22.366214310829783 ], [ 114.121930723668257, 22.36574817906191 ], [ 114.122152602624411, 22.365710768391114 ], [ 114.122577346474529, 22.365669163120948 ], [ 114.122670781904546, 22.365683679396231 ], [ 114.122769144100587, 22.365712474546722 ], [ 114.123692326698034, 22.366214310829783 ] ], [ [ 114.127447518769827, 22.351087659510792 ], [ 114.127373236275332, 22.350937819907251 ], [ 114.127720725768768, 22.351457418788478 ], [ 114.127447518769827, 22.351087659510792 ] ], [ [ 114.127348501562338, 22.350795671386141 ], [ 114.127352718001163, 22.350542655345333 ], [ 114.127367295993238, 22.350903681582857 ], [ 114.127348501562338, 22.350795671386141 ] ], [ [ 114.127344637401592, 22.350054261442263 ], [ 114.127350483534855, 22.349955145419514 ], [ 114.127352726743297, 22.350542130754754 ], [ 114.127352726743297, 22.350542130754754 ], [ 114.127344637401592, 22.350054261442263 ] ], [ [ 114.127508040951426, 22.349069655322129 ], [ 114.127415523732125, 22.34879372548156 ], [ 114.127515533227452, 22.34917330327545 ], [ 114.127508040951426, 22.349069655322129 ] ], [ [ 114.127408063176972, 22.346995923821027 ], [ 114.127624258266707, 22.347126539918282 ], [ 114.127624258266707, 22.347126539918285 ], [ 114.127408063176972, 22.346995923821027 ] ], [ [ 114.127027924122473, 22.346766264036631 ], [ 114.127027924122487, 22.346766264036614 ], [ 114.127156556014569, 22.346843975031881 ], [ 114.127027924122473, 22.346766264036631 ] ], [ [ 114.127093987864782, 22.346433002427403 ], [ 114.127100456627204, 22.346418285981837 ], [ 114.127088453874904, 22.346447849877137 ], [ 114.127093987864782, 22.346433002427403 ] ], [ [ 114.127286945214237, 22.345953665139465 ], [ 114.127292616884219, 22.345947121006425 ], [ 114.127273989535666, 22.345969133539977 ], [ 114.127286945214237, 22.345953665139465 ] ], [ [ 114.127437316954726, 22.34576687775353 ], [ 114.127437516868554, 22.345765868330233 ], [ 114.127436907296854, 22.345768965008727 ], [ 114.127437316954726, 22.34576687775353 ] ], [ [ 114.127439450152039, 22.345746583171607 ], [ 114.12743949838206, 22.345747345311754 ], [ 114.12743949838206, 22.345747345311761 ], [ 114.127439450152039, 22.345746583171607 ] ], [ [ 114.127432812683296, 22.345711374542145 ], [ 114.127427390190803, 22.345699569943086 ], [ 114.127436672041711, 22.345723693406413 ], [ 114.127432812683296, 22.345711374542145 ] ], [ [ 114.127042132514745, 22.345492706285818 ], [ 114.126948974717763, 22.345577698913733 ], [ 114.12707898989197, 22.345515075478733 ], [ 114.127042132514745, 22.345492706285818 ] ], [ [ 114.126936565047885, 22.345589020879064 ], [ 114.125828556479348, 22.344926338201866 ], [ 114.125828556479348, 22.344926338201837 ], [ 114.126936565047885, 22.345589020879064 ] ], [ [ 114.13102631781021, 22.341959345722607 ], [ 114.131818935510509, 22.340654180031006 ], [ 114.130878212175517, 22.34216023389855 ], [ 114.13102631781021, 22.341959345722607 ] ], [ [ 114.1326040029724, 22.33937929907141 ], [ 114.132640744489393, 22.339328774570969 ], [ 114.132513870234888, 22.339519552036016 ], [ 114.1326040029724, 22.33937929907141 ] ], [ [ 114.125374584430332, 22.366178983535054 ], [ 114.125065766722898, 22.366354799981419 ], [ 114.125147151853383, 22.366269180350979 ], [ 114.125250751190094, 22.366210885141225 ], [ 114.125374584430332, 22.366178983535054 ] ], [ [ 114.125681992256233, 22.3662417719923 ], [ 114.125821409047447, 22.366372974523184 ], [ 114.125862194734097, 22.366452495857576 ], [ 114.125681992256233, 22.3662417719923 ] ], [ [ 114.126106991056972, 22.367003088865896 ], [ 114.126270632674803, 22.36732101502664 ], [ 114.125958331328533, 22.366659014796248 ], [ 114.126106991056972, 22.367003088865896 ] ], [ [ 114.12731087163759, 22.366948068328266 ], [ 114.127566916204671, 22.366860405741075 ], [ 114.126958036504206, 22.367075829766758 ], [ 114.12731087163759, 22.366948068328266 ] ], [ [ 114.126778220081661, 22.365784644561099 ], [ 114.12676942090269, 22.365783886004643 ], [ 114.126778220081675, 22.365784644561103 ], [ 114.126778220081661, 22.365784644561099 ] ], [ [ 114.125592655887502, 22.364924385546683 ], [ 114.125582455048743, 22.364847027522952 ], [ 114.12559265588753, 22.364924385546697 ], [ 114.125592655887502, 22.364924385546683 ] ], [ [ 114.125537976912469, 22.363644379231772 ], [ 114.125522635114152, 22.363614777412202 ], [ 114.125553277487171, 22.363695486718029 ], [ 114.125537976912469, 22.363644379231772 ] ], [ [ 114.125079303135863, 22.363223500265438 ], [ 114.124929999531545, 22.363123507014947 ], [ 114.12523502568834, 22.363327791824975 ], [ 114.125079303135863, 22.363223500265438 ] ], [ [ 114.132361162363594, 22.363736431892047 ], [ 114.132111764521724, 22.363086487169987 ], [ 114.132399838034104, 22.363844411684504 ], [ 114.132361162363594, 22.363736431892047 ] ], [ [ 114.131804554658103, 22.362281764454789 ], [ 114.131630164648897, 22.362005155423351 ], [ 114.13185907507993, 22.362445035801027 ], [ 114.131804554658103, 22.362281764454789 ] ], [ [ 114.131297228503612, 22.361453329249887 ], [ 114.131013728122483, 22.361286782871215 ], [ 114.130837948770491, 22.361271930356978 ], [ 114.131297228503612, 22.361453329249887 ] ], [ [ 114.130688186986006, 22.361295431983081 ], [ 114.130263206120105, 22.361600524675112 ], [ 114.128304100037369, 22.35974159844541 ], [ 114.130263206120105, 22.361600524675104 ], [ 114.130688186986006, 22.361295431983081 ] ], [ [ 114.124242766546075, 22.357817247915047 ], [ 114.12457277105959, 22.357508582224249 ], [ 114.124242761396474, 22.357817250911122 ], [ 114.124242766546075, 22.357817247915047 ] ], [ [ 114.124191356530091, 22.324314087778621 ], [ 114.11602726127208, 22.342711334738723 ], [ 114.113424813169402, 22.348574675128422 ], [ 114.116027261272066, 22.342711334738734 ], [ 114.124191356530091, 22.324314087778621 ] ], [ [ 114.116465632834093, 22.349368999865785 ], [ 114.116465632834093, 22.349368999865799 ], [ 114.116299010714343, 22.349325475860443 ], [ 114.116465632834093, 22.349368999865785 ] ], [ [ 114.116827060825713, 22.349238308479514 ], [ 114.116829873932673, 22.349227223999868 ], [ 114.116827060825742, 22.349238308479492 ], [ 114.116827060825713, 22.349238308479514 ] ], [ [ 114.116905620210133, 22.349233614582282 ], [ 114.116963820476585, 22.349158789506241 ], [ 114.116900455563339, 22.349235916390363 ], [ 114.116905620210133, 22.349233614582282 ] ], [ [ 114.117396024620305, 22.349152638702719 ], [ 114.117656096253, 22.349231534258511 ], [ 114.117519745755331, 22.349198142837128 ], [ 114.117396024620305, 22.349152638702719 ] ], [ [ 114.118008577860266, 22.349397237196321 ], [ 114.117960228742447, 22.3494893039645 ], [ 114.118020522004556, 22.349343211707811 ], [ 114.118008577860266, 22.349397237196321 ] ], [ [ 114.11854030220853, 22.350014875720763 ], [ 114.118527024635142, 22.350194145555182 ], [ 114.118515512021602, 22.349998831582802 ], [ 114.11854030220853, 22.350014875720763 ] ], [ [ 114.118597735671543, 22.35036427958924 ], [ 114.118597735671528, 22.350364279589225 ], [ 114.118589962560435, 22.350334926382093 ], [ 114.118597735671543, 22.35036427958924 ] ], [ [ 114.118682203341677, 22.35055792261771 ], [ 114.118881908490636, 22.350840905907315 ], [ 114.118936603935779, 22.350982443310279 ], [ 114.118682203341677, 22.35055792261771 ] ], [ [ 114.118924515429327, 22.351033931218041 ], [ 114.118924515429313, 22.35103393121803 ], [ 114.118936603935779, 22.350982443310279 ], [ 114.118924515429327, 22.351033931218041 ] ], [ [ 114.118945592605257, 22.351058582567283 ], [ 114.119964152309279, 22.352136337009497 ], [ 114.119100080480436, 22.351239267456016 ], [ 114.118945592605257, 22.351058582567283 ] ], [ [ 114.122707138630815, 22.355116002330028 ], [ 114.122424155482605, 22.354820111774991 ], [ 114.120698576666229, 22.352931821430353 ], [ 114.122424155482634, 22.354820111774952 ], [ 114.122707138630815, 22.355116002330028 ] ], [ [ 114.129188755894148, 22.319593150012295 ], [ 114.127555612101474, 22.318504186582615 ], [ 114.121628378725291, 22.32152247678842 ], [ 114.121325302485118, 22.322437849207653 ], [ 114.121628378725262, 22.321522476788381 ], [ 114.127555612101474, 22.318504186582611 ], [ 114.129188755894148, 22.319593150012295 ] ], [ [ 114.124253575353606, 22.366395735526275 ], [ 114.123851399482959, 22.366268930759691 ], [ 114.124604441802788, 22.3663579750312 ], [ 114.124253575353606, 22.366395735526275 ] ], [ [ 114.124694242691447, 22.366357064804383 ], [ 114.124827048224219, 22.366401684771173 ], [ 114.124604441802788, 22.3663579750312 ], [ 114.124694242691447, 22.366357064804383 ] ], [ [ 114.124198271738734, 22.362649559995766 ], [ 114.124382355771459, 22.362767679302518 ], [ 114.12415364821463, 22.362593597394504 ], [ 114.124198271738734, 22.362649559995766 ] ], [ [ 114.123799339885906, 22.362009552562924 ], [ 114.123840395654284, 22.361346600031066 ], [ 114.124121938083533, 22.361519209044829 ], [ 114.123799339885906, 22.362009552562924 ] ], [ [ 114.12342731975275, 22.36105138882019 ], [ 114.123422450467274, 22.361090363046905 ], [ 114.12342245046726, 22.361090363046898 ], [ 114.12342731975275, 22.36105138882019 ] ], [ [ 114.123238088469293, 22.359873932756173 ], [ 114.123321838427628, 22.360325839959884 ], [ 114.123415699992691, 22.360971463160965 ], [ 114.123321838427614, 22.360325839959884 ], [ 114.123238088469293, 22.359873932756173 ] ], [ [ 114.123106209536189, 22.359810359154341 ], [ 114.123130909299618, 22.359822265942981 ], [ 114.123014470590292, 22.35978177389547 ], [ 114.123106209536189, 22.359810359154341 ] ], [ [ 114.121938500660065, 22.359619156102461 ], [ 114.121911300114121, 22.359620948905427 ], [ 114.121911300114149, 22.35962094890542 ], [ 114.121938500660065, 22.359619156102461 ] ], [ [ 114.121544828661854, 22.358920180165899 ], [ 114.122158001916915, 22.358669348185998 ], [ 114.122314847153675, 22.358615732526342 ], [ 114.121772080876028, 22.358844437127352 ], [ 114.12167666866776, 22.35888142086791 ], [ 114.121544828661897, 22.358920180165931 ], [ 114.121827272783037, 22.359554816304865 ], [ 114.121544828661854, 22.358920180165899 ] ], [ [ 114.123559455014359, 22.358146738906342 ], [ 114.123559458763523, 22.358146737360268 ], [ 114.122314847153675, 22.358615732526342 ], [ 114.123559455014359, 22.358146738906342 ] ], [ [ 114.132839883519168, 22.365072812050961 ], [ 114.133041455871734, 22.365597053510474 ], [ 114.133402953471389, 22.366673591331068 ], [ 114.133404585939601, 22.366678453244621 ], [ 114.132839883519168, 22.365072812050961 ] ], [ [ 114.133444753310272, 22.366798069818799 ], [ 114.134083050730695, 22.368505608172399 ], [ 114.134589667529212, 22.3678893437291 ], [ 114.134083050730695, 22.36850560817242 ], [ 114.133894911149341, 22.368129490641813 ], [ 114.133475618389042, 22.366889982544759 ], [ 114.133444753310272, 22.366798069818799 ] ], [ [ 114.134589667529212, 22.3678893437291 ], [ 114.134925050760586, 22.366968442336166 ], [ 114.135001984022921, 22.366312608659253 ], [ 114.134589667529212, 22.3678893437291 ] ], [ [ 114.135071666545514, 22.365906651233953 ], [ 114.135324881217869, 22.365316690261764 ], [ 114.135039046319093, 22.366064366629338 ], [ 114.135071666545514, 22.365906651233953 ] ], [ [ 114.135814633688682, 22.36418038219103 ], [ 114.135860961400965, 22.363994780141553 ], [ 114.136517753083155, 22.36442189104541 ], [ 114.136242686808856, 22.364248219155922 ], [ 114.135860961400965, 22.363994780141553 ], [ 114.135576427873829, 22.364748391261141 ], [ 114.135814633688682, 22.36418038219103 ] ], [ [ 114.136696792413574, 22.36454408265358 ], [ 114.136696792413574, 22.364544082653584 ], [ 114.136623277296309, 22.364491566855815 ], [ 114.136696792413574, 22.36454408265358 ] ], [ [ 114.13686817988463, 22.364807275062219 ], [ 114.137264591936415, 22.364846023162258 ], [ 114.137363709280081, 22.364891109764805 ], [ 114.138396029744513, 22.365532896901112 ], [ 114.13686817988463, 22.364807275062219 ] ], [ [ 114.139105018327797, 22.364575444008711 ], [ 114.138824972764965, 22.364953210295933 ], [ 114.138820242401025, 22.364960659382643 ], [ 114.138824972764951, 22.364953210295937 ], [ 114.139105018327797, 22.364575444008711 ] ], [ [ 114.139693673834842, 22.364558839007334 ], [ 114.141292766131244, 22.365561258047158 ], [ 114.141093365197804, 22.365440437098894 ], [ 114.139693673834842, 22.364558839007334 ] ], [ [ 114.142274465568477, 22.367428333905885 ], [ 114.141884265317344, 22.366132529879934 ], [ 114.142176704209589, 22.366965732384639 ], [ 114.142255230465054, 22.367250075735178 ], [ 114.142274465568477, 22.367428333905885 ] ], [ [ 114.128030143744681, 22.351847943485375 ], [ 114.128556584177474, 22.352481390617566 ], [ 114.128573536475216, 22.352504694502347 ], [ 114.128584723257134, 22.352520565561413 ], [ 114.128030143744681, 22.351847943485375 ] ], [ [ 114.12863907214421, 22.352603273496516 ], [ 114.128614356016442, 22.352564497753388 ], [ 114.128662473506026, 22.352643921204116 ], [ 114.12863907214421, 22.352603273496516 ] ], [ [ 114.12868140341736, 22.352679972993496 ], [ 114.128688621130081, 22.352693855670289 ], [ 114.128688621130081, 22.352693855670307 ], [ 114.12868140341736, 22.352679972993496 ] ], [ [ 114.12876925269569, 22.35290753351827 ], [ 114.12875717916944, 22.352868797885094 ], [ 114.128773068138273, 22.352920975392543 ], [ 114.12876925269569, 22.35290753351827 ] ], [ [ 114.128845124001614, 22.353244648559766 ], [ 114.128800171444411, 22.353027071113605 ], [ 114.128847626512609, 22.353256346735201 ], [ 114.128845124001614, 22.353244648559766 ] ], [ [ 114.12909770768043, 22.354091960749724 ], [ 114.129115696400547, 22.354146702719977 ], [ 114.129016741373519, 22.353834837595496 ], [ 114.12909770768043, 22.354091960749724 ] ], [ [ 114.129160215595761, 22.354275705771677 ], [ 114.129156822863351, 22.354265524582722 ], [ 114.129163396537237, 22.354283695576342 ], [ 114.129160215595761, 22.354275705771677 ] ], [ [ 114.129208539750124, 22.354402210949253 ], [ 114.129198352349633, 22.354374486950366 ], [ 114.129232448118046, 22.354469360141 ], [ 114.129208539750124, 22.354402210949253 ] ], [ [ 114.129283555877677, 22.354604228403584 ], [ 114.12927204863054, 22.354573702255877 ], [ 114.129305691601161, 22.354659808924218 ], [ 114.129283555877677, 22.354604228403584 ] ], [ [ 114.129372076511672, 22.354777929963369 ], [ 114.129444136776769, 22.35487373290978 ], [ 114.129340179875129, 22.354725218258444 ], [ 114.129372076511672, 22.354777929963369 ] ], [ [ 114.129485548888212, 22.354920338873235 ], [ 114.129472660832604, 22.354906112041991 ], [ 114.129494501822123, 22.354929479506776 ], [ 114.129485548888212, 22.354920338873235 ] ], [ [ 114.12951697393342, 22.354952424580905 ], [ 114.129516622393922, 22.354952065262871 ], [ 114.129523126370984, 22.354958033329755 ], [ 114.12951697393342, 22.354952424580905 ] ], [ [ 114.129580642425552, 22.355008143619294 ], [ 114.129565064717255, 22.354995106595648 ], [ 114.129598133701606, 22.355021630146613 ], [ 114.129580642425552, 22.355008143619294 ] ], [ [ 114.129647643074748, 22.355057587369281 ], [ 114.129647643074762, 22.355057587369288 ], [ 114.129607057004492, 22.35502850845867 ], [ 114.129647643074748, 22.355057587369281 ] ], [ [ 114.129665881050613, 22.355069982600316 ], [ 114.129723295209189, 22.35510340332624 ], [ 114.129783571602687, 22.355130566690502 ], [ 114.129665881050613, 22.355069982600316 ] ], [ [ 114.129805212634494, 22.355139395826253 ], [ 114.129805212634508, 22.355139395826257 ], [ 114.129793530628035, 22.355134626244443 ], [ 114.129805212634494, 22.355139395826253 ] ], [ [ 114.129835723054356, 22.355148959008112 ], [ 114.129845840612589, 22.355151781120345 ], [ 114.129825433132069, 22.35514590369478 ], [ 114.129835723054356, 22.355148959008112 ] ], [ [ 114.129856468116316, 22.355154554939208 ], [ 114.129846165321098, 22.355151869792529 ], [ 114.129863148991888, 22.355156185687608 ], [ 114.129856468116316, 22.355154554939208 ] ], [ [ 114.129877407572678, 22.355159482663151 ], [ 114.129869513666677, 22.355157693805086 ], [ 114.129887940492551, 22.355161689171652 ], [ 114.129877407572678, 22.355159482663151 ] ], [ [ 114.129930451381782, 22.355168790473257 ], [ 114.129950195840948, 22.355171115080807 ], [ 114.129911422939358, 22.355165943816203 ], [ 114.129930451381782, 22.355168790473257 ] ], [ [ 114.129973390377003, 22.355173110477413 ], [ 114.130005748142011, 22.355174528603523 ], [ 114.129955883866316, 22.355171669656816 ], [ 114.129973390377003, 22.355173110477413 ] ], [ [ 114.13001654389295, 22.355174640091526 ], [ 114.13008123223139, 22.355171687728078 ], [ 114.130113368455483, 22.355167849987215 ], [ 114.13001654389295, 22.355174640091526 ] ], [ [ 114.130113368455483, 22.355167849987215 ], [ 114.13013465050237, 22.355164424515735 ], [ 114.130155787153271, 22.355160303647036 ], [ 114.130113368455483, 22.355167849987215 ] ], [ [ 114.130166302164554, 22.355157994856079 ], [ 114.130176768693403, 22.355155505439438 ], [ 114.130155787153271, 22.355160303647036 ], [ 114.130166302164554, 22.355157994856079 ] ], [ [ 114.130176768693403, 22.355155505439438 ], [ 114.130274710373655, 22.355117487910011 ], [ 114.130311473909899, 22.355095238163525 ], [ 114.130176768693403, 22.355155505439438 ] ], [ [ 114.130311473909899, 22.355095238163525 ], [ 114.13034890896725, 22.355068012766928 ], [ 114.130359811312061, 22.355058943200881 ], [ 114.130311473909899, 22.355095238163525 ] ], [ [ 114.130382276775549, 22.355038980084469 ], [ 114.130370289680471, 22.355049849823221 ], [ 114.130398524330815, 22.355022847146586 ], [ 114.130382276775549, 22.355038980084469 ] ], [ [ 114.131108557414862, 22.354624791209119 ], [ 114.130446608388496, 22.354969652910775 ], [ 114.130476899762357, 22.354937052258819 ], [ 114.130518068039407, 22.354893916057147 ], [ 114.13055655517168, 22.354855610424334 ], [ 114.13055920730595, 22.35485035540043 ], [ 114.130659544036007, 22.354761342788578 ], [ 114.130764264708574, 22.354684892859812 ], [ 114.131108557414862, 22.354624791209119 ] ], [ [ 114.13204146363681, 22.354534621526554 ], [ 114.132135409685858, 22.354470788503818 ], [ 114.131944512203077, 22.354666350453495 ], [ 114.13204146363681, 22.354534621526554 ] ], [ [ 114.132526975742053, 22.354335206945219 ], [ 114.13224508788177, 22.354432507283075 ], [ 114.132531525365835, 22.354275876891517 ], [ 114.132526975742053, 22.354335206945219 ] ], [ [ 114.132431290428386, 22.354027166612237 ], [ 114.132400136197319, 22.353904992733554 ], [ 114.132399179805816, 22.353795166401131 ], [ 114.1324312904284, 22.354027166612251 ], [ 114.132456444274197, 22.354059475798042 ], [ 114.132508741563981, 22.354156848520716 ], [ 114.132521581425593, 22.354210914086355 ], [ 114.132431290428386, 22.354027166612237 ] ], [ [ 114.132324657201707, 22.353619001447875 ], [ 114.132382809728, 22.353754906123637 ], [ 114.132327209827892, 22.353617249985874 ], [ 114.132324657201707, 22.353619001447875 ] ], [ [ 114.132329609668645, 22.353615172348739 ], [ 114.132337952513552, 22.353604511061519 ], [ 114.132341554546045, 22.353599365638708 ], [ 114.132329609668645, 22.353615172348739 ] ], [ [ 114.132343556816565, 22.353596339949473 ], [ 114.132342349911298, 22.353598169790487 ], [ 114.132344074498718, 22.353595518428268 ], [ 114.132343556816565, 22.353596339949473 ] ], [ [ 114.13234868549668, 22.353587897789982 ], [ 114.132351264204871, 22.353583221301172 ], [ 114.132346123478001, 22.353592221879815 ], [ 114.13234868549668, 22.353587897789982 ] ], [ [ 114.132354776307054, 22.353576286169954 ], [ 114.132358769274418, 22.353567328956583 ], [ 114.132352139859449, 22.35358156655365 ], [ 114.132354776307054, 22.353576286169954 ] ], [ [ 114.132358769274418, 22.353567328956583 ], [ 114.132365211746574, 22.35354889936411 ], [ 114.132368964167711, 22.353533124015804 ], [ 114.132358769274418, 22.353567328956583 ] ], [ [ 114.132370510832033, 22.353523543022174 ], [ 114.132370510832033, 22.353523543022174 ], [ 114.132369956055015, 22.353527344078255 ], [ 114.132370053526301, 22.353526739712891 ], [ 114.132370510832033, 22.353523543022174 ] ], [ [ 114.132371718750562, 22.353510665783141 ], [ 114.132371879168659, 22.353507284852078 ], [ 114.132371231288388, 22.353517113465184 ], [ 114.132371718750562, 22.353510665783141 ] ], [ [ 114.132371993452836, 22.353500998088581 ], [ 114.13237199365814, 22.353500976073676 ], [ 114.13237199365814, 22.353500976073676 ], [ 114.132371993452836, 22.353500998088581 ] ], [ [ 114.132371965558946, 22.353497743127434 ], [ 114.132371965558946, 22.35349774312747 ], [ 114.132371993464162, 22.353500953754683 ], [ 114.132371965558946, 22.353497743127434 ] ], [ [ 114.13237151234209, 22.353488053218076 ], [ 114.132371252903184, 22.353484973294261 ], [ 114.132371724899471, 22.353491286214915 ], [ 114.13237151234209, 22.353488053218076 ] ], [ [ 114.132370902760627, 22.353481614265352 ], [ 114.13237123271459, 22.353484754380766 ], [ 114.132370548310732, 22.353478680355366 ], [ 114.132370902760627, 22.353481614265352 ] ], [ [ 114.132368335123616, 22.353465638509476 ], [ 114.132368812349554, 22.353468009889351 ], [ 114.13236764683559, 22.353462477626405 ], [ 114.132368335123616, 22.353465638509476 ] ], [ [ 114.13236764683559, 22.353462477626405 ], [ 114.132366085792825, 22.353456182901308 ], [ 114.13236523843635, 22.353453140257496 ], [ 114.13236764683559, 22.353462477626405 ] ], [ [ 114.132363752916206, 22.353448260001556 ], [ 114.132359994849992, 22.353437641500339 ], [ 114.132357993662325, 22.353432772607949 ], [ 114.132363752916206, 22.353448260001556 ] ], [ [ 114.132356172631816, 22.353428627957236 ], [ 114.132356995345688, 22.353430472864936 ], [ 114.132355395883707, 22.353426964310394 ], [ 114.132356172631816, 22.353428627957236 ] ], [ [ 114.132352851333238, 22.353421748772682 ], [ 114.132350302815638, 22.35341691371584 ], [ 114.132351855229587, 22.35341980391965 ], [ 114.132352851333238, 22.353421748772682 ] ], [ [ 114.13221598537821, 22.353212316643056 ], [ 114.132215985378224, 22.353212316643059 ], [ 114.132217138558033, 22.353213947230284 ], [ 114.13221598537821, 22.353212316643056 ] ], [ [ 114.132213151935943, 22.353207972165599 ], [ 114.132213151935957, 22.353207972165599 ], [ 114.132214809382191, 22.35321056481342 ], [ 114.132213151935943, 22.353207972165599 ] ], [ [ 114.132210570952921, 22.353203492299265 ], [ 114.132207030392294, 22.353196205276209 ], [ 114.132211405389839, 22.353204991601299 ], [ 114.132210570952921, 22.353203492299265 ] ], [ [ 114.132203307615796, 22.353186042020404 ], [ 114.132204381549272, 22.353189375836653 ], [ 114.132203838399036, 22.353187759217679 ], [ 114.132203334084906, 22.353186133578841 ], [ 114.132203307615796, 22.353186042020404 ] ], [ [ 114.132201608106385, 22.353179540798184 ], [ 114.13220104817772, 22.353176833506758 ], [ 114.132202249552435, 22.353182207964149 ], [ 114.132201608106385, 22.353179540798184 ] ], [ [ 114.132200638869506, 22.353174537603714 ], [ 114.132200853805045, 22.35317577951405 ], [ 114.132200530413968, 22.353173841173248 ], [ 114.132200638869506, 22.353174537603714 ] ], [ [ 114.132199951184944, 22.353169498364579 ], [ 114.132200046989709, 22.353170289785766 ], [ 114.132199845868001, 22.353168417201363 ], [ 114.132199951184944, 22.353169498364579 ] ], [ [ 114.13219966101444, 22.353166111826525 ], [ 114.132199728750308, 22.353167026946359 ], [ 114.132199556105959, 22.353164444460017 ], [ 114.13219966101444, 22.353166111826525 ] ], [ [ 114.132199439880722, 22.353159338849473 ], [ 114.132199486836882, 22.353157144437585 ], [ 114.132199487116864, 22.353162715323236 ], [ 114.132199439880722, 22.353159338849473 ] ], [ [ 114.132199861034906, 22.353151182020184 ], [ 114.132200531513476, 22.353145829440265 ], [ 114.132200782247466, 22.353144336457639 ], [ 114.132199861034906, 22.353151182020184 ] ], [ [ 114.132206049449451, 22.353134461492296 ], [ 114.13220387788995, 22.353138064085286 ], [ 114.132207593079301, 22.353129740326771 ], [ 114.132206049449451, 22.353134461492296 ] ], [ [ 114.132213408819695, 22.353117716356024 ], [ 114.132236606408938, 22.353088450201806 ], [ 114.132245928966213, 22.353080307208124 ], [ 114.132213408819695, 22.353117716356024 ] ], [ [ 114.132245928966213, 22.353080307208124 ], [ 114.132262894513715, 22.353064111062427 ], [ 114.132266831168138, 22.353059211564617 ], [ 114.132245928966213, 22.353080307208124 ] ], [ [ 114.132273105819422, 22.353050671576241 ], [ 114.132288178469821, 22.353022396854701 ], [ 114.132291326718061, 22.353013710326721 ], [ 114.132273105819422, 22.353050671576241 ] ], [ [ 114.132297232987227, 22.352987024403248 ], [ 114.132297665943923, 22.352984073788441 ], [ 114.132297665943923, 22.352984073788441 ], [ 114.132297232987227, 22.352987024403248 ] ], [ [ 114.132295671828018, 22.352965849579952 ], [ 114.132295806397948, 22.352966645738565 ], [ 114.132293155515669, 22.352958142814309 ], [ 114.132295671828018, 22.352965849579952 ] ], [ [ 114.132285531901559, 22.352939438295568 ], [ 114.132273270358127, 22.352918767134351 ], [ 114.13227872378755, 22.352927031592593 ], [ 114.132285531901559, 22.352939438295568 ] ], [ [ 114.132221479201164, 22.352854575097332 ], [ 114.132213238481057, 22.352844700053865 ], [ 114.132213238481057, 22.352844700053865 ], [ 114.132221479201164, 22.352854575097332 ] ], [ [ 114.132445702931079, 22.352232799305511 ], [ 114.1323294709604, 22.352538749727572 ], [ 114.132445725139405, 22.352232566421861 ], [ 114.132445702931079, 22.352232799305511 ] ], [ [ 114.132448382524075, 22.352201771049771 ], [ 114.132447154535498, 22.352216770466612 ], [ 114.132448966290013, 22.352167102905444 ], [ 114.132448382524075, 22.352201771049771 ] ], [ [ 114.132448966290013, 22.352167102905444 ], [ 114.132452905623978, 22.351928832762312 ], [ 114.132452089896333, 22.351827397927835 ], [ 114.132448966290013, 22.352167102905444 ] ], [ [ 114.132450466993731, 22.351812112153976 ], [ 114.132450584922239, 22.351807596908117 ], [ 114.132450466993745, 22.351812112153993 ], [ 114.132450899709042, 22.351815658562014 ], [ 114.132450466993731, 22.351812112153976 ] ], [ [ 114.132449015567303, 22.351796940421522 ], [ 114.132449370215014, 22.351799064505578 ], [ 114.132448956152231, 22.351796616489189 ], [ 114.132449015567303, 22.351796940421522 ] ], [ [ 114.132446853986167, 22.351786365047641 ], [ 114.13244531185866, 22.35178026290626 ], [ 114.132447870721023, 22.351790999619144 ], [ 114.132446853986167, 22.351786365047641 ] ], [ [ 114.132443984066398, 22.351775533528315 ], [ 114.132433915122334, 22.351748848569837 ], [ 114.132427205003381, 22.351735662171023 ], [ 114.132443984066398, 22.351775533528315 ] ], [ [ 114.132420295873004, 22.351724125192565 ], [ 114.132418604270114, 22.351721409541398 ], [ 114.132418604270114, 22.351721409541398 ], [ 114.132420295873004, 22.351724125192565 ] ], [ [ 114.132486499972444, 22.351671028610415 ], [ 114.132433460221691, 22.351710385923298 ], [ 114.132522070559133, 22.351643250009953 ], [ 114.132486499972444, 22.351671028610415 ] ], [ [ 114.132575255784218, 22.351660116884279 ], [ 114.132610686648604, 22.351685677777851 ], [ 114.132543488242277, 22.351635962389267 ], [ 114.132575255784218, 22.351660116884279 ] ], [ [ 114.132647533758018, 22.351712448672469 ], [ 114.132669384302616, 22.351728657410874 ], [ 114.132655980464946, 22.351718530501532 ], [ 114.132647533758018, 22.351712448672469 ] ], [ [ 114.132778160406829, 22.351835057959619 ], [ 114.132778160406829, 22.35183505795964 ], [ 114.132744433043726, 22.351796271572816 ], [ 114.132778160406829, 22.351835057959619 ] ], [ [ 114.132806031297932, 22.351870365983178 ], [ 114.132799113712267, 22.351860869117562 ], [ 114.132815084766392, 22.351884040706249 ], [ 114.132806031297932, 22.351870365983178 ] ], [ [ 114.132860572763477, 22.351960894066075 ], [ 114.13285934008303, 22.35195842583369 ], [ 114.132860956249303, 22.351961672871795 ], [ 114.132860572763477, 22.351960894066075 ] ], [ [ 114.132977894680067, 22.352680561841307 ], [ 114.132976896487378, 22.352668357111838 ], [ 114.132978886154007, 22.35269376016312 ], [ 114.132977894680067, 22.352680561841307 ] ], [ [ 114.133056501022949, 22.35361773797602 ], [ 114.133026171855519, 22.353269196470265 ], [ 114.133164767120391, 22.354462891596494 ], [ 114.133056501022949, 22.35361773797602 ] ], [ [ 114.133166752838207, 22.354477341017457 ], [ 114.133179177419706, 22.354577773151583 ], [ 114.133181537289786, 22.354596286410242 ], [ 114.133179177419706, 22.354577773151593 ], [ 114.133166752838207, 22.354477341017486 ], [ 114.133164767120391, 22.354462891596494 ], [ 114.133166752838207, 22.354477341017457 ] ], [ [ 114.133216355592523, 22.354843362708436 ], [ 114.133211469844738, 22.354819927107233 ], [ 114.133216850935241, 22.354845525247047 ], [ 114.133216355592523, 22.354843362708436 ] ], [ [ 114.133240458882597, 22.354945712455738 ], [ 114.133238951476088, 22.354939671606193 ], [ 114.133245937861389, 22.354965416877512 ], [ 114.133240458882597, 22.354945712455738 ] ], [ [ 114.133346231849387, 22.355228361074357 ], [ 114.133299790878937, 22.355120975324997 ], [ 114.133293466103837, 22.355104474804723 ], [ 114.133299790878937, 22.355120975324997 ], [ 114.1333105015336, 22.355144999474231 ], [ 114.133346231849387, 22.355228361074357 ] ], [ [ 114.133427828288163, 22.355394924415766 ], [ 114.13342735898938, 22.355393983850899 ], [ 114.133445637683366, 22.355429791208028 ], [ 114.133427828288163, 22.355394924415766 ] ], [ [ 114.133607898038591, 22.355749954560288 ], [ 114.133607898038591, 22.355749954560277 ], [ 114.133578891202404, 22.355691297483791 ], [ 114.133607898038591, 22.355749954560288 ] ], [ [ 114.13370642879228, 22.356004362448783 ], [ 114.13370642879228, 22.356004362448797 ], [ 114.133682613194651, 22.355934036283568 ], [ 114.13370642879228, 22.356004362448783 ] ], [ [ 114.133768414172891, 22.35629968701457 ], [ 114.133767987799601, 22.356296967035608 ], [ 114.133772939481531, 22.356338104183909 ], [ 114.133768414172891, 22.35629968701457 ] ], [ [ 114.133883712808142, 22.357154007763341 ], [ 114.133782496597817, 22.356409574508877 ], [ 114.133886273620959, 22.357174341711811 ], [ 114.133883712808142, 22.357154007763341 ] ], [ [ 114.133939164979395, 22.357576823797366 ], [ 114.133938762746965, 22.357573626760033 ], [ 114.13394027457575, 22.357584762143212 ], [ 114.133939164979395, 22.357576823797366 ] ], [ [ 114.134040723258352, 22.358223934709592 ], [ 114.134028421204917, 22.358158122983987 ], [ 114.134042283821529, 22.358229352415371 ], [ 114.134040723258352, 22.358223934709592 ] ], [ [ 114.134063476598627, 22.358299806366176 ], [ 114.134060785256665, 22.358290980442604 ], [ 114.13406883067708, 22.358317424252821 ], [ 114.134063476598627, 22.358299806366176 ] ], [ [ 114.134117579184547, 22.358471392051985 ], [ 114.134102932511269, 22.358427391352077 ], [ 114.134131702999667, 22.358510796062987 ], [ 114.134117579184547, 22.358471392051985 ] ], [ [ 114.134174679109208, 22.35862021249218 ], [ 114.134162398229563, 22.358589555424565 ], [ 114.13418698155418, 22.358648404442722 ], [ 114.134174679109208, 22.35862021249218 ] ], [ [ 114.134240741257145, 22.358765811361387 ], [ 114.134221588620292, 22.358725304310763 ], [ 114.134255934001033, 22.358795750719491 ], [ 114.134240741257145, 22.358765811361387 ] ], [ [ 114.134391601444477, 22.359032667565099 ], [ 114.134467696555149, 22.359147755403892 ], [ 114.134372000110005, 22.359000827626705 ], [ 114.134391601444477, 22.359032667565099 ] ], [ [ 114.134499103916724, 22.359192610500347 ], [ 114.13454488358434, 22.359254425694925 ], [ 114.134508286767399, 22.359205479591402 ], [ 114.134499103916724, 22.359192610500347 ] ], [ [ 114.13459536973177, 22.35931626200593 ], [ 114.13462033692953, 22.359344504783593 ], [ 114.134571902352462, 22.359288649496555 ], [ 114.13459536973177, 22.35931626200593 ] ], [ [ 114.135032708843738, 22.359784087046435 ], [ 114.135096521076065, 22.359849718063209 ], [ 114.135096521076065, 22.359849718063209 ], [ 114.135032708843738, 22.359784087046435 ] ], [ [ 114.127404871911622, 22.358873120480599 ], [ 114.127266390503536, 22.358759251604361 ], [ 114.127511099745803, 22.358985402223798 ], [ 114.127404871911622, 22.358873120480599 ] ], [ [ 114.127340660951845, 22.358783960326388 ], [ 114.127234349427908, 22.358732905199176 ], [ 114.127234349427894, 22.358732905199165 ], [ 114.127340660951845, 22.358783960326388 ] ], [ [ 114.129074044259212, 22.357521937882613 ], [ 114.129092348307083, 22.357514012418424 ], [ 114.129014093436453, 22.357550926315017 ], [ 114.129074044259212, 22.357521937882613 ] ], [ [ 114.131064074683977, 22.356929566671543 ], [ 114.131084710814235, 22.356933220849573 ], [ 114.131041075132401, 22.356930269139259 ], [ 114.131064074683977, 22.356929566671543 ] ], [ [ 114.131442330465291, 22.357108116820029 ], [ 114.131473131442405, 22.357149646482579 ], [ 114.131402477854536, 22.357070937723922 ], [ 114.131442330465291, 22.357108116820029 ] ], [ [ 114.131850052685678, 22.358103370100196 ], [ 114.131544832089418, 22.357263019457843 ], [ 114.131850052685706, 22.358103370100206 ], [ 114.131850052685678, 22.358103370100196 ] ], [ [ 114.1323431773518, 22.358429807175195 ], [ 114.132643226098494, 22.358653205783195 ], [ 114.132254074713813, 22.358357721295505 ], [ 114.1323431773518, 22.358429807175195 ] ], [ [ 114.133336003684121, 22.359153902491876 ], [ 114.133336003684121, 22.359153902491858 ], [ 114.133736271229978, 22.359575573569998 ], [ 114.133336003684121, 22.359153902491876 ] ], [ [ 114.133993598795882, 22.359679971777432 ], [ 114.134102825698463, 22.359764291772478 ], [ 114.133940251017222, 22.359653318322501 ], [ 114.133993598795882, 22.359679971777432 ] ], [ [ 114.134519341249742, 22.360342870932705 ], [ 114.134390559403627, 22.36017126617903 ], [ 114.134519341249757, 22.360342870932694 ], [ 114.134519341249742, 22.360342870932705 ] ], [ [ 114.131306686816387, 22.36739933258006 ], [ 114.131306686816387, 22.367399332580053 ], [ 114.131481324920045, 22.367438258074046 ], [ 114.131306686816387, 22.36739933258006 ] ], [ [ 114.140949598183042, 22.369318986001684 ], [ 114.14094740538556, 22.369313007299645 ], [ 114.140949598183056, 22.369318986001687 ], [ 114.140949598183042, 22.369318986001684 ] ], [ [ 114.136694430110879, 22.376577505943143 ], [ 114.136694430110865, 22.37657750594316 ], [ 114.136693329392259, 22.376555841430505 ], [ 114.136694430110879, 22.376577505943143 ] ], [ [ 114.136713097875429, 22.376559070232016 ], [ 114.136754744693675, 22.376555766348392 ], [ 114.136708861771808, 22.376558378346189 ], [ 114.136713097875429, 22.376559070232016 ] ], [ [ 114.136801435856356, 22.37656929660854 ], [ 114.13680106839081, 22.376567302337182 ], [ 114.136801435856356, 22.37656929660854 ], [ 114.136801435856356, 22.37656929660854 ] ], [ [ 114.136837179213657, 22.376565386197605 ], [ 114.136836738509729, 22.37656129365342 ], [ 114.136801736874389, 22.376569260560853 ], [ 114.136837179213657, 22.376565386197605 ] ], [ [ 114.136855076327123, 22.3765593672573 ], [ 114.136836714370759, 22.376561069489732 ], [ 114.136836714370759, 22.376561069489725 ], [ 114.136855076327123, 22.3765593672573 ] ], [ [ 114.136856725905304, 22.376563250792437 ], [ 114.136856725905275, 22.37656325079244 ], [ 114.136855076327123, 22.3765593672573 ], [ 114.136856725905304, 22.376563250792437 ] ], [ [ 114.137140346281953, 22.376244019153262 ], [ 114.13714277509024, 22.376243996050274 ], [ 114.137095782500893, 22.376244447879817 ], [ 114.137140346281953, 22.376244019153262 ] ], [ [ 114.137429161018957, 22.374404055905018 ], [ 114.137445194539893, 22.375878293972217 ], [ 114.137429161018943, 22.374404055905035 ], [ 114.137429161018957, 22.374404055905018 ] ], [ [ 114.139407504190856, 22.373875688538899 ], [ 114.139495395511858, 22.373845716289875 ], [ 114.139164108711213, 22.373953159186993 ], [ 114.139407504190856, 22.373875688538899 ] ], [ [ 114.140379560705071, 22.373484662593793 ], [ 114.13997743257795, 22.373665097244693 ], [ 114.140649986235914, 22.373333181908105 ], [ 114.140379560705071, 22.373484662593793 ] ], [ [ 114.140992328478944, 22.373153117011174 ], [ 114.14099232847893, 22.373153117011174 ], [ 114.140932480077879, 22.373144831387705 ], [ 114.140992328478944, 22.373153117011174 ] ], [ [ 114.140682658946318, 22.373071683027337 ], [ 114.140705390350149, 22.373090254880211 ], [ 114.140682658946304, 22.373071683027359 ], [ 114.140682658946318, 22.373071683027337 ] ], [ [ 114.140783393870478, 22.372895005048754 ], [ 114.140783393870464, 22.372895005048754 ], [ 114.140790571723215, 22.372772525519032 ], [ 114.140783393870478, 22.372895005048754 ] ], [ [ 114.140128356404858, 22.372501261993747 ], [ 114.139746029523579, 22.372097762805975 ], [ 114.139835386807732, 22.372172447716789 ], [ 114.139955803747384, 22.372289826993512 ], [ 114.140128356404873, 22.372501261993726 ], [ 114.140604271191037, 22.372589633671183 ], [ 114.140727078530801, 22.372666185860773 ], [ 114.14078474615458, 22.372762768748977 ], [ 114.140128356404858, 22.372501261993747 ] ] ] } },
{ "type": "Feature", "properties": { "codigo": "T", "distrito_en": "Islands", "distrito_zh": "離島區", "distrito_es": "Islas", "region": "Nuevos Territorios", "area_km2_oficial": 182.74, "area_km2_poligono_incluye_mar": 664.709, "centro_lat": 22.226356, "centro_lon": 113.988311, "n_circunscripciones": 10 }, "geometry": { "type": "Polygon", "coordinates": [ [ [ 114.110241293691601, 22.261197878488783 ], [ 114.200012305767331, 22.192644097315238 ], [ 114.309068690882782, 22.192828356339536 ], [ 114.309243803656884, 22.148473931395223 ], [ 114.284014628325195, 22.148459083213165 ], [ 114.255178602744621, 22.138550652561324 ], [ 114.236008958973642, 22.14846550364171 ], [ 113.939560619526219, 22.148475291258165 ], [ 113.922384346814042, 22.136718493989559 ], [ 113.896559516801759, 22.142528091418999 ], [ 113.832383562725198, 22.183864945652299 ], [ 113.817228431476053, 22.217326936978637 ], [ 113.83899936620179, 22.267727770152831 ], [ 113.847388921607916, 22.273118172969266 ], [ 113.865868616462095, 22.324345974421206 ], [ 113.994581131769948, 22.324635109905817 ], [ 113.994600051817756, 22.314189147124477 ], [ 114.006966162132912, 22.313928926755221 ], [ 114.00980990406606, 22.315011340756978 ], [ 114.010464570123418, 22.313855143224792 ], [ 114.109870127331277, 22.311726915678438 ], [ 114.110241293691601, 22.261197878488783 ] ], [ [ 113.937158159523321, 22.290041349720742 ], [ 113.937156964180019, 22.290042052303797 ], [ 113.937021469483582, 22.290121691473221 ], [ 113.937158159523321, 22.290041349720742 ] ], [ [ 114.006997746290125, 22.310523188865702 ], [ 114.007002787307101, 22.309815258836323 ], [ 114.006994712884222, 22.309760765552554 ], [ 114.006997746290125, 22.310523188865702 ] ], [ [ 114.006578690371242, 22.308646798030495 ], [ 114.006724813938391, 22.308881594264058 ], [ 114.006724813938419, 22.308881594264083 ], [ 114.006578690371242, 22.308646798030495 ] ], [ [ 114.004887609939246, 22.306604836612426 ], [ 114.004090560221201, 22.305825951257045 ], [ 114.005275796171276, 22.306999215634757 ], [ 114.004887609939246, 22.306604836612426 ] ], [ [ 114.002892631713351, 22.304902594885398 ], [ 114.001936590514831, 22.303989379078995 ], [ 114.001585743027505, 22.303504663328098 ], [ 114.001272297578183, 22.302874549762567 ], [ 114.002892631713351, 22.304902594885398 ] ], [ [ 114.001115726472946, 22.302435232095029 ], [ 114.000899901682345, 22.301443738241716 ], [ 114.000857546716034, 22.301296100685711 ], [ 114.000899901682345, 22.301443738241705 ], [ 114.001115726472946, 22.302435232095011 ], [ 114.001272297578183, 22.302874549762567 ], [ 114.001115726472946, 22.302435232095029 ] ], [ [ 114.000282049446085, 22.299584798688294 ], [ 113.996491202218863, 22.296803417708492 ], [ 114.000282049446085, 22.299584798688272 ], [ 114.000536051634072, 22.300298761971796 ], [ 114.000282049446085, 22.299584798688294 ] ], [ [ 113.996407088257044, 22.29404632980992 ], [ 113.996219607288012, 22.29369139163375 ], [ 113.995956167519836, 22.293319560748103 ], [ 113.996407088257044, 22.29404632980992 ] ], [ [ 113.995387334849468, 22.292745278514111 ], [ 113.995016143414688, 22.292470827868517 ], [ 113.994907855006304, 22.292407648226483 ], [ 113.995387334849468, 22.292745278514111 ] ], [ [ 113.994728470153831, 22.292302987887595 ], [ 113.994764830120218, 22.292223415908364 ], [ 113.994728470153831, 22.292302987887595 ], [ 113.994728470153831, 22.292302987887595 ] ], [ [ 113.994328864659607, 22.291172904425032 ], [ 113.994452158996438, 22.291336467550764 ], [ 113.994364244984098, 22.291228597654744 ], [ 113.994328864659607, 22.291172904425032 ] ], [ [ 113.994213682638389, 22.290936819736874 ], [ 113.994160240797868, 22.290726204034844 ], [ 113.994159514032646, 22.290713812234959 ], [ 113.994213682638389, 22.290936819736874 ] ], [ [ 113.994326965360926, 22.289492198453015 ], [ 113.994353224897978, 22.289222402851657 ], [ 113.99428871729944, 22.289765745245422 ], [ 113.994326965360926, 22.289492198453015 ] ], [ [ 113.994356677552986, 22.288184719129603 ], [ 113.99470488160452, 22.287473596100313 ], [ 113.994370559932165, 22.288453581947206 ], [ 113.994356677552986, 22.288184719129603 ] ], [ [ 113.994979947942412, 22.286911833553646 ], [ 113.991771584119263, 22.28518263221709 ], [ 113.991632887873564, 22.28506144793408 ], [ 113.994979947942412, 22.286911833553646 ] ], [ [ 113.991491035272858, 22.28488656328469 ], [ 113.991369769338732, 22.284630675054576 ], [ 113.991359310992692, 22.28458854409535 ], [ 113.991491035272858, 22.28488656328469 ] ], [ [ 113.991321884740046, 22.284364136414137 ], [ 113.991321884740046, 22.284364136414105 ], [ 113.991326830469433, 22.284408108335541 ], [ 113.991321884740046, 22.284364136414137 ] ], [ [ 113.991355814064789, 22.284050732126229 ], [ 113.991399514198605, 22.283921608356305 ], [ 113.991342803034996, 22.284124919224432 ], [ 113.991355814064789, 22.284050732126229 ] ], [ [ 114.008324580413017, 22.283810784385292 ], [ 114.008429804713174, 22.283862579108195 ], [ 114.008192470810826, 22.28374192322395 ], [ 114.008324580413017, 22.283810784385292 ] ], [ [ 114.006047013927684, 22.189539773281954 ], [ 114.046420467236885, 22.189577097197247 ], [ 114.006047014235421, 22.189460300104631 ], [ 114.006047013927684, 22.189539773281954 ] ], [ [ 114.036085374462033, 22.234967748828861 ], [ 114.030688697379347, 22.241804778312883 ], [ 114.039255668534878, 22.230950913565561 ], [ 114.036085374462033, 22.234967748828861 ] ], [ [ 114.04642527453781, 22.192521241936557 ], [ 114.046450787586437, 22.208139954789367 ], [ 114.046425265453038, 22.192515678048743 ], [ 114.04642527453781, 22.192521241936557 ] ], [ [ 114.010845999710511, 22.283022363912774 ], [ 114.010844083666882, 22.283022794359049 ], [ 114.010894251194344, 22.283015917442786 ], [ 114.010845999710511, 22.283022363912774 ] ], [ [ 114.013737480342911, 22.283503257261977 ], [ 114.013737480342911, 22.28350325726198 ], [ 114.013641648501391, 22.283481216588523 ], [ 114.013737480342911, 22.283503257261977 ] ], [ [ 114.014954415430509, 22.283035569899525 ], [ 114.014954415430509, 22.283035569899525 ], [ 114.014860850209473, 22.283182939868965 ], [ 114.014869943197596, 22.283173744265731 ], [ 114.014954415430509, 22.283035569899525 ] ], [ [ 114.016696687501309, 22.281491428886721 ], [ 114.016696266908028, 22.281491530374215 ], [ 114.01676515660148, 22.281482951729966 ], [ 114.016696687501309, 22.281491428886721 ] ], [ [ 114.017078457543747, 22.281432703090946 ], [ 114.017424702901835, 22.281342182947299 ], [ 114.01720609123953, 22.281407078876484 ], [ 114.017078457543747, 22.281432703090946 ] ], [ [ 114.018700895812799, 22.281226863736286 ], [ 114.018679838427147, 22.281225884656635 ], [ 114.018885238403342, 22.281273482577213 ], [ 114.018700895812799, 22.281226863736286 ] ], [ [ 114.018888126125518, 22.2812742128583 ], [ 114.018888126125518, 22.2812742128583 ], [ 114.018885238403342, 22.281273482577213 ], [ 114.018888126125518, 22.2812742128583 ] ], [ [ 114.018888126125546, 22.281274212858314 ], [ 114.018895790465862, 22.281276375580603 ], [ 114.018888126125518, 22.2812742128583 ], [ 114.018888126125546, 22.281274212858314 ] ], [ [ 114.019752558235027, 22.281740489160665 ], [ 114.019752558235027, 22.281740489160661 ], [ 114.019618716058687, 22.281622546264693 ], [ 114.019597235533197, 22.281608212111131 ], [ 114.019752558235027, 22.281740489160665 ] ], [ [ 114.020022787248408, 22.281931332389263 ], [ 114.020068330533618, 22.281956119922683 ], [ 114.019864127234129, 22.28182743541786 ], [ 114.020022787248408, 22.281931332389263 ] ], [ [ 114.02025519516792, 22.282047117299577 ], [ 114.020505773494719, 22.282139213214045 ], [ 114.020323486839629, 22.282077439803253 ], [ 114.02025519516792, 22.282047117299577 ] ], [ [ 114.020773602309674, 22.28219625434954 ], [ 114.021127326115447, 22.282223831279037 ], [ 114.020885181025989, 22.28221271699439 ], [ 114.020773602309674, 22.28219625434954 ] ], [ [ 114.022381106014421, 22.281802351031885 ], [ 114.022616725891567, 22.281613582346221 ], [ 114.022616725891567, 22.281613582346232 ], [ 114.022381106014421, 22.281802351031885 ] ], [ [ 114.019296111516809, 22.256235204286991 ], [ 114.019296111516809, 22.256235204286991 ], [ 114.02055240347039, 22.254644107608001 ], [ 114.019296111516809, 22.256235204286991 ] ], [ [ 113.935446015092921, 22.278624804420289 ], [ 113.935408544389247, 22.278618473410425 ], [ 113.935448945998544, 22.278625293620426 ], [ 113.935446015092921, 22.278624804420289 ] ], [ [ 113.94333891631689, 22.293682797135261 ], [ 113.940875429517376, 22.293390973620642 ], [ 113.943236180568093, 22.293670627876399 ], [ 113.94333891631689, 22.293682797135261 ] ] ] } }
]
}
