{
"type": "FeatureCollection",
"name": "regiones",
"crs": { "type": "name", "properties": { "name": "urn:ogc:def:crs:OGC:1.3:CRS84" } },
"features": [
{ "type": "Feature", "properties": { "region": "Isla de Hong Kong", "area_km2": 152.18 }, "geometry": { "type": "Polygon", "coordinates": [ [ [ 114.13960718177205, 22.238785432232373 ], [ 114.132613435618936, 22.244124289547823 ], [ 114.128714376296244, 22.247100431862009 ], [ 114.110241293691601, 22.261197878488783 ], [ 114.110146273297033, 22.269459719034156 ], [ 114.110105212846577, 22.273029244553353 ], [ 114.109895086810283, 22.294109519077573 ], [ 114.109860234899287, 22.297605138728702 ], [ 114.127758382180744, 22.297548791818745 ], [ 114.130282717725521, 22.297540685751844 ], [ 114.131029951896025, 22.297538278872004 ], [ 114.139434581009226, 22.297510968398043 ], [ 114.144919106258669, 22.297492912290618 ], [ 114.149508995686148, 22.297477658692429 ], [ 114.153659519873074, 22.29589949776835 ], [ 114.167440020490261, 22.290658695210134 ], [ 114.173530799260064, 22.288341845984451 ], [ 114.174301637332718, 22.288048607991772 ], [ 114.17493940513495, 22.288357239833953 ], [ 114.175926757669544, 22.288835038693207 ], [ 114.181365116681732, 22.291466593481644 ], [ 114.18632713832784, 22.293867405215156 ], [ 114.18632713832784, 22.293867405215131 ], [ 114.186857753485427, 22.29412412284281 ], [ 114.192326693562975, 22.296769901526741 ], [ 114.199542590654559, 22.300260394820825 ], [ 114.200835511765533, 22.300262088877908 ], [ 114.210210900877954, 22.300274076996526 ], [ 114.210865760888382, 22.300274895486062 ], [ 114.217653957731883, 22.296612196404492 ], [ 114.219386231326268, 22.295677438399846 ], [ 114.221259926451097, 22.294668137612828 ], [ 114.225340436521321, 22.292469977807674 ], [ 114.229273225787907, 22.290351228963733 ], [ 114.240978726495243, 22.284044071429214 ], [ 114.244233727531395, 22.282289960898314 ], [ 114.246630782059142, 22.28100869273494 ], [ 114.251937579814594, 22.278171906100898 ], [ 114.253287221825602, 22.277450398256892 ], [ 114.25900179301064, 22.274395231951146 ], [ 114.261598877013839, 22.273006648194944 ], [ 114.261588222944738, 22.255316316908907 ], [ 114.261582457232848, 22.24573542657226 ], [ 114.309068690882782, 22.192828356339536 ], [ 114.207221844137607, 22.192658529160163 ], [ 114.200012305767331, 22.192644097315238 ], [ 114.161694248062716, 22.221920034460489 ], [ 114.149133410804538, 22.231512194808165 ], [ 114.14189647575671, 22.23703768288653 ], [ 114.13960718177205, 22.238785432232373 ] ], [ [ 114.122733817032668, 22.272845390917468 ], [ 114.122775558078857, 22.272854156332176 ], [ 114.122733817032653, 22.272845390917464 ], [ 114.1226222292904, 22.272783357232516 ], [ 114.122733817032668, 22.272845390917468 ] ], [ [ 114.12357893128798, 22.272704864408574 ], [ 114.123660139500643, 22.272714734414254 ], [ 114.123675432047634, 22.272719139774232 ], [ 114.123660139500643, 22.272714734414258 ], [ 114.12357893128798, 22.272704864408588 ], [ 114.123496652054314, 22.272704837411695 ], [ 114.12357893128798, 22.272704864408574 ] ], [ [ 114.125176920188593, 22.273376628158402 ], [ 114.125191353581585, 22.273381941604324 ], [ 114.125176920188579, 22.273376628158399 ], [ 114.125093816834635, 22.273342349002224 ], [ 114.125176920188593, 22.273376628158402 ] ], [ [ 114.125506354902612, 22.273573871521116 ], [ 114.125739978752776, 22.27384161341757 ], [ 114.125968313512814, 22.274087860386555 ], [ 114.125739978752762, 22.273841613417563 ], [ 114.125506354902598, 22.273573871521116 ], [ 114.125468700202944, 22.273538222531489 ], [ 114.125506354902612, 22.273573871521116 ] ], [ [ 114.126369243090494, 22.274335063809065 ], [ 114.126492647544595, 22.274379352247937 ], [ 114.126369243090465, 22.274335063809065 ], [ 114.126322038169405, 22.274314257627704 ], [ 114.126369243090494, 22.274335063809065 ] ], [ [ 114.126713463921988, 22.274437306950304 ], [ 114.126725077466048, 22.274439498206526 ], [ 114.126713463921988, 22.274437306950304 ], [ 114.126492647544595, 22.274379352247937 ], [ 114.126713463921988, 22.274437306950304 ] ], [ [ 114.143197821251334, 22.260182944889049 ], [ 114.143161012270085, 22.259939723559174 ], [ 114.143161012270085, 22.25993972355916 ], [ 114.143197821251334, 22.260182944889049 ], [ 114.143249546031981, 22.260369312259879 ], [ 114.143197821251334, 22.260182944889049 ] ], [ [ 114.143168300868226, 22.259848109031942 ], [ 114.14318218769759, 22.25985314883091 ], [ 114.14316830086824, 22.259848109031946 ], [ 114.143161770656889, 22.259930190970685 ], [ 114.143168300868226, 22.259848109031942 ] ], [ [ 114.143305830496914, 22.259823700498295 ], [ 114.143323056708269, 22.25974761727327 ], [ 114.143305830496914, 22.259823700498327 ], [ 114.143302704972214, 22.259828274924761 ], [ 114.143305830496914, 22.259823700498295 ] ], [ [ 114.143403014236497, 22.259659145782059 ], [ 114.143429651930248, 22.259660557269459 ], [ 114.143403014236483, 22.259659145782077 ], [ 114.143376283869301, 22.259666671851456 ], [ 114.143403014236497, 22.259659145782059 ] ], [ [ 114.143542323018053, 22.259626034359055 ], [ 114.143538352185558, 22.25962982392123 ], [ 114.143538352185558, 22.25962982392123 ], [ 114.143542323018053, 22.259626034359055 ] ], [ [ 114.144236718910236, 22.25908901993704 ], [ 114.144310144799761, 22.25911962149279 ], [ 114.144422500310498, 22.259208749460321 ], [ 114.144422500310498, 22.259208749460321 ], [ 114.144310144799732, 22.259119621492808 ], [ 114.144236718910236, 22.259089019937047 ], [ 114.144209602823395, 22.259087050327743 ], [ 114.144236718910236, 22.25908901993704 ] ], [ [ 114.14525623054935, 22.258710655930827 ], [ 114.145280294668865, 22.25861678684943 ], [ 114.145256230549393, 22.25871065593083 ], [ 114.145226972380996, 22.258746837255885 ], [ 114.14525623054935, 22.258710655930827 ] ], [ [ 114.14530067332106, 22.258585472510255 ], [ 114.145304199485594, 22.258583863103041 ], [ 114.14530067332106, 22.258585472510255 ], [ 114.14530067332106, 22.258585472510255 ] ], [ [ 114.145669228533535, 22.258214934300096 ], [ 114.145669228533535, 22.258214934300092 ], [ 114.145719524970559, 22.258334925299906 ], [ 114.145719524970559, 22.258334925299948 ], [ 114.145669228533535, 22.258214934300096 ] ], [ [ 114.146265380237253, 22.257415337268782 ], [ 114.146265380237253, 22.257415337268778 ], [ 114.14626187367341, 22.257424402332695 ], [ 114.146265380237253, 22.257415337268782 ] ], [ [ 114.146296255964927, 22.257392495497314 ], [ 114.146343324669658, 22.2573788355738 ], [ 114.146296255964927, 22.257392495497314 ], [ 114.146296255964927, 22.257392495497314 ] ], [ [ 114.146666655446822, 22.256809508971553 ], [ 114.146672104035147, 22.256781659418508 ], [ 114.14666665544685, 22.256809508971568 ], [ 114.14668731041786, 22.256899394990111 ], [ 114.146666655446822, 22.256809508971553 ] ], [ [ 114.14680935734863, 22.256261654092359 ], [ 114.146796808743716, 22.256255258590812 ], [ 114.146809357348616, 22.256261654092331 ], [ 114.146825985088171, 22.256285356700008 ], [ 114.14680935734863, 22.256261654092359 ] ], [ [ 114.146589230817767, 22.256247715092545 ], [ 114.146488524052373, 22.256221561583349 ], [ 114.146356622751739, 22.256168653340566 ], [ 114.14648852405233, 22.256221561583331 ], [ 114.146589230817753, 22.256247715092545 ], [ 114.146790373362194, 22.256251978744139 ], [ 114.146790373362194, 22.256251978744142 ], [ 114.146589230817767, 22.256247715092545 ] ], [ [ 114.146326415179217, 22.25566108824696 ], [ 114.146209050804742, 22.255547939048451 ], [ 114.146326415179246, 22.255661088246921 ], [ 114.146354374127526, 22.255703417432507 ], [ 114.146326415179217, 22.25566108824696 ] ], [ [ 114.146173077838398, 22.255501442407855 ], [ 114.146159447949543, 22.255453225119965 ], [ 114.146159447949543, 22.255453225119957 ], [ 114.146173077838398, 22.255501442407855 ], [ 114.146209050804742, 22.255547939048451 ], [ 114.146173077838398, 22.255501442407855 ] ], [ [ 114.146078525506184, 22.254928212144968 ], [ 114.146076094735037, 22.254842349593236 ], [ 114.146078525506184, 22.254928212144925 ], [ 114.146169726246356, 22.255177036088345 ], [ 114.146078525506184, 22.254928212144968 ] ], [ [ 114.146035370608047, 22.254762382904683 ], [ 114.145995624500983, 22.254757977435535 ], [ 114.145699183477106, 22.254853925927375 ], [ 114.145699183477078, 22.254853925927382 ], [ 114.145995624500998, 22.254757977435517 ], [ 114.146035370608047, 22.25476238290468 ], [ 114.146047961925277, 22.254772760085629 ], [ 114.146035370608047, 22.254762382904683 ] ], [ [ 114.145473524203851, 22.254863310563898 ], [ 114.145445536954057, 22.254856779048684 ], [ 114.145473524203823, 22.254863310563856 ], [ 114.145657272631652, 22.254855668924307 ], [ 114.145473524203851, 22.254863310563898 ] ], [ [ 114.145293280511027, 22.254730109505871 ], [ 114.145293280511012, 22.254730109505847 ], [ 114.145301124855521, 22.254744309737735 ], [ 114.145293280511027, 22.254730109505871 ] ], [ [ 114.145415643235353, 22.254088206414057 ], [ 114.145415643235367, 22.254088206414014 ], [ 114.145415727305362, 22.254122261675519 ], [ 114.145415643235353, 22.254088206414057 ] ], [ [ 114.145773323179142, 22.253574665048728 ], [ 114.145865839134828, 22.25351610979703 ], [ 114.145870472477526, 22.253511949800053 ], [ 114.145865839134828, 22.253516109797037 ], [ 114.145773323179142, 22.253574665048731 ], [ 114.145762483054938, 22.253587803753504 ], [ 114.145773323179142, 22.253574665048728 ] ], [ [ 114.163403904806458, 22.25848530671815 ], [ 114.163354406699767, 22.258076665168065 ], [ 114.163403904806472, 22.258485306718153 ], [ 114.163383993719734, 22.258822293238772 ], [ 114.163403904806458, 22.25848530671815 ] ], [ [ 114.163283664621304, 22.257944838710731 ], [ 114.163188429270804, 22.257803938936149 ], [ 114.163283664621332, 22.257944838710724 ], [ 114.163354406699767, 22.258076665168065 ], [ 114.163283664621304, 22.257944838710731 ] ], [ [ 114.163484648874828, 22.256476650120881 ], [ 114.163680661363614, 22.25646754512433 ], [ 114.163762083263009, 22.256492816014791 ], [ 114.163680661363628, 22.256467545124348 ], [ 114.163484648874871, 22.256476650120902 ], [ 114.163340416854737, 22.256455307787398 ], [ 114.163484648874828, 22.256476650120881 ] ], [ [ 114.164111905810472, 22.256494951378873 ], [ 114.164190313537929, 22.256504078465053 ], [ 114.164307923526579, 22.256536010964421 ], [ 114.164425531558933, 22.25659076386604 ], [ 114.164503938562021, 22.25660901177125 ], [ 114.164582347171589, 22.256609017697762 ], [ 114.16465752691235, 22.256588478584412 ], [ 114.164724463377439, 22.256531482032287 ], [ 114.16465752691235, 22.256588478584419 ], [ 114.164582347171631, 22.256609017697762 ], [ 114.164503938562007, 22.256609011771257 ], [ 114.164425531558933, 22.256590763866051 ], [ 114.164307923526579, 22.256536010964421 ], [ 114.164190313537929, 22.256504078465071 ], [ 114.164111905810472, 22.256494951378905 ], [ 114.163876668793634, 22.256513174745255 ], [ 114.164111905810472, 22.256494951378873 ] ], [ [ 114.164783280504324, 22.256463070091382 ], [ 114.16493518699879, 22.256481323219006 ], [ 114.165038102225623, 22.256476770231618 ], [ 114.165096907196428, 22.2564357210879 ], [ 114.165209632312624, 22.256294318015176 ], [ 114.165273346920998, 22.256244139155978 ], [ 114.165273346920998, 22.256244139155978 ], [ 114.165209632312667, 22.256294318015218 ], [ 114.165096907196457, 22.2564357210879 ], [ 114.165038102225637, 22.256476770231625 ], [ 114.16493518699879, 22.256481323219006 ], [ 114.164783280504324, 22.256463070091382 ], [ 114.164783280504324, 22.256463070091382 ] ], [ [ 114.165503669526629, 22.256285217796897 ], [ 114.165503669526615, 22.256285217796897 ], [ 114.165443141707527, 22.256271124364641 ], [ 114.165503669526629, 22.256285217796897 ] ], [ [ 114.165621274284533, 22.256262414490344 ], [ 114.165699682341142, 22.25626698036308 ], [ 114.165768289626072, 22.256298917474705 ], [ 114.165856491362277, 22.256367348795056 ], [ 114.165856491362291, 22.256367348795067 ], [ 114.165768289626087, 22.256298917474727 ], [ 114.165699682341156, 22.256266980363108 ], [ 114.165621274284575, 22.256262414490354 ], [ 114.165526447766013, 22.256280801153093 ], [ 114.165621274284533, 22.256262414490344 ] ], [ [ 114.165905479579521, 22.256431216951142 ], [ 114.165905479579507, 22.256431216951171 ], [ 114.165857303049037, 22.256368407028415 ], [ 114.165905479579521, 22.256431216951142 ] ], [ [ 114.165585834310221, 22.256748451409734 ], [ 114.16553375282713, 22.256786575261113 ], [ 114.165585834310221, 22.256748451409731 ], [ 114.165724693418596, 22.256681267398353 ], [ 114.165585834310221, 22.256748451409734 ] ], [ [ 114.165199757980218, 22.257211200595513 ], [ 114.165199757980218, 22.257211200595513 ], [ 114.165217163352267, 22.25708666899336 ], [ 114.165199757980218, 22.257211200595513 ] ], [ [ 114.165268362991256, 22.257275061308754 ], [ 114.165229160003321, 22.257256816576184 ], [ 114.165229160003335, 22.257256816576174 ], [ 114.165268362991256, 22.257275061308754 ] ], [ [ 114.165621190436994, 22.257316130384158 ], [ 114.165817212946294, 22.257316143782283 ], [ 114.165843895849122, 22.257324438569892 ], [ 114.165817212946294, 22.257316143782322 ], [ 114.165621190436994, 22.257316130384204 ], [ 114.165449180346428, 22.257276097365882 ], [ 114.165621190436994, 22.257316130384158 ] ], [ [ 114.166326871131332, 22.257320737995649 ], [ 114.166444488675907, 22.257266019733756 ], [ 114.166483695174449, 22.257238650293651 ], [ 114.16644448867595, 22.257266019733766 ], [ 114.166326871131332, 22.257320737995645 ], [ 114.166310060400335, 22.257326605630904 ], [ 114.166326871131332, 22.257320737995649 ] ], [ [ 114.166562106130456, 22.257211283325006 ], [ 114.166633946036399, 22.25720293109487 ], [ 114.166562106130471, 22.25721128332501 ], [ 114.166483695174449, 22.257238650293651 ], [ 114.166562106130456, 22.257211283325006 ] ], [ [ 114.166797331992271, 22.257224988497676 ], [ 114.166914945743244, 22.257220435228728 ], [ 114.166797331992285, 22.257224988497683 ], [ 114.166715043306027, 22.257213013181861 ], [ 114.166797331992271, 22.257224988497676 ] ], [ [ 114.166968847301007, 22.257234119962114 ], [ 114.167066848589727, 22.25730711169712 ], [ 114.16712076052643, 22.257311666380179 ], [ 114.167066848589712, 22.257307111697141 ], [ 114.166968847301021, 22.257234119962138 ], [ 114.166914945743244, 22.257220435228728 ], [ 114.166968847301007, 22.257234119962114 ] ], [ [ 114.167199170774651, 22.257293438135424 ], [ 114.167316784878551, 22.257284315060129 ], [ 114.167390286036778, 22.257266077405074 ], [ 114.167400085343971, 22.257256957003968 ], [ 114.167390286036778, 22.257266077405077 ], [ 114.167316784878551, 22.25728431506014 ], [ 114.167199170774651, 22.257293438135434 ], [ 114.16712076052643, 22.257311666380179 ], [ 114.167199170774651, 22.257293438135424 ] ], [ [ 114.167419692437633, 22.257256958140083 ], [ 114.167419692437619, 22.257256958140115 ], [ 114.167400085343971, 22.257256957003968 ], [ 114.167419692437633, 22.257256958140083 ] ], [ [ 114.167444190089753, 22.257243269070866 ], [ 114.167444190089753, 22.257243269070869 ], [ 114.167441230715596, 22.257243819831043 ], [ 114.167444190089753, 22.257243269070866 ] ], [ [ 114.167547112105382, 22.257142926250058 ], [ 114.167591216202382, 22.257138368277474 ], [ 114.167547112105382, 22.257142926250069 ], [ 114.167547112105382, 22.257142926250058 ] ], [ [ 114.167601014292572, 22.257147489803959 ], [ 114.167601014292572, 22.257147489803963 ], [ 114.167591216202382, 22.257138368277474 ], [ 114.167601014292572, 22.257147489803959 ] ], [ [ 114.167621290751626, 22.257296433682768 ], [ 114.167654912703881, 22.25735903614062 ], [ 114.167679340467259, 22.25744843410337 ], [ 114.167654912703867, 22.257359036140613 ], [ 114.167621290751626, 22.257296433682779 ], [ 114.167621416255017, 22.257296209738264 ], [ 114.167621290751626, 22.257296433682768 ] ], [ [ 114.167869939765097, 22.257376540528458 ], [ 114.168409708056487, 22.257286346402985 ], [ 114.167869939765126, 22.257376540528504 ], [ 114.167692155809618, 22.25744692126473 ], [ 114.167869939765097, 22.257376540528458 ] ], [ [ 114.168753744538662, 22.257199522622422 ], [ 114.168820816699636, 22.257149019708166 ], [ 114.168753744538691, 22.257199522622447 ], [ 114.168674054495028, 22.257233605431761 ], [ 114.168753744538662, 22.257199522622422 ] ], [ [ 114.168963158449003, 22.256967598361367 ], [ 114.169042153187419, 22.256898346005293 ], [ 114.169136611689524, 22.256839867924469 ], [ 114.169210714520958, 22.25680982639583 ], [ 114.169307431350248, 22.256789304200758 ], [ 114.169459281856064, 22.256783070966893 ], [ 114.169604282191955, 22.256792324875214 ], [ 114.169632903483375, 22.256779063385657 ], [ 114.169604282191941, 22.256792324875235 ], [ 114.169459281856064, 22.256783070966915 ], [ 114.169307431350262, 22.25678930420079 ], [ 114.169210714520958, 22.256809826395852 ], [ 114.169136611689524, 22.256839867924473 ], [ 114.169042153187434, 22.256898346005322 ], [ 114.168963158449046, 22.256967598361381 ], [ 114.168917740951315, 22.257039362840406 ], [ 114.168963158449003, 22.256967598361367 ] ], [ [ 114.169721980251097, 22.256646114584786 ], [ 114.169749856070524, 22.25661702268355 ], [ 114.169721980251111, 22.256646114584807 ], [ 114.169662290368208, 22.256752475123466 ], [ 114.169721980251097, 22.256646114584786 ] ], [ [ 114.17031289059409, 22.256370965977265 ], [ 114.170761474817269, 22.256127146368019 ], [ 114.170806618020492, 22.256088505832842 ], [ 114.170761474817283, 22.256127146368033 ], [ 114.17031289059409, 22.256370965977268 ], [ 114.17007665000267, 22.256471138655346 ], [ 114.17031289059409, 22.256370965977265 ] ], [ [ 114.170941007301167, 22.255790923260243 ], [ 114.17100455577318, 22.255715104086267 ], [ 114.171072876648253, 22.255656416227382 ], [ 114.171150132186227, 22.255608186161801 ], [ 114.17127054985751, 22.25556160112151 ], [ 114.171423389580752, 22.255527515513432 ], [ 114.17198500546958, 22.255461392621381 ], [ 114.172162699051839, 22.255464721102289 ], [ 114.172332979642789, 22.25549973778848 ], [ 114.172445846285314, 22.25554109228575 ], [ 114.172518441851679, 22.255580829152994 ], [ 114.172598739904387, 22.255640505896668 ], [ 114.172685058747149, 22.255721086559223 ], [ 114.172598739904387, 22.255640505896679 ], [ 114.172518441851679, 22.255580829153008 ], [ 114.172445846285314, 22.255541092285775 ], [ 114.172332979642789, 22.255499737788494 ], [ 114.172162699051839, 22.255464721102307 ], [ 114.17198500546958, 22.255461392621395 ], [ 114.171423389580752, 22.255527515513435 ], [ 114.171270549857539, 22.255561601121521 ], [ 114.171150132186256, 22.255608186161837 ], [ 114.171072876648296, 22.255656416227378 ], [ 114.17100455577318, 22.255715104086295 ], [ 114.170941007301181, 22.25579092326025 ], [ 114.17090203235108, 22.255857406023871 ], [ 114.170941007301167, 22.255790923260243 ] ], [ [ 114.172816690197479, 22.255820799615687 ], [ 114.172884814319289, 22.255834220850137 ], [ 114.172950300184439, 22.255827268813125 ], [ 114.173010276045304, 22.255801866972092 ], [ 114.173950723384721, 22.255063674595117 ], [ 114.174017907078181, 22.255033052782252 ], [ 114.174058161578884, 22.255028119167903 ], [ 114.174017907078209, 22.255033052782277 ], [ 114.173950723384763, 22.255063674595121 ], [ 114.17301027604536, 22.255801866972096 ], [ 114.172950300184439, 22.255827268813139 ], [ 114.172884814319289, 22.255834220850147 ], [ 114.172816690197479, 22.255820799615716 ], [ 114.172761469281383, 22.255788445051547 ], [ 114.172816690197479, 22.255820799615687 ] ], [ [ 114.17409084332516, 22.255024113667034 ], [ 114.174159879174979, 22.255034978705158 ], [ 114.174287288158794, 22.255099369392081 ], [ 114.174335795746558, 22.255103081746185 ], [ 114.174384914843145, 22.255088922407598 ], [ 114.174441397773634, 22.255052123283296 ], [ 114.174673394455823, 22.254786661066802 ], [ 114.174716036499049, 22.254748927454919 ], [ 114.174673394455823, 22.254786661066845 ], [ 114.174441397773649, 22.255052123283292 ], [ 114.174384914843159, 22.255088922407598 ], [ 114.174335795746572, 22.255103081746206 ], [ 114.174287288158794, 22.255099369392099 ], [ 114.174159879174994, 22.255034978705179 ], [ 114.17409084332516, 22.255024113667066 ], [ 114.174058161578884, 22.255028119167903 ], [ 114.17409084332516, 22.255024113667034 ] ], [ [ 114.176023169140421, 22.25413425284362 ], [ 114.176107989156364, 22.25411180300279 ], [ 114.176385615920751, 22.254109483110625 ], [ 114.176493738678388, 22.254127346026479 ], [ 114.176798092975631, 22.254248276021631 ], [ 114.176831914733683, 22.254271677022391 ], [ 114.176798092975645, 22.254248276021659 ], [ 114.176493738678388, 22.2541273460265 ], [ 114.176385615920765, 22.254109483110646 ], [ 114.176107989156364, 22.254111803002807 ], [ 114.176023169140436, 22.25413425284362 ], [ 114.175758259542178, 22.254256754729166 ], [ 114.176023169140421, 22.25413425284362 ] ], [ [ 114.176891537590961, 22.254325289535679 ], [ 114.176978390303105, 22.254473894058062 ], [ 114.176891537590961, 22.254325289535686 ], [ 114.176884971505146, 22.254317655098312 ], [ 114.176891537590961, 22.254325289535679 ] ], [ [ 114.1771310679094, 22.254712903524016 ], [ 114.177175675481593, 22.25473557040614 ], [ 114.1771310679094, 22.254712903524034 ], [ 114.177097955373313, 22.254678079304572 ], [ 114.1771310679094, 22.254712903524016 ] ], [ [ 114.177320974895181, 22.254725211854414 ], [ 114.177390709315347, 22.254725888926977 ], [ 114.177460133431339, 22.254758344884909 ], [ 114.177879454390407, 22.255080809726248 ], [ 114.177924421505509, 22.25514821431733 ], [ 114.177934918869965, 22.255186865495016 ], [ 114.177924421505509, 22.255148214317341 ], [ 114.177879454390407, 22.255080809726252 ], [ 114.177460133431339, 22.254758344884912 ], [ 114.177390709315347, 22.254725888926998 ], [ 114.177320974895181, 22.254725211854414 ], [ 114.177311202384274, 22.254727017498112 ], [ 114.177320974895181, 22.254725211854414 ] ], [ [ 114.177945322361978, 22.255619912920924 ], [ 114.177975009671002, 22.255683028032191 ], [ 114.178054592324216, 22.255759417845518 ], [ 114.178054592324216, 22.255759417845518 ], [ 114.177975009670988, 22.255683028032191 ], [ 114.177945322361978, 22.255619912920938 ], [ 114.177934918869965, 22.255186865495016 ], [ 114.177945322361978, 22.255619912920924 ] ], [ [ 114.178094854413288, 22.255820184880669 ], [ 114.178117333659316, 22.255894759934193 ], [ 114.178120548695404, 22.255964010733393 ], [ 114.178117333659301, 22.255894759934211 ], [ 114.178094854413288, 22.255820184880694 ], [ 114.178068943820676, 22.255781078375339 ], [ 114.178094854413288, 22.255820184880669 ] ], [ [ 114.1781303339842, 22.256034659827389 ], [ 114.178123175173539, 22.256020584139961 ], [ 114.178123175173539, 22.256020584139961 ], [ 114.1781303339842, 22.256034659827389 ] ], [ [ 114.178208026342105, 22.256125050169089 ], [ 114.178224603947925, 22.256146596622131 ], [ 114.178208026342105, 22.256125050169093 ], [ 114.178174885346138, 22.25609107257198 ], [ 114.178208026342105, 22.256125050169089 ] ], [ [ 114.178323555012994, 22.256313166917401 ], [ 114.178340455985193, 22.256383795586569 ], [ 114.17833653707622, 22.256434593109574 ], [ 114.178313058278732, 22.256495885496037 ], [ 114.178336537076177, 22.256434593109599 ], [ 114.178340455985165, 22.256383795586583 ], [ 114.178323555012994, 22.256313166917408 ], [ 114.17831950537618, 22.256304927879757 ], [ 114.178323555012994, 22.256313166917401 ] ], [ [ 114.17842923755282, 22.256760864889205 ], [ 114.178266483324578, 22.256597362436388 ], [ 114.178266483324578, 22.256597362436363 ], [ 114.17842923755282, 22.256760864889205 ] ], [ [ 114.17890245784659, 22.256821975258795 ], [ 114.179013122680857, 22.256700953880401 ], [ 114.178902457846604, 22.25682197525882 ], [ 114.178818315955056, 22.256858270549927 ], [ 114.17890245784659, 22.256821975258795 ] ], [ [ 114.179097244761834, 22.256648358139422 ], [ 114.179183763421605, 22.256615945854016 ], [ 114.179244150863468, 22.256600174358336 ], [ 114.179183763421605, 22.256615945854026 ], [ 114.179097244761849, 22.256648358139451 ], [ 114.179013122680857, 22.256700953880401 ], [ 114.179097244761834, 22.256648358139422 ] ], [ [ 114.179381956855806, 22.256545928118985 ], [ 114.179424400611921, 22.256498426152454 ], [ 114.179482588833096, 22.256385126498142 ], [ 114.179502418518879, 22.256362820431914 ], [ 114.179597794050636, 22.256308354896412 ], [ 114.179720013890588, 22.256255171183106 ], [ 114.179754416873635, 22.256243721814563 ], [ 114.179720013890588, 22.256255171183131 ], [ 114.179597794050636, 22.25630835489644 ], [ 114.179502418518879, 22.256362820431935 ], [ 114.179482588833096, 22.256385126498156 ], [ 114.179424400611921, 22.256498426152465 ], [ 114.179381956855806, 22.256545928119017 ], [ 114.179323629396862, 22.256576098117918 ], [ 114.179381956855806, 22.256545928118985 ] ], [ [ 114.180248279338329, 22.255982082650235 ], [ 114.180322874113997, 22.255951421955345 ], [ 114.180391318540472, 22.255940096014495 ], [ 114.180591666304977, 22.255949727214823 ], [ 114.180716670773833, 22.255931301713936 ], [ 114.181131642845017, 22.255811788460992 ], [ 114.181190754344954, 22.255804508168158 ], [ 114.181448176857188, 22.255829100581497 ], [ 114.181448176857188, 22.255829100581497 ], [ 114.181190754344954, 22.255804508168168 ], [ 114.181131642845003, 22.255811788461024 ], [ 114.180716670773833, 22.255931301713961 ], [ 114.180591666305006, 22.255949727214848 ], [ 114.180391318540472, 22.25594009601452 ], [ 114.180322874113997, 22.255951421955356 ], [ 114.180248279338301, 22.255982082650252 ], [ 114.180187396354782, 22.256025003482417 ], [ 114.180248279338329, 22.255982082650235 ] ], [ [ 114.181762807440137, 22.25578946477027 ], [ 114.181931246092532, 22.255785350613472 ], [ 114.182407323489031, 22.25582477187379 ], [ 114.181931246092518, 22.25578535061349 ], [ 114.181762807440165, 22.255789464770299 ], [ 114.181469021470051, 22.255826474686121 ], [ 114.181762807440137, 22.25578946477027 ] ], [ [ 114.182466173207899, 22.255823035954307 ], [ 114.182626528536133, 22.255772142512821 ], [ 114.182847285562147, 22.255716966150825 ], [ 114.182999269188429, 22.255689136969476 ], [ 114.183021559107573, 22.255675338867036 ], [ 114.182999269188429, 22.255689136969512 ], [ 114.182847285562147, 22.25571696615085 ], [ 114.182626528536147, 22.255772142512882 ], [ 114.182466173207899, 22.255823035954311 ], [ 114.182407323489031, 22.25582477187379 ], [ 114.182466173207899, 22.255823035954307 ] ], [ [ 114.183063005824835, 22.255628475558442 ], [ 114.183074703657894, 22.255577623433602 ], [ 114.18306937339689, 22.255366622929678 ], [ 114.183074703657908, 22.255577623433627 ], [ 114.183063005824835, 22.255628475558453 ], [ 114.183046530301084, 22.255650455825371 ], [ 114.183063005824835, 22.255628475558442 ] ], [ [ 114.183069222354561, 22.255360643849212 ], [ 114.1830830550184, 22.255321387014565 ], [ 114.18310807390327, 22.255289959333471 ], [ 114.183083055018429, 22.255321387014568 ], [ 114.183069222354561, 22.255360643849244 ], [ 114.183069222354561, 22.255360643849212 ] ], [ [ 114.183142290225319, 22.255267155576789 ], [ 114.183210083596805, 22.255244973613198 ], [ 114.183296144094427, 22.255204278030568 ], [ 114.183210083596805, 22.255244973613223 ], [ 114.183142290225319, 22.255267155576806 ], [ 114.18310807390327, 22.255289959333471 ], [ 114.183142290225319, 22.255267155576789 ] ], [ [ 114.183430662989991, 22.255148228308411 ], [ 114.183469329415175, 22.255157177125419 ], [ 114.183430662989991, 22.255148228308425 ], [ 114.18340656876515, 22.255153105845302 ], [ 114.183430662989991, 22.255148228308411 ] ], [ [ 114.183628346040848, 22.255243295001463 ], [ 114.18374164062287, 22.255243109606365 ], [ 114.184053617068614, 22.255321130011321 ], [ 114.184098389674688, 22.255320577143319 ], [ 114.184197158270692, 22.255266271301881 ], [ 114.184098389674688, 22.255320577143344 ], [ 114.184053617068656, 22.255321130011346 ], [ 114.183741640622884, 22.255243109606425 ], [ 114.183628346040848, 22.255243295001467 ], [ 114.183602729332961, 22.255227503243791 ], [ 114.183628346040848, 22.255243295001463 ] ], [ [ 114.184231714754389, 22.255258485297105 ], [ 114.184396554099138, 22.255266867189967 ], [ 114.18443277803793, 22.255236883688895 ], [ 114.184461025052684, 22.255165513014187 ], [ 114.184507404341346, 22.255096751340293 ], [ 114.184571325165749, 22.255050213285958 ], [ 114.184660733374741, 22.255031045927442 ], [ 114.18469915787918, 22.25503535366283 ], [ 114.184660733374713, 22.25503104592746 ], [ 114.184571325165749, 22.25505021328599 ], [ 114.184507404341346, 22.255096751340314 ], [ 114.18446102505267, 22.255165513014223 ], [ 114.184432778037944, 22.255236883688934 ], [ 114.184396554099138, 22.255266867189992 ], [ 114.184231714754389, 22.255258485297162 ], [ 114.184197158270692, 22.255266271301881 ], [ 114.184231714754389, 22.255258485297105 ] ], [ [ 114.184747282097504, 22.255056101829307 ], [ 114.18476369253905, 22.255068116268554 ], [ 114.184747282097504, 22.255056101829311 ], [ 114.184718623030832, 22.255042653552206 ], [ 114.184747282097504, 22.255056101829307 ] ], [ [ 114.184848404206576, 22.255110262801779 ], [ 114.184903936491978, 22.255101312095999 ], [ 114.184848404206591, 22.255110262801789 ], [ 114.184804018985091, 22.255097640116198 ], [ 114.184804018985091, 22.255097640116194 ], [ 114.184848404206576, 22.255110262801779 ] ], [ [ 114.18497990630317, 22.255072932515649 ], [ 114.185008477128491, 22.255045997992301 ], [ 114.184979906303212, 22.255072932515649 ], [ 114.1849264164874, 22.255095010645608 ], [ 114.18497990630317, 22.255072932515649 ] ], [ [ 114.185131756319649, 22.254772601001289 ], [ 114.185200428890312, 22.25469852795381 ], [ 114.185258926096722, 22.254650824950289 ], [ 114.185200428890312, 22.254698527953831 ], [ 114.18513175631962, 22.254772601001303 ], [ 114.185086832485709, 22.254838229140958 ], [ 114.185131756319649, 22.254772601001289 ] ], [ [ 114.185316570765238, 22.254623576428926 ], [ 114.185441787591358, 22.254616923268394 ], [ 114.185471162955878, 22.254604387143672 ], [ 114.185553640097567, 22.254524009805451 ], [ 114.185471162955878, 22.254604387143683 ], [ 114.185441787591344, 22.254616923268408 ], [ 114.185316570765224, 22.254623576428962 ], [ 114.185258926096722, 22.254650824950289 ], [ 114.185316570765238, 22.254623576428926 ] ], [ [ 114.185578623319259, 22.254398220309771 ], [ 114.187113575156445, 22.2540368585741 ], [ 114.187113575156502, 22.254036858574114 ], [ 114.185578623319259, 22.254398220309781 ], [ 114.185578623319259, 22.254398220309771 ] ], [ [ 114.187832118767076, 22.254351187067989 ], [ 114.188147064998233, 22.254439693056451 ], [ 114.188229735918881, 22.254496065726368 ], [ 114.188147064998276, 22.254439693056497 ], [ 114.187832118767062, 22.254351187068018 ], [ 114.187177684313326, 22.254064903453372 ], [ 114.187832118767076, 22.254351187067989 ] ], [ [ 114.188313761255955, 22.25551370965788 ], [ 114.188306466114227, 22.25546168232259 ], [ 114.188306466114227, 22.255461682322562 ], [ 114.188313761255955, 22.25551370965788 ] ], [ [ 114.188352089634947, 22.255663342875884 ], [ 114.188324783618171, 22.255592318629731 ], [ 114.188324783618171, 22.25559231862972 ], [ 114.188352089634947, 22.255663342875884 ] ], [ [ 114.189649541952775, 22.25729654964049 ], [ 114.189817898515457, 22.25733204483522 ], [ 114.189649541952789, 22.257296549640508 ], [ 114.189287770478558, 22.257048581456289 ], [ 114.189649541952775, 22.25729654964049 ] ], [ [ 114.189898703844335, 22.257332038354775 ], [ 114.190033446787822, 22.257292048713524 ], [ 114.19017593730149, 22.25720993028008 ], [ 114.190215052796177, 22.257192443697843 ], [ 114.19017593730149, 22.257209930280091 ], [ 114.190033446787865, 22.257292048713538 ], [ 114.189898703844349, 22.2573320383548 ], [ 114.189817898515457, 22.25733204483522 ], [ 114.189898703844335, 22.257332038354775 ] ], [ [ 114.190812282506684, 22.257235857974919 ], [ 114.190899830446071, 22.257235850416215 ], [ 114.190989617791402, 22.257219126857571 ], [ 114.191116547718352, 22.257152035978084 ], [ 114.190989617791388, 22.257219126857581 ], [ 114.190899830446071, 22.257235850416226 ], [ 114.190812282506684, 22.257235857974926 ], [ 114.19054976243072, 22.257191563280756 ], [ 114.190812282506684, 22.257235857974919 ] ], [ [ 114.191311198790999, 22.257025914560511 ], [ 114.191367525329596, 22.257013149202468 ], [ 114.191411343069831, 22.257014201727252 ], [ 114.191367525329596, 22.257013149202489 ], [ 114.191311198790999, 22.257025914560533 ], [ 114.191116547718352, 22.257152035978084 ], [ 114.191311198790999, 22.257025914560511 ] ], [ [ 114.191472382520104, 22.257028753802601 ], [ 114.191786969245996, 22.2572168699839 ], [ 114.191472382520132, 22.257028753802626 ], [ 114.191444514776322, 22.257020100636002 ], [ 114.191472382520104, 22.257028753802601 ] ], [ [ 114.191961252084681, 22.257234761649983 ], [ 114.192358124387994, 22.257111229881144 ], [ 114.192442696161805, 22.257307114921915 ], [ 114.192358124387994, 22.257111229881147 ], [ 114.191961252084667, 22.25723476164999 ], [ 114.191786969245996, 22.2572168699839 ], [ 114.191961252084681, 22.257234761649983 ] ], [ [ 114.192562756864035, 22.257502003107987 ], [ 114.192656125045559, 22.257464716373413 ], [ 114.192562756864021, 22.257502003108037 ], [ 114.192442696161805, 22.257307114921915 ], [ 114.192562756864035, 22.257502003107987 ] ], [ [ 114.193283031478799, 22.257098098567727 ], [ 114.193494305543865, 22.257105166104779 ], [ 114.193283031478813, 22.257098098567742 ], [ 114.193150925345009, 22.257110881250657 ], [ 114.193283031478799, 22.257098098567727 ] ], [ [ 114.193743739683143, 22.25714043216022 ], [ 114.194377295378345, 22.25704468508966 ], [ 114.194406653502341, 22.257048024738037 ], [ 114.194377295378374, 22.257044685089685 ], [ 114.193743739683143, 22.257140432160224 ], [ 114.193718771360636, 22.257139584069225 ], [ 114.193743739683143, 22.25714043216022 ] ], [ [ 114.195091789627654, 22.25731117346421 ], [ 114.19554133298773, 22.257430688289084 ], [ 114.195693872526533, 22.257501967732367 ], [ 114.195736847533183, 22.257527832812517 ], [ 114.195693872526519, 22.257501967732388 ], [ 114.195541332987744, 22.257430688289126 ], [ 114.195091789627654, 22.25731117346422 ], [ 114.194718578240725, 22.257166458778208 ], [ 114.195091789627654, 22.25731117346421 ] ], [ [ 114.196358634550535, 22.258074514461953 ], [ 114.196469415545394, 22.258121677286791 ], [ 114.196524297840952, 22.258133666914905 ], [ 114.196469415545394, 22.258121677286791 ], [ 114.196358634550563, 22.258074514461988 ], [ 114.196328027458108, 22.25805191643963 ], [ 114.196358634550535, 22.258074514461953 ] ], [ [ 114.196840285771557, 22.258134789705597 ], [ 114.196549690187609, 22.258139214139337 ], [ 114.196549690187609, 22.258139214139337 ], [ 114.196840285771557, 22.258134789705597 ] ], [ [ 114.197073078296938, 22.258062362048566 ], [ 114.197192492531585, 22.257954934700077 ], [ 114.197073078296938, 22.258062362048598 ], [ 114.19698156921767, 22.258113929474646 ], [ 114.197073078296938, 22.258062362048566 ] ], [ [ 114.19733635268328, 22.257851706896457 ], [ 114.197405376410856, 22.257824272048143 ], [ 114.197469677748614, 22.257813020717439 ], [ 114.197469677748643, 22.257813020717446 ], [ 114.197405376410856, 22.257824272048165 ], [ 114.197336352683266, 22.257851706896492 ], [ 114.197252437673072, 22.257906454488442 ], [ 114.19733635268328, 22.257851706896457 ] ], [ [ 114.197614498909843, 22.257837583717855 ], [ 114.197718364528342, 22.257896323886015 ], [ 114.197734015721096, 22.257941606950894 ], [ 114.197718364528342, 22.257896323886037 ], [ 114.197614498909843, 22.257837583717873 ], [ 114.197469789053628, 22.257813039595849 ], [ 114.197614498909843, 22.257837583717855 ] ], [ [ 114.203139309887163, 22.267502918046805 ], [ 114.207164620904749, 22.270451292161386 ], [ 114.207164620904749, 22.27045129216139 ], [ 114.203139309887135, 22.267502918046844 ], [ 114.198371750062805, 22.266350071913212 ], [ 114.198371750062805, 22.266350071913212 ], [ 114.203139309887163, 22.267502918046805 ] ], [ [ 114.203278046904046, 22.276959725161326 ], [ 114.202998119050648, 22.27726832575291 ], [ 114.203278046904046, 22.276959725161309 ], [ 114.203368307631536, 22.276860219078255 ], [ 114.203278046904046, 22.276959725161326 ] ], [ [ 114.19778689110602, 22.273162545034005 ], [ 114.197649966275179, 22.27323307392582 ], [ 114.197607607076975, 22.273295262632896 ], [ 114.197649966275179, 22.273233073925809 ], [ 114.19778689110602, 22.273162545034005 ], [ 114.200726523013813, 22.274370502515254 ], [ 114.19778689110602, 22.273162545034005 ] ], [ [ 114.197343829583033, 22.273869105088941 ], [ 114.197343837861922, 22.273925871719637 ], [ 114.197343829583033, 22.273869105088949 ], [ 114.197341752255525, 22.273854690347694 ], [ 114.197343829583033, 22.273869105088941 ] ], [ [ 114.195324202735023, 22.275835698063911 ], [ 114.195296401581629, 22.275893045807706 ], [ 114.195324202735023, 22.275835698063908 ], [ 114.195348077714954, 22.275805284654133 ], [ 114.195324202735023, 22.275835698063911 ] ], [ [ 114.195297285370685, 22.276194867832775 ], [ 114.195297285370685, 22.276194867832775 ], [ 114.195296058343786, 22.276087069196954 ], [ 114.195297285370685, 22.276194867832775 ] ], [ [ 114.195940155415101, 22.276543042085247 ], [ 114.195274106784609, 22.276282919227317 ], [ 114.195274106784609, 22.276282919227306 ], [ 114.195940155415101, 22.276543042085247 ] ], [ [ 114.195971091678999, 22.276565615045367 ], [ 114.196005057600999, 22.276605120094839 ], [ 114.196016735041809, 22.276630799602394 ], [ 114.196005057600999, 22.27660512009486 ], [ 114.195971091678985, 22.27656561504541 ], [ 114.195940155415101, 22.276543042085247 ], [ 114.195971091678999, 22.276565615045367 ] ], [ [ 114.195493310110237, 22.277256514725675 ], [ 114.195270186554069, 22.277613250528276 ], [ 114.195493310110209, 22.277256514725661 ], [ 114.195532343431481, 22.277230874535718 ], [ 114.195493310110237, 22.277256514725675 ] ], [ [ 114.195233220903944, 22.277859339672975 ], [ 114.195267192999211, 22.277945126900665 ], [ 114.19528054528422, 22.278025272314839 ], [ 114.195270261599404, 22.278185567342732 ], [ 114.19528054528422, 22.278025272314867 ], [ 114.195267192999211, 22.27794512690069 ], [ 114.195233220903944, 22.27785933967299 ], [ 114.195215768943015, 22.277829153735933 ], [ 114.195233220903944, 22.277859339672975 ] ], [ [ 114.195334553322041, 22.278250463236507 ], [ 114.195334553322041, 22.278250463236525 ], [ 114.195270261599404, 22.278185567342732 ], [ 114.195334553322041, 22.278250463236507 ] ], [ [ 114.194994351047868, 22.278393303160442 ], [ 114.194994351047882, 22.278393303160435 ], [ 114.195127628273255, 22.278386480301595 ], [ 114.194994351047868, 22.278393303160442 ] ], [ [ 114.194376483189259, 22.279160975448363 ], [ 114.194283079414689, 22.279075754346465 ], [ 114.194283079414717, 22.27907575434644 ], [ 114.194376483189259, 22.279160975448363 ] ], [ [ 114.194500805981548, 22.279204986328608 ], [ 114.194710032470852, 22.279177871504785 ], [ 114.194769316492994, 22.279194414250146 ], [ 114.194710032470866, 22.279177871504807 ], [ 114.194500805981548, 22.279204986328619 ], [ 114.194376483189259, 22.279160975448363 ], [ 114.194500805981548, 22.279204986328608 ] ], [ [ 114.194817390604328, 22.279345486361606 ], [ 114.194817390604328, 22.27934548636161 ], [ 114.19481705626383, 22.279334584281035 ], [ 114.194817390604328, 22.279345486361606 ] ], [ [ 114.194380682504857, 22.279765576242021 ], [ 114.194380682504857, 22.27976557624201 ], [ 114.194444134810496, 22.279711087529936 ], [ 114.194380682504857, 22.279765576242021 ] ], [ [ 114.19401065495471, 22.279966692009094 ], [ 114.194004829890602, 22.280020614564467 ], [ 114.19401065495471, 22.279966692009094 ], [ 114.194073173250047, 22.279969042377516 ], [ 114.19401065495471, 22.279966692009094 ] ], [ [ 114.193442142763942, 22.280878023773141 ], [ 114.193459132963795, 22.28095760000619 ], [ 114.193491289002395, 22.281033228292639 ], [ 114.193723006180775, 22.281453128945458 ], [ 114.193752669448514, 22.281500119974908 ], [ 114.193723006180775, 22.281453128945479 ], [ 114.193491289002395, 22.281033228292639 ], [ 114.193459132963795, 22.2809576000062 ], [ 114.193442142763942, 22.28087802377318 ], [ 114.193440318644193, 22.280796748226784 ], [ 114.193440318644193, 22.280796748226784 ], [ 114.193442142763942, 22.280878023773141 ] ], [ [ 114.194647968067116, 22.282371897250297 ], [ 114.194704751537259, 22.282436516015217 ], [ 114.194647968067088, 22.282371897250322 ], [ 114.194233697933257, 22.282009441129528 ], [ 114.194647968067116, 22.282371897250297 ] ], [ [ 114.195206791449635, 22.284406554218794 ], [ 114.195208310450099, 22.284419788993208 ], [ 114.195206791449635, 22.284406554218805 ], [ 114.195102862324759, 22.283938509133115 ], [ 114.195206791449635, 22.284406554218794 ] ], [ [ 114.194608898262047, 22.285103668245185 ], [ 114.194639840293718, 22.285235177949481 ], [ 114.19466012394696, 22.2852747465618 ], [ 114.194639840293718, 22.285235177949513 ], [ 114.194608898262047, 22.28510366824521 ], [ 114.194608356120327, 22.285097161957061 ], [ 114.194608898262047, 22.285103668245185 ] ], [ [ 114.19478784562645, 22.285433266616767 ], [ 114.194858814367208, 22.28548123849686 ], [ 114.194787845626436, 22.285433266616774 ], [ 114.194727190588523, 22.285375143138221 ], [ 114.19478784562645, 22.285433266616767 ] ], [ [ 114.194963735860526, 22.285526939867552 ], [ 114.195387070210771, 22.285629615458127 ], [ 114.19542696459375, 22.285642153436289 ], [ 114.195387070210771, 22.285629615458145 ], [ 114.194963735860526, 22.285526939867598 ], [ 114.194858814367208, 22.28548123849686 ], [ 114.194963735860526, 22.285526939867552 ] ], [ [ 114.195621186185789, 22.285747555664457 ], [ 114.195678814594771, 22.285808505745177 ], [ 114.195724304922251, 22.285877918919876 ], [ 114.195885071888824, 22.286212602409321 ], [ 114.195895384387839, 22.286265656155152 ], [ 114.19588507188881, 22.286212602409336 ], [ 114.195724304922265, 22.285877918919905 ], [ 114.195678814594771, 22.285808505745194 ], [ 114.195621186185804, 22.285747555664482 ], [ 114.195589319557143, 22.285722371563001 ], [ 114.195621186185789, 22.285747555664457 ] ], [ [ 114.195441185588578, 22.286642168771404 ], [ 114.195277356720467, 22.286398437961957 ], [ 114.195441185588592, 22.286642168771401 ], [ 114.195441185588578, 22.286642168771404 ] ], [ [ 114.194094121009059, 22.286120238807104 ], [ 114.194065933401788, 22.286105562511736 ], [ 114.194094121009073, 22.286120238807111 ], [ 114.194177817665391, 22.28614054880352 ], [ 114.194094121009059, 22.286120238807104 ] ], [ [ 114.193981916921516, 22.286036148434214 ], [ 114.193768666518849, 22.285743286280542 ], [ 114.19398191692153, 22.28603614843421 ], [ 114.194034035171654, 22.286085124797754 ], [ 114.193981916921516, 22.286036148434214 ] ], [ [ 114.193449934384418, 22.285227402341011 ], [ 114.193432886863135, 22.285130713157255 ], [ 114.193449934384432, 22.285227402341029 ], [ 114.193467968926342, 22.285278571624602 ], [ 114.193449934384418, 22.285227402341011 ] ], [ [ 114.193315127526702, 22.283783643645851 ], [ 114.193281240092375, 22.28360676614264 ], [ 114.193315127526702, 22.283783643645833 ], [ 114.19340212609788, 22.284786454995547 ], [ 114.193315127526702, 22.283783643645851 ] ], [ [ 114.19246236992322, 22.283227775081937 ], [ 114.192500722395124, 22.283349484697702 ], [ 114.19246236992322, 22.283227775081979 ], [ 114.192390788404694, 22.283061284151632 ], [ 114.192390788404708, 22.283061284151632 ], [ 114.19246236992322, 22.283227775081937 ] ], [ [ 114.192480380850782, 22.286987342971354 ], [ 114.1922172503957, 22.287198668459954 ], [ 114.192480380850782, 22.286987342971337 ], [ 114.192480583970465, 22.286983839023499 ], [ 114.192480380850782, 22.286987342971354 ] ], [ [ 114.19194550895638, 22.287416908487469 ], [ 114.191673398764109, 22.28711402907614 ], [ 114.19194550895638, 22.287416908487465 ], [ 114.19194550895638, 22.287416908487469 ] ], [ [ 114.191648898160409, 22.287086757947336 ], [ 114.191564590207534, 22.286976140402928 ], [ 114.19153962051891, 22.286931906349945 ], [ 114.191564590207548, 22.286976140402945 ], [ 114.191648898160437, 22.28708675794735 ], [ 114.191648898160409, 22.287086757947336 ] ], [ [ 114.133486888553136, 22.264492141043448 ], [ 114.133486888678135, 22.264492141115809 ], [ 114.133380516320415, 22.264623093969913 ], [ 114.133486888553136, 22.264492141043448 ] ], [ [ 114.23485932512034, 22.266091116685836 ], [ 114.234948128467437, 22.265987154248499 ], [ 114.234859325227788, 22.26609111677562 ], [ 114.23485932512034, 22.266091116685836 ] ], [ [ 114.185323543082504, 22.276692162835225 ], [ 114.185310088352693, 22.276804262564585 ], [ 114.185323541572359, 22.276692162488363 ], [ 114.185419073007864, 22.276331918140894 ], [ 114.185324205250296, 22.276689665740751 ], [ 114.185323543082504, 22.276692162835225 ] ], [ [ 114.187915794260675, 22.274548539941154 ], [ 114.187922483789166, 22.274725269065772 ], [ 114.187922483770734, 22.274725269058191 ], [ 114.187915794260675, 22.274548539941154 ] ], [ [ 114.192357093005526, 22.274483308850588 ], [ 114.192373467965851, 22.274460611205559 ], [ 114.192400747123912, 22.274412748247812 ], [ 114.192373467979039, 22.274460730673667 ], [ 114.192357093005526, 22.274483308850588 ] ], [ [ 114.192340278825668, 22.274500161639438 ], [ 114.191644356032498, 22.274462198582253 ], [ 114.192340278812495, 22.274500042171343 ], [ 114.192357093005526, 22.274483308850588 ], [ 114.192340278825668, 22.274500161639438 ] ], [ [ 114.186712218190777, 22.278425044665141 ], [ 114.186644778205547, 22.278358742616319 ], [ 114.186448171870694, 22.278165468901449 ], [ 114.186644779734522, 22.278358741269123 ], [ 114.186712218190777, 22.278425044665141 ] ] ] } },
{ "type": "Feature", "properties": { "region": "Kowloon", "area_km2": 59.96 }, "geometry": { "type": "Polygon", "coordinates": [ [ [ 114.173530799260064, 22.28834184598443 ], [ 114.167440020490261, 22.290658695210144 ], [ 114.153659519873102, 22.295899497768332 ], [ 114.149508995686148, 22.297477658692433 ], [ 114.149517027243846, 22.305672289281215 ], [ 114.149524990006427, 22.313796368977869 ], [ 114.131765064158131, 22.313753023914924 ], [ 114.131961871675657, 22.318284685763839 ], [ 114.131763927839643, 22.318381384648571 ], [ 114.131545839593358, 22.31852177670628 ], [ 114.131435114479459, 22.318612250350274 ], [ 114.131280759264442, 22.318768264741379 ], [ 114.131176727382382, 22.318899323569813 ], [ 114.131076042372584, 22.319064708555981 ], [ 114.130968625309592, 22.319276906162823 ], [ 114.130743731728174, 22.319710672040394 ], [ 114.130659820667574, 22.319866705824076 ], [ 114.130592649533327, 22.32011948906154 ], [ 114.130466994547007, 22.32044543945986 ], [ 114.130334433620959, 22.320931003454263 ], [ 114.13033433627659, 22.321224849803531 ], [ 114.130422708252013, 22.321377663675438 ], [ 114.132253967537125, 22.322694620701547 ], [ 114.132493941447095, 22.322823977442518 ], [ 114.13284761202263, 22.322929858090134 ], [ 114.134578117755936, 22.323365204372475 ], [ 114.134868626529183, 22.323459315339417 ], [ 114.13510859717428, 22.323612174822632 ], [ 114.135506412450354, 22.323960207198233 ], [ 114.13579680218831, 22.324500951250048 ], [ 114.136087153205452, 22.325182752497394 ], [ 114.136251307235483, 22.325417868858899 ], [ 114.13649125908303, 22.325653003927581 ], [ 114.137640583939842, 22.326487811281442 ], [ 114.138019514020641, 22.326699470990608 ], [ 114.13808265130848, 22.326781763751988 ], [ 114.13804469878113, 22.326958058777336 ], [ 114.137981509309299, 22.327099092342515 ], [ 114.140049086078349, 22.328598200027812 ], [ 114.140238627429085, 22.328410181039242 ], [ 114.140339704673423, 22.328363181580105 ], [ 114.14047866721269, 22.328351464016052 ], [ 114.140567088134574, 22.328374990429712 ], [ 114.140604971115053, 22.328457276542441 ], [ 114.140630197952589, 22.328610079640871 ], [ 114.14055436261377, 22.32875111135785 ], [ 114.140427994441453, 22.328892131695628 ], [ 114.140427982243153, 22.328939144905114 ], [ 114.140491128614386, 22.3290331854983 ], [ 114.141880464678565, 22.330138355622623 ], [ 114.142006758406211, 22.330295894202632 ], [ 114.142082505783705, 22.330507478909599 ], [ 114.142120345623965, 22.33073080424742 ], [ 114.142145554172089, 22.330965893713874 ], [ 114.142069711310825, 22.331177445897641 ], [ 114.141981231946502, 22.331341973094297 ], [ 114.141779054532478, 22.331553497917501 ], [ 114.141450541402875, 22.331729739570516 ], [ 114.138755585553326, 22.332884537197387 ], [ 114.138957645673372, 22.333131417325916 ], [ 114.13896919113003, 22.333188773222073 ], [ 114.138995500457654, 22.333319478914888 ], [ 114.138906977824746, 22.333589797585859 ], [ 114.138742733333729, 22.333672036655525 ], [ 114.138616397428848, 22.333707271317454 ], [ 114.138376370259053, 22.333683707948367 ], [ 114.138300584794649, 22.333624918952609 ], [ 114.136740823727465, 22.33428587682311 ], [ 114.136443243703781, 22.334411960081805 ], [ 114.134985173455135, 22.335063949888632 ], [ 114.134445735613312, 22.33537733319671 ], [ 114.133986922666665, 22.335721891511849 ], [ 114.1335855065212, 22.336095153971311 ], [ 114.133203391514272, 22.336544458042212 ], [ 114.132833089420089, 22.337019221576558 ], [ 114.13245390502172, 22.337548038806496 ], [ 114.132201097354255, 22.337982863656482 ], [ 114.131673380650312, 22.339313417222463 ], [ 114.131817728615175, 22.339314179834073 ], [ 114.131959703752955, 22.339297846790586 ], [ 114.13207073491526, 22.339271914611629 ], [ 114.132255197352521, 22.339199720902059 ], [ 114.132586522154895, 22.339003396806508 ], [ 114.132993085531041, 22.338781951291644 ], [ 114.133069201786228, 22.338840137774156 ], [ 114.133568845471885, 22.339222102538049 ], [ 114.133656096613279, 22.339216951294119 ], [ 114.133807781637145, 22.339254576876222 ], [ 114.133860997900911, 22.339284220299522 ], [ 114.133898476346161, 22.33932116526741 ], [ 114.13393974334285, 22.339381130153139 ], [ 114.134109145722178, 22.339701624689503 ], [ 114.134215839092263, 22.339638890325183 ], [ 114.134347700352677, 22.339586737288602 ], [ 114.134464119010715, 22.33956040753765 ], [ 114.134637644369278, 22.339539574140304 ], [ 114.134840885664673, 22.33954527104552 ], [ 114.135040487004531, 22.339582573752683 ], [ 114.135201854144711, 22.339642442820256 ], [ 114.135351682388062, 22.339724885198365 ], [ 114.135509391763648, 22.339845140443824 ], [ 114.135643438035657, 22.339987406049861 ], [ 114.135736831473821, 22.340124586056966 ], [ 114.135838695153737, 22.340343603171668 ], [ 114.135909013626275, 22.340550195219802 ], [ 114.135951429657354, 22.340735332593407 ], [ 114.135975643334731, 22.340923851826119 ], [ 114.135981043673823, 22.341113495129587 ], [ 114.135966332953842, 22.341393348734375 ], [ 114.136281034448999, 22.341479778098584 ], [ 114.137159836879306, 22.3419174995955 ], [ 114.138180016714813, 22.34203545964224 ], [ 114.13827490854672, 22.341256315802468 ], [ 114.138437623054855, 22.341193673266396 ], [ 114.138677914071707, 22.341079719100346 ], [ 114.138976461336355, 22.340921754173834 ], [ 114.139170029350979, 22.340808357275556 ], [ 114.139429146135043, 22.340641911663884 ], [ 114.139679159728274, 22.340464184365114 ], [ 114.139930389531912, 22.340273470993566 ], [ 114.140096656151158, 22.340169657222283 ], [ 114.140348469683389, 22.340044414959998 ], [ 114.140713142876763, 22.339911295752671 ], [ 114.140880604112581, 22.339876899431697 ], [ 114.141080210066889, 22.339866224311169 ], [ 114.141279205977881, 22.339887715702389 ], [ 114.141390232478173, 22.339913702915897 ], [ 114.141523697243585, 22.339960573623028 ], [ 114.141650479587639, 22.340022686371675 ], [ 114.14176816282486, 22.340098342907179 ], [ 114.141951963218233, 22.34025247119575 ], [ 114.142189739678329, 22.340475459886939 ], [ 114.142620392372322, 22.340944012185695 ], [ 114.142704703609581, 22.341015714624955 ], [ 114.142795695452975, 22.34108007657068 ], [ 114.142918235707938, 22.34114839143032 ], [ 114.142995887173214, 22.341182841225283 ], [ 114.143179713232144, 22.341241578209569 ], [ 114.143320466407786, 22.341263614880162 ], [ 114.143492162335491, 22.341264779123247 ], [ 114.143633537176825, 22.341244489372993 ], [ 114.14379614914489, 22.341194854481564 ], [ 114.143947845916614, 22.341120383146315 ], [ 114.144083161863293, 22.341022203113749 ], [ 114.144329945366138, 22.340769369771724 ], [ 114.144740407916373, 22.34029142740642 ], [ 114.144892715610851, 22.340170673625213 ], [ 114.144989802471017, 22.34011425166986 ], [ 114.145092954076418, 22.340067990235692 ], [ 114.145227654009446, 22.340024552430265 ], [ 114.145367815319076, 22.339998056923459 ], [ 114.146529067879712, 22.339971746450225 ], [ 114.146783270241059, 22.339995499040469 ], [ 114.146978020522269, 22.34003843025102 ], [ 114.148923056901765, 22.34060205878157 ], [ 114.148808708405127, 22.340722326236463 ], [ 114.148639305925869, 22.340856662696606 ], [ 114.148488759720038, 22.340919687868453 ], [ 114.148405964823368, 22.34091967336358 ], [ 114.148067227812092, 22.341038744853293 ], [ 114.147592999587786, 22.341220833642122 ], [ 114.147449944655406, 22.341339930000863 ], [ 114.147412325208307, 22.341353938617495 ], [ 114.147224145582783, 22.341353904338231 ], [ 114.147088650763365, 22.341388909098288 ], [ 114.147028429251691, 22.341416928918012 ], [ 114.146953146170958, 22.341515014122724 ], [ 114.146930534411126, 22.341620107711474 ], [ 114.146938053990127, 22.341683169560724 ], [ 114.146885342174542, 22.341774251172431 ], [ 114.146870264855096, 22.341872347451162 ], [ 114.146983125315899, 22.342096579235289 ], [ 114.146975582574868, 22.342187678217684 ], [ 114.14694544736841, 22.342292779443653 ], [ 114.146787337267284, 22.342488939288199 ], [ 114.146764740942047, 22.342566010992158 ], [ 114.146759554279882, 22.342714933120611 ], [ 114.146842408812645, 22.344165636785444 ], [ 114.147963326235498, 22.345058629210893 ], [ 114.150748265654343, 22.344999057336221 ], [ 114.150924281963, 22.345338165239646 ], [ 114.150977408338846, 22.345413633127379 ], [ 114.151090908607443, 22.345535473521071 ], [ 114.151132085214613, 22.345609052069111 ], [ 114.151156001632188, 22.345681471958969 ], [ 114.151169522919645, 22.345796595737372 ], [ 114.151168236120554, 22.345931981753932 ], [ 114.151117891837529, 22.346247393312218 ], [ 114.151088564015041, 22.346514314057444 ], [ 114.15108571848792, 22.346731877940574 ], [ 114.151100794497381, 22.34683926276432 ], [ 114.151129345840644, 22.346942387298203 ], [ 114.151258011880913, 22.347220070382932 ], [ 114.152538079302502, 22.346188615852462 ], [ 114.154076729564309, 22.346432095602285 ], [ 114.154935545117297, 22.346855124294613 ], [ 114.155125655756848, 22.346783031801632 ], [ 114.156036877313483, 22.346634101891372 ], [ 114.156192438870633, 22.34648239928454 ], [ 114.156283645699162, 22.346272477358411 ], [ 114.156319694180439, 22.346249815211198 ], [ 114.156490700808646, 22.346227305517544 ], [ 114.156862910407412, 22.346350357143287 ], [ 114.157020657901199, 22.346452999842349 ], [ 114.157192055730476, 22.346480139497469 ], [ 114.157300937516055, 22.346350654374191 ], [ 114.157364275176022, 22.346183813294701 ], [ 114.15755333596104, 22.346035698527789 ], [ 114.157806364272972, 22.345935362749529 ], [ 114.157936958969145, 22.345751940174893 ], [ 114.158139665472831, 22.345620587034666 ], [ 114.158246737957498, 22.345507030968975 ], [ 114.158491769772468, 22.34544914588189 ], [ 114.158681449908002, 22.345449167245679 ], [ 114.158841185321322, 22.34549560216918 ], [ 114.158944329074075, 22.345582252832557 ], [ 114.159126019911426, 22.345889519701132 ], [ 114.15929396954445, 22.346007413931279 ], [ 114.159441144495716, 22.346048943303686 ], [ 114.159514224826665, 22.34604961036414 ], [ 114.159538091912211, 22.346164174654529 ], [ 114.159645984713137, 22.346401048807088 ], [ 114.15968747453806, 22.346809939075751 ], [ 114.159755717485467, 22.346917093921519 ], [ 114.159834771639481, 22.346972856935334 ], [ 114.159861923533569, 22.346981420756311 ], [ 114.159917787228409, 22.347024005705958 ], [ 114.160016141134676, 22.347238663405868 ], [ 114.160114288215652, 22.347317862573544 ], [ 114.160255878471119, 22.347395503845121 ], [ 114.160569222137937, 22.347381818182498 ], [ 114.160708358957379, 22.347270250453874 ], [ 114.160797807138692, 22.347103871204226 ], [ 114.160909334099628, 22.346994025401219 ], [ 114.160941943055377, 22.346992321826818 ], [ 114.16100411931113, 22.347016258907495 ], [ 114.161045887223736, 22.347061488045213 ], [ 114.161141486025016, 22.34736123075939 ], [ 114.161282641237946, 22.347515567662736 ], [ 114.161503934416686, 22.347592700731468 ], [ 114.161844698223405, 22.347626254068857 ], [ 114.1618892927427, 22.347660718816606 ], [ 114.162002275011261, 22.347830576023441 ], [ 114.162178500125293, 22.347952613023015 ], [ 114.162582488887054, 22.348120418855252 ], [ 114.162731949322662, 22.348152806500678 ], [ 114.162742724331309, 22.348161016219429 ], [ 114.162840075141332, 22.348361557321645 ], [ 114.162991043177058, 22.348466460270195 ], [ 114.163314966006723, 22.348501146922924 ], [ 114.163560072473857, 22.348610825304974 ], [ 114.163732242626239, 22.348622100431587 ], [ 114.163822728856317, 22.348538556966414 ], [ 114.16398943764446, 22.348502908581299 ], [ 114.164047317534255, 22.348386644674427 ], [ 114.164083699081601, 22.348109770504312 ], [ 114.164111962555566, 22.348069929885089 ], [ 114.16414247706507, 22.348043265027663 ], [ 114.164397961420406, 22.348040882711803 ], [ 114.164571332825446, 22.347962907990066 ], [ 114.164684106866176, 22.347663327568998 ], [ 114.164717127263984, 22.347619983340095 ], [ 114.164868332861374, 22.347564700441655 ], [ 114.165090731747455, 22.347562341677264 ], [ 114.16515064136955, 22.347537593235543 ], [ 114.165197233254162, 22.347494267947315 ], [ 114.165257142830271, 22.347351932502832 ], [ 114.165307063920608, 22.347314802386272 ], [ 114.165443500010085, 22.347299342681406 ], [ 114.165508400031825, 22.347265744505247 ], [ 114.165558217958903, 22.347182350727248 ], [ 114.16557660256187, 22.346846333763619 ], [ 114.165564384839968, 22.346669776359093 ], [ 114.165619459186146, 22.346527404307231 ], [ 114.165796897263093, 22.34630530073273 ], [ 114.165900909242438, 22.346151535332485 ], [ 114.166029413304187, 22.345878179727531 ], [ 114.166145664064473, 22.345752888349189 ], [ 114.166274149698125, 22.345713026829525 ], [ 114.166326007966063, 22.345722954792194 ], [ 114.16637203036511, 22.345752903124239 ], [ 114.166415322316894, 22.345817528637184 ], [ 114.166480279222682, 22.34605286932122 ], [ 114.16652063575917, 22.346169113323466 ], [ 114.166544000885381, 22.346190905561457 ], [ 114.16679843218904, 22.346205171751784 ], [ 114.166928978480783, 22.346269170365566 ], [ 114.167014527794692, 22.346351633657019 ], [ 114.16708944240132, 22.346222699780505 ], [ 114.167138072512998, 22.346170397667983 ], [ 114.167357077642947, 22.346075860614082 ], [ 114.167654712049369, 22.346037452696844 ], [ 114.167770023539518, 22.346004994308355 ], [ 114.167956720726366, 22.345905551034203 ], [ 114.168248804279116, 22.34582576367146 ], [ 114.168346045791154, 22.345850458359504 ], [ 114.168476077090844, 22.345928805270074 ], [ 114.168556582333878, 22.345955575997174 ], [ 114.168597123006577, 22.345940713753397 ], [ 114.168867634259755, 22.345883410283768 ], [ 114.169318511774009, 22.345908112358458 ], [ 114.169486473164994, 22.345965735066141 ], [ 114.169491062045708, 22.346021345492527 ], [ 114.16965155265396, 22.346189853993501 ], [ 114.169705829258916, 22.346186542173164 ], [ 114.170306381225359, 22.346043604609697 ], [ 114.170421534920749, 22.346051854113455 ], [ 114.17070823125762, 22.346155066499605 ], [ 114.17116442723777, 22.346484698708576 ], [ 114.17147734546819, 22.346599496857579 ], [ 114.171745991951084, 22.346568630016524 ], [ 114.17192637609709, 22.34649419663856 ], [ 114.172001487531261, 22.346440602496429 ], [ 114.172144670608077, 22.346376498726187 ], [ 114.172285977702543, 22.346381469564154 ], [ 114.172582426016021, 22.346377323553209 ], [ 114.172725118830556, 22.346468210834299 ], [ 114.172750397582305, 22.34648431296953 ], [ 114.172918899237118, 22.34673817531862 ], [ 114.173330078797434, 22.347001895258366 ], [ 114.173342706472326, 22.347093320958162 ], [ 114.173110195324284, 22.347368088738889 ], [ 114.173055027019899, 22.347664705341096 ], [ 114.172976689646958, 22.34781476436012 ], [ 114.172886673964925, 22.347946445859282 ], [ 114.173114314352603, 22.347991703394239 ], [ 114.173198199952722, 22.348021578399326 ], [ 114.173340759031234, 22.348108356211174 ], [ 114.173460967813753, 22.348309270711159 ], [ 114.173473166294329, 22.348494442643215 ], [ 114.173832174976951, 22.348144208361507 ], [ 114.174026753391985, 22.348053716581123 ], [ 114.174282577795339, 22.348028606815525 ], [ 114.174419768833829, 22.348128107655807 ], [ 114.17452545702659, 22.348270015454187 ], [ 114.174798083499795, 22.348432596320766 ], [ 114.17493156498125, 22.348669894022031 ], [ 114.175213569108223, 22.348964880386838 ], [ 114.175393719509884, 22.349084934372602 ], [ 114.175640933598146, 22.349170175849373 ], [ 114.175793165419108, 22.349141098489973 ], [ 114.175928611612093, 22.34917243535056 ], [ 114.175975763364463, 22.349196357563937 ], [ 114.176031477703802, 22.349205207799187 ], [ 114.176097211221915, 22.349121991487539 ], [ 114.176151304491214, 22.349091242662269 ], [ 114.17624456953348, 22.349077272748993 ], [ 114.176320059099751, 22.349082366242101 ], [ 114.176580826019773, 22.349243408858854 ], [ 114.176660014419426, 22.349272559614434 ], [ 114.176885968984479, 22.34932650827044 ], [ 114.17691707344494, 22.349162594538619 ], [ 114.176960798290082, 22.349036645268875 ], [ 114.177013842810439, 22.348959235244145 ], [ 114.177106379407007, 22.348858002517499 ], [ 114.177183460855119, 22.348805435468694 ], [ 114.177447450619752, 22.348808640530965 ], [ 114.17756991750646, 22.34888734136549 ], [ 114.177734313326596, 22.348947240249295 ], [ 114.177898292317721, 22.34906959433226 ], [ 114.178090355734525, 22.349059045258734 ], [ 114.178092569074721, 22.349049183868345 ], [ 114.178236286070501, 22.348994872889257 ], [ 114.178309997407396, 22.348839709122689 ], [ 114.178432589781622, 22.348810882404806 ], [ 114.178537513066686, 22.348743061814844 ], [ 114.178662202701545, 22.348749797253468 ], [ 114.178763331886884, 22.348818636052417 ], [ 114.178817835576169, 22.348924337470677 ], [ 114.17888716101011, 22.34905877522478 ], [ 114.178997231002739, 22.349087590312934 ], [ 114.179452409815994, 22.349018978414069 ], [ 114.179509521906638, 22.349009377993248 ], [ 114.179638898789165, 22.348915810154178 ], [ 114.179907187852677, 22.34884543914659 ], [ 114.180150885672916, 22.348749511709613 ], [ 114.180329978792727, 22.348746907139688 ], [ 114.180453019905727, 22.34882132529625 ], [ 114.180556868657618, 22.348904936912927 ], [ 114.180617772029109, 22.349090766397644 ], [ 114.180767655457032, 22.349135292524178 ], [ 114.180814186483786, 22.349184599025264 ], [ 114.180854389606083, 22.349227203447619 ], [ 114.180970757961688, 22.349164979948473 ], [ 114.181117270946032, 22.349145795226512 ], [ 114.181260056614221, 22.349145791386409 ], [ 114.181643385836566, 22.349371743159466 ], [ 114.181678561717149, 22.349477011361788 ], [ 114.181907935517287, 22.349523746520681 ], [ 114.181989843767795, 22.349561834839619 ], [ 114.182165400120752, 22.349708223577061 ], [ 114.182272719170953, 22.34986493635866 ], [ 114.182393404521491, 22.349971827005593 ], [ 114.182419402867339, 22.3499742101789 ], [ 114.182498057014669, 22.34995550515594 ], [ 114.182660769253687, 22.349836494655325 ], [ 114.182863406426861, 22.349848506913244 ], [ 114.182990791500828, 22.349971543507817 ], [ 114.183023892633457, 22.350113502655741 ], [ 114.183075580005365, 22.350146651858651 ], [ 114.183361981714327, 22.350214153034781 ], [ 114.183693318418932, 22.350197839177508 ], [ 114.183700851560417, 22.35019081308236 ], [ 114.184095629625503, 22.350155784378504 ], [ 114.18415868275973, 22.350137449501393 ], [ 114.184214251552874, 22.350130818547125 ], [ 114.184436560014476, 22.350003107108574 ], [ 114.184578164330091, 22.34986655832359 ], [ 114.184643196002767, 22.349817437981383 ], [ 114.184783508023216, 22.349667957313056 ], [ 114.184891887036329, 22.34963649851322 ], [ 114.18503396043559, 22.349732666854152 ], [ 114.185067691481606, 22.349986658690213 ], [ 114.184966136016968, 22.350168051657306 ], [ 114.184997662868525, 22.350247970528979 ], [ 114.185348989668157, 22.350411522971665 ], [ 114.185407928540599, 22.350426320949698 ], [ 114.185548733389709, 22.350399510731549 ], [ 114.185580322542179, 22.350382667034104 ], [ 114.185680567029777, 22.350359091827269 ], [ 114.185899642501838, 22.350393531297915 ], [ 114.186054279902919, 22.350345741874264 ], [ 114.186202796247088, 22.350225509503538 ], [ 114.186396517324155, 22.350165390771679 ], [ 114.18656273150556, 22.350191813321562 ], [ 114.186697348825049, 22.350260094274603 ], [ 114.187136460501634, 22.350187858575861 ], [ 114.187334639931237, 22.350035419019928 ], [ 114.187682367498013, 22.349951791171726 ], [ 114.188003266462985, 22.349930132135 ], [ 114.188261248544364, 22.350043258028503 ], [ 114.188579787831756, 22.350244499334782 ], [ 114.188689862186223, 22.350290321406405 ], [ 114.188718744029316, 22.350292983304669 ], [ 114.188988392538718, 22.350248406508335 ], [ 114.189453580599178, 22.349978899009816 ], [ 114.189590216833352, 22.349923278114076 ], [ 114.189697697364906, 22.349947767421153 ], [ 114.189834205488054, 22.349978868903456 ], [ 114.190063897624626, 22.349966622923947 ], [ 114.190214823958897, 22.349911632472537 ], [ 114.190437944395057, 22.34980776243836 ], [ 114.190621686691529, 22.349783319233559 ], [ 114.191232005899678, 22.349801589132497 ], [ 114.191378700651484, 22.349857204277477 ], [ 114.191422325967068, 22.349923746553678 ], [ 114.191310790602316, 22.350119241101069 ], [ 114.19132448538268, 22.350180810235518 ], [ 114.191444498832297, 22.350292426206039 ], [ 114.191505698041709, 22.350471225759446 ], [ 114.191532398771599, 22.350503661109119 ], [ 114.191390507014006, 22.350898119735515 ], [ 114.191399713175826, 22.351112197344474 ], [ 114.191462860397394, 22.351256201977282 ], [ 114.191494919906916, 22.351286027014222 ], [ 114.19157831909709, 22.351342686199601 ], [ 114.191738685593279, 22.351497762335647 ], [ 114.191757040412568, 22.351557290087804 ], [ 114.191659361902339, 22.351699530355859 ], [ 114.19152527840005, 22.351758801099344 ], [ 114.191473703525233, 22.351805087381432 ], [ 114.191479180220767, 22.351910067126109 ], [ 114.191459992734849, 22.351964315423107 ], [ 114.191342492412389, 22.351760334711969 ], [ 114.191301900174054, 22.351738845614509 ], [ 114.191241866225539, 22.351754437710518 ], [ 114.191159845598477, 22.351793782099154 ], [ 114.191033137781034, 22.351830782425296 ], [ 114.190929174922033, 22.351951123695912 ], [ 114.190922808183259, 22.352066119376889 ], [ 114.190934976084748, 22.352100795660672 ], [ 114.190837552325789, 22.352181419905406 ], [ 114.190857331554938, 22.3522168811947 ], [ 114.191019413629562, 22.352246577613514 ], [ 114.191077516606285, 22.352238192155834 ], [ 114.191143325328724, 22.352204439159539 ], [ 114.191249824257568, 22.352200013771391 ], [ 114.191195962977091, 22.352389723484514 ], [ 114.19114859418606, 22.352462929378749 ], [ 114.19115862315094, 22.352656128239015 ], [ 114.191023444019478, 22.352836272666249 ], [ 114.190956890364518, 22.352899104070282 ], [ 114.1909544436282, 22.35308930587551 ], [ 114.190894406947592, 22.353180564876443 ], [ 114.190936377313861, 22.353194034817658 ], [ 114.19111875703743, 22.353093454551324 ], [ 114.19139274422993, 22.353088905841776 ], [ 114.191460119812419, 22.352995686361627 ], [ 114.191554498722567, 22.352946912802015 ], [ 114.191656248986689, 22.352924887022692 ], [ 114.19175465650234, 22.352782908596637 ], [ 114.19195600515873, 22.352773127887456 ], [ 114.192024683967475, 22.352795688822173 ], [ 114.192119401360642, 22.352737974648807 ], [ 114.192372866872304, 22.352754548690363 ], [ 114.192459701357038, 22.35270024862464 ], [ 114.192654264330855, 22.352695830438577 ], [ 114.192666516177013, 22.352695550708322 ], [ 114.19276834458951, 22.352766277075901 ], [ 114.192897511588896, 22.352921328011391 ], [ 114.192927376140716, 22.35319104971963 ], [ 114.192729644598472, 22.35351180752712 ], [ 114.192739741249, 22.353511698169051 ], [ 114.192903039125682, 22.353629223768493 ], [ 114.192855670575256, 22.353870190791081 ], [ 114.192886258862174, 22.35393102661736 ], [ 114.193083137502711, 22.353955452696397 ], [ 114.193347084715441, 22.353841758388221 ], [ 114.193586639095457, 22.353685893476538 ], [ 114.193969061212371, 22.353613265852051 ], [ 114.194020900285835, 22.353585184359144 ], [ 114.194061533465316, 22.353537119420878 ], [ 114.194167081057245, 22.353447425702626 ], [ 114.194389067139568, 22.353411649817286 ], [ 114.194570306860484, 22.353449188152695 ], [ 114.194596946504873, 22.353449185232794 ], [ 114.194752682720633, 22.353336213875078 ], [ 114.194856323710525, 22.353297280675221 ], [ 114.194945047414592, 22.353217648359188 ], [ 114.19518967008689, 22.353087779471856 ], [ 114.195491609160683, 22.3530969922564 ], [ 114.195729327209577, 22.353029398067953 ], [ 114.195988130965958, 22.353029367663968 ], [ 114.196096389910778, 22.352971360586981 ], [ 114.196417631486455, 22.352929772465657 ], [ 114.19643689101261, 22.352917479547461 ], [ 114.196469333438728, 22.352690564809709 ], [ 114.196548060047959, 22.35256838083604 ], [ 114.196766707035707, 22.352550527751639 ], [ 114.196907633775339, 22.352629419354169 ], [ 114.196942694081628, 22.352858484116304 ], [ 114.197008986911271, 22.352890877509449 ], [ 114.19715226939762, 22.353010189374444 ], [ 114.19719909259517, 22.353077614660371 ], [ 114.197215380287673, 22.353191614358686 ], [ 114.197206959548197, 22.353366907550729 ], [ 114.197317362174189, 22.35356350689565 ], [ 114.197381445498948, 22.35381888290221 ], [ 114.197381461364571, 22.353927068959223 ], [ 114.197332784116242, 22.354129287330959 ], [ 114.197380381927715, 22.354245748373042 ], [ 114.197649252304871, 22.354093386625475 ], [ 114.197684122732795, 22.354079700847787 ], [ 114.197896580236502, 22.353947601476936 ], [ 114.197993153605083, 22.353911882069742 ], [ 114.198056519707066, 22.353909598077795 ], [ 114.19808887913203, 22.353919292650627 ], [ 114.198157350016317, 22.353968870430716 ], [ 114.198178237448403, 22.354000032126674 ], [ 114.198203076368301, 22.354095987534897 ], [ 114.198201110403929, 22.35419135046055 ], [ 114.198158425611226, 22.35433823807033 ], [ 114.1981613348796, 22.354380681296966 ], [ 114.198179272356114, 22.354420593987683 ], [ 114.198221840177681, 22.35446139744997 ], [ 114.198277569391266, 22.3544811579651 ], [ 114.198400294542012, 22.354552726877486 ], [ 114.198435434948408, 22.354589702316538 ], [ 114.198556880830068, 22.35467459134837 ], [ 114.198626130891384, 22.354736829658648 ], [ 114.1987826771485, 22.354910457052988 ], [ 114.198929826485951, 22.355148563732882 ], [ 114.198997068025875, 22.355215398706925 ], [ 114.199053777179302, 22.355228711002979 ], [ 114.199103958180302, 22.355216323219597 ], [ 114.199178445697711, 22.355182457410379 ], [ 114.199451336570945, 22.354978410270228 ], [ 114.199472578485924, 22.355037674831127 ], [ 114.199459237773198, 22.355089602383714 ], [ 114.199402633322833, 22.355123474861553 ], [ 114.199322326175206, 22.355190673358436 ], [ 114.199224902052421, 22.355312987655019 ], [ 114.199148487119672, 22.355375896012788 ], [ 114.198948006845228, 22.355433583603133 ], [ 114.198836455026594, 22.355485325812218 ], [ 114.198808022966219, 22.355511066751841 ], [ 114.198806493149704, 22.355537345871436 ], [ 114.198822109601565, 22.355570684556689 ], [ 114.198853392411621, 22.355584126800636 ], [ 114.19891409935741, 22.355583260631665 ], [ 114.198984282741137, 22.355527117123373 ], [ 114.199036753490844, 22.355504867683091 ], [ 114.199101020894076, 22.355488179425265 ], [ 114.199332242960395, 22.355460288205823 ], [ 114.199464395499021, 22.35540587876401 ], [ 114.19954064715877, 22.355414573543744 ], [ 114.199622387261698, 22.355382964152533 ], [ 114.199804207655561, 22.355207583162226 ], [ 114.199904011305591, 22.355094614800734 ], [ 114.200013192784368, 22.354803454130593 ], [ 114.200059943163794, 22.354712518776235 ], [ 114.200086489645415, 22.35467620310558 ], [ 114.200143596445955, 22.354629461774028 ], [ 114.200231928036786, 22.354598302651237 ], [ 114.200333730522402, 22.354599218057039 ], [ 114.200424216549209, 22.354621158179633 ], [ 114.20058897901599, 22.35468492593321 ], [ 114.200639900907149, 22.354692440907428 ], [ 114.200693927623789, 22.354688965222955 ], [ 114.200801392635512, 22.354647472014836 ], [ 114.201111709793068, 22.354465541381796 ], [ 114.20118263493768, 22.35444026324004 ], [ 114.201244165521061, 22.354433282388211 ], [ 114.201289999985661, 22.354439813594535 ], [ 114.201364148814179, 22.354473089005342 ], [ 114.20157655045972, 22.354536894264676 ], [ 114.202065521283401, 22.354683781484905 ], [ 114.202149308006923, 22.354701161256671 ], [ 114.202215635429297, 22.354698694563275 ], [ 114.202259699779532, 22.354686956960073 ], [ 114.202323448715902, 22.354652892716278 ], [ 114.202365120196461, 22.35461603245751 ], [ 114.202414639220663, 22.354543391890015 ], [ 114.202435201864759, 22.354491634530255 ], [ 114.202461670551642, 22.354458217290173 ], [ 114.202581257428719, 22.354399228796332 ], [ 114.202629651000663, 22.354384257465053 ], [ 114.202935583686354, 22.354342378911731 ], [ 114.203014696579373, 22.354338356574324 ], [ 114.203054555418873, 22.354344430404275 ], [ 114.203106928887465, 22.354352411241532 ], [ 114.203275837320319, 22.354413954073799 ], [ 114.203352224732555, 22.354423387543402 ], [ 114.203459741002163, 22.354401407591531 ], [ 114.203602987336154, 22.354345493870611 ], [ 114.203656353881726, 22.354343100973583 ], [ 114.203714199170747, 22.354357278384114 ], [ 114.203764630060633, 22.354386014261806 ], [ 114.20440981616872, 22.354857156147432 ], [ 114.204484132713503, 22.354899108461488 ], [ 114.204617497723675, 22.35494993668631 ], [ 114.204680440100788, 22.354963182728692 ], [ 114.204792214988146, 22.354971877954135 ], [ 114.204987286531235, 22.354972133135067 ], [ 114.206260060991141, 22.354922283958775 ], [ 114.206345568056406, 22.354899692012609 ], [ 114.2064294209233, 22.354859400437057 ], [ 114.206662332394828, 22.354661525346586 ], [ 114.206717151312432, 22.354640582414362 ], [ 114.206781934373154, 22.354635242419445 ], [ 114.206867265611933, 22.354654136597404 ], [ 114.206912958371518, 22.35467738179457 ], [ 114.207192033120876, 22.35493144951694 ], [ 114.207246991190246, 22.354970008701581 ], [ 114.207325364263937, 22.355000454022534 ], [ 114.207675217436545, 22.35508915811597 ], [ 114.207819612971264, 22.355097890188169 ], [ 114.207911687123286, 22.355094811186142 ], [ 114.20797947347917, 22.355103973205591 ], [ 114.208104676737051, 22.355161916202164 ], [ 114.208173373624405, 22.35520505993874 ], [ 114.208645419428805, 22.355597489938269 ], [ 114.208868284749002, 22.355799305960439 ], [ 114.208954841233648, 22.355864850629725 ], [ 114.209051197655072, 22.355905496068051 ], [ 114.2091047329681, 22.35591709869913 ], [ 114.209193943564841, 22.355913766683063 ], [ 114.209575097595661, 22.355824269529148 ], [ 114.209617918049801, 22.355808493519895 ], [ 114.209678577245342, 22.355769478268797 ], [ 114.209708909056104, 22.355738768233028 ], [ 114.2097998771806, 22.355613441782697 ], [ 114.209840021715522, 22.355572200098667 ], [ 114.209881934806134, 22.355537902539194 ], [ 114.210030015870387, 22.355446591416403 ], [ 114.210074475850803, 22.355426444161818 ], [ 114.210147206324834, 22.35540406956547 ], [ 114.210271643395615, 22.355379056376631 ], [ 114.210369242932487, 22.355380751999082 ], [ 114.210496825366477, 22.355395662062982 ], [ 114.210567308380391, 22.355393994804306 ], [ 114.210660083705264, 22.355359117514649 ], [ 114.210810577328914, 22.355250701304247 ], [ 114.210885624666602, 22.355214969700921 ], [ 114.210971491535659, 22.355197143370169 ], [ 114.211063577172382, 22.355201359261063 ], [ 114.211119365453072, 22.355215868589315 ], [ 114.211293037358189, 22.355284644544334 ], [ 114.211414703704264, 22.355324100188568 ], [ 114.211547698238604, 22.35535689779525 ], [ 114.211678747581345, 22.35537537325326 ], [ 114.211881402533137, 22.355377776799376 ], [ 114.211958452250443, 22.35539131496585 ], [ 114.212507004946389, 22.355602961526298 ], [ 114.212690100958199, 22.355656165228734 ], [ 114.212802819561105, 22.355668557241092 ], [ 114.213069943416244, 22.355724604512396 ], [ 114.213197163591246, 22.355762883599677 ], [ 114.213315185125268, 22.355782832636947 ], [ 114.213345668623575, 22.355778427887277 ], [ 114.213482580022188, 22.355787346237197 ], [ 114.213529144471977, 22.355797079658529 ], [ 114.21378858724394, 22.355807974719305 ], [ 114.214169469408176, 22.355803372073549 ], [ 114.214197922708564, 22.355867644985416 ], [ 114.214127778056849, 22.35604700793078 ], [ 114.214127166440804, 22.356083554717706 ], [ 114.214148160484712, 22.356135972238437 ], [ 114.214153230446186, 22.356180374296272 ], [ 114.214134345258316, 22.356318239059231 ], [ 114.214050629771847, 22.356468598953846 ], [ 114.214017488269533, 22.356554685789458 ], [ 114.213973524199403, 22.356613584108267 ], [ 114.213925242900089, 22.356830915403979 ], [ 114.213901505573006, 22.356867982223584 ], [ 114.213817541603461, 22.356961901098071 ], [ 114.213796505021236, 22.357005839534576 ], [ 114.213806240172559, 22.357032983149832 ], [ 114.213910737063415, 22.357046297380961 ], [ 114.21398790697252, 22.357032941568125 ], [ 114.214257369113369, 22.356890214862705 ], [ 114.214334334902574, 22.356876407404254 ], [ 114.214580831670617, 22.356899025845664 ], [ 114.214655588026829, 22.356936539374058 ], [ 114.214667745960043, 22.356946939729156 ], [ 114.214662436847206, 22.356952395422656 ], [ 114.214617137874797, 22.356956849030208 ], [ 114.214452028762651, 22.357009734259197 ], [ 114.214338241555254, 22.357108238816995 ], [ 114.214275979923045, 22.357178935350838 ], [ 114.214277935381261, 22.357194024949859 ], [ 114.214352782525694, 22.357280240358069 ], [ 114.214383962178886, 22.357300280954139 ], [ 114.214421730318648, 22.357306692913173 ], [ 114.214500253487159, 22.357306990735665 ], [ 114.21471296381435, 22.357288816799809 ], [ 114.2148278989754, 22.357270972594815 ], [ 114.215175106644921, 22.357233305599877 ], [ 114.215272366352821, 22.357229986389953 ], [ 114.215463879489405, 22.357200456064856 ], [ 114.215579476808017, 22.357190359381374 ], [ 114.216103706155266, 22.357172415817278 ], [ 114.216394299155866, 22.357191643370133 ], [ 114.216489301981056, 22.357206963038131 ], [ 114.216851595763671, 22.357337789804763 ], [ 114.216918440114227, 22.357374112207907 ], [ 114.217086599171182, 22.357496967258243 ], [ 114.217156179408192, 22.357559802578955 ], [ 114.217231891435745, 22.357642033962186 ], [ 114.217355418946568, 22.357826479180481 ], [ 114.21741672849825, 22.357959050364702 ], [ 114.217465851145818, 22.358015469953283 ], [ 114.21751031715209, 22.358050397987299 ], [ 114.217578006667964, 22.358086728932648 ], [ 114.217632419085774, 22.35810447832354 ], [ 114.217804270796123, 22.358134109318605 ], [ 114.218075497993368, 22.358155813119158 ], [ 114.21853417640969, 22.358165728583334 ], [ 114.22233749322092, 22.358409414251991 ], [ 114.222420571997986, 22.358265498109883 ], [ 114.222425094237636, 22.358229537188741 ], [ 114.222400063850557, 22.358105608972597 ], [ 114.222408713848111, 22.357925302582615 ], [ 114.222383853828447, 22.357847384963161 ], [ 114.222351598450089, 22.357687779062573 ], [ 114.222290914045999, 22.357521083123192 ], [ 114.222276734355674, 22.35744542012219 ], [ 114.22227381776915, 22.357373203629162 ], [ 114.222299971409058, 22.357249486776361 ], [ 114.222353644827322, 22.357143353696422 ], [ 114.222465927028836, 22.357001930760113 ], [ 114.222477062765776, 22.356972153895487 ], [ 114.222476025616899, 22.356917672874292 ], [ 114.222455914140639, 22.356872381298235 ], [ 114.222362082219277, 22.356816689207839 ], [ 114.222259594835549, 22.356774852356377 ], [ 114.222098795088954, 22.356724145688347 ], [ 114.221755951089847, 22.356584466290382 ], [ 114.221714948575084, 22.356543713751098 ], [ 114.221641131765011, 22.35623141256713 ], [ 114.221640367192734, 22.356178204767559 ], [ 114.221653223045649, 22.356123078721339 ], [ 114.221678001223665, 22.356068861458269 ], [ 114.2217298521945, 22.356001542386892 ], [ 114.221831914327112, 22.355900480241441 ], [ 114.221853203997341, 22.355866980006184 ], [ 114.221864939680913, 22.35583091774831 ], [ 114.221868099883523, 22.355785890536158 ], [ 114.221859776085196, 22.355744397463216 ], [ 114.221842762454713, 22.355700576922665 ], [ 114.22175552796007, 22.355567590139199 ], [ 114.221741236022993, 22.355473387379121 ], [ 114.22174699960982, 22.355432992118804 ], [ 114.221812215701092, 22.35529535742516 ], [ 114.221825227732921, 22.355243319765187 ], [ 114.221816110889819, 22.355180939238643 ], [ 114.221779062955676, 22.355118810290616 ], [ 114.221748538877179, 22.355086200402223 ], [ 114.221605119421568, 22.355005335392288 ], [ 114.221510265071274, 22.35493511291606 ], [ 114.221442308848211, 22.354852312445978 ], [ 114.221422991918232, 22.354800184381585 ], [ 114.221353527397383, 22.354675464458726 ], [ 114.221311162185629, 22.354621491450988 ], [ 114.221288721853114, 22.35457762718335 ], [ 114.221274403445207, 22.354521090816885 ], [ 114.221274955818245, 22.354456702817231 ], [ 114.221295213450688, 22.354383585893167 ], [ 114.221337033583325, 22.35431110421105 ], [ 114.221434082213364, 22.354200507409129 ], [ 114.221454039143481, 22.354159060699057 ], [ 114.221464353206272, 22.354109940673105 ], [ 114.221451307147319, 22.353994235777101 ], [ 114.221367086774464, 22.353443340946797 ], [ 114.221317212227049, 22.353342492385909 ], [ 114.221282258601946, 22.353300266077294 ], [ 114.221226253777857, 22.353246667033382 ], [ 114.221120460686436, 22.353180041470893 ], [ 114.221688941730278, 22.349539848265241 ], [ 114.223072937188945, 22.340676845178162 ], [ 114.224034687016101, 22.334517193894044 ], [ 114.224121435152767, 22.334507009205705 ], [ 114.224177245892406, 22.334493447046519 ], [ 114.224231841337627, 22.334474241113757 ], [ 114.224296139572971, 22.334442615279428 ], [ 114.224302187749259, 22.334438290498309 ], [ 114.224549071832286, 22.334261929485567 ], [ 114.224651579397047, 22.334209973458695 ], [ 114.224760168279573, 22.334172121328049 ], [ 114.224931845511236, 22.33414216119639 ], [ 114.225056822365204, 22.334140426306018 ], [ 114.225234606594228, 22.334198927558365 ], [ 114.227542045185729, 22.334412743280041 ], [ 114.227869099403406, 22.334428706003354 ], [ 114.228252347167214, 22.334417125052386 ], [ 114.22839572061568, 22.334419797699951 ], [ 114.228504268982988, 22.334406027620204 ], [ 114.228538034516902, 22.334392100733812 ], [ 114.228591399851865, 22.334355582112476 ], [ 114.228689604732125, 22.33422202011268 ], [ 114.228710900605535, 22.334139866665744 ], [ 114.228877060044226, 22.333943958262193 ], [ 114.228891604579673, 22.333901058355199 ], [ 114.228890374449861, 22.33385590587076 ], [ 114.228855161372621, 22.333787627962803 ], [ 114.228665911513403, 22.333569546005929 ], [ 114.228649375820709, 22.333477827729997 ], [ 114.228654212817929, 22.333433242227628 ], [ 114.228648724158703, 22.333342938217815 ], [ 114.228623813203455, 22.333256026881056 ], [ 114.22858010226868, 22.333175325549849 ], [ 114.228505449635577, 22.333078839595625 ], [ 114.22848966010686, 22.333035949389156 ], [ 114.22848479023132, 22.332991357952519 ], [ 114.22849932647263, 22.33292588163583 ], [ 114.228558124124532, 22.332802261371661 ], [ 114.228643630520239, 22.332692738309674 ], [ 114.228788572916827, 22.332559490892177 ], [ 114.229019040230469, 22.332368645894245 ], [ 114.229135492691313, 22.332288461977566 ], [ 114.22923434903592, 22.332189093689259 ], [ 114.229312563002438, 22.332075057336294 ], [ 114.229399244704041, 22.331866757024212 ], [ 114.229425277007635, 22.331733547550574 ], [ 114.229425243149237, 22.3316432417786 ], [ 114.229402143149557, 22.331519647746227 ], [ 114.229278811243859, 22.331033725168201 ], [ 114.229238007268705, 22.330626802404094 ], [ 114.229254358923697, 22.330537620143186 ], [ 114.229291329970948, 22.330454635215467 ], [ 114.229347115989441, 22.330380683793663 ], [ 114.229413226748377, 22.330324221236008 ], [ 114.229456287422096, 22.330302759633611 ], [ 114.229533318789322, 22.330247982198973 ], [ 114.229617001831542, 22.330148618587991 ], [ 114.229635186189029, 22.330106846232312 ], [ 114.229666108494627, 22.330072411584226 ], [ 114.229706139070672, 22.330046995508592 ], [ 114.229752241006949, 22.330034003519007 ], [ 114.229800774294475, 22.330033418738818 ], [ 114.229846886029023, 22.330046389636912 ], [ 114.229927600480778, 22.330106190808682 ], [ 114.229974312780399, 22.33011576597556 ], [ 114.230019812898547, 22.330102774107278 ], [ 114.230062857563141, 22.330039545915973 ], [ 114.230056137667091, 22.329904089420733 ], [ 114.230076099952129, 22.32976466876584 ], [ 114.230102177155146, 22.329726849157264 ], [ 114.230219235922021, 22.329665854224487 ], [ 114.230247740162582, 22.329629153584722 ], [ 114.230253163503662, 22.329545618927298 ], [ 114.230239765698116, 22.329411293455081 ], [ 114.230245780784827, 22.329275832760722 ], [ 114.230278482452306, 22.329122871030926 ], [ 114.230326384128077, 22.329044966466718 ], [ 114.23040037499743, 22.328986803148592 ], [ 114.230490751027673, 22.328955166220606 ], [ 114.230656373668182, 22.328951164942705 ], [ 114.230701862768271, 22.328935906209619 ], [ 114.230741893050862, 22.328911058802131 ], [ 114.230775251832455, 22.328878311846591 ], [ 114.230799503404199, 22.328839363907196 ], [ 114.230809062239317, 22.328707541327692 ], [ 114.230834744850156, 22.328603870727807 ], [ 114.230915211596837, 22.328425047412463 ], [ 114.230955140753466, 22.328364989746333 ], [ 114.231253398724633, 22.328024202145187 ], [ 114.231368297947441, 22.327856203728306 ], [ 114.23144425506662, 22.327690277324709 ], [ 114.231743220431667, 22.326658721185328 ], [ 114.231746825235049, 22.32656898305401 ], [ 114.231722509843095, 22.326443123012339 ], [ 114.231729136430687, 22.326311617404748 ], [ 114.231754563703404, 22.326178407676121 ], [ 114.231782280427254, 22.326091659521477 ], [ 114.231869983763929, 22.325908363088693 ], [ 114.231928009051373, 22.325835051153586 ], [ 114.231998481929324, 22.325772011766816 ], [ 114.232055275212204, 22.325700813361216 ], [ 114.232134876905235, 22.325551763514756 ], [ 114.232142815730029, 22.325499970402042 ], [ 114.232133828256408, 22.325378457917175 ], [ 114.232116720911236, 22.325317245416326 ], [ 114.232117901826015, 22.325284328530788 ], [ 114.232174843476272, 22.325146980991978 ], [ 114.232188778386714, 22.325064481837209 ], [ 114.232211073421212, 22.32498951133292 ], [ 114.232244450323066, 22.324932137648482 ], [ 114.232348270929833, 22.324837804752754 ], [ 114.232409723042352, 22.324767471556406 ], [ 114.232455735000258, 22.324679416595025 ], [ 114.23247485752475, 22.324608637331586 ], [ 114.232473519786879, 22.324515098982108 ], [ 114.232411271705089, 22.32436439082408 ], [ 114.232411763011612, 22.324305998885592 ], [ 114.232440779987627, 22.32424470737655 ], [ 114.232531074755244, 22.324163915844913 ], [ 114.232567235231585, 22.324101998747313 ], [ 114.23258087575222, 22.324036711947826 ], [ 114.232596857532499, 22.323781204064353 ], [ 114.232623520987786, 22.323708805706723 ], [ 114.232651439335157, 22.323667878507376 ], [ 114.232698437022023, 22.323643425550308 ], [ 114.232744043655288, 22.323635697706344 ], [ 114.232808514072147, 22.323639323815467 ], [ 114.23285522555642, 22.323627450519346 ], [ 114.232898283876139, 22.323606556916868 ], [ 114.232935282545299, 22.323578323532914 ], [ 114.233133557308619, 22.323349103649033 ], [ 114.233330616262307, 22.323091094428353 ], [ 114.233836842941756, 22.322323317254526 ], [ 114.233928407029623, 22.322218304444732 ], [ 114.234036953253707, 22.322128529224219 ], [ 114.234097601509262, 22.32209125663606 ], [ 114.234228008289378, 22.322031382872815 ], [ 114.234320204884966, 22.322002560690677 ], [ 114.234414831916922, 22.321983337108527 ], [ 114.234435311196634, 22.321981293396384 ], [ 114.234511277916553, 22.321973712339645 ], [ 114.235237439027102, 22.322010703544912 ], [ 114.235508502774451, 22.321987984044029 ], [ 114.235608020936169, 22.32199052171352 ], [ 114.235747635727947, 22.322017472497528 ], [ 114.235835421104497, 22.322047665952102 ], [ 114.235921139957853, 22.322102929025164 ], [ 114.236015176084592, 22.32220192415479 ], [ 114.236056650553991, 22.322225045376054 ], [ 114.23610641030325, 22.322239178122484 ], [ 114.236191166557063, 22.322244023630034 ], [ 114.236334926786697, 22.32222646965117 ], [ 114.236417400894581, 22.322205632885584 ], [ 114.23649019222529, 22.322148523768917 ], [ 114.236547185139131, 22.322076258081534 ], [ 114.236610784928729, 22.32190591774831 ], [ 114.236634267047592, 22.32186733041463 ], [ 114.23666604093134, 22.321835169796564 ], [ 114.23672360472014, 22.321804715458793 ], [ 114.236792122403145, 22.321741476013436 ], [ 114.237025540256994, 22.321413461751916 ], [ 114.237128964997297, 22.321314926687023 ], [ 114.237241288455095, 22.321257721245889 ], [ 114.237286254874007, 22.321253279496606 ], [ 114.237323043640046, 22.321259478820053 ], [ 114.237435226646667, 22.321259418864233 ], [ 114.237513685671246, 22.321247767149618 ], [ 114.237592250955544, 22.321212554550435 ], [ 114.237706995100979, 22.321142524442731 ], [ 114.237777889289191, 22.321077631086897 ], [ 114.23786847356115, 22.320915461811065 ], [ 114.238031795063279, 22.320709313162908 ], [ 114.238085830292931, 22.320624062052815 ], [ 114.23837890525904, 22.319961855299503 ], [ 114.238475285137923, 22.31980547207343 ], [ 114.238592305185065, 22.319661507019394 ], [ 114.238752526856288, 22.319540851401936 ], [ 114.238835995333289, 22.319490329471051 ], [ 114.238929987071586, 22.319452065796792 ], [ 114.238960558734803, 22.319439620174265 ], [ 114.239066845950887, 22.319411331724233 ], [ 114.239202021598715, 22.319390979014603 ], [ 114.239357809343218, 22.319384940762124 ], [ 114.240229716817595, 22.319452340646688 ], [ 114.240390529325566, 22.319482656595145 ], [ 114.24050609659902, 22.319521659525474 ], [ 114.240666643140074, 22.319607107058918 ], [ 114.24074998146105, 22.319677160639099 ], [ 114.240808523883743, 22.319753400885283 ], [ 114.240888130439032, 22.319897958234044 ], [ 114.240985373923408, 22.320044585599007 ], [ 114.241049725806519, 22.320110501491193 ], [ 114.241088789910918, 22.320189621072664 ], [ 114.241192067145974, 22.32056076443137 ], [ 114.241201045031019, 22.320623803411173 ], [ 114.241197436428308, 22.320755254100103 ], [ 114.241229192357096, 22.320813714554419 ], [ 114.241266552286305, 22.320837675925016 ], [ 114.24135499273109, 22.320835039943269 ], [ 114.241402601328275, 22.320814711195041 ], [ 114.241526239851893, 22.320736339608899 ], [ 114.241608892920937, 22.320707264233029 ], [ 114.241673563448799, 22.320705278744523 ], [ 114.241748999204205, 22.320726903910703 ], [ 114.241806827960232, 22.320768990382877 ], [ 114.241848967087989, 22.320821955955712 ], [ 114.24186844013812, 22.320869647716389 ], [ 114.241884597682514, 22.32094681664671 ], [ 114.241918040774806, 22.32100091451273 ], [ 114.241979482102906, 22.321046765226818 ], [ 114.24214432022103, 22.321129735170253 ], [ 114.242176477479219, 22.321152732152569 ], [ 114.242203650859125, 22.321186549783057 ], [ 114.242266183612514, 22.321303795779031 ], [ 114.24230511704144, 22.321350287591159 ], [ 114.242347857620658, 22.321380983356278 ], [ 114.242386825628543, 22.32139750261187 ], [ 114.242556881358226, 22.321407773786412 ], [ 114.24263263071559, 22.321434717427909 ], [ 114.242699087069113, 22.321493885948012 ], [ 114.242749608934673, 22.321579881766148 ], [ 114.242782493198533, 22.321621074965822 ], [ 114.242835842590466, 22.321651423122731 ], [ 114.242942374158247, 22.321501228131197 ], [ 114.242987970411832, 22.321412393698086 ], [ 114.243029578857971, 22.321306068630108 ], [ 114.24304976240893, 22.321192338188965 ], [ 114.243050535793927, 22.321103476882726 ], [ 114.24300132114729, 22.320969753958984 ], [ 114.242995957468125, 22.320874826599422 ], [ 114.242982196647304, 22.320776913539866 ], [ 114.24294240833143, 22.320625929290639 ], [ 114.242927925180609, 22.320354331194856 ], [ 114.24300915409809, 22.320084915576381 ], [ 114.243018665430753, 22.319960235372495 ], [ 114.242941251816703, 22.319716070773442 ], [ 114.242903498030557, 22.319659527576786 ], [ 114.242786008518934, 22.319435309732597 ], [ 114.242700832644573, 22.319257035348063 ], [ 114.242671169382987, 22.319211677708573 ], [ 114.242616205762459, 22.319027819128838 ], [ 114.24251928679341, 22.318871593075826 ], [ 114.242510116213836, 22.318812618000425 ], [ 114.242465270344312, 22.318719964232951 ], [ 114.242460938603855, 22.318693000640938 ], [ 114.242451028675802, 22.318692598275153 ], [ 114.242431500819933, 22.318610481979526 ], [ 114.242432392567821, 22.318587155601261 ], [ 114.242426446092054, 22.318573332171539 ], [ 114.242427579324129, 22.318402129759864 ], [ 114.242435127355748, 22.318270776750598 ], [ 114.242421571261872, 22.318214946085941 ], [ 114.242362405705634, 22.318093427272188 ], [ 114.242325139346079, 22.318040017346743 ], [ 114.242281637698312, 22.317936074735957 ], [ 114.242267876330573, 22.317835289850809 ], [ 114.242269038493419, 22.317642459143748 ], [ 114.242250282084385, 22.317569851717817 ], [ 114.242229730684898, 22.317560964874168 ], [ 114.242215617078443, 22.317516458775092 ], [ 114.242206045386411, 22.317512723969049 ], [ 114.242127936188353, 22.31739474365644 ], [ 114.242092336757381, 22.317168406177821 ], [ 114.242096463272603, 22.317129979343779 ], [ 114.241909589992616, 22.316946606980924 ], [ 114.241759305370678, 22.316757548538863 ], [ 114.241606842451546, 22.31660056749126 ], [ 114.241646606603098, 22.31655767434329 ], [ 114.241590340940633, 22.31651272446636 ], [ 114.241876339944312, 22.316134002346814 ], [ 114.241972475325227, 22.315987668130312 ], [ 114.241996404725128, 22.315935235915823 ], [ 114.242026503546057, 22.315833683814049 ], [ 114.242036849712761, 22.315770718349224 ], [ 114.242035164399937, 22.315673730440913 ], [ 114.242055583302232, 22.315606959042896 ], [ 114.242049356674727, 22.315512040965494 ], [ 114.242067921596032, 22.31542403035106 ], [ 114.242088593670772, 22.315400903710568 ], [ 114.242138118903583, 22.315373819080193 ], [ 114.242174921837545, 22.315371609820186 ], [ 114.242225336820141, 22.315400279697911 ], [ 114.242362102901353, 22.315427993567511 ], [ 114.242452127607919, 22.315437475410331 ], [ 114.242694526421943, 22.31543575163365 ], [ 114.242812182054777, 22.315422022453742 ], [ 114.242851402738523, 22.315422006490969 ], [ 114.242929835512967, 22.315403723708371 ], [ 114.243047481389766, 22.315389994361745 ], [ 114.243165150964387, 22.315385385820907 ], [ 114.24343969678938, 22.315408075536396 ], [ 114.243557349121701, 22.315408027168399 ], [ 114.243635793675523, 22.315394313520624 ], [ 114.243714221985968, 22.315366909459911 ], [ 114.243753438301439, 22.315357763349521 ], [ 114.243831877455037, 22.315353170509852 ], [ 114.24391031224539, 22.315339456733337 ], [ 114.244027974224778, 22.315339408020034 ], [ 114.244106408987989, 22.315325694148694 ], [ 114.244145611182816, 22.315307418018033 ], [ 114.244184837167609, 22.3152982898605 ], [ 114.244224049058886, 22.315280031767976 ], [ 114.244302483769545, 22.315266317801857 ], [ 114.244322080462339, 22.31524805881504 ], [ 114.24435149397749, 22.315238925670105 ], [ 114.244366191493185, 22.315225238198693 ], [ 114.244385802266564, 22.315216100099057 ], [ 114.244400490992447, 22.315184161795901 ], [ 114.244424994342722, 22.315156788881708 ], [ 114.244459275315023, 22.315097470672082 ], [ 114.244473971520179, 22.315060971908274 ], [ 114.244518005490363, 22.31487849036051 ], [ 114.244557190812401, 22.314805488729437 ], [ 114.244625784181864, 22.314732474796902 ], [ 114.244762987036779, 22.31460013721934 ], [ 114.244867139177714, 22.314441976859229 ], [ 114.244915065911812, 22.314362695206771 ], [ 114.244993156635303, 22.314261375240857 ], [ 114.245183187453023, 22.314131480441855 ], [ 114.245228088344362, 22.314077431455036 ], [ 114.245292445871357, 22.31403704656547 ], [ 114.245341386114177, 22.313986888028474 ], [ 114.245414841639857, 22.313795616044683 ], [ 114.24544473773831, 22.313742015840155 ], [ 114.245575711482672, 22.313597208943982 ], [ 114.245468786128569, 22.313519500797181 ], [ 114.245325460096268, 22.313471383160888 ], [ 114.245273725888211, 22.313463990882536 ], [ 114.245171719022181, 22.313500797459344 ], [ 114.245038936458968, 22.313578968020426 ], [ 114.244789327301262, 22.313535725945574 ], [ 114.244716501337408, 22.313504989203409 ], [ 114.244652747254904, 22.313367904326682 ], [ 114.244477549980871, 22.313241973579643 ], [ 114.24442577051488, 22.313160466938886 ], [ 114.24445358511565, 22.313056684751203 ], [ 114.244497294517856, 22.312926960050778 ], [ 114.244438905661951, 22.312865522155938 ], [ 114.244357453400596, 22.312817675862721 ], [ 114.244074559630718, 22.31276192109695 ], [ 114.24388162153852, 22.312594411146065 ], [ 114.243791551909425, 22.312466755704229 ], [ 114.243778644767445, 22.312347042394325 ], [ 114.243834293258686, 22.312219326755091 ], [ 114.243992804070899, 22.312079612018959 ], [ 114.244065596053787, 22.311939914622972 ], [ 114.244005535893166, 22.311812246845793 ], [ 114.243949308702469, 22.311662633102799 ], [ 114.243897835805541, 22.311570876419189 ], [ 114.243790669117629, 22.31151106588883 ], [ 114.243567765690685, 22.311431345327644 ], [ 114.243538127313428, 22.311394602981853 ], [ 114.243540501167445, 22.311345385239651 ], [ 114.243600525506537, 22.311235747125369 ], [ 114.243626898910875, 22.311141790939992 ], [ 114.243595649005485, 22.311083628684905 ], [ 114.243511512523341, 22.311000906882903 ], [ 114.243506683930391, 22.31094946154165 ], [ 114.243528251202022, 22.310830898960202 ], [ 114.243499394243571, 22.31078393364394 ], [ 114.243372014246191, 22.310687792002657 ], [ 114.243143113244727, 22.310646615908475 ], [ 114.242984520488761, 22.310610765975067 ], [ 114.242894552768945, 22.310674648988403 ], [ 114.242855492593137, 22.310724233857403 ], [ 114.242811399400424, 22.310761882311148 ], [ 114.242754364078209, 22.31078920500731 ], [ 114.242696077712097, 22.310797907094265 ], [ 114.242634538865417, 22.31078339280737 ], [ 114.242580786497129, 22.310754047095443 ], [ 114.242538432429896, 22.310712893753966 ], [ 114.242475223418765, 22.310613420196617 ], [ 114.242411789863937, 22.310448583218651 ], [ 114.24237229998775, 22.310409514742524 ], [ 114.242309587314097, 22.310395678100569 ], [ 114.242249943130702, 22.310406087359041 ], [ 114.242194004483721, 22.310433273957941 ], [ 114.242014325676834, 22.310592438355247 ], [ 114.241963085160791, 22.310621474258944 ], [ 114.24189720457673, 22.310620146111553 ], [ 114.241869261592925, 22.310575519061697 ], [ 114.241853346850192, 22.310517043274729 ], [ 114.241838529869923, 22.310460824695905 ], [ 114.241826150614287, 22.310429186433019 ], [ 114.241813765145892, 22.310384110637958 ], [ 114.241812703598299, 22.310334244086906 ], [ 114.241819898623177, 22.310278612704206 ], [ 114.241851810387899, 22.310196123438171 ], [ 114.241877026435148, 22.310115777102872 ], [ 114.241872461180648, 22.310002905452997 ], [ 114.241808837202882, 22.309885849211849 ], [ 114.241814690432975, 22.309845913548692 ], [ 114.24189105469425, 22.309663699586068 ], [ 114.241863215329417, 22.309486133003894 ], [ 114.241856586226334, 22.309359517596537 ], [ 114.241868654932631, 22.309244697687202 ], [ 114.241856122584807, 22.309217574784 ], [ 114.241822306939, 22.309191164796037 ], [ 114.241767488502859, 22.309163399589842 ], [ 114.241410068490538, 22.309069172498063 ], [ 114.241336806197211, 22.309074927052233 ], [ 114.241244507371434, 22.309113127056818 ], [ 114.241181759333131, 22.309126508223898 ], [ 114.241127893827965, 22.309123576578578 ], [ 114.241064908302278, 22.309105802217552 ], [ 114.241026512209984, 22.309079953774184 ], [ 114.240986696242402, 22.309026463210067 ], [ 114.240954996268584, 22.308999438122491 ], [ 114.240914146909134, 22.308978214290278 ], [ 114.240833164706586, 22.308953312772211 ], [ 114.24077863232003, 22.308913698967377 ], [ 114.240744702633748, 22.30887068152046 ], [ 114.240692093533553, 22.308770543830608 ], [ 114.24066094039091, 22.308729259147817 ], [ 114.240592340340683, 22.308571909817086 ], [ 114.240575913757354, 22.308517344341134 ], [ 114.240570423996076, 22.308460661404705 ], [ 114.240579970159061, 22.308345472313249 ], [ 114.240617673013972, 22.308234561685946 ], [ 114.240403711710073, 22.307439916450484 ], [ 114.240023225606052, 22.306585652539852 ], [ 114.240010303551429, 22.306402842004026 ], [ 114.240105926161007, 22.306335084224322 ], [ 114.240126626861652, 22.306313113716328 ], [ 114.240126807710453, 22.306262172001283 ], [ 114.240103189608448, 22.30620643528837 ], [ 114.239939358693235, 22.306055426108539 ], [ 114.239887144597816, 22.305988421258473 ], [ 114.239863868246459, 22.305936991974672 ], [ 114.239860050650307, 22.305907526591522 ], [ 114.23988044479151, 22.305851285083978 ], [ 114.239917128325416, 22.30580479029376 ], [ 114.240058773152199, 22.30571851995224 ], [ 114.240175429769792, 22.305594475190272 ], [ 114.240203588326196, 22.305539521984887 ], [ 114.240199115309196, 22.30549869636188 ], [ 114.24015355212903, 22.305459665812716 ], [ 114.240016428591943, 22.305391447897584 ], [ 114.239956539111375, 22.305326784980448 ], [ 114.239958450220414, 22.305281875031092 ], [ 114.240019603248413, 22.305199790101177 ], [ 114.24010761937501, 22.305160328165112 ], [ 114.240123711161615, 22.30514085189975 ], [ 114.240138607181706, 22.305095295707559 ], [ 114.240143624460913, 22.305008744415211 ], [ 114.240151730160889, 22.304991763710873 ], [ 114.240255289073318, 22.304964044445747 ], [ 114.240433999235279, 22.304927581131714 ], [ 114.240454469059372, 22.304932115499977 ], [ 114.24056195337937, 22.305000326634783 ], [ 114.240592741956419, 22.305010049530186 ], [ 114.240616925630562, 22.305007601759154 ], [ 114.240644448491764, 22.304985285336354 ], [ 114.240664131807904, 22.304946184095957 ], [ 114.240677016637349, 22.304725272320891 ], [ 114.240691862358489, 22.304697650881291 ], [ 114.24071426294033, 22.304679743398488 ], [ 114.240739317757132, 22.304672364554758 ], [ 114.240755391414851, 22.304677343116818 ], [ 114.240870510944148, 22.304761273327156 ], [ 114.240912025867843, 22.304776265802065 ], [ 114.240943120019608, 22.304775124690519 ], [ 114.240978691330099, 22.304759686351989 ], [ 114.241008337228635, 22.304732465407938 ], [ 114.24102788385683, 22.304649403181735 ], [ 114.241037359510216, 22.304636106378151 ], [ 114.241299118871581, 22.304482870561973 ], [ 114.24135248496701, 22.304458836961146 ], [ 114.241440674654058, 22.304439846617285 ], [ 114.241470360744515, 22.304415948835469 ], [ 114.241491072984459, 22.304377957847308 ], [ 114.241493816692113, 22.304287578435847 ], [ 114.241461130494827, 22.304182059782978 ], [ 114.24137153718388, 22.304018406658749 ], [ 114.241377306498123, 22.303986183155214 ], [ 114.241392422952103, 22.303956845726223 ], [ 114.24143859953459, 22.303916126393837 ], [ 114.241539796230583, 22.303861089659232 ], [ 114.241632809570959, 22.303843668611979 ], [ 114.241679302222664, 22.303815122343856 ], [ 114.241707945672331, 22.303782465244176 ], [ 114.241743767599488, 22.303701049014915 ], [ 114.241777785514628, 22.303559119394436 ], [ 114.241825713248247, 22.303486214161765 ], [ 114.242027977708872, 22.303288696813535 ], [ 114.24210346566457, 22.303296495996708 ], [ 114.242172766182222, 22.303292566876728 ], [ 114.242193684118817, 22.30328026779231 ], [ 114.242232472731345, 22.303234981720017 ], [ 114.242243128100156, 22.303212951770149 ], [ 114.242236107748312, 22.303142371364675 ], [ 114.242194466671279, 22.303064092770846 ], [ 114.242166436680506, 22.302975414453908 ], [ 114.242159842056893, 22.302922831874842 ], [ 114.242166426962328, 22.302871056742809 ], [ 114.242205096995065, 22.302842287706344 ], [ 114.242271519110631, 22.302826448331171 ], [ 114.242409768983975, 22.302815781541057 ], [ 114.242485434016899, 22.302787665744408 ], [ 114.242583411291875, 22.302720013895708 ], [ 114.242622348611377, 22.302702740616407 ], [ 114.242693885771061, 22.302688443227986 ], [ 114.242800411412404, 22.3026178167068 ], [ 114.242842115975364, 22.302603585564636 ], [ 114.242914027311826, 22.30260091032072 ], [ 114.242970928304615, 22.302583972802708 ], [ 114.243048692885637, 22.302542797626334 ], [ 114.243128228875833, 22.302533165606313 ], [ 114.243191831835958, 22.302507772621812 ], [ 114.243377976223726, 22.302398326667632 ], [ 114.243431063516695, 22.302382275552073 ], [ 114.243513906282374, 22.302387948868109 ], [ 114.24357620016211, 22.30236508484138 ], [ 114.24365714164594, 22.302290964403216 ], [ 114.243724868623218, 22.302203782081541 ], [ 114.243796296307593, 22.302042736641532 ], [ 114.243851350782379, 22.301918606446964 ], [ 114.243899895570664, 22.301860971096197 ], [ 114.243873297918284, 22.301725062381049 ], [ 114.243874384052432, 22.301621715631967 ], [ 114.243858496731434, 22.301559293589129 ], [ 114.243862789259794, 22.301219894390229 ], [ 114.243764279360718, 22.301164225224063 ], [ 114.243661493377303, 22.30101414272459 ], [ 114.243633620111879, 22.300705090576766 ], [ 114.243705309978196, 22.30038193674368 ], [ 114.243748762147135, 22.300309782303913 ], [ 114.243806704975285, 22.300241143809473 ], [ 114.244042309953755, 22.300029341753319 ], [ 114.244132360914037, 22.299911418818755 ], [ 114.244284224336553, 22.299842163206844 ], [ 114.244386901678268, 22.299746531460379 ], [ 114.244408268516111, 22.299619850166895 ], [ 114.244370949980038, 22.299348342285271 ], [ 114.244380357682587, 22.299255666223356 ], [ 114.244481736333896, 22.299063858926331 ], [ 114.244686956927893, 22.298598145795648 ], [ 114.244820497539635, 22.298470830491731 ], [ 114.244856385895204, 22.298392818041833 ], [ 114.244767450519433, 22.298245656301745 ], [ 114.2447705460701, 22.298124852486239 ], [ 114.24481084582068, 22.298078508558763 ], [ 114.245043374860998, 22.298017996167015 ], [ 114.245148586353849, 22.297948759340088 ], [ 114.245219723043391, 22.297795082507257 ], [ 114.245255520189772, 22.297530578786848 ], [ 114.245287101363587, 22.297450208812915 ], [ 114.245412246522932, 22.297131729713605 ], [ 114.245418327711846, 22.296687195118626 ], [ 114.245436527782573, 22.296537053444613 ], [ 114.245355790320886, 22.296384036687222 ], [ 114.245294011983532, 22.296343596574904 ], [ 114.245070893161312, 22.296312020187262 ], [ 114.244823769471353, 22.29610745404381 ], [ 114.244821780361605, 22.295907471883609 ], [ 114.244865851995584, 22.295815973269359 ], [ 114.245092036964024, 22.295708549406296 ], [ 114.245132265815997, 22.295498010746822 ], [ 114.245159999308456, 22.295495064121148 ], [ 114.245163125540458, 22.295458118552084 ], [ 114.245193990383086, 22.295428783139954 ], [ 114.245312444815397, 22.295376536230151 ], [ 114.245429600962979, 22.2952492363261 ], [ 114.245442091449391, 22.295012890768238 ], [ 114.245390928808959, 22.294790641809136 ], [ 114.245153282075691, 22.294652934813389 ], [ 114.24515327637252, 22.29464120404354 ], [ 114.244976817711247, 22.294628373486596 ], [ 114.244479673577075, 22.294779302496618 ], [ 114.244133695980793, 22.29479703799673 ], [ 114.24463921523872, 22.295007945326226 ], [ 114.244660037831238, 22.295062481551998 ], [ 114.24465439147383, 22.295105876027396 ], [ 114.244479818961025, 22.295081313371789 ], [ 114.24415269905748, 22.29500404798814 ], [ 114.243668009069467, 22.29484063161253 ], [ 114.243153029421336, 22.294586910956589 ], [ 114.243153023885114, 22.294575180186261 ], [ 114.242724357366924, 22.29428389161075 ], [ 114.242644283118565, 22.294211787525246 ], [ 114.242561722993784, 22.29419833827302 ], [ 114.242320360147403, 22.294199609835214 ], [ 114.242155072399427, 22.294208833500207 ], [ 114.242134104637216, 22.294152779859601 ], [ 114.242139426175129, 22.294097934771717 ], [ 114.242225831355867, 22.29392860296857 ], [ 114.242213901228268, 22.293774726030691 ], [ 114.242234425372814, 22.293669980641667 ], [ 114.242232825818931, 22.293590087399377 ], [ 114.242259079112685, 22.293514192524366 ], [ 114.242249757494108, 22.293418751667364 ], [ 114.242223669691185, 22.293370601888512 ], [ 114.242134323446138, 22.293307974397411 ], [ 114.242133498418198, 22.293304073203014 ], [ 114.242086356989816, 22.293080692997048 ], [ 114.241980969823999, 22.292871053376622 ], [ 114.241943617146859, 22.292825978481737 ], [ 114.241888615993645, 22.292809004912595 ], [ 114.241667300977653, 22.292866284397256 ], [ 114.24161122610505, 22.292856734332787 ], [ 114.241555150289116, 22.29282404780076 ], [ 114.241485961732891, 22.292722661515761 ], [ 114.24146028545718, 22.292576745950225 ], [ 114.241471567230789, 22.29244121893662 ], [ 114.241537491695553, 22.292324526078978 ], [ 114.241523911160883, 22.292272569301858 ], [ 114.241480296467927, 22.29224166583634 ], [ 114.24137676117202, 22.292215355695127 ], [ 114.241165316436707, 22.292210120615415 ], [ 114.241097197407257, 22.292175668693762 ], [ 114.241057882745991, 22.29212571783189 ], [ 114.241060046584963, 22.292040404699634 ], [ 114.241180531073638, 22.291889202437368 ], [ 114.241202332624937, 22.2918392273648 ], [ 114.241210976751972, 22.29174970338779 ], [ 114.241200376517256, 22.291699885654587 ], [ 114.24111719648927, 22.291600572757766 ], [ 114.241038326497119, 22.291461676897345 ], [ 114.241066113926195, 22.291387199395661 ], [ 114.241103342749568, 22.29133264873219 ], [ 114.241217743226557, 22.29120493748718 ], [ 114.241257637139171, 22.291142953528134 ], [ 114.241288101978498, 22.291066912625418 ], [ 114.241301386886747, 22.291003711055595 ], [ 114.241304002534292, 22.290930580038509 ], [ 114.241292004540426, 22.290858701051331 ], [ 114.241257469670245, 22.290756424904824 ], [ 114.241249401578443, 22.290684002515526 ], [ 114.241260119526501, 22.290630862078466 ], [ 114.241297298672151, 22.29053207036559 ], [ 114.241468531337773, 22.290334339992253 ], [ 114.241505767728881, 22.29025500016742 ], [ 114.241520376193506, 22.290179389970355 ], [ 114.241517683658259, 22.290106261058206 ], [ 114.241507372624824, 22.290073330484962 ], [ 114.241435030219918, 22.289947643990942 ], [ 114.241270009842381, 22.289788454548486 ], [ 114.241213605258054, 22.289713089287442 ], [ 114.241102548261978, 22.289425363447332 ], [ 114.241070311945464, 22.28921306623911 ], [ 114.241249019904757, 22.288855969680373 ], [ 114.241389681294578, 22.28846326223287 ], [ 114.241486311369556, 22.288335286906801 ], [ 114.241665322110265, 22.287987148115239 ], [ 114.242179929066367, 22.287434357767317 ], [ 114.242348058636694, 22.28729352059441 ], [ 114.242336820042581, 22.287269142439779 ], [ 114.242255034466552, 22.287201400575011 ], [ 114.242088437121126, 22.2871310739053 ], [ 114.241923344950067, 22.287020840121983 ], [ 114.241966650184466, 22.286345232528809 ], [ 114.242137273788003, 22.286311588102237 ], [ 114.242199477178914, 22.286317631646469 ], [ 114.242278704751627, 22.286352945597056 ], [ 114.242433125333619, 22.286469558964789 ], [ 114.242509716524253, 22.286490262312718 ], [ 114.242920541106272, 22.286550943932479 ], [ 114.243170374531829, 22.286596500871287 ], [ 114.243382188401043, 22.286517766440014 ], [ 114.243467189138158, 22.286469200980086 ], [ 114.243670899088428, 22.2862181042644 ], [ 114.243681049554183, 22.286205599352584 ], [ 114.244227587481845, 22.285634764135374 ], [ 114.244233727531395, 22.282289960898314 ], [ 114.240978726495243, 22.284044071429214 ], [ 114.229273225787907, 22.290351228963733 ], [ 114.225340436521321, 22.292469977807674 ], [ 114.221259926451097, 22.294668137612828 ], [ 114.219386231326268, 22.295677438399846 ], [ 114.217653957731869, 22.296612196404485 ], [ 114.210865760888396, 22.300274895486087 ], [ 114.210210900877968, 22.300274076996534 ], [ 114.200835511765533, 22.300262088877908 ], [ 114.199542590654573, 22.300260394820853 ], [ 114.192326693562975, 22.296769901526741 ], [ 114.186857753485427, 22.294124122842824 ], [ 114.18632713832784, 22.293867405215156 ], [ 114.181365116681732, 22.291466593481644 ], [ 114.175926757669544, 22.288835038693207 ], [ 114.17493940513495, 22.288357239833953 ], [ 114.174301637332718, 22.28804860799179 ], [ 114.173530799260064, 22.28834184598443 ] ], [ [ 114.149526264546964, 22.322612686175805 ], [ 114.152695490871949, 22.322613188944615 ], [ 114.154973085303993, 22.325056331476265 ], [ 114.155609465027425, 22.324403387119983 ], [ 114.156479426461061, 22.323439510387143 ], [ 114.156738199709167, 22.323135609139012 ], [ 114.156479426461061, 22.323439510387161 ], [ 114.155609465027439, 22.32440338711999 ], [ 114.154973085303993, 22.325056331476272 ], [ 114.152695490871935, 22.322613188944629 ], [ 114.149526264546964, 22.322612686175813 ], [ 114.149526264337666, 22.322611241346245 ], [ 114.149526264546964, 22.322612686175805 ] ], [ [ 114.156889231096201, 22.322913086958078 ], [ 114.157349177901082, 22.3222940778431 ], [ 114.157674572312985, 22.321832093516342 ], [ 114.157349177901139, 22.322294077843107 ], [ 114.156889231096216, 22.322913086958078 ], [ 114.156738199709167, 22.323135609139012 ], [ 114.156889231096201, 22.322913086958078 ] ], [ [ 114.157953402765187, 22.321959574955454 ], [ 114.158188220515157, 22.321982359215681 ], [ 114.158392709883032, 22.321980359747418 ], [ 114.158509829770935, 22.322012431623065 ], [ 114.158576784985001, 22.322052490908291 ], [ 114.158509829770935, 22.322012431623083 ], [ 114.158392709883032, 22.321980359747453 ], [ 114.158188220515157, 22.321982359215696 ], [ 114.157953402765202, 22.321959574955493 ], [ 114.157674572312985, 22.321832093516342 ], [ 114.157953402765187, 22.321959574955454 ] ], [ [ 114.155588302452657, 22.325747656905857 ], [ 114.155588299197362, 22.325747653741889 ], [ 114.154973085303993, 22.325056331476272 ], [ 114.155588302452657, 22.325747656905857 ] ], [ [ 114.158914637339493, 22.322521856371022 ], [ 114.159012451864399, 22.322785876462785 ], [ 114.158914637339493, 22.322521856371011 ], [ 114.158914637339493, 22.322521856371022 ] ], [ [ 114.158924262040543, 22.323769081237774 ], [ 114.158924262040543, 22.323769081237778 ], [ 114.159005004413302, 22.323648468554676 ], [ 114.158924262040543, 22.323769081237774 ] ], [ [ 114.163451159014997, 22.32632375663249 ], [ 114.163450992437163, 22.326323750703292 ], [ 114.161877303355283, 22.326267728789773 ], [ 114.163451159014997, 22.32632375663249 ] ], [ [ 114.174256131608985, 22.316978213117185 ], [ 114.174262076007111, 22.316965310169245 ], [ 114.174578451982967, 22.316279167955877 ], [ 114.174262076007111, 22.316965310169262 ], [ 114.174256131608985, 22.316978213117199 ], [ 114.174097082466162, 22.317323160310028 ], [ 114.174256131608985, 22.316978213117185 ] ], [ [ 114.181329335771949, 22.307456240293906 ], [ 114.18132399274316, 22.307461614059378 ], [ 114.181323988197718, 22.307461609395578 ], [ 114.180638309569616, 22.308150043428856 ], [ 114.181329335771949, 22.307456240293906 ] ], [ [ 114.18349710307956, 22.303926172610929 ], [ 114.183179627743499, 22.304096566323562 ], [ 114.183171938603294, 22.304100693186061 ], [ 114.18349710307956, 22.303926172610929 ] ], [ [ 114.18660739059024, 22.301025869975501 ], [ 114.186604548814245, 22.301035695467316 ], [ 114.186589420569476, 22.301088001377558 ], [ 114.18660739059024, 22.301025869975501 ] ], [ [ 114.16807329699013, 22.303051078380783 ], [ 114.168074501258857, 22.303040919779964 ], [ 114.168074501368224, 22.30304091978681 ], [ 114.16807329699013, 22.303051078380783 ] ], [ [ 114.17055495201231, 22.310837276269126 ], [ 114.171046887470993, 22.310921947032082 ], [ 114.171046887388826, 22.310921947435475 ], [ 114.17055495201231, 22.310837276269126 ] ], [ [ 114.215341158313592, 22.308073090988241 ], [ 114.215338188780208, 22.308076408355323 ], [ 114.215341158313578, 22.308073090988255 ], [ 114.215367889828514, 22.308027452988469 ], [ 114.215341158313592, 22.308073090988241 ] ], [ [ 114.212962978569067, 22.309763083751612 ], [ 114.213108871990414, 22.30962570472801 ], [ 114.212962978569067, 22.309763083751616 ], [ 114.212962978569067, 22.309763083751612 ] ], [ [ 114.210491860212358, 22.313879944367095 ], [ 114.210491860212358, 22.313879944367113 ], [ 114.209590164471962, 22.313036934064712 ], [ 114.210491860212358, 22.313879944367095 ] ], [ [ 114.210813795165919, 22.315486520067505 ], [ 114.210813795165905, 22.315486520067509 ], [ 114.209827740285547, 22.314517325092758 ], [ 114.210813795165919, 22.315486520067505 ] ], [ [ 114.210863901425938, 22.316029465202767 ], [ 114.210863901425924, 22.316029465202774 ], [ 114.2105670574513, 22.315731011803951 ], [ 114.210567057451328, 22.315731011803937 ], [ 114.210863901425938, 22.316029465202767 ] ], [ [ 114.208778751288207, 22.317141853876279 ], [ 114.20867291356447, 22.317223240548195 ], [ 114.208778751288207, 22.317141853876269 ], [ 114.208825088388394, 22.317120285697179 ], [ 114.208778751288207, 22.317141853876279 ] ], [ [ 114.205003400172899, 22.320846343610761 ], [ 114.204978356005569, 22.320882217472558 ], [ 114.205003400172856, 22.320846343610782 ], [ 114.205099564649586, 22.320761011788722 ], [ 114.205003400172899, 22.320846343610761 ] ], [ [ 114.202916725268096, 22.3227977339325 ], [ 114.202810719466754, 22.322774207819602 ], [ 114.202916725268111, 22.322797733932497 ], [ 114.203109948724816, 22.322808783261529 ], [ 114.202916725268096, 22.3227977339325 ] ], [ [ 114.201710056809773, 22.323766427242735 ], [ 114.201710056809773, 22.323766427242731 ], [ 114.202151717530526, 22.323638359291913 ], [ 114.201710056809773, 22.323766427242735 ] ], [ [ 114.204787062946892, 22.331173808927936 ], [ 114.204810149792863, 22.329679078097229 ], [ 114.204818989501064, 22.329106753330958 ], [ 114.204787062946892, 22.331173808927936 ] ], [ [ 114.204796848108657, 22.33249932978725 ], [ 114.204790903356781, 22.334350155386797 ], [ 114.204796848108643, 22.332499329787257 ], [ 114.204773961341459, 22.33202230240224 ], [ 114.204773961341459, 22.332022302402233 ], [ 114.204796848108657, 22.33249932978725 ] ], [ [ 114.204771793272727, 22.334880056338903 ], [ 114.204930722285368, 22.334761502540957 ], [ 114.205267982775908, 22.334471336429608 ], [ 114.206315386765681, 22.333610530770425 ], [ 114.207052050143417, 22.333005101924737 ], [ 114.206315386765667, 22.333610530770471 ], [ 114.205267982775908, 22.334471336429633 ], [ 114.204930722285383, 22.334761502540953 ], [ 114.204771793272727, 22.334880056338932 ], [ 114.204653522603834, 22.33495640357744 ], [ 114.204771793272727, 22.334880056338903 ] ], [ [ 114.207946949703043, 22.33371397345957 ], [ 114.208051320477963, 22.333808205526271 ], [ 114.20818481483083, 22.333913729145202 ], [ 114.208051320477963, 22.333808205526307 ], [ 114.207946949703043, 22.333713973459577 ], [ 114.207433579493809, 22.333172989076399 ], [ 114.207946949703043, 22.33371397345957 ] ], [ [ 114.208389904829147, 22.334048019176439 ], [ 114.2102152905168, 22.33437182576332 ], [ 114.208389904829147, 22.334048019176461 ], [ 114.20818481483083, 22.333913729145202 ], [ 114.208389904829147, 22.334048019176439 ] ], [ [ 114.214134757999361, 22.332294866520861 ], [ 114.214182356690529, 22.332294341026486 ], [ 114.214134757999403, 22.332294866520861 ], [ 114.214029312801344, 22.332308020741056 ], [ 114.214134757999361, 22.332294866520861 ] ], [ [ 114.218284032403005, 22.333049338487214 ], [ 114.218145085966825, 22.333867444936654 ], [ 114.218284032403005, 22.333049338487214 ], [ 114.218284032403005, 22.333049338487214 ] ], [ [ 114.226610955582487, 22.326743911398186 ], [ 114.228673260610066, 22.325875768972683 ], [ 114.226610960001125, 22.326743915647885 ], [ 114.226610957622469, 22.326743913594346 ], [ 114.225232236458396, 22.327329628158097 ], [ 114.226610955582487, 22.326743911398186 ] ], [ [ 114.231826419440551, 22.318594133974347 ], [ 114.232695406856465, 22.318758193694219 ], [ 114.232695406824604, 22.318758193828124 ], [ 114.231826419440551, 22.318594133974347 ] ], [ [ 114.188874325840985, 22.323448738240671 ], [ 114.18887432391341, 22.323448739077762 ], [ 114.188832450808363, 22.323359555851248 ], [ 114.188874325840985, 22.323448738240671 ] ], [ [ 114.181653925031881, 22.307720069579329 ], [ 114.181696749427829, 22.307752989023086 ], [ 114.181653927082664, 22.307720071395952 ], [ 114.181650518008965, 22.307717251747171 ], [ 114.181653925031881, 22.307720069579329 ] ], [ [ 114.181836738567213, 22.307860597966592 ], [ 114.181848876531376, 22.30786850930647 ], [ 114.181836737505733, 22.307860597966616 ], [ 114.181790133785839, 22.307824773683045 ], [ 114.181836738567213, 22.307860597966592 ] ], [ [ 114.184553000302955, 22.319352499643436 ], [ 114.184540266218349, 22.319355327977124 ], [ 114.1845530003161, 22.319352499507719 ], [ 114.184566345899341, 22.319350810534633 ], [ 114.184553000302955, 22.319352499643436 ] ], [ [ 114.184478520874933, 22.319369882311172 ], [ 114.184475955319229, 22.319370564562771 ], [ 114.184463824045935, 22.319374510770377 ], [ 114.184475955319229, 22.319370564506325 ], [ 114.184478520874933, 22.319369882311172 ] ], [ [ 114.186852754883304, 22.301079724009174 ], [ 114.186860481600931, 22.301081922043505 ], [ 114.186788236000709, 22.301062538424638 ], [ 114.186852754883304, 22.301079724009174 ] ], [ [ 114.188085484757337, 22.303365276627844 ], [ 114.188085484743084, 22.303365276636331 ], [ 114.18801132967441, 22.303266930040543 ], [ 114.188085484757337, 22.303365276627844 ] ], [ [ 114.155909386544621, 22.340117898899301 ], [ 114.15596265009394, 22.340176140448506 ], [ 114.155962648884, 22.340176141383374 ], [ 114.155909386544621, 22.340117898899301 ] ], [ [ 114.157950126087613, 22.340465077117809 ], [ 114.156985826658016, 22.339385818094595 ], [ 114.155826604060778, 22.338088655538947 ], [ 114.156985826658072, 22.339385817643034 ], [ 114.157844958961704, 22.340347373466511 ], [ 114.157950126087613, 22.340465077117809 ] ], [ [ 114.151736709995291, 22.33185866471084 ], [ 114.152257293317959, 22.332433739544751 ], [ 114.154236604398506, 22.330910460320098 ], [ 114.152257293317362, 22.332433742856001 ], [ 114.151736709995291, 22.33185866471084 ] ], [ [ 114.150571899219187, 22.330514504111317 ], [ 114.150571899266694, 22.330514504076124 ], [ 114.151736709995291, 22.33185866471084 ], [ 114.150571899219187, 22.330514504111317 ] ], [ [ 114.148429807857468, 22.330941650514713 ], [ 114.148276111841255, 22.330644445750444 ], [ 114.147813927877806, 22.32975071568297 ], [ 114.148276112508256, 22.330644445451885 ], [ 114.148429807857468, 22.330941650514713 ] ], [ [ 114.153981325681187, 22.337904907236844 ], [ 114.153988467975992, 22.337898919218379 ], [ 114.153981325809184, 22.337904907140224 ], [ 114.153949914249253, 22.337931242328015 ], [ 114.153981325681187, 22.337904907236844 ] ], [ [ 114.162261359331424, 22.337565588641247 ], [ 114.162374072924294, 22.337677740404573 ], [ 114.162437227599113, 22.337738640120691 ], [ 114.162659918233544, 22.33795336973699 ], [ 114.16237406807069, 22.337677740404128 ], [ 114.162261359331424, 22.337565588641247 ] ], [ [ 114.167377321858581, 22.333786671730216 ], [ 114.167001758825535, 22.334072241421499 ], [ 114.167377321858737, 22.333786669221766 ], [ 114.167377322923372, 22.333786668410013 ], [ 114.16797392180257, 22.334456433444466 ], [ 114.167377321858581, 22.333786671730216 ] ], [ [ 114.168755397199718, 22.332551763495076 ], [ 114.168749771672225, 22.331568609862735 ], [ 114.168755398413126, 22.332551762874267 ], [ 114.168755778160588, 22.332615589450292 ], [ 114.168755397199718, 22.332551763495076 ] ], [ [ 114.160244879677521, 22.341321514594451 ], [ 114.160244886301257, 22.34132150919713 ], [ 114.160273364312147, 22.341297281521967 ], [ 114.160244886413025, 22.341321509321485 ], [ 114.160244879677521, 22.341321514594451 ] ], [ [ 114.162955063702981, 22.339363571803499 ], [ 114.162978910096626, 22.339328870965197 ], [ 114.163041248881854, 22.339239826714063 ], [ 114.162978910703373, 22.339328870965257 ], [ 114.162955063702981, 22.339363571803499 ] ], [ [ 114.163128673062374, 22.338951175313053 ], [ 114.163132449614352, 22.338930971774047 ], [ 114.163133705997126, 22.338921347083215 ], [ 114.163132449674947, 22.338930972394891 ], [ 114.163128673062374, 22.338951175313053 ] ], [ [ 114.198629145952964, 22.339352262138661 ], [ 114.198652157353735, 22.339349979273507 ], [ 114.198657402160336, 22.339349466740956 ], [ 114.198652161722649, 22.339349983336689 ], [ 114.198629145952964, 22.339352262138661 ] ], [ [ 114.194842114939306, 22.3346885529301 ], [ 114.194839226816512, 22.334688010702642 ], [ 114.194842117851394, 22.334688552929791 ], [ 114.19484221951474, 22.334688571833784 ], [ 114.194842114939306, 22.3346885529301 ] ], [ [ 114.194467130005563, 22.334331136668641 ], [ 114.194467130288373, 22.334331136391377 ], [ 114.194512750498987, 22.334394481355119 ], [ 114.194467130005563, 22.334331136668641 ] ], [ [ 114.206975048639435, 22.339384791379846 ], [ 114.207740639641145, 22.340151620289149 ], [ 114.206975047321166, 22.339384790238494 ], [ 114.206553059735683, 22.338981931971261 ], [ 114.206975048639435, 22.339384791379846 ] ], [ [ 114.208364728933773, 22.340799506659138 ], [ 114.208398125938075, 22.340858587174196 ], [ 114.208364728903447, 22.340799506659145 ], [ 114.208328014692015, 22.340749927844193 ], [ 114.208364728933773, 22.340799506659138 ] ] ] } },
{ "type": "Feature", "properties": { "region": "Nuevos Territorios", "area_km2": 2542.02 }, "geometry": { "type": "MultiPolygon", "coordinates": [ [ [ [ 114.456059590217706, 22.466226297332195 ], [ 114.502468994935441, 22.365128477242074 ], [ 114.502466382252052, 22.29327879289605 ], [ 114.502462665155136, 22.148458256333889 ], [ 114.309243803656884, 22.148473931395223 ], [ 114.284014628325195, 22.148459083213165 ], [ 114.255178602744621, 22.138550652561324 ], [ 114.236008958973642, 22.14846550364171 ], [ 114.006047128872481, 22.148519960010262 ], [ 113.939560619526219, 22.148475291258165 ], [ 113.922384346814042, 22.136718493989559 ], [ 113.896559516801759, 22.142528091418999 ], [ 113.832383562725198, 22.183864945652299 ], [ 113.817228431476053, 22.217326936978637 ], [ 113.826389287856088, 22.239281930579601 ], [ 113.83899936620179, 22.267727770152831 ], [ 113.847388921607916, 22.273118172969266 ], [ 113.859175733659228, 22.305797051091297 ], [ 113.865868616462095, 22.324345974421206 ], [ 113.869112016243704, 22.333333012256801 ], [ 113.869120819238816, 22.428809895301555 ], [ 113.874232169645197, 22.431640733270065 ], [ 113.930518802204162, 22.424422681345739 ], [ 113.937916546133494, 22.423472495927314 ], [ 113.930518802204219, 22.424422681345749 ], [ 113.874232169645182, 22.43164073327009 ], [ 113.94780638111726, 22.472357976207597 ], [ 113.966860495139926, 22.487566953696067 ], [ 113.995057459523636, 22.510063513126752 ], [ 113.995224574607661, 22.510157680499027 ], [ 113.995423365789947, 22.510191497436505 ], [ 113.995974632615429, 22.5102260715474 ], [ 113.996538262856376, 22.51021544265399 ], [ 113.997156471034899, 22.510171090147235 ], [ 113.997550479129401, 22.51010959006144 ], [ 113.998071805201917, 22.509997552049363 ], [ 113.998356753389643, 22.50991340720455 ], [ 113.998508617998525, 22.509858472224938 ], [ 113.999511365184503, 22.509355234249572 ], [ 113.999786832980519, 22.509188746701369 ], [ 114.000122154785458, 22.509011198962352 ], [ 114.000756949876902, 22.508611587691107 ], [ 114.001703218776314, 22.507956573236061 ], [ 114.002146464869597, 22.507601213466831 ], [ 114.002517849076568, 22.507290276284124 ], [ 114.003428406954725, 22.506468413138801 ], [ 114.003919689225526, 22.505968560191672 ], [ 114.004279197766422, 22.505579764412452 ], [ 114.005118164873878, 22.504568782225455 ], [ 114.006303427055954, 22.503494805427465 ], [ 114.007560898115884, 22.50243835125012 ], [ 114.008523428006811, 22.501801039530875 ], [ 114.009858879416498, 22.501164108905247 ], [ 114.011194070052269, 22.500727776392889 ], [ 114.011625970452386, 22.500655272572867 ], [ 114.011998889730236, 22.500655654550034 ], [ 114.012190376866641, 22.500694355831278 ], [ 114.012445320118758, 22.500705308120299 ], [ 114.013384226258566, 22.500872566625098 ], [ 114.014445932892656, 22.501152832092881 ], [ 114.016647478743266, 22.501956851347167 ], [ 114.017947142030039, 22.502591490693803 ], [ 114.019115791024831, 22.503162140472028 ], [ 114.020424275563784, 22.503831536806707 ], [ 114.021541483015795, 22.504539424314213 ], [ 114.024538364179747, 22.506618167531283 ], [ 114.025424774505737, 22.506767706181282 ], [ 114.028101786764509, 22.506649807530419 ], [ 114.031905292249348, 22.506324226270163 ], [ 114.037147451766984, 22.505680125112157 ], [ 114.040848247159417, 22.505069353265313 ], [ 114.042617620832559, 22.504558183162445 ], [ 114.04306563419118, 22.50444194665431 ], [ 114.044043179485229, 22.504281202129619 ], [ 114.045352652733783, 22.504074749306429 ], [ 114.04655858687758, 22.503734670005549 ], [ 114.047832452854351, 22.503130582168833 ], [ 114.048550969184888, 22.502789849731894 ], [ 114.049424116070725, 22.502514475108178 ], [ 114.050390276984189, 22.502367201414962 ], [ 114.05110598085227, 22.502354667534799 ], [ 114.051787542337777, 22.502418455796629 ], [ 114.052674045549423, 22.502620049266977 ], [ 114.053261427411556, 22.502834529824199 ], [ 114.054851357508582, 22.50350066615464 ], [ 114.055623689910533, 22.50393236824663 ], [ 114.056366006509933, 22.504654858341041 ], [ 114.05681302438748, 22.50542032652341 ], [ 114.056962132635419, 22.505858744751176 ], [ 114.057082883083893, 22.506792403441043 ], [ 114.057144717388709, 22.508099685852475 ], [ 114.057308846199533, 22.50934004767819 ], [ 114.057638702183397, 22.510454016454396 ], [ 114.05797390411324, 22.511209961429305 ], [ 114.058445030715035, 22.512016205435273 ], [ 114.059535314438563, 22.513333314472618 ], [ 114.060832689191102, 22.514375933890658 ], [ 114.063694359739472, 22.516258534108388 ], [ 114.064086391005716, 22.516487232110187 ], [ 114.064431095025512, 22.516648069074535 ], [ 114.064790586755564, 22.51678073183183 ], [ 114.065235769324289, 22.516899591596893 ], [ 114.065715442547415, 22.516976473725403 ], [ 114.066637763437754, 22.517075005759903 ], [ 114.068285911683489, 22.517227085890621 ], [ 114.069297406364427, 22.517411559599743 ], [ 114.070105408211006, 22.51763802786666 ], [ 114.070777941652622, 22.517835180652163 ], [ 114.071527818417181, 22.518043578884598 ], [ 114.071655124055582, 22.518074437573265 ], [ 114.071959582277387, 22.518092534355791 ], [ 114.072254035493813, 22.518050617308091 ], [ 114.072548333039549, 22.517943906770856 ], [ 114.072865744406656, 22.517784301725936 ], [ 114.073885917980135, 22.517248951032304 ], [ 114.074519031052915, 22.516681263438425 ], [ 114.074881666046011, 22.516239086880738 ], [ 114.075260601586109, 22.51568631584378 ], [ 114.075466236403742, 22.515490378134416 ], [ 114.075680086480517, 22.515357377937075 ], [ 114.076147800490844, 22.515199224278053 ], [ 114.076623697075988, 22.51514924910521 ], [ 114.077097890729334, 22.515237056799833 ], [ 114.077713809499798, 22.515361135082347 ], [ 114.078059159010024, 22.515480060497822 ], [ 114.078906234249828, 22.515889635424809 ], [ 114.080518750144279, 22.516981458169923 ], [ 114.08251634004894, 22.518574865570734 ], [ 114.083104995045616, 22.519246463342089 ], [ 114.083984273357899, 22.520307507649385 ], [ 114.084114227203415, 22.520484767277342 ], [ 114.084684379130934, 22.521262401063449 ], [ 114.085075052057334, 22.521929245444102 ], [ 114.085319112465882, 22.522505105949314 ], [ 114.085335073814718, 22.523020233816695 ], [ 114.085302222751508, 22.523414128427756 ], [ 114.085122694089335, 22.523807939510476 ], [ 114.084829087820552, 22.524216838147563 ], [ 114.084192785661244, 22.524753336967574 ], [ 114.083736659230411, 22.525049495263243 ], [ 114.081916548069074, 22.526062017442797 ], [ 114.080606599182772, 22.526620254695882 ], [ 114.07967719535722, 22.527301479036336 ], [ 114.078682791655297, 22.528463786428752 ], [ 114.07840489919684, 22.528906663823083 ], [ 114.078339338339433, 22.529421742024258 ], [ 114.078501927182117, 22.529967247520645 ], [ 114.078989221512344, 22.530353113375021 ], [ 114.079559589655403, 22.530699709837542 ], [ 114.081001158914304, 22.531156715750466 ], [ 114.083274889676716, 22.531729403903817 ], [ 114.084540405524564, 22.532105038653516 ], [ 114.085247244425432, 22.532379369096649 ], [ 114.0855820140318, 22.53263726736909 ], [ 114.08594773284176, 22.532959324986887 ], [ 114.086316213406491, 22.533416612777376 ], [ 114.087068444379469, 22.534495456296437 ], [ 114.087705591306815, 22.535345683460832 ], [ 114.088473380015259, 22.536145996872701 ], [ 114.088995629326874, 22.536474806779669 ], [ 114.089607557179718, 22.536712303632012 ], [ 114.090246202056647, 22.53683852257037 ], [ 114.090839318319311, 22.5369114536749 ], [ 114.091791972650469, 22.537011944009802 ], [ 114.092214557518105, 22.536997880813182 ], [ 114.092721713765329, 22.536891019765552 ], [ 114.093372897261261, 22.536605584571809 ], [ 114.093819187872825, 22.53635193632228 ], [ 114.094259770697548, 22.536000060818473 ], [ 114.095338624348429, 22.534933494777714 ], [ 114.095719477925996, 22.534607176938067 ], [ 114.096234393506904, 22.534343189640484 ], [ 114.096678847656861, 22.534184423341795 ], [ 114.09727814329618, 22.534113308764255 ], [ 114.097894022604791, 22.534144035334421 ], [ 114.100859307597673, 22.534745366910609 ], [ 114.102756522623494, 22.535114175049181 ], [ 114.10314676540105, 22.535161357205993 ], [ 114.103278881699069, 22.535164117731359 ], [ 114.103370752049798, 22.535022003955103 ], [ 114.103347312649447, 22.534548513993148 ], [ 114.10314630005692, 22.53387672659807 ], [ 114.102980846344721, 22.533171913171564 ], [ 114.102827140318141, 22.53264329610699 ], [ 114.102673384566089, 22.53219177095438 ], [ 114.102652151319305, 22.53196099052407 ], [ 114.102673608014697, 22.531773340665858 ], [ 114.102759611765933, 22.531637536687771 ], [ 114.102932353546379, 22.531574367522477 ], [ 114.103351041786979, 22.531561185305783 ], [ 114.103562073106076, 22.531608573489869 ], [ 114.103795773400918, 22.5317851689409 ], [ 114.103795768290667, 22.531794885597808 ], [ 114.103940922535983, 22.531972126927915 ], [ 114.104295969394002, 22.532555882891998 ], [ 114.104449686657802, 22.533073490578996 ], [ 114.104484906477907, 22.533668118893338 ], [ 114.104550408906377, 22.534278202661746 ], [ 114.104595023517277, 22.534436100300923 ], [ 114.10465750098912, 22.534602304829832 ], [ 114.104827880044851, 22.534714348468807 ], [ 114.105100285000191, 22.534780545209816 ], [ 114.105289939125669, 22.534745853775458 ], [ 114.105569083883097, 22.534616997172989 ], [ 114.106237606542265, 22.534417666968594 ], [ 114.106972006824648, 22.534429004539369 ], [ 114.107483612917434, 22.534616415982327 ], [ 114.107744074759722, 22.534891809212795 ], [ 114.108039970775408, 22.53534340831084 ], [ 114.108335583940388, 22.536411635021935 ], [ 114.108619746512872, 22.536676028879715 ], [ 114.108998762891716, 22.536753263147222 ], [ 114.109306800837004, 22.536621260682601 ], [ 114.109709763256902, 22.536169966084145 ], [ 114.109911394750313, 22.53563048674571 ], [ 114.109912089987603, 22.53418800605187 ], [ 114.109759218084662, 22.531875549227141 ], [ 114.109771408896719, 22.531148809514448 ], [ 114.109923953163673, 22.53083136576171 ], [ 114.110292890885916, 22.530508150773354 ], [ 114.110743162679384, 22.53017799691246 ], [ 114.111418059343492, 22.529882104105173 ], [ 114.112042672586043, 22.529702580472399 ], [ 114.112348092777751, 22.529620680425076 ], [ 114.113055495478548, 22.529776167064885 ], [ 114.113191793489975, 22.529806599142162 ], [ 114.113861687311314, 22.530217003371988 ], [ 114.114290155885982, 22.530426954657059 ], [ 114.115470222830254, 22.530954637232725 ], [ 114.115552606107968, 22.531019587848498 ], [ 114.115617411555277, 22.531201375495549 ], [ 114.115630136110724, 22.531509803063066 ], [ 114.115624736732173, 22.531850552392047 ], [ 114.115585472515676, 22.53289124052376 ], [ 114.115581953672518, 22.533353818991642 ], [ 114.115518623932715, 22.534010635575886 ], [ 114.115517360583851, 22.534229937177884 ], [ 114.115571540197266, 22.534416949297452 ], [ 114.11573837167181, 22.53470192933435 ], [ 114.115943487547383, 22.53480373399092 ], [ 114.116281454770956, 22.534895375111837 ], [ 114.116544581858903, 22.534984440937787 ], [ 114.11696317592947, 22.535143061836571 ], [ 114.117232171717035, 22.535127475989981 ], [ 114.117500923359259, 22.535068878043901 ], [ 114.118291757332116, 22.534713760218441 ], [ 114.118843280438043, 22.534654549265881 ], [ 114.119558584405951, 22.534635236717723 ], [ 114.119964879142543, 22.534568086658663 ], [ 114.120451380445402, 22.534430201864289 ], [ 114.120761410795737, 22.534379893755649 ], [ 114.120847592122502, 22.534487159192967 ], [ 114.120888567813665, 22.534627017469809 ], [ 114.12085159799274, 22.534726157868992 ], [ 114.120734286881756, 22.534891435648511 ], [ 114.120357313089798, 22.535333339439504 ], [ 114.12032391156076, 22.535668236317214 ], [ 114.120615281840983, 22.535998451870693 ], [ 114.120901437116103, 22.536102021356239 ], [ 114.121298975952627, 22.535964202414767 ], [ 114.121571250858665, 22.53569933666358 ], [ 114.121876932967112, 22.535269686984972 ], [ 114.122004149543969, 22.535225382336211 ], [ 114.122178063657117, 22.535260145148857 ], [ 114.122337972227442, 22.535388087220444 ], [ 114.122400085037498, 22.53554790933288 ], [ 114.122417344973982, 22.535708375469795 ], [ 114.122316526976135, 22.536008889455513 ], [ 114.121934769944758, 22.536407846920689 ], [ 114.121425751036298, 22.537003838013678 ], [ 114.121240103122418, 22.537353582583911 ], [ 114.121226271071095, 22.537496410823575 ], [ 114.121247268979687, 22.537665746139165 ], [ 114.121409463738786, 22.537964607282877 ], [ 114.121631965090856, 22.53820117052997 ], [ 114.121975483808271, 22.538493735839165 ], [ 114.122335115311813, 22.538728475524056 ], [ 114.122601726035668, 22.538837318093343 ], [ 114.122943949896012, 22.538993929011514 ], [ 114.123388510789667, 22.539174241771025 ], [ 114.123587199131578, 22.539236526747747 ], [ 114.124345099677839, 22.539231845258524 ], [ 114.124778925094503, 22.539583104160567 ], [ 114.125031578093399, 22.539826237488985 ], [ 114.125031448288254, 22.540174059280332 ], [ 114.12517071925312, 22.540609429934758 ], [ 114.12546395995777, 22.541066992096894 ], [ 114.125600023113435, 22.541191708430997 ], [ 114.125751481017687, 22.541275025408545 ], [ 114.125885091613583, 22.541329078274799 ], [ 114.12639726154363, 22.541148714065439 ], [ 114.126465026777225, 22.54107557144583 ], [ 114.126477205822354, 22.541000307334389 ], [ 114.126447184029999, 22.540925896920779 ], [ 114.126388419102625, 22.540870143212654 ], [ 114.126119151464678, 22.5408038390221 ], [ 114.125874262063448, 22.540772760451787 ], [ 114.125656435533159, 22.540640360617875 ], [ 114.125582367549839, 22.540537580736512 ], [ 114.125554829670804, 22.540451287009763 ], [ 114.125668224174262, 22.540174795874709 ], [ 114.126019424963857, 22.539913713473933 ], [ 114.126309152223428, 22.539771775450234 ], [ 114.126540248188263, 22.539526935842865 ], [ 114.126921617586973, 22.53930100698614 ], [ 114.127151759145818, 22.539273066093109 ], [ 114.127259145990934, 22.539284188489393 ], [ 114.127744275887054, 22.539532057739724 ], [ 114.127939110245308, 22.539668926830522 ], [ 114.12813392423584, 22.539864944446464 ], [ 114.128511651535149, 22.540183025880772 ], [ 114.128638902622313, 22.54024222185414 ], [ 114.128778070377024, 22.540334698111941 ], [ 114.128980816881182, 22.540593577295404 ], [ 114.129207326513296, 22.541126064653415 ], [ 114.129397596856975, 22.541372712507755 ], [ 114.129444838531981, 22.54161334899727 ], [ 114.129343517995295, 22.541880156760548 ], [ 114.129354969911148, 22.542078936076262 ], [ 114.129526995522269, 22.542151762305661 ], [ 114.129830955626247, 22.54224085448763 ], [ 114.13004749033729, 22.542273806131572 ], [ 114.130205762503493, 22.542196462044764 ], [ 114.130351576758898, 22.541987533057021 ], [ 114.130430728790088, 22.541900485332125 ], [ 114.130653307285186, 22.541736648639624 ], [ 114.130909710547584, 22.541618126535514 ], [ 114.131109605758937, 22.541608502954936 ], [ 114.131299045928586, 22.541701424760731 ], [ 114.131505105291438, 22.541927882730715 ], [ 114.131717410288886, 22.542142711100176 ], [ 114.131908924173118, 22.542289814829285 ], [ 114.132052566294178, 22.542357582466011 ], [ 114.132121285200853, 22.54233438456966 ], [ 114.132183752171528, 22.542284084845967 ], [ 114.132269171306504, 22.542173820943177 ], [ 114.1323150185857, 22.542050000528764 ], [ 114.132342137711305, 22.5418797408886 ], [ 114.132419197706312, 22.541794624097417 ], [ 114.132529509911535, 22.541754776518648 ], [ 114.132652919471909, 22.541737165170822 ], [ 114.132793702997688, 22.541744554480442 ], [ 114.132953655656721, 22.541787627789567 ], [ 114.133147549942436, 22.541879880388361 ], [ 114.133312979054551, 22.541913355570955 ], [ 114.133373249790935, 22.541889522727701 ], [ 114.133548574410355, 22.541583314892801 ], [ 114.133818345280559, 22.54132834322818 ], [ 114.134181215602851, 22.541109327561504 ], [ 114.13429508974265, 22.541116753570918 ], [ 114.134382464062071, 22.541153701737844 ], [ 114.134456598581721, 22.541220193659878 ], [ 114.134562445717606, 22.541505797151736 ], [ 114.134708010609287, 22.541774172043496 ], [ 114.134857219550099, 22.541920791609783 ], [ 114.134983353758273, 22.542022894464782 ], [ 114.135054199755274, 22.5420684529109 ], [ 114.135490232840652, 22.542243844570216 ], [ 114.135614957619779, 22.542347879058291 ], [ 114.13574150026254, 22.542518395306562 ], [ 114.13598483329173, 22.542768859700409 ], [ 114.136191372573123, 22.542915095230082 ], [ 114.136816079586254, 22.543379935295292 ], [ 114.136989332640923, 22.543530965648468 ], [ 114.137125092902309, 22.543603756699003 ], [ 114.137227842423513, 22.543629924878175 ], [ 114.137396912347924, 22.543622615725756 ], [ 114.137905132070586, 22.543534901397379 ], [ 114.13801749191542, 22.54354205349582 ], [ 114.13823966195298, 22.543565838705817 ], [ 114.13836353809856, 22.543551627533926 ], [ 114.138466962017475, 22.543530286448039 ], [ 114.13877852650613, 22.543501878770588 ], [ 114.138873016860273, 22.54347816032897 ], [ 114.139099004057925, 22.543443166748801 ], [ 114.139259064047693, 22.54339155969031 ], [ 114.139319709133005, 22.543348101774406 ], [ 114.139356667554807, 22.543286911753103 ], [ 114.139431427305752, 22.543102664994787 ], [ 114.139472612501763, 22.54304881759731 ], [ 114.139574788414194, 22.542966629050269 ], [ 114.139925767742767, 22.542954943440289 ], [ 114.140137069898444, 22.542899933785339 ], [ 114.140442475308603, 22.542774056971382 ], [ 114.140628510846668, 22.542718815191456 ], [ 114.140755916988567, 22.542696574993325 ], [ 114.140867182712526, 22.542722182879899 ], [ 114.140956396104869, 22.542800820983306 ], [ 114.141027558070348, 22.542836615065987 ], [ 114.141183944641426, 22.542850077929323 ], [ 114.141445829064054, 22.542711411618548 ], [ 114.141667039865865, 22.542451151430562 ], [ 114.141769715636457, 22.542346006454412 ], [ 114.14183686574323, 22.542215162353372 ], [ 114.141880036690651, 22.542069160093344 ], [ 114.14191837243645, 22.542014543862734 ], [ 114.141982437305998, 22.541974011508294 ], [ 114.14207247756724, 22.541934649658863 ], [ 114.142196038048908, 22.5419313892716 ], [ 114.142322903273097, 22.541969416237059 ], [ 114.142453024560353, 22.542049489085578 ], [ 114.142566685011857, 22.542100489641005 ], [ 114.14269378020424, 22.542113646792156 ], [ 114.142833218395054, 22.54210054620922 ], [ 114.143160740355512, 22.542036517726725 ], [ 114.143209811555465, 22.542007667010072 ], [ 114.143248326630641, 22.541973043683537 ], [ 114.143309666705903, 22.541902123118767 ], [ 114.14344888133337, 22.541887775767346 ], [ 114.143513844408943, 22.541910157404843 ], [ 114.143626813360328, 22.541967649887521 ], [ 114.143961524945439, 22.542041821662423 ], [ 114.144036568354394, 22.542068341046736 ], [ 114.144083756577842, 22.542108499577722 ], [ 114.144171891514475, 22.542149244357756 ], [ 114.144224094527303, 22.542154655097523 ], [ 114.144273037201131, 22.542134193221369 ], [ 114.144305303818513, 22.542088163050948 ], [ 114.144322722922027, 22.542012681917001 ], [ 114.14432617121949, 22.54190021869265 ], [ 114.144280256889772, 22.541734096199431 ], [ 114.144260963976691, 22.541550767244573 ], [ 114.144291941385745, 22.541363845354532 ], [ 114.144305512768184, 22.541196705423332 ], [ 114.144425442177777, 22.540962003841262 ], [ 114.144459882182971, 22.54093259893876 ], [ 114.144516644118255, 22.540896091632792 ], [ 114.144587738488084, 22.540887852165724 ], [ 114.144848250112773, 22.540896157922706 ], [ 114.144955021993496, 22.540929952617773 ], [ 114.145103235334815, 22.541052532759664 ], [ 114.145212062563957, 22.541111648780479 ], [ 114.1454688659026, 22.541227630653321 ], [ 114.145605743574819, 22.541269467792219 ], [ 114.145660379379137, 22.541262795935335 ], [ 114.145721678782579, 22.541236312769374 ], [ 114.145768321783677, 22.541237640216213 ], [ 114.145808974509123, 22.541247427928528 ], [ 114.145850033178462, 22.541267790244227 ], [ 114.145930628264423, 22.541334332311397 ], [ 114.145966652235785, 22.541350422275951 ], [ 114.146042760875673, 22.541351764326137 ], [ 114.146096009195873, 22.541333054604312 ], [ 114.146191971833233, 22.541233278559837 ], [ 114.146217647744578, 22.541181584716938 ], [ 114.146254528853262, 22.54114602119915 ], [ 114.146307195484624, 22.541119572289315 ], [ 114.146417179605194, 22.541092357602754 ], [ 114.146505093336174, 22.541122373016385 ], [ 114.146563723139849, 22.541166659850646 ], [ 114.146566331460306, 22.541242117915775 ], [ 114.146586332336227, 22.541313217595018 ], [ 114.14661779865753, 22.54136651158305 ], [ 114.146683132396689, 22.541429122204239 ], [ 114.146718425933358, 22.541451849167835 ], [ 114.146765327178827, 22.541473097317507 ], [ 114.146841338672161, 22.541474475093221 ], [ 114.14694857768113, 22.541465130587699 ], [ 114.147033827924389, 22.54145066173156 ], [ 114.147123362445654, 22.54144950435192 ], [ 114.147188445430444, 22.541458483495802 ], [ 114.147262644021765, 22.541481985086229 ], [ 114.147366439637153, 22.54148200413794 ], [ 114.147427761409958, 22.541486512474485 ], [ 114.147592636411076, 22.541534150521418 ], [ 114.14772161825978, 22.54159013497587 ], [ 114.147849583670549, 22.541672514844638 ], [ 114.147898312895776, 22.541693275354458 ], [ 114.147977424689103, 22.541746071940711 ], [ 114.148050506930687, 22.541810037946483 ], [ 114.148106907623387, 22.54182515579954 ], [ 114.148152111277, 22.541830329225643 ], [ 114.148200437642359, 22.541825208600809 ], [ 114.148257891392319, 22.54182518269857 ], [ 114.14840469695055, 22.541862847198537 ], [ 114.148502532732081, 22.541867135817416 ], [ 114.148540608784302, 22.541881175678014 ], [ 114.148577184717865, 22.541910061154354 ], [ 114.14863447320576, 22.542005874147065 ], [ 114.148665893558601, 22.542146599527786 ], [ 114.148671806904588, 22.54227703487199 ], [ 114.148658405467089, 22.542350729172206 ], [ 114.148588359613413, 22.542458882358915 ], [ 114.148521377054138, 22.542609135520991 ], [ 114.148438921867324, 22.5428340578414 ], [ 114.148398752280613, 22.54288286878668 ], [ 114.148273917456919, 22.542981160025917 ], [ 114.148253962615001, 22.543011597771926 ], [ 114.148273034592265, 22.543161369421664 ], [ 114.148331938945034, 22.543437816767153 ], [ 114.148504174612015, 22.543919796646239 ], [ 114.148677262346737, 22.54423296323014 ], [ 114.148926359034022, 22.544572493366019 ], [ 114.149245864450748, 22.544895753490916 ], [ 114.149510816207695, 22.545154716703628 ], [ 114.149807644429615, 22.545373879086387 ], [ 114.149920324748734, 22.545493911229141 ], [ 114.150119243018295, 22.545834307005912 ], [ 114.150396598549136, 22.546117372773388 ], [ 114.150525997958667, 22.546255549184885 ], [ 114.150596435612883, 22.546288286649972 ], [ 114.15070066994339, 22.546300837738467 ], [ 114.150938466360728, 22.546289145799641 ], [ 114.151037438100118, 22.546266360098134 ], [ 114.151155020590906, 22.546225507596663 ], [ 114.151207471341252, 22.546215293618875 ], [ 114.151305586342417, 22.546251466712199 ], [ 114.151402859048133, 22.546321873634838 ], [ 114.151599616083459, 22.546438025788461 ], [ 114.151675716434696, 22.546500771491456 ], [ 114.151841139209893, 22.546786806237765 ], [ 114.151949344623262, 22.54693907455983 ], [ 114.15200289129298, 22.547053443066932 ], [ 114.152003844420264, 22.547431471304279 ], [ 114.151964275212578, 22.547655769793504 ], [ 114.151902082265806, 22.547776441616801 ], [ 114.151729088075498, 22.548009903147026 ], [ 114.151636131661462, 22.548093852697118 ], [ 114.151470246912268, 22.548148252465378 ], [ 114.151290183416066, 22.548172109204089 ], [ 114.151170207471779, 22.54816180454171 ], [ 114.151043354124496, 22.548120967110929 ], [ 114.150992153587055, 22.548043866886015 ], [ 114.150982405072938, 22.547978106390133 ], [ 114.150947356859859, 22.547930546985267 ], [ 114.150916549103911, 22.547925936549063 ], [ 114.150856129469446, 22.547968197815223 ], [ 114.150788063201347, 22.548038153869562 ], [ 114.150759099695151, 22.548048913338935 ], [ 114.150723809795451, 22.548046090145949 ], [ 114.150684784563168, 22.548003000056251 ], [ 114.150638952415136, 22.547917041828331 ], [ 114.15065199470699, 22.547837658241274 ], [ 114.150685312474707, 22.547781151800621 ], [ 114.150749030720817, 22.547723304767132 ], [ 114.150755266921564, 22.547595996053982 ], [ 114.150777789249517, 22.547509507113681 ], [ 114.150830853333474, 22.54744558993049 ], [ 114.150987497425817, 22.547362210970963 ], [ 114.151042755795586, 22.547312787764707 ], [ 114.151078561632943, 22.547258611465434 ], [ 114.151112335200779, 22.547154054566082 ], [ 114.151119515684655, 22.547070416705321 ], [ 114.151079628834239, 22.547008624734111 ], [ 114.151003942796393, 22.546965835871411 ], [ 114.150893474095554, 22.546964869900783 ], [ 114.150759472195915, 22.546998115998452 ], [ 114.150563025704102, 22.546987094096458 ], [ 114.150206999796438, 22.547056487875906 ], [ 114.149893837679841, 22.547122510706959 ], [ 114.149839652213245, 22.547152220467588 ], [ 114.149706147674564, 22.547324487851167 ], [ 114.149616515283853, 22.547507960173665 ], [ 114.149587219128819, 22.547678041654397 ], [ 114.14961952458836, 22.547778518680346 ], [ 114.149628417801424, 22.547889349537627 ], [ 114.149538437070618, 22.548160885608571 ], [ 114.149509751829058, 22.548831293058278 ], [ 114.149612423967469, 22.549085288727746 ], [ 114.149722774649192, 22.549251005039558 ], [ 114.14975667286916, 22.549412075851393 ], [ 114.149753872451328, 22.549563974683387 ], [ 114.149664131898632, 22.549796228842407 ], [ 114.149666668616035, 22.549899211232947 ], [ 114.149798157124962, 22.550207185939577 ], [ 114.149849976947507, 22.550399956206213 ], [ 114.149899289628593, 22.550537478435391 ], [ 114.149966312207866, 22.550644444950958 ], [ 114.15005735789903, 22.55075259841427 ], [ 114.150226839659794, 22.550870156374842 ], [ 114.150336867639353, 22.550904264065078 ], [ 114.150431746552314, 22.550898400926787 ], [ 114.150632878568757, 22.550838490464461 ], [ 114.150780278606106, 22.550819198532121 ], [ 114.150983969237728, 22.550800854680901 ], [ 114.151107150762414, 22.550785549961123 ], [ 114.151151139928615, 22.550802922330803 ], [ 114.151186319201969, 22.550829504225675 ], [ 114.15135394304771, 22.551116975497621 ], [ 114.151538231738584, 22.551295407909475 ], [ 114.151625954156373, 22.551403352256887 ], [ 114.151672359286195, 22.551609630442361 ], [ 114.15173906836408, 22.551793968066633 ], [ 114.151748789586478, 22.552067823513134 ], [ 114.151790670899075, 22.552239135487415 ], [ 114.151856297165082, 22.552392300166851 ], [ 114.151846504952715, 22.552457199656363 ], [ 114.151799206473498, 22.55251117563402 ], [ 114.151740798210511, 22.552550087266482 ], [ 114.151647473660901, 22.552556574511531 ], [ 114.151625246143809, 22.552570730590954 ], [ 114.151609374274898, 22.552599543896683 ], [ 114.151605756856497, 22.552657165889482 ], [ 114.151672967160223, 22.552867646412135 ], [ 114.151674412813819, 22.552991127419411 ], [ 114.15165077011153, 22.553088533923798 ], [ 114.151740962185926, 22.553309538343942 ], [ 114.151739539656845, 22.553380290781629 ], [ 114.1517177229411, 22.55348751354812 ], [ 114.151795069305166, 22.553724833730747 ], [ 114.151792623192151, 22.55381091048022 ], [ 114.151758431489156, 22.553909733108931 ], [ 114.151773587092094, 22.554079162568396 ], [ 114.151898805846386, 22.554590958047182 ], [ 114.151946331320332, 22.554846912100448 ], [ 114.151989081128647, 22.554897831722467 ], [ 114.152073024493774, 22.554949516231954 ], [ 114.15220707664767, 22.555003249237586 ], [ 114.152484626448384, 22.555028278450379 ], [ 114.152679199855356, 22.555030592482932 ], [ 114.15272933971211, 22.555021452284727 ], [ 114.152797714870559, 22.554978478147515 ], [ 114.152973276853785, 22.554891795064339 ], [ 114.153120079060571, 22.55480996586612 ], [ 114.153204549066729, 22.554797173296521 ], [ 114.153282603895988, 22.554775006258495 ], [ 114.153531445138441, 22.554673514509879 ], [ 114.153613164312475, 22.554656468040285 ], [ 114.153915020674859, 22.554674644273184 ], [ 114.154084474886304, 22.554594424819317 ], [ 114.154315092800942, 22.554509960480793 ], [ 114.154418697581264, 22.554487805498312 ], [ 114.154592519070732, 22.55457401513377 ], [ 114.154753237712626, 22.554643534727848 ], [ 114.154875570114896, 22.554667870171258 ], [ 114.155123682985405, 22.554676780693956 ], [ 114.155353507429169, 22.554627605296456 ], [ 114.155530659358121, 22.554557056831737 ], [ 114.155697160186108, 22.554455306973605 ], [ 114.155770665991753, 22.554422500397084 ], [ 114.155844120466313, 22.554407429352363 ], [ 114.155906896884474, 22.554411745007048 ], [ 114.155984234543126, 22.554434755314293 ], [ 114.156163950693809, 22.554507427549414 ], [ 114.156191490440165, 22.554531794924632 ], [ 114.156212443642175, 22.554586629790101 ], [ 114.15626303227684, 22.554695460802375 ], [ 114.15630861991184, 22.554764205516292 ], [ 114.156340437897768, 22.554852137916221 ], [ 114.156358182630598, 22.554974139957299 ], [ 114.156362720764562, 22.55512082020849 ], [ 114.156392376031889, 22.555239040049756 ], [ 114.156506409325118, 22.55550819450028 ], [ 114.156589617413616, 22.555682282690366 ], [ 114.156817193040595, 22.555998128946893 ], [ 114.157081261783588, 22.556288125524521 ], [ 114.157122721761809, 22.556400901376165 ], [ 114.157192166274228, 22.556765708109022 ], [ 114.157431658947928, 22.557471087181913 ], [ 114.157645594846414, 22.557814527235234 ], [ 114.157886486301365, 22.558132531736842 ], [ 114.158147043309356, 22.558411003379312 ], [ 114.158302291716566, 22.558645656361126 ], [ 114.158415674141622, 22.558959608726177 ], [ 114.158568594967974, 22.559231691873524 ], [ 114.158750058156002, 22.559460224816728 ], [ 114.159070955078235, 22.559765205706427 ], [ 114.159249214686014, 22.560043639299106 ], [ 114.159284065263719, 22.560162942744778 ], [ 114.159329044359922, 22.560380099893457 ], [ 114.159416255488523, 22.560550005915193 ], [ 114.159549162406236, 22.560731493685854 ], [ 114.159640527908465, 22.560804847790379 ], [ 114.159781957462201, 22.560867199197695 ], [ 114.16005239633526, 22.560949710662957 ], [ 114.160319437268058, 22.561074248455192 ], [ 114.160442825793695, 22.561185767542018 ], [ 114.160555193720512, 22.561338599151245 ], [ 114.160804453678139, 22.561707819996194 ], [ 114.161019942038024, 22.561868870092244 ], [ 114.161263365031729, 22.561940269551616 ], [ 114.161541799230903, 22.56193323458567 ], [ 114.161754439104143, 22.561834453913303 ], [ 114.162084993033048, 22.561593031796477 ], [ 114.16221662480487, 22.561462194428394 ], [ 114.16233273208789, 22.561301808327457 ], [ 114.162485192457069, 22.561049397349922 ], [ 114.162598631902299, 22.560824922592548 ], [ 114.162880993663563, 22.560123426524775 ], [ 114.163085487230575, 22.559581615550066 ], [ 114.163147856634879, 22.559499932541332 ], [ 114.163241159237415, 22.559362896224712 ], [ 114.163450296246609, 22.559238773881599 ], [ 114.163660194227518, 22.559185593576398 ], [ 114.164506115551191, 22.559173858089704 ], [ 114.164760535080276, 22.559209330479497 ], [ 114.164911728741885, 22.559249942123866 ], [ 114.165481089898151, 22.559465844313142 ], [ 114.165870587630451, 22.559745098104337 ], [ 114.166123233651291, 22.559975839991669 ], [ 114.166570064457119, 22.560448904738248 ], [ 114.166805811117527, 22.560729871122756 ], [ 114.167200248950778, 22.561085238569813 ], [ 114.167342312650732, 22.561169825054591 ], [ 114.167551349840622, 22.561215386235173 ], [ 114.168494665086683, 22.561232649806882 ], [ 114.168973403178441, 22.561117302532949 ], [ 114.169137421414433, 22.561039035623953 ], [ 114.169297009239415, 22.56089894673234 ], [ 114.169492056569396, 22.5607423879922 ], [ 114.170068342872483, 22.559984317464398 ], [ 114.170364748802129, 22.559795108227892 ], [ 114.170586984976509, 22.559700045755829 ], [ 114.171008117778044, 22.559609415181178 ], [ 114.171260771836174, 22.55960530632866 ], [ 114.171788264987356, 22.559654764828831 ], [ 114.172559556093418, 22.559675376390345 ], [ 114.172954065532494, 22.559630072246605 ], [ 114.173406190768219, 22.559609475351973 ], [ 114.173907082881158, 22.559683651364171 ], [ 114.174718273009347, 22.559926760541188 ], [ 114.175223599856068, 22.560058609202255 ], [ 114.175587083602593, 22.56009157315231 ], [ 114.17595499199912, 22.560025654232533 ], [ 114.177027709267023, 22.559745481696055 ], [ 114.177227179910716, 22.559630118924495 ], [ 114.177320264351593, 22.559444708006051 ], [ 114.177453248733286, 22.558884366720765 ], [ 114.177572911297887, 22.558175711235027 ], [ 114.17760395337433, 22.55778017366789 ], [ 114.177647090053455, 22.557374937442074 ], [ 114.177686930275058, 22.556924260582097 ], [ 114.17776663295038, 22.556560012754872 ], [ 114.177773271092889, 22.556214286517367 ], [ 114.177714428471475, 22.555842851279099 ], [ 114.177797466300859, 22.555633645128392 ], [ 114.178046961693781, 22.5554952626626 ], [ 114.178555314418333, 22.555281401753849 ], [ 114.179037027044004, 22.555116574299486 ], [ 114.179503960159749, 22.55493251103649 ], [ 114.180057846656709, 22.554657879498272 ], [ 114.180254585275648, 22.55454516787082 ], [ 114.180511679147926, 22.554407810859171 ], [ 114.180718547166919, 22.554275954124062 ], [ 114.180940193351816, 22.554166067545104 ], [ 114.180996339123894, 22.554146831497075 ], [ 114.181039496789737, 22.554157820292769 ], [ 114.181102731794155, 22.554193533598216 ], [ 114.181155924276283, 22.554248472726538 ], [ 114.18121207394195, 22.554352852828167 ], [ 114.181161847835654, 22.554646782476567 ], [ 114.181155941684949, 22.554808859038197 ], [ 114.181188448939039, 22.554981924477868 ], [ 114.181268255480333, 22.55514948914162 ], [ 114.181339183179404, 22.555240133645775 ], [ 114.181489903477384, 22.555355509911635 ], [ 114.181671200345221, 22.555452562577642 ], [ 114.181797261263455, 22.555459891375445 ], [ 114.182066190865314, 22.55541317799733 ], [ 114.182936600625595, 22.555244090553408 ], [ 114.183432128889635, 22.555194675110158 ], [ 114.184010174181964, 22.555213885006257 ], [ 114.184602816680666, 22.555126191054217 ], [ 114.185277811641313, 22.554956152054412 ], [ 114.186157610172472, 22.554698242388877 ], [ 114.186460543892963, 22.554627011363852 ], [ 114.186601487121223, 22.554604463166726 ], [ 114.186938079194491, 22.554667645693094 ], [ 114.187092267092353, 22.554815634057725 ], [ 114.187193488324922, 22.554969811465675 ], [ 114.187220621063801, 22.555067879121662 ], [ 114.187220637447851, 22.555286973028 ], [ 114.187339957326358, 22.555504235060905 ], [ 114.18751771277833, 22.555640012454589 ], [ 114.187740982234146, 22.555690052609453 ], [ 114.187946239365004, 22.555658089261541 ], [ 114.188138585200605, 22.555508705161696 ], [ 114.188330558505939, 22.555327127723984 ], [ 114.188547835588551, 22.554993829609671 ], [ 114.188703539436091, 22.554653799112074 ], [ 114.188852344737199, 22.554484640916829 ], [ 114.189041727900758, 22.554284252618256 ], [ 114.189387394145726, 22.554164528974155 ], [ 114.18960113068448, 22.554178156997565 ], [ 114.190264139816392, 22.554338535937553 ], [ 114.190445629381472, 22.554368709094586 ], [ 114.190654500780525, 22.554435867939741 ], [ 114.190690853984464, 22.554547443601287 ], [ 114.190718411902054, 22.554692802484595 ], [ 114.190859385234063, 22.554974491469324 ], [ 114.191077663168826, 22.555174340633307 ], [ 114.191432552693996, 22.555389203634434 ], [ 114.191574826253571, 22.555534723485938 ], [ 114.191801989647089, 22.555889468103736 ], [ 114.191992359949111, 22.556025103914536 ], [ 114.192144659207045, 22.556088003811521 ], [ 114.192227143563954, 22.55608013052553 ], [ 114.192311742583215, 22.556029010740676 ], [ 114.192449201542928, 22.555883509804488 ], [ 114.192633191274766, 22.555734075993186 ], [ 114.192877842403774, 22.555616440759 ], [ 114.193049986365835, 22.555523980006225 ], [ 114.193608194456004, 22.555411549350758 ], [ 114.194230001253729, 22.555342672212692 ], [ 114.194604609012657, 22.555373442772787 ], [ 114.194787327390756, 22.555415178743736 ], [ 114.195620858622362, 22.555780586239791 ], [ 114.195790313437655, 22.555800252488126 ], [ 114.19591895214181, 22.555951088957016 ], [ 114.195945686204581, 22.556073175852926 ], [ 114.195976574239694, 22.556494951815452 ], [ 114.196184651736829, 22.557032132210104 ], [ 114.196217348149958, 22.557098934651275 ], [ 114.196255660743361, 22.557140948153673 ], [ 114.196300503600867, 22.557159472970486 ], [ 114.196407614977389, 22.557147883094451 ], [ 114.196468641104389, 22.557132822100463 ], [ 114.19656453695211, 22.557083026164811 ], [ 114.196783715321516, 22.556905869228256 ], [ 114.197328694585394, 22.55660241778121 ], [ 114.197501353646061, 22.556520391271278 ], [ 114.197587299225489, 22.556512984368815 ], [ 114.197697798656421, 22.556536259299548 ], [ 114.198063145230122, 22.556696454713343 ], [ 114.198132107869881, 22.556703173195348 ], [ 114.198582244334418, 22.556671019190002 ], [ 114.198919462288842, 22.556630255498938 ], [ 114.199009181380745, 22.556630342492351 ], [ 114.199176480761935, 22.556658963553648 ], [ 114.199252826070463, 22.556685908468094 ], [ 114.199423257921936, 22.556784784800051 ], [ 114.199540345946303, 22.556844368493259 ], [ 114.199594402396258, 22.556899743865856 ], [ 114.199646138694348, 22.557035471418907 ], [ 114.199689803515739, 22.557100709350554 ], [ 114.199771532396369, 22.557168054944707 ], [ 114.200164733257765, 22.55741523075304 ], [ 114.200258611123999, 22.557455266620437 ], [ 114.200374246621067, 22.557486594013852 ], [ 114.200658184312971, 22.557546332994704 ], [ 114.20071083191651, 22.557546379371907 ], [ 114.200835693893751, 22.557519188534023 ], [ 114.200872791633188, 22.557499009241042 ], [ 114.201046096139336, 22.557276963589452 ], [ 114.201078783823277, 22.557224411182709 ], [ 114.201094932110138, 22.55716405905963 ], [ 114.201082527743935, 22.557006102412409 ], [ 114.201089219131234, 22.556796733218004 ], [ 114.201099722297869, 22.556701940265331 ], [ 114.201125513452098, 22.55663149077213 ], [ 114.201180280809382, 22.556524102843419 ], [ 114.201337713998626, 22.556342668646632 ], [ 114.201477276519981, 22.556213784521184 ], [ 114.201549501813503, 22.556088757551574 ], [ 114.20160445730103, 22.556112435656235 ], [ 114.201811542265034, 22.556148904234945 ], [ 114.201919003925212, 22.556199511546595 ], [ 114.202018350926508, 22.556215904135978 ], [ 114.202176847954632, 22.556171296508225 ], [ 114.202276471361728, 22.556157383106783 ], [ 114.202341249191235, 22.556141840682113 ], [ 114.202552124767934, 22.556118391465436 ], [ 114.202679647361791, 22.556134354714498 ], [ 114.20288607063641, 22.556114355361238 ], [ 114.20293524760325, 22.556118763221967 ], [ 114.203104757517949, 22.556165070256025 ], [ 114.203163334639356, 22.556161674306605 ], [ 114.203308598718138, 22.556217602393012 ], [ 114.203556725505379, 22.556217751007615 ], [ 114.203782960024753, 22.556231800585739 ], [ 114.204107237119501, 22.556301839361019 ], [ 114.204213374805093, 22.556338890837132 ], [ 114.20436842170264, 22.556352915569171 ], [ 114.20458426538211, 22.556329209988629 ], [ 114.20495194833218, 22.556323664736389 ], [ 114.205182765075719, 22.556398196692442 ], [ 114.205367462445111, 22.556396565672063 ], [ 114.205597970140431, 22.556432519517848 ], [ 114.205819546834064, 22.556440263892572 ], [ 114.206016943030264, 22.556490734839443 ], [ 114.208493883118152, 22.556933971668904 ], [ 114.208653705624997, 22.556866528729699 ], [ 114.208930242784149, 22.556614753368592 ], [ 114.209102752705135, 22.556506192359517 ], [ 114.209265325014016, 22.556435036792532 ], [ 114.20949209578518, 22.556410283934113 ], [ 114.209551174487146, 22.556390206537564 ], [ 114.209831866667542, 22.556205036480268 ], [ 114.209876837801175, 22.556184311673103 ], [ 114.209928270102139, 22.55618654062236 ], [ 114.210015582081155, 22.556204781963256 ], [ 114.210050435193409, 22.556196918383694 ], [ 114.210084990967971, 22.556165431515623 ], [ 114.210102270158259, 22.556134869307392 ], [ 114.210119981514026, 22.556082056275244 ], [ 114.210144931682009, 22.55605144732306 ], [ 114.210195098761346, 22.55604843885774 ], [ 114.210235616968774, 22.5560279496619 ], [ 114.210308287151676, 22.556006966130955 ], [ 114.210437502649896, 22.555944340944581 ], [ 114.210602375648833, 22.555904175634076 ], [ 114.210641926880811, 22.555905729574036 ], [ 114.210690172818275, 22.555918966921539 ], [ 114.210727948826772, 22.555936802898778 ], [ 114.210921059285596, 22.556148839390655 ], [ 114.21098928646488, 22.556207657516673 ], [ 114.211074156999672, 22.556260195992611 ], [ 114.211215881342298, 22.556339036661981 ], [ 114.211396870146032, 22.556359776665349 ], [ 114.211534092440061, 22.556318650094653 ], [ 114.211746876007197, 22.556193913264991 ], [ 114.211873638397691, 22.556082586891225 ], [ 114.211908915577041, 22.556022075994299 ], [ 114.21197447211496, 22.555745896138408 ], [ 114.212152354524946, 22.555597010251503 ], [ 114.212444073414019, 22.555437524489957 ], [ 114.212531206832267, 22.555329096061755 ], [ 114.212597558929261, 22.555203397183952 ], [ 114.212703253215437, 22.555061687763452 ], [ 114.212818122424451, 22.554984281205435 ], [ 114.213161358058869, 22.554899210588701 ], [ 114.213312300452316, 22.554835629993605 ], [ 114.213464739160386, 22.554805894596363 ], [ 114.213615950890542, 22.554805688517554 ], [ 114.213751603912257, 22.554830978492131 ], [ 114.214392344524924, 22.554897013468615 ], [ 114.214913625187776, 22.554956310495548 ], [ 114.215205629178627, 22.554965253378967 ], [ 114.215311371940942, 22.55500865498156 ], [ 114.215797519684017, 22.555390033303791 ], [ 114.215849159819712, 22.555406013502225 ], [ 114.21592783802204, 22.555387717012515 ], [ 114.21598192117844, 22.555344286032263 ], [ 114.216193311254727, 22.555090572469947 ], [ 114.216237562311107, 22.555072284247924 ], [ 114.216294118002267, 22.555074555058386 ], [ 114.216569199048905, 22.555129238239289 ], [ 114.216687226851292, 22.555156625124908 ], [ 114.216810182127432, 22.555211444842879 ], [ 114.216947923164597, 22.555359950455518 ], [ 114.216974995317841, 22.555444494682892 ], [ 114.216982077585087, 22.555593990027724 ], [ 114.216916056901297, 22.555675857401319 ], [ 114.216920951605999, 22.555724502567948 ], [ 114.217062876407894, 22.555814526614963 ], [ 114.217106911910278, 22.55582361816851 ], [ 114.217287924462241, 22.555791731806103 ], [ 114.217336853669465, 22.55581219125089 ], [ 114.21740536942049, 22.555884931349929 ], [ 114.217762553041283, 22.555987154497942 ], [ 114.217863796022499, 22.555998118616738 ], [ 114.217921095562843, 22.555982887886277 ], [ 114.218011117002348, 22.555856530558746 ], [ 114.218155168029867, 22.555737789937616 ], [ 114.218335255979071, 22.555638816314787 ], [ 114.218630318993334, 22.555372300036765 ], [ 114.218921553769306, 22.555117361094982 ], [ 114.219229907907874, 22.554764853416579 ], [ 114.219385779993814, 22.554522104061121 ], [ 114.219391227138559, 22.554435592049831 ], [ 114.2194733037703, 22.554311412293817 ], [ 114.219522516513805, 22.554148049580828 ], [ 114.219693898040418, 22.554011366066845 ], [ 114.219725709337794, 22.5539482446016 ], [ 114.219721429013447, 22.553845724388665 ], [ 114.219755064597564, 22.553771440940039 ], [ 114.219801579680095, 22.553720542603411 ], [ 114.219872739651976, 22.553697631689996 ], [ 114.220069773720496, 22.553580536724006 ], [ 114.220157363219414, 22.553585606266356 ], [ 114.220376373780326, 22.553700033681917 ], [ 114.220430852881648, 22.553685588456585 ], [ 114.220840977427613, 22.553072579119384 ], [ 114.220852640160132, 22.552539027752431 ], [ 114.220885795970332, 22.552395716321499 ], [ 114.22097112071063, 22.552190650187903 ], [ 114.221117588872701, 22.551927872383636 ], [ 114.221278859208724, 22.551743428495818 ], [ 114.22153801104777, 22.551617988566843 ], [ 114.22208810570352, 22.55151949443086 ], [ 114.222677843048672, 22.551322646782765 ], [ 114.222817991980222, 22.551248847014875 ], [ 114.222913174349813, 22.551140636375571 ], [ 114.223087696081222, 22.551025034134749 ], [ 114.22326221849282, 22.550941399087488 ], [ 114.223426211401346, 22.550943807928093 ], [ 114.223710421179334, 22.550984777267573 ], [ 114.223992851758879, 22.55096786218218 ], [ 114.224181135303624, 22.550927414193673 ], [ 114.22432230988646, 22.550786002695869 ], [ 114.224524909649659, 22.550281056740133 ], [ 114.22458643193427, 22.550143352969279 ], [ 114.224733408189351, 22.550026745707989 ], [ 114.224932269142769, 22.549877965782752 ], [ 114.225360189783885, 22.549423620419457 ], [ 114.225537417683455, 22.549246725793498 ], [ 114.225870218081795, 22.548828592368675 ], [ 114.226068841350184, 22.54851134112684 ], [ 114.226357078135649, 22.548270341329339 ], [ 114.226628632594128, 22.548114601589543 ], [ 114.226898379668299, 22.548070829106337 ], [ 114.226917743606222, 22.547849579809338 ], [ 114.226620943329536, 22.547059517336496 ], [ 114.226212450650976, 22.546562974578624 ], [ 114.225655999030721, 22.545964496083112 ], [ 114.225606426089442, 22.54573793988531 ], [ 114.225399333950165, 22.545265228080069 ], [ 114.225427111240705, 22.545188859132416 ], [ 114.225870016562055, 22.544542477436174 ], [ 114.226182428287416, 22.544151882863471 ], [ 114.226338784151366, 22.543670228629143 ], [ 114.233628982431043, 22.543670818733681 ], [ 114.237054034958931, 22.550722266851775 ], [ 114.248664768387641, 22.555720303786092 ], [ 114.276020910846697, 22.565503652945409 ], [ 114.309080538750905, 22.566671858273843 ], [ 114.332962503030885, 22.568330073525015 ], [ 114.336189576392485, 22.568131094018657 ], [ 114.434004590186163, 22.561996393525863 ], [ 114.435292189746818, 22.560960370253579 ], [ 114.455166098554201, 22.544966205511937 ], [ 114.454916367902854, 22.468714690083544 ], [ 114.456059590217706, 22.466226297332206 ], [ 114.36379374786857, 22.442019770392516 ], [ 114.456059590217706, 22.466226297332195 ] ], [ [ 114.363966537278955, 22.441352438545493 ], [ 114.36379374786857, 22.442019770392516 ], [ 114.363966537278969, 22.441352438545461 ], [ 114.364034932149067, 22.441141963765894 ], [ 114.363966537278955, 22.441352438545493 ] ], [ [ 114.149133410804538, 22.231512194808165 ], [ 114.161694248062716, 22.221920034460489 ], [ 114.200012305767331, 22.192644097315238 ], [ 114.207221844137607, 22.192658529160163 ], [ 114.309068690882782, 22.192828356339536 ], [ 114.261582457232848, 22.24573542657226 ], [ 114.261588222944738, 22.255316316908907 ], [ 114.261598877013839, 22.273006648194944 ], [ 114.25900179301064, 22.274395231951146 ], [ 114.253287221825559, 22.277450398256885 ], [ 114.25193757981458, 22.278171906100852 ], [ 114.246630782059142, 22.281008692734936 ], [ 114.244233727531395, 22.282289960898314 ], [ 114.244227587481845, 22.285634764135374 ], [ 114.243681049554183, 22.286205599352584 ], [ 114.243670899088428, 22.2862181042644 ], [ 114.243467189138187, 22.286469200980061 ], [ 114.243382188401043, 22.286517766440014 ], [ 114.243170374531829, 22.286596500871287 ], [ 114.242920541106272, 22.28655094393249 ], [ 114.242509716524253, 22.286490262312736 ], [ 114.242433125333633, 22.286469558964804 ], [ 114.242278704751627, 22.286352945597066 ], [ 114.242199477178914, 22.286317631646469 ], [ 114.242137273788018, 22.286311588102226 ], [ 114.24196665018448, 22.286345232528824 ], [ 114.241923344950081, 22.287020840121997 ], [ 114.24208843712114, 22.287131073905318 ], [ 114.242255034466552, 22.287201400575043 ], [ 114.242336820042595, 22.287269142439811 ], [ 114.242348058636694, 22.287293520594446 ], [ 114.242179929066367, 22.287434357767307 ], [ 114.241665322110265, 22.287987148115242 ], [ 114.241486311369556, 22.288335286906833 ], [ 114.241389681294578, 22.28846326223287 ], [ 114.241249019904757, 22.288855969680387 ], [ 114.241070311945464, 22.28921306623911 ], [ 114.241102548261935, 22.289425363447343 ], [ 114.241213605258039, 22.289713089287464 ], [ 114.24127000984241, 22.289788454548479 ], [ 114.241435030219918, 22.289947643990942 ], [ 114.24150737262481, 22.290073330484976 ], [ 114.241517683658273, 22.290106261058241 ], [ 114.241520376193506, 22.290179389970369 ], [ 114.241505767728881, 22.29025500016742 ], [ 114.241468531337759, 22.290334339992246 ], [ 114.241297298672151, 22.290532070365607 ], [ 114.241260119526544, 22.290630862078469 ], [ 114.241249401578472, 22.290684002515516 ], [ 114.241257469670273, 22.290756424904846 ], [ 114.241292004540426, 22.29085870105137 ], [ 114.241304002534292, 22.290930580038527 ], [ 114.241301386886775, 22.291003711055609 ], [ 114.241288101978498, 22.291066912625418 ], [ 114.241257637139171, 22.291142953528134 ], [ 114.241217743226557, 22.291204937487198 ], [ 114.241103342749568, 22.291332648732201 ], [ 114.241066113926195, 22.291387199395661 ], [ 114.241038326497119, 22.291461676897345 ], [ 114.24111719648927, 22.291600572757766 ], [ 114.241200376517256, 22.291699885654616 ], [ 114.241210976751987, 22.291749703387811 ], [ 114.241202332624923, 22.2918392273648 ], [ 114.241180531073638, 22.291889202437385 ], [ 114.241060046584948, 22.292040404699645 ], [ 114.241057882746034, 22.292125717831908 ], [ 114.241097197407257, 22.292175668693783 ], [ 114.241165316436678, 22.29221012061544 ], [ 114.24137676117202, 22.292215355695138 ], [ 114.241480296467941, 22.292241665836354 ], [ 114.241523911160883, 22.292272569301844 ], [ 114.241537491695553, 22.292324526078982 ], [ 114.241471567230789, 22.29244121893662 ], [ 114.24146028545718, 22.292576745950225 ], [ 114.241485961732877, 22.292722661515768 ], [ 114.241555150289159, 22.29282404780076 ], [ 114.24161122610505, 22.292856734332787 ], [ 114.241667300977653, 22.292866284397274 ], [ 114.241888615993645, 22.292809004912623 ], [ 114.241943617146859, 22.292825978481737 ], [ 114.241980969824041, 22.29287105337664 ], [ 114.242086356989802, 22.29308069299708 ], [ 114.242133498418198, 22.293304073203014 ], [ 114.242134323446138, 22.293307974397411 ], [ 114.242223669691185, 22.293370601888512 ], [ 114.242249757494108, 22.293418751667364 ], [ 114.242259079112685, 22.293514192524366 ], [ 114.242232825818931, 22.293590087399377 ], [ 114.242234425372814, 22.293669980641667 ], [ 114.242213901228268, 22.293774726030691 ], [ 114.242225831355867, 22.29392860296857 ], [ 114.242139426175129, 22.294097934771717 ], [ 114.242134104637216, 22.294152779859601 ], [ 114.242155072399427, 22.294208833500207 ], [ 114.242320360147403, 22.294199609835214 ], [ 114.242561722993784, 22.29419833827302 ], [ 114.242644283118565, 22.294211787525246 ], [ 114.242724357366924, 22.29428389161075 ], [ 114.243153023885114, 22.294575180186261 ], [ 114.243153029421336, 22.294586910956589 ], [ 114.243668009069467, 22.29484063161253 ], [ 114.24415269905748, 22.29500404798814 ], [ 114.244479818961025, 22.295081313371789 ], [ 114.24465439147383, 22.295105876027396 ], [ 114.244660037831238, 22.295062481551998 ], [ 114.24463921523872, 22.295007945326226 ], [ 114.244133695980793, 22.29479703799673 ], [ 114.244479673577075, 22.294779302496618 ], [ 114.244976817711247, 22.294628373486596 ], [ 114.24515327637252, 22.29464120404354 ], [ 114.245153282075691, 22.294652934813389 ], [ 114.245390928808959, 22.294790641809136 ], [ 114.245442091449391, 22.295012890768238 ], [ 114.245429600962979, 22.2952492363261 ], [ 114.245312444815397, 22.295376536230151 ], [ 114.245193990383086, 22.295428783139954 ], [ 114.245163125540458, 22.295458118552084 ], [ 114.245159999308456, 22.295495064121148 ], [ 114.245132265815997, 22.295498010746822 ], [ 114.245092036964024, 22.295708549406296 ], [ 114.244865851995584, 22.295815973269359 ], [ 114.244821780361605, 22.295907471883609 ], [ 114.244823769471353, 22.29610745404381 ], [ 114.245070893161312, 22.296312020187262 ], [ 114.245294011983532, 22.296343596574904 ], [ 114.245355790320886, 22.296384036687222 ], [ 114.245436527782573, 22.296537053444613 ], [ 114.245418327711846, 22.296687195118626 ], [ 114.245412246522932, 22.297131729713605 ], [ 114.245255520189772, 22.297530578786848 ], [ 114.245219723043391, 22.297795082507257 ], [ 114.245148586353849, 22.297948759340088 ], [ 114.245043374860998, 22.298017996167015 ], [ 114.24481084582068, 22.298078508558763 ], [ 114.2447705460701, 22.298124852486239 ], [ 114.244767450519433, 22.298245656301745 ], [ 114.244856385895204, 22.298392818041833 ], [ 114.244820497539635, 22.298470830491731 ], [ 114.244686956927893, 22.298598145795648 ], [ 114.244481736333896, 22.299063858926331 ], [ 114.244380357682587, 22.299255666223356 ], [ 114.244370949980038, 22.299348342285271 ], [ 114.244408268516111, 22.299619850166895 ], [ 114.244386901678268, 22.299746531460379 ], [ 114.244284224336553, 22.299842163206844 ], [ 114.244132360914037, 22.299911418818755 ], [ 114.244042309953755, 22.300029341753319 ], [ 114.243806704975285, 22.300241143809473 ], [ 114.243748762147135, 22.300309782303913 ], [ 114.243705309978196, 22.30038193674368 ], [ 114.243633620111879, 22.300705090576766 ], [ 114.243661493377303, 22.30101414272459 ], [ 114.243764279360718, 22.301164225224063 ], [ 114.243862789259794, 22.301219894390229 ], [ 114.243858496731434, 22.301559293589129 ], [ 114.243874384052432, 22.301621715631967 ], [ 114.243873297918284, 22.30172506238101 ], [ 114.243899895570635, 22.301860971096197 ], [ 114.243851350782379, 22.301918606446957 ], [ 114.243796296307593, 22.302042736641514 ], [ 114.243724868623218, 22.302203782081541 ], [ 114.24365714164594, 22.302290964403216 ], [ 114.24357620016211, 22.30236508484138 ], [ 114.243513906282374, 22.302387948868109 ], [ 114.243431063516695, 22.302382275552073 ], [ 114.243377976223726, 22.302398326667632 ], [ 114.243191831835958, 22.302507772621812 ], [ 114.243128228875833, 22.302533165606313 ], [ 114.243048692885637, 22.302542797626334 ], [ 114.242970928304615, 22.302583972802708 ], [ 114.242914027311826, 22.30260091032072 ], [ 114.242842115975364, 22.302603585564636 ], [ 114.242800411412404, 22.3026178167068 ], [ 114.242693885771061, 22.302688443227986 ], [ 114.242622348611377, 22.302702740616407 ], [ 114.242583411291875, 22.302720013895708 ], [ 114.242485434016899, 22.302787665744408 ], [ 114.242409768983975, 22.302815781541057 ], [ 114.242271519110631, 22.302826448331171 ], [ 114.242205096995065, 22.302842287706344 ], [ 114.242166426962328, 22.302871056742809 ], [ 114.242159842056893, 22.302922831874842 ], [ 114.242166436680506, 22.302975414453908 ], [ 114.242194466671279, 22.303064092770846 ], [ 114.242236107748312, 22.303142371364675 ], [ 114.242243128100156, 22.303212951770149 ], [ 114.242232472731345, 22.303234981720017 ], [ 114.242193684118817, 22.30328026779231 ], [ 114.242172766182222, 22.303292566876728 ], [ 114.24210346566457, 22.303296495996708 ], [ 114.242027977708872, 22.303288696813535 ], [ 114.241825713248247, 22.303486214161765 ], [ 114.241777785514628, 22.303559119394436 ], [ 114.241743767599488, 22.303701049014915 ], [ 114.241707945672331, 22.303782465244176 ], [ 114.241679302222664, 22.303815122343856 ], [ 114.241632809570959, 22.303843668611979 ], [ 114.241539796230583, 22.303861089659232 ], [ 114.24143859953459, 22.303916126393837 ], [ 114.241392422952103, 22.303956845726223 ], [ 114.241377306498123, 22.303986183155214 ], [ 114.24137153718388, 22.304018406658749 ], [ 114.241461130494827, 22.304182059782978 ], [ 114.241493816692113, 22.304287578435847 ], [ 114.241491072984459, 22.304377957847308 ], [ 114.241470360744515, 22.304415948835469 ], [ 114.241440674654058, 22.304439846617285 ], [ 114.24135248496701, 22.304458836961146 ], [ 114.241299118871581, 22.304482870561973 ], [ 114.241037359510216, 22.304636106378151 ], [ 114.24102788385683, 22.304649403181735 ], [ 114.241008337228635, 22.304732465407938 ], [ 114.240978691330099, 22.304759686351989 ], [ 114.240943120019608, 22.304775124690519 ], [ 114.240912025867843, 22.304776265802065 ], [ 114.240870510944148, 22.304761273327156 ], [ 114.240755391414851, 22.304677343116818 ], [ 114.240739317757132, 22.304672364554758 ], [ 114.24071426294033, 22.304679743398488 ], [ 114.240691862358489, 22.304697650881291 ], [ 114.240677016637349, 22.304725272320891 ], [ 114.240664131807904, 22.304946184095957 ], [ 114.240644448491764, 22.304985285336354 ], [ 114.240616925630562, 22.305007601759154 ], [ 114.240592741956419, 22.305010049530186 ], [ 114.24056195337937, 22.305000326634783 ], [ 114.240454469059372, 22.304932115499977 ], [ 114.240433999235279, 22.304927581131714 ], [ 114.240255289073318, 22.304964044445747 ], [ 114.240151730160889, 22.304991763710873 ], [ 114.240143624460913, 22.305008744415211 ], [ 114.240138607181706, 22.305095295707559 ], [ 114.240123711161615, 22.30514085189975 ], [ 114.24010761937501, 22.305160328165112 ], [ 114.240019603248413, 22.305199790101177 ], [ 114.239958450220414, 22.305281875031092 ], [ 114.239956539111375, 22.305326784980448 ], [ 114.240016428591943, 22.305391447897584 ], [ 114.24015355212903, 22.305459665812716 ], [ 114.240199115309196, 22.30549869636188 ], [ 114.240203588326196, 22.305539521984887 ], [ 114.240175429769792, 22.305594475190272 ], [ 114.240058773152199, 22.30571851995224 ], [ 114.239917128325416, 22.30580479029376 ], [ 114.23988044479151, 22.305851285083978 ], [ 114.239860050650307, 22.305907526591522 ], [ 114.239863868246459, 22.305936991974672 ], [ 114.239887144597816, 22.305988421258473 ], [ 114.239939358693235, 22.306055426108539 ], [ 114.240103189608448, 22.30620643528837 ], [ 114.240126807710453, 22.306262172001283 ], [ 114.240126626861652, 22.306313113716328 ], [ 114.240105926161007, 22.306335084224322 ], [ 114.240010303551429, 22.306402842004026 ], [ 114.240023225606052, 22.306585652539852 ], [ 114.240403711710073, 22.307439916450484 ], [ 114.240617673013972, 22.308234561685946 ], [ 114.240579970159061, 22.308345472313249 ], [ 114.240570423996076, 22.308460661404705 ], [ 114.240575913757354, 22.308517344341134 ], [ 114.240592340340683, 22.308571909817086 ], [ 114.24066094039091, 22.308729259147817 ], [ 114.240692093533553, 22.308770543830608 ], [ 114.240744702633748, 22.30887068152046 ], [ 114.24077863232003, 22.308913698967377 ], [ 114.240833164706586, 22.308953312772211 ], [ 114.240914146909134, 22.308978214290278 ], [ 114.240954996268584, 22.308999438122491 ], [ 114.240986696242402, 22.309026463210067 ], [ 114.241026512209984, 22.309079953774184 ], [ 114.241064908302278, 22.309105802217552 ], [ 114.241127893827965, 22.309123576578578 ], [ 114.241181759333131, 22.309126508223898 ], [ 114.241244507371434, 22.309113127056818 ], [ 114.241336806197211, 22.309074927052233 ], [ 114.241410068490538, 22.309069172498063 ], [ 114.241767488502859, 22.309163399589842 ], [ 114.241822306939, 22.309191164796037 ], [ 114.241856122584807, 22.309217574784 ], [ 114.241868654932631, 22.309244697687202 ], [ 114.241856586226334, 22.309359517596537 ], [ 114.241863215329417, 22.309486133003894 ], [ 114.24189105469425, 22.309663699586068 ], [ 114.241814690432975, 22.309845913548692 ], [ 114.241808837202882, 22.309885849211849 ], [ 114.241872461180648, 22.310002905452997 ], [ 114.241877026435148, 22.310115777102872 ], [ 114.241851810387899, 22.310196123438171 ], [ 114.241819898623177, 22.310278612704206 ], [ 114.241812703598299, 22.310334244086906 ], [ 114.241813765145892, 22.310384110637958 ], [ 114.241826150614287, 22.310429186433019 ], [ 114.241838529869923, 22.310460824695905 ], [ 114.241853346850192, 22.310517043274729 ], [ 114.241869261592925, 22.310575519061697 ], [ 114.24189720457673, 22.310620146111553 ], [ 114.241963085160791, 22.310621474258944 ], [ 114.242014325676834, 22.310592438355247 ], [ 114.242194004483721, 22.310433273957941 ], [ 114.242249943130702, 22.310406087359041 ], [ 114.242309587314097, 22.310395678100569 ], [ 114.24237229998775, 22.310409514742524 ], [ 114.242411789863937, 22.310448583218651 ], [ 114.242475223418765, 22.310613420196617 ], [ 114.242538432429896, 22.310712893753966 ], [ 114.242580786497129, 22.310754047095443 ], [ 114.242634538865417, 22.31078339280737 ], [ 114.242696077712097, 22.310797907094265 ], [ 114.242754364078209, 22.31078920500731 ], [ 114.242811399400424, 22.310761882311148 ], [ 114.242855492593137, 22.310724233857403 ], [ 114.242894552768945, 22.310674648988403 ], [ 114.242984520488761, 22.310610765975067 ], [ 114.243143113244727, 22.310646615908475 ], [ 114.243372014246191, 22.310687792002657 ], [ 114.243499394243571, 22.31078393364394 ], [ 114.243528251202022, 22.310830898960202 ], [ 114.243506683930391, 22.31094946154165 ], [ 114.243511512523341, 22.311000906882903 ], [ 114.243595649005485, 22.311083628684905 ], [ 114.243626898910875, 22.311141790939992 ], [ 114.243600525506537, 22.311235747125369 ], [ 114.243540501167445, 22.311345385239651 ], [ 114.243538127313428, 22.311394602981853 ], [ 114.243567765690685, 22.311431345327644 ], [ 114.243790669117629, 22.31151106588883 ], [ 114.243897835805541, 22.311570876419189 ], [ 114.243949308702469, 22.311662633102799 ], [ 114.244005535893166, 22.311812246845793 ], [ 114.244065596053787, 22.311939914622972 ], [ 114.243992804070899, 22.312079612018959 ], [ 114.243834293258686, 22.312219326755091 ], [ 114.243778644767445, 22.312347042394325 ], [ 114.243791551909425, 22.312466755704229 ], [ 114.24388162153852, 22.312594411146065 ], [ 114.244074559630718, 22.31276192109695 ], [ 114.244357453400596, 22.312817675862721 ], [ 114.244438905661951, 22.312865522155938 ], [ 114.244497294517856, 22.312926960050778 ], [ 114.24445358511565, 22.313056684751203 ], [ 114.24442577051488, 22.313160466938886 ], [ 114.244477549980871, 22.313241973579643 ], [ 114.244652747254904, 22.313367904326682 ], [ 114.244716501337408, 22.313504989203409 ], [ 114.244789327301262, 22.313535725945574 ], [ 114.245038936458968, 22.313578968020426 ], [ 114.245171719022181, 22.313500797459344 ], [ 114.245273725888211, 22.313463990882536 ], [ 114.245325460096268, 22.313471383160888 ], [ 114.245468786128569, 22.313519500797181 ], [ 114.245575711482672, 22.313597208943982 ], [ 114.24544473773831, 22.313742015840155 ], [ 114.245414841639857, 22.313795616044683 ], [ 114.245341386114177, 22.313986888028474 ], [ 114.245292445871357, 22.31403704656547 ], [ 114.245228088344362, 22.314077431455036 ], [ 114.245183187453023, 22.314131480441855 ], [ 114.244993156635303, 22.314261375240857 ], [ 114.244915065911812, 22.314362695206771 ], [ 114.244867139177714, 22.314441976859229 ], [ 114.244762987036779, 22.31460013721934 ], [ 114.244625784181864, 22.314732474796902 ], [ 114.244557190812401, 22.314805488729437 ], [ 114.244518005490363, 22.31487849036051 ], [ 114.244473971520179, 22.315060971908274 ], [ 114.244459275315023, 22.315097470672082 ], [ 114.244424994342722, 22.315156788881708 ], [ 114.244400490992447, 22.315184161795901 ], [ 114.244385802266564, 22.315216100099057 ], [ 114.244366191493185, 22.315225238198693 ], [ 114.24435149397749, 22.315238925670105 ], [ 114.244322080462339, 22.31524805881504 ], [ 114.244302483769545, 22.315266317801857 ], [ 114.244224049058886, 22.315280031767976 ], [ 114.244184837167609, 22.3152982898605 ], [ 114.244145611182816, 22.315307418018033 ], [ 114.244106408987989, 22.315325694148694 ], [ 114.244027974224778, 22.315339408020034 ], [ 114.24391031224539, 22.315339456733337 ], [ 114.243831877455037, 22.315353170509852 ], [ 114.243753438301439, 22.315357763349521 ], [ 114.243714221985968, 22.315366909459911 ], [ 114.243635793675523, 22.315394313520624 ], [ 114.243557349121701, 22.315408027168399 ], [ 114.24343969678938, 22.315408075536396 ], [ 114.243165150964387, 22.315385385820907 ], [ 114.243047481389766, 22.315389994361745 ], [ 114.242929835512967, 22.315403723708371 ], [ 114.242851402738523, 22.315422006490969 ], [ 114.242812182054777, 22.315422022453742 ], [ 114.242694526421943, 22.31543575163365 ], [ 114.242452127607919, 22.315437475410331 ], [ 114.242362102901353, 22.315427993567511 ], [ 114.242225336820141, 22.315400279697911 ], [ 114.242174921837545, 22.315371609820186 ], [ 114.242138118903583, 22.315373819080193 ], [ 114.242088593670772, 22.315400903710568 ], [ 114.242067921596004, 22.315424030351039 ], [ 114.242049356674727, 22.315512040965508 ], [ 114.242055583302232, 22.315606959042896 ], [ 114.242035164399937, 22.315673730440913 ], [ 114.242036849712747, 22.315770718349238 ], [ 114.242026503546057, 22.315833683814027 ], [ 114.241996404725128, 22.315935235915823 ], [ 114.241972475325227, 22.315987668130312 ], [ 114.241876339944312, 22.316134002346814 ], [ 114.241590340940633, 22.31651272446636 ], [ 114.241646606603098, 22.31655767434329 ], [ 114.241606842451546, 22.31660056749126 ], [ 114.241759305370636, 22.316757548538845 ], [ 114.241909589992602, 22.316946606980892 ], [ 114.242096463272588, 22.317129979343765 ], [ 114.242092336757381, 22.317168406177821 ], [ 114.242127936188339, 22.317394743656411 ], [ 114.242206045386382, 22.317512723969028 ], [ 114.242215617078443, 22.317516458775067 ], [ 114.242229730684898, 22.317560964874168 ], [ 114.24225028208437, 22.317569851717831 ], [ 114.242269038493404, 22.31764245914373 ], [ 114.242267876330573, 22.317835289850791 ], [ 114.242281637698312, 22.317936074735922 ], [ 114.242325139346107, 22.318040017346718 ], [ 114.242362405705634, 22.318093427272188 ], [ 114.242421571261843, 22.318214946085902 ], [ 114.242435127355733, 22.318270776750612 ], [ 114.242427579324101, 22.318402129759821 ], [ 114.242426446092011, 22.318573332171564 ], [ 114.242432392567821, 22.318587155601261 ], [ 114.242431500819933, 22.318610481979505 ], [ 114.242451028675802, 22.318692598275131 ], [ 114.242460938603855, 22.318693000640923 ], [ 114.242465270344326, 22.318719964232969 ], [ 114.242510116213779, 22.318812618000401 ], [ 114.24251928679341, 22.318871593075816 ], [ 114.242616205762459, 22.319027819128838 ], [ 114.242671169382987, 22.319211677708573 ], [ 114.242700832644573, 22.319257035348048 ], [ 114.242786008518934, 22.319435309732569 ], [ 114.2429034980306, 22.31965952757675 ], [ 114.242941251816703, 22.31971607077341 ], [ 114.243018665430753, 22.319960235372516 ], [ 114.24300915409809, 22.320084915576381 ], [ 114.242927925180624, 22.32035433119486 ], [ 114.24294240833143, 22.320625929290639 ], [ 114.242982196647304, 22.320776913539852 ], [ 114.242995957468111, 22.320874826599386 ], [ 114.243001321147275, 22.320969753958931 ], [ 114.243050535793913, 22.32110347688273 ], [ 114.243049762408958, 22.321192338188947 ], [ 114.243029578857971, 22.321306068630111 ], [ 114.242987970411832, 22.321412393698086 ], [ 114.242942374158233, 22.321501228131179 ], [ 114.242835842590452, 22.321651423122763 ], [ 114.242782493198533, 22.321621074965808 ], [ 114.242749608934645, 22.321579881766155 ], [ 114.242699087069113, 22.321493885948012 ], [ 114.24263263071559, 22.321434717427916 ], [ 114.242556881358183, 22.32140777378639 ], [ 114.2423868256285, 22.321397502611855 ], [ 114.242347857620643, 22.321380983356278 ], [ 114.24230511704144, 22.321350287591141 ], [ 114.242266183612514, 22.321303795779027 ], [ 114.242203650859125, 22.321186549783064 ], [ 114.242176477479219, 22.321152732152559 ], [ 114.24214432022103, 22.321129735170231 ], [ 114.24197948210292, 22.321046765226811 ], [ 114.241918040774806, 22.32100091451273 ], [ 114.241884597682528, 22.320946816646675 ], [ 114.241868440138106, 22.320869647716368 ], [ 114.241848967087989, 22.320821955955694 ], [ 114.241806827960232, 22.320768990382867 ], [ 114.241748999204205, 22.320726903910703 ], [ 114.241673563448799, 22.320705278744498 ], [ 114.241608892920965, 22.320707264233022 ], [ 114.241526239851893, 22.320736339608882 ], [ 114.241402601328275, 22.320814711195013 ], [ 114.24135499273109, 22.320835039943269 ], [ 114.241266552286305, 22.320837675925016 ], [ 114.241229192357096, 22.320813714554419 ], [ 114.241197436428308, 22.320755254100074 ], [ 114.241201045031019, 22.320623803411173 ], [ 114.241192067145974, 22.32056076443137 ], [ 114.241088789910918, 22.320189621072664 ], [ 114.241049725806519, 22.320110501491158 ], [ 114.240985373923422, 22.320044585599007 ], [ 114.240888130438975, 22.319897958234037 ], [ 114.240808523883743, 22.319753400885268 ], [ 114.240749981461036, 22.319677160639078 ], [ 114.240666643140074, 22.319607107058903 ], [ 114.24050609659902, 22.319521659525442 ], [ 114.240390529325552, 22.319482656595135 ], [ 114.240229716817595, 22.319452340646688 ], [ 114.239357809343161, 22.319384940762102 ], [ 114.2392020215987, 22.319390979014607 ], [ 114.239066845950887, 22.319411331724218 ], [ 114.238960558734803, 22.319439620174261 ], [ 114.238835995333261, 22.319490329471066 ], [ 114.238752526856288, 22.319540851401968 ], [ 114.238592305185037, 22.319661507019376 ], [ 114.238475285137895, 22.319805472073405 ], [ 114.238378905259012, 22.31996185529951 ], [ 114.238085830292945, 22.320624062052779 ], [ 114.238031795063279, 22.320709313162872 ], [ 114.23786847356115, 22.320915461811026 ], [ 114.237777889289191, 22.321077631086883 ], [ 114.23770699510095, 22.321142524442742 ], [ 114.237592250955529, 22.321212554550435 ], [ 114.237513685671232, 22.321247767149636 ], [ 114.237435226646667, 22.321259418864233 ], [ 114.237323043640046, 22.321259478820046 ], [ 114.237286254874007, 22.321253279496606 ], [ 114.237241288455095, 22.3212577212459 ], [ 114.237128964997297, 22.321314926687002 ], [ 114.237025540256994, 22.321413461751913 ], [ 114.236792122403145, 22.321741476013436 ], [ 114.23672360472014, 22.321804715458793 ], [ 114.23666604093134, 22.321835169796522 ], [ 114.236634267047577, 22.321867330414658 ], [ 114.236610784928729, 22.32190591774831 ], [ 114.236547185139131, 22.322076258081502 ], [ 114.236490192225247, 22.32214852376892 ], [ 114.236417400894567, 22.322205632885552 ], [ 114.236334926786697, 22.322226469651113 ], [ 114.236191166557049, 22.322244023630024 ], [ 114.236106410303222, 22.322239178122469 ], [ 114.236056650553977, 22.322225045376026 ], [ 114.236015176084607, 22.322201924154772 ], [ 114.235921139957867, 22.322102929025121 ], [ 114.235835421104483, 22.322047665952081 ], [ 114.235747635727932, 22.322017472497528 ], [ 114.235608020936169, 22.321990521713527 ], [ 114.235508502774437, 22.321987984044021 ], [ 114.235237439027102, 22.322010703544922 ], [ 114.234511277916553, 22.321973712339645 ], [ 114.234414831916894, 22.32198333710852 ], [ 114.234320204884966, 22.32200256069067 ], [ 114.234228008289378, 22.322031382872765 ], [ 114.234097601509248, 22.322091256636071 ], [ 114.234036953253707, 22.322128529224191 ], [ 114.233928407029609, 22.322218304444714 ], [ 114.233836842941741, 22.32232331725449 ], [ 114.233330616262307, 22.323091094428353 ], [ 114.233133557308619, 22.323349103649033 ], [ 114.232935282545284, 22.323578323532914 ], [ 114.232898283876168, 22.32360655691685 ], [ 114.232855225556406, 22.323627450519332 ], [ 114.232808514072147, 22.323639323815467 ], [ 114.232744043655273, 22.323635697706315 ], [ 114.232698437022023, 22.323643425550305 ], [ 114.232651439335157, 22.323667878507358 ], [ 114.232623520987786, 22.323708805706726 ], [ 114.232596857532513, 22.323781204064321 ], [ 114.23258087575222, 22.324036711947809 ], [ 114.232567235231585, 22.324101998747313 ], [ 114.232531074755244, 22.324163915844913 ], [ 114.232440779987627, 22.32424470737655 ], [ 114.232411763011612, 22.324305998885567 ], [ 114.232411271705075, 22.324364390824069 ], [ 114.232473519786851, 22.324515098982083 ], [ 114.23247485752475, 22.324608637331586 ], [ 114.232455735000272, 22.324679416595007 ], [ 114.232409723042338, 22.324767471556392 ], [ 114.232348270929833, 22.324837804752747 ], [ 114.232244450323066, 22.32493213764845 ], [ 114.232211073421183, 22.324989511332912 ], [ 114.232188778386714, 22.325064481837192 ], [ 114.232174843476272, 22.325146980992006 ], [ 114.232117901826015, 22.325284328530788 ], [ 114.23211672091125, 22.325317245416255 ], [ 114.232133828256408, 22.325378457917175 ], [ 114.232142815730029, 22.325499970402042 ], [ 114.232134876905235, 22.325551763514746 ], [ 114.232055275212161, 22.325700813361216 ], [ 114.231998481929324, 22.325772011766812 ], [ 114.231928009051359, 22.325835051153586 ], [ 114.231869983763929, 22.325908363088693 ], [ 114.231782280427225, 22.326091659521449 ], [ 114.23175456370339, 22.326178407676085 ], [ 114.231729136430729, 22.326311617404748 ], [ 114.231722509843095, 22.326443123012329 ], [ 114.231746825235049, 22.326568983053992 ], [ 114.231743220431667, 22.326658721185286 ], [ 114.23144425506662, 22.327690277324709 ], [ 114.231368297947427, 22.327856203728285 ], [ 114.231253398724633, 22.328024202145176 ], [ 114.230955140753451, 22.328364989746333 ], [ 114.230915211596809, 22.328425047412448 ], [ 114.230834744850142, 22.328603870727793 ], [ 114.230809062239317, 22.328707541327688 ], [ 114.230799503404171, 22.328839363907178 ], [ 114.230775251832455, 22.328878311846566 ], [ 114.230741893050862, 22.328911058802131 ], [ 114.230701862768314, 22.328935906209605 ], [ 114.230656373668182, 22.328951164942687 ], [ 114.230490751027688, 22.328955166220588 ], [ 114.23040037499743, 22.328986803148592 ], [ 114.230326384128063, 22.329044966466693 ], [ 114.230278482452306, 22.329122871030911 ], [ 114.230245780784827, 22.329275832760715 ], [ 114.230239765698087, 22.329411293455063 ], [ 114.230253163503647, 22.32954561892727 ], [ 114.230247740162568, 22.329629153584705 ], [ 114.230219235922021, 22.329665854224487 ], [ 114.230102177155146, 22.329726849157264 ], [ 114.2300760999521, 22.329764668765829 ], [ 114.230056137667091, 22.329904089420733 ], [ 114.230062857563141, 22.330039545915973 ], [ 114.230019812898519, 22.330102774107282 ], [ 114.229974312780413, 22.330115765975528 ], [ 114.22992760048075, 22.330106190808671 ], [ 114.229846886029037, 22.33004638963687 ], [ 114.229800774294489, 22.330033418738807 ], [ 114.229752241006949, 22.330034003519007 ], [ 114.229706139070657, 22.330046995508567 ], [ 114.229666108494641, 22.330072411584208 ], [ 114.229635186189029, 22.33010684623229 ], [ 114.229617001831542, 22.330148618587955 ], [ 114.229533318789322, 22.330247982198951 ], [ 114.229456287422082, 22.330302759633629 ], [ 114.229413226748377, 22.330324221236026 ], [ 114.229347115989441, 22.330380683793646 ], [ 114.229291329970962, 22.330454635215403 ], [ 114.229254358923697, 22.330537620143172 ], [ 114.229238007268705, 22.330626802404094 ], [ 114.229278811243859, 22.331033725168183 ], [ 114.229402143149557, 22.331519647746219 ], [ 114.229425243149237, 22.331643241778572 ], [ 114.229425277007621, 22.331733547550527 ], [ 114.229399244704027, 22.331866757024166 ], [ 114.229312563002438, 22.332075057336283 ], [ 114.22923434903592, 22.332189093689259 ], [ 114.229135492691313, 22.332288461977551 ], [ 114.229019040230469, 22.332368645894231 ], [ 114.228788572916841, 22.33255949089213 ], [ 114.228643630520253, 22.332692738309635 ], [ 114.228558124124518, 22.332802261371643 ], [ 114.22849932647263, 22.332925881635816 ], [ 114.22848479023132, 22.332991357952519 ], [ 114.22848966010686, 22.333035949389146 ], [ 114.228505449635577, 22.333078839595625 ], [ 114.228580102268666, 22.333175325549824 ], [ 114.228623813203455, 22.333256026881056 ], [ 114.228648724158688, 22.333342938217779 ], [ 114.228654212817929, 22.333433242227628 ], [ 114.228649375820709, 22.333477827730004 ], [ 114.228665911513403, 22.333569546005911 ], [ 114.228855161372621, 22.333787627962817 ], [ 114.228890374449861, 22.33385590587076 ], [ 114.228891604579673, 22.333901058355199 ], [ 114.228877060044226, 22.333943958262161 ], [ 114.228710900605464, 22.33413986666574 ], [ 114.228689604732125, 22.33422202011268 ], [ 114.228591399851865, 22.334355582112476 ], [ 114.228538034516902, 22.334392100733812 ], [ 114.228504268982988, 22.334406027620204 ], [ 114.22839572061568, 22.334419797699951 ], [ 114.228252347167214, 22.334417125052386 ], [ 114.227869099403406, 22.334428706003354 ], [ 114.227542045185729, 22.334412743280041 ], [ 114.225234606594228, 22.334198927558365 ], [ 114.225056822365204, 22.334140426306018 ], [ 114.224931845511236, 22.33414216119639 ], [ 114.224760168279573, 22.334172121328049 ], [ 114.224651579397047, 22.334209973458695 ], [ 114.224549071832286, 22.334261929485567 ], [ 114.224302187749259, 22.334438290498309 ], [ 114.224296139572971, 22.334442615279439 ], [ 114.224231841337613, 22.334474241113767 ], [ 114.224177245892406, 22.33449344704653 ], [ 114.22412143515281, 22.334507009205694 ], [ 114.224034687016129, 22.334517193894019 ], [ 114.223072937188945, 22.340676845178162 ], [ 114.221688941730278, 22.349539848265241 ], [ 114.221120460686436, 22.353180041470893 ], [ 114.221226253777857, 22.353246667033382 ], [ 114.221282258601946, 22.353300266077294 ], [ 114.221317212227049, 22.353342492385909 ], [ 114.221367086774464, 22.353443340946797 ], [ 114.221451307147319, 22.353994235777101 ], [ 114.221464353206272, 22.354109940673105 ], [ 114.221454039143481, 22.354159060699057 ], [ 114.221434082213364, 22.354200507409129 ], [ 114.221337033583325, 22.35431110421105 ], [ 114.221295213450688, 22.354383585893167 ], [ 114.221274955818245, 22.354456702817231 ], [ 114.221274403445207, 22.354521090816885 ], [ 114.221288721853114, 22.35457762718335 ], [ 114.221311162185629, 22.354621491450988 ], [ 114.221353527397383, 22.354675464458726 ], [ 114.221422991918232, 22.354800184381585 ], [ 114.221442308848211, 22.354852312445978 ], [ 114.221510265071274, 22.35493511291606 ], [ 114.221605119421568, 22.355005335392288 ], [ 114.221748538877179, 22.355086200402223 ], [ 114.221779062955676, 22.355118810290616 ], [ 114.221816110889819, 22.355180939238643 ], [ 114.221825227732921, 22.355243319765187 ], [ 114.221812215701092, 22.35529535742516 ], [ 114.22174699960982, 22.355432992118804 ], [ 114.221741236022993, 22.355473387379121 ], [ 114.22175552796007, 22.355567590139199 ], [ 114.221842762454713, 22.355700576922665 ], [ 114.221859776085196, 22.355744397463216 ], [ 114.221868099883523, 22.355785890536158 ], [ 114.221864939680913, 22.35583091774831 ], [ 114.221853203997341, 22.355866980006184 ], [ 114.221831914327112, 22.355900480241441 ], [ 114.2217298521945, 22.356001542386892 ], [ 114.221678001223665, 22.356068861458269 ], [ 114.221653223045649, 22.356123078721339 ], [ 114.221640367192734, 22.356178204767559 ], [ 114.221641131765011, 22.35623141256713 ], [ 114.221714948575084, 22.356543713751098 ], [ 114.221755951089847, 22.356584466290382 ], [ 114.222098795088954, 22.356724145688347 ], [ 114.222259594835549, 22.356774852356377 ], [ 114.222362082219277, 22.356816689207839 ], [ 114.222455914140639, 22.356872381298235 ], [ 114.222476025616899, 22.356917672874292 ], [ 114.222477062765776, 22.356972153895487 ], [ 114.222465927028836, 22.357001930760113 ], [ 114.222353644827322, 22.357143353696422 ], [ 114.222299971409058, 22.357249486776361 ], [ 114.22227381776915, 22.357373203629162 ], [ 114.222276734355674, 22.35744542012219 ], [ 114.222290914045999, 22.357521083123192 ], [ 114.222351598450089, 22.357687779062573 ], [ 114.222383853828447, 22.357847384963161 ], [ 114.222408713848111, 22.357925302582615 ], [ 114.222400063850557, 22.358105608972597 ], [ 114.222425094237636, 22.358229537188741 ], [ 114.222420571997986, 22.358265498109883 ], [ 114.22233749322092, 22.358409414251991 ], [ 114.224733494232694, 22.358576953280402 ], [ 114.222337493220891, 22.358409414251987 ], [ 114.21853417640969, 22.358165728583334 ], [ 114.21807549799334, 22.358155813119122 ], [ 114.217804270796123, 22.358134109318602 ], [ 114.217632419085774, 22.358104478323529 ], [ 114.217578006667964, 22.358086728932633 ], [ 114.217510317152104, 22.358050397987288 ], [ 114.217465851145818, 22.358015469953283 ], [ 114.21741672849825, 22.35795905036467 ], [ 114.217355418946568, 22.357826479180446 ], [ 114.217231891435759, 22.357642033962129 ], [ 114.217156179408178, 22.357559802578955 ], [ 114.217086599171139, 22.357496967258221 ], [ 114.216918440114227, 22.357374112207907 ], [ 114.216851595763671, 22.357337789804763 ], [ 114.216489301981056, 22.357206963038131 ], [ 114.216394299155823, 22.357191643370118 ], [ 114.216103706155224, 22.357172415817242 ], [ 114.215579476808017, 22.357190359381356 ], [ 114.215463879489405, 22.357200456064877 ], [ 114.215272366352835, 22.357229986389928 ], [ 114.215175106644935, 22.357233305599866 ], [ 114.214827898975415, 22.357270972594794 ], [ 114.21471296381435, 22.35728881679978 ], [ 114.214500253487145, 22.357306990735637 ], [ 114.214421730318634, 22.357306692913127 ], [ 114.214383962178886, 22.357300280954099 ], [ 114.214352782525694, 22.357280240358069 ], [ 114.214277935381247, 22.357194024949841 ], [ 114.214275979923045, 22.357178935350838 ], [ 114.214338241555225, 22.357108238816952 ], [ 114.214452028762651, 22.357009734259204 ], [ 114.214617137874768, 22.356956849030173 ], [ 114.21466243684722, 22.356952395422621 ], [ 114.214667745960043, 22.356946939729138 ], [ 114.214655588026844, 22.356936539374015 ], [ 114.214580831670631, 22.35689902584566 ], [ 114.214334334902574, 22.356876407404243 ], [ 114.214257369113369, 22.356890214862705 ], [ 114.213987906972491, 22.35703294156809 ], [ 114.213910737063387, 22.357046297380904 ], [ 114.213806240172531, 22.357032983149811 ], [ 114.213796505021236, 22.357005839534576 ], [ 114.213817541603447, 22.35696190109806 ], [ 114.213901505573006, 22.356867982223608 ], [ 114.213925242900089, 22.356830915403979 ], [ 114.213973524199403, 22.35661358410826 ], [ 114.214017488269533, 22.356554685789444 ], [ 114.214050629771847, 22.356468598953807 ], [ 114.214134345258316, 22.35631823905922 ], [ 114.214153230446158, 22.356180374296287 ], [ 114.214148160484712, 22.356135972238413 ], [ 114.21412716644079, 22.356083554717699 ], [ 114.214127778056849, 22.35604700793078 ], [ 114.214197922708564, 22.355867644985413 ], [ 114.214169469408176, 22.355803372073549 ], [ 114.213788587243911, 22.355807974719305 ], [ 114.213529144471991, 22.35579707965849 ], [ 114.213482580022159, 22.355787346237172 ], [ 114.213345668623575, 22.355778427887277 ], [ 114.213315185125282, 22.355782832636947 ], [ 114.213197163591246, 22.355762883599635 ], [ 114.213069943416244, 22.355724604512382 ], [ 114.212802819561091, 22.355668557241096 ], [ 114.212690100958184, 22.355656165228712 ], [ 114.212507004946389, 22.35560296152628 ], [ 114.211958452250457, 22.355391314965821 ], [ 114.211881402533137, 22.355377776799376 ], [ 114.211678747581345, 22.355375373253239 ], [ 114.21154769823859, 22.355356897795215 ], [ 114.211414703704236, 22.355324100188554 ], [ 114.211293037358175, 22.355284644544323 ], [ 114.211119365453072, 22.355215868589305 ], [ 114.211063577172354, 22.355201359261063 ], [ 114.210971491535645, 22.355197143370155 ], [ 114.210885624666602, 22.355214969700878 ], [ 114.210810577328942, 22.355250701304204 ], [ 114.210660083705264, 22.35535911751462 ], [ 114.210567308380362, 22.355393994804306 ], [ 114.210496825366477, 22.355395662062982 ], [ 114.210369242932487, 22.355380751999093 ], [ 114.210271643395615, 22.355379056376631 ], [ 114.210147206324834, 22.355404069565427 ], [ 114.210074475850803, 22.355426444161818 ], [ 114.210030015870402, 22.355446591416431 ], [ 114.209881934806134, 22.355537902539158 ], [ 114.209840021715522, 22.355572200098667 ], [ 114.209799877180586, 22.355613441782669 ], [ 114.209708909056076, 22.355738768233032 ], [ 114.209678577245327, 22.35576947826878 ], [ 114.209617918049801, 22.355808493519863 ], [ 114.209575097595632, 22.355824269529148 ], [ 114.209193943564841, 22.355913766683063 ], [ 114.209104732968072, 22.35591709869913 ], [ 114.209051197655072, 22.355905496068004 ], [ 114.208954841233634, 22.355864850629693 ], [ 114.208868284748988, 22.35579930596041 ], [ 114.208645419428834, 22.355597489938241 ], [ 114.208173373624405, 22.355205059938722 ], [ 114.208104676737079, 22.35516191620216 ], [ 114.20797947347917, 22.355103973205591 ], [ 114.207911687123286, 22.355094811186135 ], [ 114.207819612971264, 22.355097890188159 ], [ 114.207675217436545, 22.355089158115966 ], [ 114.207325364263909, 22.355000454022548 ], [ 114.207246991190246, 22.354970008701581 ], [ 114.207192033120876, 22.35493144951694 ], [ 114.206912958371518, 22.354677381794541 ], [ 114.206867265611933, 22.354654136597414 ], [ 114.206781934373154, 22.354635242419445 ], [ 114.206717151312432, 22.354640582414362 ], [ 114.206662332394828, 22.354661525346586 ], [ 114.2064294209233, 22.354859400437057 ], [ 114.206345568056406, 22.354899692012609 ], [ 114.206260060991141, 22.354922283958775 ], [ 114.204987286531235, 22.354972133135067 ], [ 114.204792214988146, 22.354971877954135 ], [ 114.204680440100788, 22.354963182728692 ], [ 114.204617497723675, 22.35494993668631 ], [ 114.204484132713503, 22.354899108461488 ], [ 114.20440981616872, 22.354857156147432 ], [ 114.203764630060633, 22.354386014261806 ], [ 114.203714199170747, 22.354357278384114 ], [ 114.203656353881726, 22.354343100973583 ], [ 114.203602987336154, 22.354345493870611 ], [ 114.203459741002163, 22.354401407591531 ], [ 114.203352224732555, 22.354423387543402 ], [ 114.203275837320319, 22.354413954073799 ], [ 114.203106928887465, 22.354352411241532 ], [ 114.203014696579373, 22.354338356574324 ], [ 114.202935583686354, 22.354342378911731 ], [ 114.202629651000663, 22.354384257465053 ], [ 114.202581257428719, 22.354399228796332 ], [ 114.202461670551642, 22.354458217290173 ], [ 114.202435201864759, 22.354491634530255 ], [ 114.202414639220663, 22.354543391890015 ], [ 114.202365120196461, 22.35461603245751 ], [ 114.202323448715902, 22.354652892716278 ], [ 114.202259699779532, 22.354686956960073 ], [ 114.202215635429297, 22.354698694563275 ], [ 114.202149308006923, 22.354701161256671 ], [ 114.202065521283401, 22.354683781484905 ], [ 114.20157655045972, 22.354536894264676 ], [ 114.201364148814179, 22.354473089005342 ], [ 114.201289999985661, 22.354439813594535 ], [ 114.201244165521061, 22.354433282388211 ], [ 114.20118263493768, 22.35444026324004 ], [ 114.201111709793068, 22.354465541381796 ], [ 114.200801392635512, 22.354647472014836 ], [ 114.200693927623789, 22.354688965222955 ], [ 114.200639900907149, 22.354692440907428 ], [ 114.20058897901599, 22.35468492593321 ], [ 114.200424216549209, 22.354621158179633 ], [ 114.200333730522402, 22.354599218057039 ], [ 114.200231928036786, 22.354598302651237 ], [ 114.200143596445955, 22.354629461774028 ], [ 114.200086489645415, 22.35467620310558 ], [ 114.200059943163794, 22.354712518776235 ], [ 114.200013192784368, 22.354803454130593 ], [ 114.199904011305591, 22.355094614800734 ], [ 114.199804207655561, 22.355207583162226 ], [ 114.199622387261698, 22.355382964152533 ], [ 114.19954064715877, 22.355414573543744 ], [ 114.199464395499021, 22.35540587876401 ], [ 114.199332242960395, 22.355460288205823 ], [ 114.199101020894076, 22.355488179425265 ], [ 114.199036753490844, 22.355504867683091 ], [ 114.198984282741137, 22.355527117123373 ], [ 114.19891409935741, 22.355583260631665 ], [ 114.198853392411621, 22.355584126800636 ], [ 114.198822109601565, 22.355570684556689 ], [ 114.198806493149704, 22.355537345871436 ], [ 114.198808022966219, 22.355511066751841 ], [ 114.198836455026594, 22.355485325812218 ], [ 114.198948006845228, 22.355433583603133 ], [ 114.199148487119672, 22.355375896012788 ], [ 114.199224902052421, 22.355312987655019 ], [ 114.199322326175206, 22.355190673358436 ], [ 114.199402633322833, 22.355123474861553 ], [ 114.199459237773198, 22.355089602383714 ], [ 114.199472578485924, 22.355037674831127 ], [ 114.199451336570945, 22.354978410270228 ], [ 114.199178445697711, 22.355182457410379 ], [ 114.199103958180302, 22.355216323219597 ], [ 114.199053777179302, 22.355228711002979 ], [ 114.198997068025875, 22.355215398706925 ], [ 114.198929826485951, 22.355148563732882 ], [ 114.1987826771485, 22.354910457052988 ], [ 114.198626130891384, 22.354736829658648 ], [ 114.198556880830068, 22.35467459134837 ], [ 114.198435434948408, 22.354589702316538 ], [ 114.198400294542012, 22.354552726877486 ], [ 114.198277569391266, 22.3544811579651 ], [ 114.198221840177681, 22.35446139744997 ], [ 114.198179272356114, 22.354420593987683 ], [ 114.1981613348796, 22.354380681296966 ], [ 114.198158425611226, 22.35433823807033 ], [ 114.198201110403929, 22.35419135046055 ], [ 114.198203076368301, 22.354095987534897 ], [ 114.198178237448403, 22.354000032126674 ], [ 114.198157350016317, 22.353968870430716 ], [ 114.19808887913203, 22.353919292650627 ], [ 114.198056519707066, 22.353909598077795 ], [ 114.197993153605083, 22.353911882069742 ], [ 114.197896580236502, 22.353947601476936 ], [ 114.197684122732795, 22.354079700847787 ], [ 114.197649252304871, 22.354093386625475 ], [ 114.197380381927715, 22.354245748373042 ], [ 114.197332784116242, 22.354129287330959 ], [ 114.197381461364571, 22.353927068959223 ], [ 114.197381445498948, 22.35381888290221 ], [ 114.197317362174189, 22.35356350689565 ], [ 114.197206959548197, 22.353366907550729 ], [ 114.197215380287673, 22.353191614358686 ], [ 114.19719909259517, 22.353077614660371 ], [ 114.19715226939762, 22.353010189374444 ], [ 114.197008986911271, 22.352890877509449 ], [ 114.196942694081628, 22.352858484116304 ], [ 114.196907633775339, 22.352629419354169 ], [ 114.196766707035707, 22.352550527751639 ], [ 114.196548060047959, 22.35256838083604 ], [ 114.196469333438728, 22.352690564809709 ], [ 114.19643689101261, 22.352917479547461 ], [ 114.196417631486455, 22.352929772465657 ], [ 114.196096389910778, 22.352971360586981 ], [ 114.195988130965958, 22.353029367663968 ], [ 114.195729327209577, 22.353029398067953 ], [ 114.195491609160683, 22.3530969922564 ], [ 114.19518967008689, 22.353087779471856 ], [ 114.194945047414592, 22.353217648359188 ], [ 114.194856323710525, 22.353297280675221 ], [ 114.194752682720633, 22.353336213875078 ], [ 114.194596946504873, 22.353449185232794 ], [ 114.194570306860484, 22.353449188152695 ], [ 114.194389067139568, 22.353411649817286 ], [ 114.194167081057245, 22.353447425702626 ], [ 114.194061533465316, 22.353537119420878 ], [ 114.194020900285835, 22.353585184359144 ], [ 114.193969061212371, 22.353613265852051 ], [ 114.193586639095457, 22.353685893476538 ], [ 114.193347084715441, 22.353841758388221 ], [ 114.193083137502711, 22.353955452696397 ], [ 114.192886258862174, 22.35393102661736 ], [ 114.192855670575256, 22.353870190791081 ], [ 114.192903039125682, 22.353629223768493 ], [ 114.192739741249, 22.353511698169051 ], [ 114.192729644598472, 22.35351180752712 ], [ 114.192927376140716, 22.35319104971963 ], [ 114.192897511588896, 22.352921328011391 ], [ 114.19276834458951, 22.352766277075901 ], [ 114.192666516177013, 22.352695550708322 ], [ 114.192654264330855, 22.352695830438577 ], [ 114.192459701357009, 22.352700248624622 ], [ 114.192372866872304, 22.35275454869036 ], [ 114.192119401360642, 22.352737974648807 ], [ 114.192024683967475, 22.352795688822123 ], [ 114.19195600515873, 22.352773127887442 ], [ 114.19175465650234, 22.352782908596605 ], [ 114.191656248986689, 22.352924887022692 ], [ 114.191554498722596, 22.352946912802015 ], [ 114.191460119812419, 22.352995686361645 ], [ 114.19139274422993, 22.353088905841766 ], [ 114.19111875703743, 22.35309345455132 ], [ 114.190936377313832, 22.353194034817641 ], [ 114.19089440694755, 22.353180564876453 ], [ 114.190954443628186, 22.353089305875496 ], [ 114.190956890364518, 22.352899104070282 ], [ 114.19102344401945, 22.352836272666245 ], [ 114.19115862315094, 22.352656128238994 ], [ 114.191148594186075, 22.35246292937876 ], [ 114.191195962977076, 22.352389723484489 ], [ 114.191249824257582, 22.352200013771409 ], [ 114.191143325328738, 22.352204439159536 ], [ 114.191077516606285, 22.352238192155834 ], [ 114.191019413629533, 22.352246577613496 ], [ 114.190857331554938, 22.352216881194678 ], [ 114.190837552325775, 22.352181419905381 ], [ 114.190934976084719, 22.352100795660661 ], [ 114.190922808183231, 22.352066119376868 ], [ 114.190929174922047, 22.351951123695876 ], [ 114.191033137781034, 22.351830782425274 ], [ 114.191159845598463, 22.351793782099168 ], [ 114.191241866225539, 22.351754437710518 ], [ 114.191301900174054, 22.351738845614506 ], [ 114.191342492412375, 22.351760334711923 ], [ 114.191459992734821, 22.351964315423103 ], [ 114.191479180220753, 22.35191006712607 ], [ 114.191473703525233, 22.351805087381422 ], [ 114.191525278400064, 22.351758801099333 ], [ 114.191659361902339, 22.351699530355848 ], [ 114.191757040412568, 22.351557290087804 ], [ 114.191738685593222, 22.351497762335647 ], [ 114.191578319097076, 22.351342686199576 ], [ 114.191494919906916, 22.351286027014211 ], [ 114.191462860397408, 22.351256201977247 ], [ 114.191399713175755, 22.351112197344463 ], [ 114.191390507013992, 22.350898119735465 ], [ 114.191532398771628, 22.350503661109109 ], [ 114.191505698041723, 22.35047122575946 ], [ 114.191444498832297, 22.350292426205986 ], [ 114.19132448538268, 22.350180810235518 ], [ 114.191310790602301, 22.350119241101055 ], [ 114.191422325967068, 22.349923746553657 ], [ 114.191378700651484, 22.349857204277477 ], [ 114.191232005899678, 22.349801589132468 ], [ 114.190621686691557, 22.349783319233591 ], [ 114.190437944395057, 22.34980776243836 ], [ 114.190214823958883, 22.349911632472541 ], [ 114.190063897624626, 22.349966622923947 ], [ 114.189834205488054, 22.349978868903456 ], [ 114.189697697364906, 22.349947767421153 ], [ 114.189590216833352, 22.349923278114076 ], [ 114.189453580599178, 22.349978899009816 ], [ 114.188988392538718, 22.350248406508335 ], [ 114.188718744029316, 22.350292983304669 ], [ 114.188689862186223, 22.350290321406405 ], [ 114.188579787831756, 22.350244499334782 ], [ 114.188261248544364, 22.350043258028503 ], [ 114.188003266462985, 22.349930132135 ], [ 114.187682367498013, 22.349951791171726 ], [ 114.187334639931237, 22.350035419019928 ], [ 114.187136460501634, 22.350187858575861 ], [ 114.186697348825049, 22.350260094274603 ], [ 114.18656273150556, 22.350191813321562 ], [ 114.186396517324155, 22.350165390771679 ], [ 114.186202796247088, 22.350225509503538 ], [ 114.186054279902919, 22.350345741874264 ], [ 114.185899642501838, 22.350393531297915 ], [ 114.185680567029777, 22.350359091827269 ], [ 114.185580322542179, 22.350382667034104 ], [ 114.185548733389709, 22.350399510731549 ], [ 114.185407928540599, 22.350426320949698 ], [ 114.185348989668157, 22.350411522971665 ], [ 114.184997662868525, 22.350247970528979 ], [ 114.184966136016968, 22.350168051657306 ], [ 114.185067691481606, 22.349986658690213 ], [ 114.18503396043559, 22.349732666854152 ], [ 114.184891887036329, 22.34963649851322 ], [ 114.184783508023216, 22.349667957313056 ], [ 114.184643196002767, 22.349817437981383 ], [ 114.184578164330091, 22.34986655832359 ], [ 114.184436560014476, 22.350003107108574 ], [ 114.184214251552874, 22.350130818547125 ], [ 114.18415868275973, 22.350137449501393 ], [ 114.184095629625503, 22.350155784378504 ], [ 114.183700851560417, 22.35019081308236 ], [ 114.183693318418932, 22.350197839177508 ], [ 114.183361981714327, 22.350214153034781 ], [ 114.183075580005365, 22.350146651858651 ], [ 114.183023892633457, 22.350113502655741 ], [ 114.182990791500828, 22.349971543507817 ], [ 114.182863406426861, 22.349848506913244 ], [ 114.182660769253687, 22.349836494655325 ], [ 114.182498057014669, 22.34995550515594 ], [ 114.182419402867339, 22.3499742101789 ], [ 114.182393404521491, 22.349971827005593 ], [ 114.182272719170953, 22.34986493635866 ], [ 114.182165400120752, 22.349708223577061 ], [ 114.181989843767795, 22.349561834839619 ], [ 114.181907935517287, 22.349523746520681 ], [ 114.181678561717149, 22.349477011361788 ], [ 114.181643385836566, 22.349371743159466 ], [ 114.181260056614221, 22.349145791386409 ], [ 114.181117270946032, 22.349145795226512 ], [ 114.180970757961688, 22.349164979948473 ], [ 114.180854389606083, 22.349227203447619 ], [ 114.180814186483786, 22.349184599025264 ], [ 114.180767655457032, 22.349135292524178 ], [ 114.180617772029109, 22.349090766397644 ], [ 114.180556868657618, 22.348904936912927 ], [ 114.180453019905727, 22.34882132529625 ], [ 114.180329978792727, 22.348746907139688 ], [ 114.180150885672916, 22.348749511709613 ], [ 114.179907187852677, 22.34884543914659 ], [ 114.179638898789165, 22.348915810154178 ], [ 114.179509521906638, 22.349009377993248 ], [ 114.179452409815994, 22.349018978414069 ], [ 114.178997231002739, 22.349087590312934 ], [ 114.17888716101011, 22.34905877522478 ], [ 114.178817835576169, 22.348924337470677 ], [ 114.178763331886884, 22.348818636052417 ], [ 114.178662202701545, 22.348749797253468 ], [ 114.178537513066686, 22.348743061814844 ], [ 114.178432589781622, 22.348810882404806 ], [ 114.178309997407396, 22.348839709122689 ], [ 114.178236286070501, 22.348994872889257 ], [ 114.178092569074721, 22.349049183868345 ], [ 114.178090355734525, 22.349059045258734 ], [ 114.177898292317721, 22.34906959433226 ], [ 114.177734313326596, 22.348947240249295 ], [ 114.17756991750646, 22.34888734136549 ], [ 114.177447450619752, 22.348808640530965 ], [ 114.177183460855119, 22.348805435468694 ], [ 114.177106379407007, 22.348858002517499 ], [ 114.177013842810439, 22.348959235244145 ], [ 114.176960798290082, 22.349036645268875 ], [ 114.17691707344494, 22.349162594538619 ], [ 114.176885968984479, 22.34932650827044 ], [ 114.176660014419426, 22.349272559614434 ], [ 114.176580826019773, 22.349243408858854 ], [ 114.176320059099751, 22.349082366242101 ], [ 114.17624456953348, 22.349077272748993 ], [ 114.176151304491214, 22.349091242662269 ], [ 114.176097211221915, 22.349121991487539 ], [ 114.176031477703802, 22.349205207799187 ], [ 114.175975763364463, 22.349196357563937 ], [ 114.175928611612093, 22.34917243535056 ], [ 114.175793165419108, 22.349141098489973 ], [ 114.175640933598146, 22.349170175849373 ], [ 114.175393719509884, 22.349084934372602 ], [ 114.175213569108223, 22.348964880386838 ], [ 114.17493156498125, 22.348669894022031 ], [ 114.174798083499795, 22.348432596320766 ], [ 114.17452545702659, 22.348270015454187 ], [ 114.174419768833829, 22.348128107655807 ], [ 114.174282577795339, 22.348028606815525 ], [ 114.174026753391985, 22.348053716581123 ], [ 114.173832174976951, 22.348144208361507 ], [ 114.173473166294329, 22.348494442643215 ], [ 114.173460967813753, 22.348309270711159 ], [ 114.173340759031234, 22.348108356211174 ], [ 114.173198199952722, 22.348021578399326 ], [ 114.173114314352603, 22.347991703394239 ], [ 114.172886673964925, 22.347946445859282 ], [ 114.172976689646958, 22.34781476436012 ], [ 114.173055027019899, 22.347664705341096 ], [ 114.173110195324284, 22.347368088738889 ], [ 114.173342706472326, 22.347093320958162 ], [ 114.173330078797434, 22.347001895258366 ], [ 114.172918899237118, 22.34673817531862 ], [ 114.172750397582305, 22.34648431296953 ], [ 114.172725118830556, 22.346468210834299 ], [ 114.172582426016007, 22.346377323553163 ], [ 114.172285977702586, 22.34638146956414 ], [ 114.172144670608077, 22.346376498726187 ], [ 114.172001487531261, 22.346440602496408 ], [ 114.171926376097076, 22.346494196638531 ], [ 114.171745991951084, 22.346568630016524 ], [ 114.17147734546819, 22.346599496857557 ], [ 114.171164427237784, 22.346484698708522 ], [ 114.170708231257606, 22.346155066499602 ], [ 114.170421534920763, 22.34605185411343 ], [ 114.170306381225359, 22.346043604609697 ], [ 114.169705829258902, 22.346186542173147 ], [ 114.169651552653946, 22.346189853993501 ], [ 114.169491062045708, 22.346021345492527 ], [ 114.169486473164994, 22.345965735066123 ], [ 114.16931851177398, 22.345908112358458 ], [ 114.168867634259755, 22.345883410283768 ], [ 114.168597123006577, 22.345940713753397 ], [ 114.168556582333864, 22.345955575997159 ], [ 114.168476077090844, 22.34592880527007 ], [ 114.168346045791154, 22.345850458359475 ], [ 114.168248804279074, 22.345825763671439 ], [ 114.167956720726366, 22.345905551034186 ], [ 114.167770023539532, 22.346004994308302 ], [ 114.167654712049369, 22.346037452696855 ], [ 114.167357077642947, 22.346075860614082 ], [ 114.167138072512984, 22.346170397667962 ], [ 114.167089442401291, 22.34622269978049 ], [ 114.167014527794692, 22.34635163365704 ], [ 114.166928978480755, 22.34626917036557 ], [ 114.16679843218904, 22.346205171751777 ], [ 114.166544000885381, 22.346190905561425 ], [ 114.16652063575917, 22.346169113323455 ], [ 114.166480279222682, 22.346052869321223 ], [ 114.16641532231688, 22.345817528637134 ], [ 114.16637203036511, 22.345752903124239 ], [ 114.166326007966049, 22.345722954792194 ], [ 114.16627414969814, 22.345713026829532 ], [ 114.166145664064473, 22.345752888349189 ], [ 114.166029413304202, 22.345878179727531 ], [ 114.165900909242438, 22.346151535332485 ], [ 114.165796897263093, 22.34630530073273 ], [ 114.165619459186146, 22.346527404307214 ], [ 114.165564384839968, 22.346669776359096 ], [ 114.16557660256187, 22.346846333763619 ], [ 114.165558217958903, 22.347182350727248 ], [ 114.165508400031825, 22.347265744505247 ], [ 114.16544350001007, 22.347299342681406 ], [ 114.165307063920608, 22.347314802386293 ], [ 114.165257142830271, 22.347351932502832 ], [ 114.165197233254148, 22.347494267947312 ], [ 114.16515064136955, 22.34753759323555 ], [ 114.165090731747455, 22.347562341677222 ], [ 114.164868332861374, 22.347564700441623 ], [ 114.164717127263984, 22.347619983340095 ], [ 114.164684106866147, 22.347663327568974 ], [ 114.164571332825417, 22.347962907990059 ], [ 114.164397961420406, 22.348040882711789 ], [ 114.164142477065056, 22.348043265027627 ], [ 114.164111962555552, 22.34806992988506 ], [ 114.164083699081601, 22.348109770504337 ], [ 114.164047317534255, 22.348386644674427 ], [ 114.16398943764446, 22.348502908581299 ], [ 114.163822728856303, 22.348538556966393 ], [ 114.163732242626239, 22.348622100431587 ], [ 114.163560072473871, 22.348610825304931 ], [ 114.163314966006695, 22.348501146922914 ], [ 114.162991043177044, 22.348466460270153 ], [ 114.162840075141332, 22.348361557321624 ], [ 114.162742724331309, 22.348161016219404 ], [ 114.162731949322662, 22.348152806500678 ], [ 114.16258248888704, 22.34812041885522 ], [ 114.162178500125293, 22.347952613023015 ], [ 114.162002275011261, 22.347830576023441 ], [ 114.1618892927427, 22.347660718816599 ], [ 114.161844698223362, 22.347626254068839 ], [ 114.161503934416686, 22.347592700731468 ], [ 114.161282641237932, 22.347515567662722 ], [ 114.161141486025016, 22.34736123075939 ], [ 114.161045887223736, 22.347061488045217 ], [ 114.16100411931113, 22.347016258907473 ], [ 114.160941943055363, 22.346992321826818 ], [ 114.160909334099628, 22.346994025401191 ], [ 114.160797807138692, 22.347103871204219 ], [ 114.160708358957379, 22.347270250453874 ], [ 114.160569222137909, 22.347381818182473 ], [ 114.160255878471105, 22.347395503845117 ], [ 114.160114288215624, 22.347317862573508 ], [ 114.160016141134676, 22.347238663405861 ], [ 114.159917787228409, 22.347024005705954 ], [ 114.159861923533569, 22.346981420756311 ], [ 114.159834771639481, 22.346972856935313 ], [ 114.159755717485467, 22.346917093921526 ], [ 114.15968747453806, 22.346809939075751 ], [ 114.159645984713109, 22.346401048807063 ], [ 114.159538091912196, 22.346164174654518 ], [ 114.159514224826651, 22.34604961036414 ], [ 114.159441144495688, 22.346048943303654 ], [ 114.15929396954445, 22.346007413931279 ], [ 114.159126019911426, 22.345889519701103 ], [ 114.158944329074075, 22.345582252832546 ], [ 114.158841185321322, 22.345495602169184 ], [ 114.158681449908002, 22.345449167245643 ], [ 114.158491769772453, 22.345449145881876 ], [ 114.158246737957455, 22.345507030968975 ], [ 114.158139665472817, 22.345620587034634 ], [ 114.157936958969159, 22.345751940174889 ], [ 114.157806364272972, 22.345935362749529 ], [ 114.15755333596104, 22.346035698527775 ], [ 114.157364275176008, 22.346183813294704 ], [ 114.157300937516055, 22.346350654374191 ], [ 114.157192055730476, 22.346480139497476 ], [ 114.157020657901171, 22.346452999842295 ], [ 114.156862910407384, 22.346350357143265 ], [ 114.156490700808646, 22.346227305517562 ], [ 114.156319694180439, 22.346249815211177 ], [ 114.156283645699162, 22.346272477358411 ], [ 114.156192438870633, 22.34648239928454 ], [ 114.156036877313483, 22.346634101891375 ], [ 114.155125655756862, 22.346783031801596 ], [ 114.154935545117283, 22.346855124294638 ], [ 114.154076729564295, 22.346432095602268 ], [ 114.152538079302488, 22.346188615852459 ], [ 114.151258011880913, 22.347220070382914 ], [ 114.151129345840616, 22.346942387298153 ], [ 114.151100794497367, 22.346839262764291 ], [ 114.15108571848792, 22.346731877940577 ], [ 114.151088564015055, 22.346514314057405 ], [ 114.151117891837529, 22.346247393312204 ], [ 114.15116823612054, 22.345931981753893 ], [ 114.151169522919631, 22.345796595737347 ], [ 114.151156001632174, 22.34568147195893 ], [ 114.151132085214599, 22.345609052069076 ], [ 114.151090908607443, 22.345535473521061 ], [ 114.150977408338846, 22.345413633127382 ], [ 114.150924281963, 22.345338165239625 ], [ 114.150748265654315, 22.344999057336217 ], [ 114.147963326235512, 22.345058629210868 ], [ 114.146842408812645, 22.344165636785444 ], [ 114.146759554279853, 22.342714933120607 ], [ 114.146764740942047, 22.342566010992158 ], [ 114.14678733726727, 22.342488939288174 ], [ 114.14694544736841, 22.342292779443611 ], [ 114.146975582574854, 22.342187678217645 ], [ 114.146983125315884, 22.342096579235289 ], [ 114.146870264855096, 22.341872347451172 ], [ 114.146885342174528, 22.341774251172417 ], [ 114.146938053990127, 22.341683169560724 ], [ 114.146930534411126, 22.341620107711453 ], [ 114.146953146170944, 22.341515014122713 ], [ 114.147028429251677, 22.341416928917994 ], [ 114.147088650763379, 22.341388909098317 ], [ 114.147224145582783, 22.341353904338231 ], [ 114.147412325208265, 22.341353938617495 ], [ 114.147449944655392, 22.341339930000839 ], [ 114.147592999587786, 22.341220833642126 ], [ 114.148067227812092, 22.3410387448533 ], [ 114.148405964823397, 22.34091967336358 ], [ 114.148488759720038, 22.340919687868453 ], [ 114.148639305925869, 22.340856662696591 ], [ 114.148808708405127, 22.340722326236435 ], [ 114.148923056901751, 22.340602058781563 ], [ 114.146978020522269, 22.340038430250992 ], [ 114.146783270241045, 22.33999549904043 ], [ 114.146529067879712, 22.339971746450207 ], [ 114.145367815319076, 22.339998056923442 ], [ 114.145227654009446, 22.340024552430265 ], [ 114.145092954076418, 22.340067990235678 ], [ 114.144989802471017, 22.340114251669842 ], [ 114.144892715610851, 22.340170673625209 ], [ 114.144740407916345, 22.340291427406395 ], [ 114.14432994536611, 22.34076936977171 ], [ 114.144083161863279, 22.341022203113713 ], [ 114.143947845916614, 22.341120383146315 ], [ 114.14379614914489, 22.341194854481543 ], [ 114.143633537176811, 22.341244489372961 ], [ 114.143492162335491, 22.341264779123218 ], [ 114.143320466407786, 22.341263614880113 ], [ 114.143179713232115, 22.341241578209559 ], [ 114.142995887173214, 22.341182841225283 ], [ 114.142918235707967, 22.341148391430298 ], [ 114.142795695452975, 22.34108007657068 ], [ 114.142704703609581, 22.341015714624955 ], [ 114.142620392372322, 22.340944012185695 ], [ 114.142189739678315, 22.340475459886921 ], [ 114.141951963218233, 22.34025247119575 ], [ 114.14176816282486, 22.340098342907179 ], [ 114.141650479587639, 22.340022686371675 ], [ 114.141523697243585, 22.339960573623028 ], [ 114.141390232478173, 22.339913702915897 ], [ 114.141279205977881, 22.339887715702389 ], [ 114.141080210066889, 22.339866224311169 ], [ 114.140880604112581, 22.339876899431697 ], [ 114.140713142876763, 22.339911295752671 ], [ 114.140348469683389, 22.340044414959998 ], [ 114.140096656151158, 22.340169657222283 ], [ 114.139930389531912, 22.340273470993566 ], [ 114.139679159728274, 22.340464184365114 ], [ 114.139429146135043, 22.340641911663884 ], [ 114.139170029350979, 22.340808357275556 ], [ 114.138976461336355, 22.340921754173834 ], [ 114.138677914071707, 22.341079719100346 ], [ 114.138437623054855, 22.341193673266396 ], [ 114.13827490854672, 22.341256315802468 ], [ 114.138180016714813, 22.34203545964224 ], [ 114.137159836879306, 22.3419174995955 ], [ 114.136281034448999, 22.341479778098584 ], [ 114.135966332953842, 22.341393348734375 ], [ 114.135981043673823, 22.341113495129587 ], [ 114.135975643334731, 22.340923851826119 ], [ 114.135951429657354, 22.340735332593407 ], [ 114.135909013626275, 22.340550195219802 ], [ 114.135838695153737, 22.340343603171668 ], [ 114.135736831473821, 22.340124586056966 ], [ 114.135643438035657, 22.339987406049861 ], [ 114.135509391763648, 22.339845140443824 ], [ 114.135351682388062, 22.339724885198365 ], [ 114.135201854144711, 22.339642442820256 ], [ 114.135040487004531, 22.339582573752683 ], [ 114.134840885664673, 22.33954527104552 ], [ 114.134637644369278, 22.339539574140304 ], [ 114.134464119010715, 22.33956040753765 ], [ 114.134347700352677, 22.339586737288602 ], [ 114.134215839092263, 22.339638890325183 ], [ 114.134109145722178, 22.339701624689503 ], [ 114.13393974334285, 22.339381130153139 ], [ 114.133898476346161, 22.33932116526741 ], [ 114.133860997900911, 22.339284220299522 ], [ 114.133807781637145, 22.339254576876222 ], [ 114.133656096613279, 22.339216951294119 ], [ 114.133568845471885, 22.339222102538049 ], [ 114.133069201786228, 22.338840137774156 ], [ 114.132993085531041, 22.338781951291654 ], [ 114.132586522154881, 22.339003396806529 ], [ 114.132255197352507, 22.339199720902087 ], [ 114.13207073491526, 22.33927191461164 ], [ 114.131959703752955, 22.339297846790586 ], [ 114.131817728615175, 22.339314179834073 ], [ 114.131673380650312, 22.339313417222463 ], [ 114.132201097354255, 22.337982863656464 ], [ 114.13245390502172, 22.337548038806496 ], [ 114.132833089420089, 22.337019221576561 ], [ 114.133203391514257, 22.336544458042233 ], [ 114.133585506521214, 22.3360951539713 ], [ 114.133986922666665, 22.335721891511849 ], [ 114.134445735613312, 22.335377333196728 ], [ 114.134985173455135, 22.335063949888646 ], [ 114.136443243703781, 22.334411960081823 ], [ 114.136740823727465, 22.334285876823142 ], [ 114.138300584794678, 22.333624918952619 ], [ 114.138376370259053, 22.333683707948403 ], [ 114.138616397428848, 22.333707271317479 ], [ 114.138742733333729, 22.333672036655525 ], [ 114.13890697782476, 22.333589797585859 ], [ 114.138995500457696, 22.333319478914909 ], [ 114.13896919113003, 22.333188773222073 ], [ 114.138957645673372, 22.333131417325916 ], [ 114.138755585553326, 22.332884537197387 ], [ 114.141450541402875, 22.331729739570516 ], [ 114.141779054532478, 22.331553497917501 ], [ 114.141981231946502, 22.331341973094297 ], [ 114.142069711310825, 22.331177445897641 ], [ 114.142145554172089, 22.330965893713874 ], [ 114.142120345623965, 22.33073080424742 ], [ 114.142082505783705, 22.330507478909599 ], [ 114.142006758406211, 22.330295894202632 ], [ 114.141880464678565, 22.330138355622623 ], [ 114.140491128614386, 22.3290331854983 ], [ 114.140427982243153, 22.328939144905114 ], [ 114.140427994441453, 22.328892131695628 ], [ 114.14055436261377, 22.32875111135785 ], [ 114.140630197952589, 22.328610079640871 ], [ 114.140604971115053, 22.328457276542441 ], [ 114.140567088134574, 22.328374990429712 ], [ 114.14047866721269, 22.328351464016052 ], [ 114.140339704673423, 22.328363181580105 ], [ 114.140238627429085, 22.328410181039242 ], [ 114.140049086078349, 22.328598200027812 ], [ 114.137981509309299, 22.327099092342515 ], [ 114.13804469878113, 22.326958058777336 ], [ 114.13808265130848, 22.326781763751988 ], [ 114.138019514020641, 22.326699470990608 ], [ 114.137640583939842, 22.326487811281442 ], [ 114.13649125908303, 22.325653003927581 ], [ 114.136251307235483, 22.325417868858899 ], [ 114.136087153205452, 22.325182752497394 ], [ 114.13579680218831, 22.324500951250048 ], [ 114.135506412450354, 22.323960207198233 ], [ 114.13510859717428, 22.323612174822632 ], [ 114.134868626529183, 22.323459315339417 ], [ 114.134578117755936, 22.323365204372475 ], [ 114.13284761202263, 22.322929858090134 ], [ 114.132493941447095, 22.322823977442518 ], [ 114.132253967537125, 22.322694620701547 ], [ 114.130422708252013, 22.321377663675438 ], [ 114.13033433627659, 22.321224849803531 ], [ 114.130334433620959, 22.320931003454263 ], [ 114.130466994547007, 22.32044543945986 ], [ 114.130592649533327, 22.320119489061522 ], [ 114.130659820667574, 22.31986670582404 ], [ 114.130743731728174, 22.319710672040394 ], [ 114.130968625309592, 22.319276906162852 ], [ 114.13107604237257, 22.31906470855602 ], [ 114.131176727382396, 22.318899323569777 ], [ 114.131280759264442, 22.318768264741365 ], [ 114.131435114479459, 22.318612250350242 ], [ 114.131545839593343, 22.31852177670627 ], [ 114.131763927839657, 22.318381384648571 ], [ 114.131961871675657, 22.318284685763839 ], [ 114.131765064158131, 22.313753023914902 ], [ 114.149524990006427, 22.313796368977854 ], [ 114.149508995686148, 22.297477658692429 ], [ 114.144919106258669, 22.297492912290618 ], [ 114.139434581009226, 22.297510968398043 ], [ 114.131029951896025, 22.297538278872004 ], [ 114.130282717725521, 22.297540685751844 ], [ 114.127758382180744, 22.297548791818745 ], [ 114.109860234899287, 22.297605138728702 ], [ 114.109895086810283, 22.294109519077573 ], [ 114.110105212846577, 22.273029244553353 ], [ 114.110146273297033, 22.269459719034138 ], [ 114.110241293691601, 22.261197878488783 ], [ 114.128714376296244, 22.247100431862009 ], [ 114.132613435618936, 22.244124289547823 ], [ 114.13960718177205, 22.238785432232373 ], [ 114.14189647575671, 22.23703768288653 ], [ 114.149133410804538, 22.231512194808165 ] ], [ [ 114.224504223301523, 22.359146135144922 ], [ 114.224493187839457, 22.359327200884394 ], [ 114.224196723949277, 22.360108141272296 ], [ 114.22401276641645, 22.360755730344653 ], [ 114.223849859310761, 22.361181703449656 ], [ 114.223788569158188, 22.361476920751571 ], [ 114.223768252814494, 22.361924489507835 ], [ 114.22376825281448, 22.361924489507828 ], [ 114.223788569158145, 22.361476920751564 ], [ 114.223849859310761, 22.361181703449645 ], [ 114.224012766416422, 22.360755730344621 ], [ 114.224196723949262, 22.360108141272281 ], [ 114.224493187839442, 22.359327200884366 ], [ 114.224504223301508, 22.359146135144893 ], [ 114.224733494232694, 22.358576953280402 ], [ 114.224504223301523, 22.359146135144922 ] ], [ [ 114.223774978443004, 22.362293195681534 ], [ 114.223788907548069, 22.362486318871905 ], [ 114.22376615793624, 22.362945302886018 ], [ 114.223744418619759, 22.363116519270761 ], [ 114.223744418619759, 22.363116519270751 ], [ 114.223766157936225, 22.36294530288599 ], [ 114.223788907548041, 22.362486318871905 ], [ 114.223774978442989, 22.36229319568152 ], [ 114.22376837613173, 22.361931249910374 ], [ 114.223774978443004, 22.362293195681534 ] ], [ [ 114.223778040298455, 22.363665187294181 ], [ 114.223730627508914, 22.363773826324234 ], [ 114.22377804029847, 22.363665187294167 ], [ 114.223799500499894, 22.363587997015777 ], [ 114.223778040298455, 22.363665187294181 ] ], [ [ 114.223615466774419, 22.363997513189801 ], [ 114.223615466774419, 22.363997513189776 ], [ 114.223641227105617, 22.36396039156396 ], [ 114.223615466774419, 22.363997513189801 ] ], [ [ 114.223759668540822, 22.364151017775242 ], [ 114.223826809588971, 22.364188484082376 ], [ 114.223826809588928, 22.364188484082383 ], [ 114.223759668540822, 22.364151017775267 ], [ 114.223694942225308, 22.364075987696474 ], [ 114.223759668540822, 22.364151017775242 ] ], [ [ 114.223901477599625, 22.364175304889653 ], [ 114.223910569869659, 22.364180000364239 ], [ 114.223901477599611, 22.364175304889667 ], [ 114.22384251739426, 22.364185711597049 ], [ 114.223901477599625, 22.364175304889653 ] ], [ [ 114.224057491623199, 22.364190603705048 ], [ 114.223914829884563, 22.364182200341681 ], [ 114.223914829884549, 22.364182200341677 ], [ 114.224057491623199, 22.364190603705048 ] ], [ [ 114.224090878191745, 22.364192570292996 ], [ 114.224147449018275, 22.364228494784605 ], [ 114.224090878191717, 22.364192570293003 ], [ 114.224090878191745, 22.364192570292996 ] ], [ [ 114.224592185390776, 22.36461638908445 ], [ 114.224643367046227, 22.3646594857853 ], [ 114.224821266795644, 22.364769817844834 ], [ 114.224643367046227, 22.364659485785324 ], [ 114.224592185390762, 22.364616389084446 ], [ 114.224568507751158, 22.364602595759376 ], [ 114.224592185390776, 22.36461638908445 ] ], [ [ 114.225149771974174, 22.365159302353362 ], [ 114.225146203439834, 22.36528471054767 ], [ 114.225149771974117, 22.365159302353334 ], [ 114.225106731523397, 22.36502228379068 ], [ 114.225149771974174, 22.365159302353362 ] ], [ [ 114.225174764225599, 22.365612050109629 ], [ 114.225241697232519, 22.365887181657751 ], [ 114.225281664103221, 22.366019845604967 ], [ 114.225241697232505, 22.365887181657744 ], [ 114.225174764225585, 22.365612050109622 ], [ 114.225146203439834, 22.36528471054767 ], [ 114.225174764225599, 22.365612050109629 ] ], [ [ 114.225362650305129, 22.366211964954953 ], [ 114.225415512662906, 22.366375961970533 ], [ 114.225362650305115, 22.366211964954964 ], [ 114.225319793884111, 22.36612616337413 ], [ 114.225362650305129, 22.366211964954953 ] ], [ [ 114.225518257380486, 22.366623972745021 ], [ 114.225624046795602, 22.366728478422576 ], [ 114.225627412232313, 22.366729928686404 ], [ 114.225624046795588, 22.36672847842258 ], [ 114.225518257380486, 22.366623972745035 ], [ 114.225496980867717, 22.366585743836733 ], [ 114.225518257380486, 22.366623972745021 ] ], [ [ 114.22564090457459, 22.366735742925165 ], [ 114.225648624136426, 22.366787007498715 ], [ 114.22564090457459, 22.366735742925158 ], [ 114.22564090457459, 22.366735742925165 ] ], [ [ 114.225722371359538, 22.367337585730649 ], [ 114.225805648731011, 22.36743843863049 ], [ 114.22572237135951, 22.367337585730667 ], [ 114.225698511296414, 22.367267908355792 ], [ 114.225722371359538, 22.367337585730649 ] ], [ [ 114.226068622069349, 22.367691324387753 ], [ 114.226099322663728, 22.367725331592503 ], [ 114.226068622069334, 22.367691324387753 ], [ 114.225952276900728, 22.36758403941435 ], [ 114.226068622069349, 22.367691324387753 ] ], [ [ 114.226440519758967, 22.368354648363677 ], [ 114.22647910678954, 22.368417301519255 ], [ 114.226440519758967, 22.368354648363695 ], [ 114.226324586824234, 22.36807083598077 ], [ 114.226440519758967, 22.368354648363677 ] ], [ [ 114.226916670427741, 22.369071138095464 ], [ 114.226916717691665, 22.369203272897419 ], [ 114.226916670427741, 22.369071138095446 ], [ 114.226908776682436, 22.369054828258299 ], [ 114.226916670427741, 22.369071138095464 ] ], [ [ 114.226753199137676, 22.369523636547889 ], [ 114.226796485286101, 22.369582654229909 ], [ 114.226753199137647, 22.369523636547861 ], [ 114.22675617752104, 22.369435172492917 ], [ 114.226753199137676, 22.369523636547889 ] ], [ [ 114.22687836623561, 22.369694293095787 ], [ 114.226861090962814, 22.369905631044642 ], [ 114.226722034097406, 22.370183949930642 ], [ 114.226697974481013, 22.370267092456817 ], [ 114.226701322859967, 22.370360706302083 ], [ 114.22669797448097, 22.370267092456839 ], [ 114.226722034097364, 22.370183949930606 ], [ 114.226861090962785, 22.369905631044627 ], [ 114.22687836623561, 22.369694293095783 ], [ 114.22687836623561, 22.369694293095787 ] ], [ [ 114.226743785133152, 22.370461352249318 ], [ 114.2267961980629, 22.370545879951283 ], [ 114.226879910016862, 22.370644946152755 ], [ 114.226994913270659, 22.370736733034004 ], [ 114.226994913270659, 22.370736733034004 ], [ 114.226879910016862, 22.370644946152762 ], [ 114.226796198062885, 22.370545879951283 ], [ 114.226743785133138, 22.370461352249318 ], [ 114.226717430101132, 22.370402419374667 ], [ 114.226743785133152, 22.370461352249318 ] ], [ [ 114.228531721458452, 22.370696497035713 ], [ 114.22856086138664, 22.370705923964543 ], [ 114.228531721458438, 22.37069649703573 ], [ 114.22836438266269, 22.370709418912099 ], [ 114.228531721458452, 22.370696497035713 ] ], [ [ 114.228679683448021, 22.370771475391699 ], [ 114.228685922623981, 22.370773654267186 ], [ 114.228679683448021, 22.370771475391699 ], [ 114.228672362443007, 22.370766642295681 ], [ 114.228679683448021, 22.370771475391699 ] ], [ [ 114.231029333369676, 22.370830614241754 ], [ 114.231211121133242, 22.370821035085026 ], [ 114.231450077442091, 22.370758806486862 ], [ 114.231211121133285, 22.370821035085033 ], [ 114.231029333369676, 22.370830614241775 ], [ 114.230967850739205, 22.370824670241387 ], [ 114.231029333369676, 22.370830614241754 ] ], [ [ 114.23329161871861, 22.37127466696322 ], [ 114.233299921527816, 22.371277777346695 ], [ 114.233291618718596, 22.371274666963213 ], [ 114.233289645408775, 22.371274486813846 ], [ 114.23329161871861, 22.37127466696322 ] ], [ [ 114.233679202154619, 22.371387575520696 ], [ 114.234113695498422, 22.371672308574077 ], [ 114.23413057146584, 22.371692332580885 ], [ 114.234113695498422, 22.37167230857407 ], [ 114.23367920215459, 22.371387575520718 ], [ 114.233526698984051, 22.371339490218958 ], [ 114.233679202154619, 22.371387575520696 ] ], [ [ 114.234605481399882, 22.371967025837733 ], [ 114.234716047552325, 22.37213871636272 ], [ 114.234605481399853, 22.371967025837751 ], [ 114.234269504174449, 22.371768882945393 ], [ 114.234605481399882, 22.371967025837733 ] ], [ [ 114.234944588017555, 22.372478339624728 ], [ 114.235049980568178, 22.372581602007806 ], [ 114.235213139627078, 22.372693605899705 ], [ 114.235049980568164, 22.372581602007827 ], [ 114.234944588017527, 22.372478339624728 ], [ 114.234935060224501, 22.372466049872294 ], [ 114.234944588017555, 22.372478339624728 ] ], [ [ 114.236830694087288, 22.373199922376564 ], [ 114.236938437152858, 22.373230117902505 ], [ 114.236830694087274, 22.373199922376578 ], [ 114.236531106492706, 22.373170124547528 ], [ 114.236830694087288, 22.373199922376564 ] ], [ [ 114.237255938096823, 22.373308636256148 ], [ 114.237288711120044, 22.373322590631055 ], [ 114.237255938096808, 22.373308636256137 ], [ 114.237255938096823, 22.373308636256148 ] ], [ [ 114.238262201492134, 22.374124545166261 ], [ 114.239090036801912, 22.374724951555159 ], [ 114.238262201492091, 22.374124545166268 ], [ 114.237756016104029, 22.373702482454291 ], [ 114.238262201492134, 22.374124545166261 ] ], [ [ 114.242029123751422, 22.377884241100123 ], [ 114.242224703977996, 22.378177536859369 ], [ 114.242333065588227, 22.378566636414817 ], [ 114.242224703977996, 22.378177536859376 ], [ 114.242029123751408, 22.377884241100151 ], [ 114.241959971158195, 22.377834731490527 ], [ 114.242029123751422, 22.377884241100123 ] ], [ [ 114.242548743647887, 22.378914233191505 ], [ 114.242752611671307, 22.379130467442643 ], [ 114.242752611671307, 22.379130467442643 ], [ 114.242548743647859, 22.378914233191495 ], [ 114.242333065588227, 22.378566636414817 ], [ 114.242548743647887, 22.378914233191505 ] ], [ [ 114.243354743939037, 22.379455518546042 ], [ 114.243666704460608, 22.379525509739288 ], [ 114.243354743939037, 22.379455518546049 ], [ 114.243247886859947, 22.37941499897147 ], [ 114.243354743939037, 22.379455518546042 ] ], [ [ 114.244605789420163, 22.380343494475245 ], [ 114.244605789420163, 22.380343494475245 ], [ 114.244606187004877, 22.380336029520194 ], [ 114.244605789420163, 22.380343494475245 ] ], [ [ 114.244928198085205, 22.380605722872982 ], [ 114.244958086509769, 22.38061743089645 ], [ 114.244928198085205, 22.380605722872982 ], [ 114.244863072649167, 22.380571135775057 ], [ 114.244928198085205, 22.380605722872982 ] ], [ [ 114.245141841630428, 22.380724339030156 ], [ 114.245213421663166, 22.380796354298585 ], [ 114.245485209928717, 22.381170969732647 ], [ 114.245213421663138, 22.380796354298599 ], [ 114.245141841630414, 22.380724339030152 ], [ 114.245141841630428, 22.380724339030156 ] ], [ [ 114.245645378677466, 22.381246478125334 ], [ 114.245642537264303, 22.381589684291072 ], [ 114.245645378677438, 22.38124647812533 ], [ 114.245617909526771, 22.381239099283334 ], [ 114.245645378677466, 22.381246478125334 ] ], [ [ 114.246019334353079, 22.381922930429774 ], [ 114.246043327570334, 22.381965872708587 ], [ 114.246019334353079, 22.381922930429791 ], [ 114.24597246677385, 22.381872099603289 ], [ 114.246019334353079, 22.381922930429774 ] ], [ [ 114.246288269221012, 22.382428614642006 ], [ 114.246236527368524, 22.382514731015455 ], [ 114.246288269220997, 22.382428614642016 ], [ 114.246260952416677, 22.382359735179218 ], [ 114.246288269221012, 22.382428614642006 ] ], [ [ 114.246187956039449, 22.382789806221908 ], [ 114.246179729284634, 22.382609262568383 ], [ 114.246179729284634, 22.382609262568383 ], [ 114.246187956039449, 22.382789806221908 ] ], [ [ 114.247105182884269, 22.383981384722475 ], [ 114.247199684660913, 22.384150741030531 ], [ 114.247105182884226, 22.383981384722475 ], [ 114.246868265128938, 22.383689015516165 ], [ 114.247105182884269, 22.383981384722475 ] ], [ [ 114.24737506537744, 22.384521247080784 ], [ 114.247433760476227, 22.384734782344331 ], [ 114.247375065377398, 22.384521247080762 ], [ 114.247251255113696, 22.384254569297397 ], [ 114.24737506537744, 22.384521247080784 ] ], [ [ 114.247402480142952, 22.385834516085442 ], [ 114.247234551670701, 22.386174615268015 ], [ 114.247402480142952, 22.385834516085442 ], [ 114.247520869041722, 22.385310992458287 ], [ 114.247402480142952, 22.385834516085442 ] ], [ [ 114.246989229689888, 22.386555231647016 ], [ 114.246846627372747, 22.386706635833786 ], [ 114.246540079158621, 22.386992665295207 ], [ 114.246846627372747, 22.386706635833768 ], [ 114.246989229689859, 22.386555231647016 ], [ 114.247234551670701, 22.386174615268015 ], [ 114.246989229689888, 22.386555231647016 ] ], [ [ 114.254444182696176, 22.386741648139818 ], [ 114.254442783044553, 22.387326879716682 ], [ 114.254444182696147, 22.386741648139811 ], [ 114.254444182696176, 22.386741648139818 ] ], [ [ 114.254439729218106, 22.388603760115835 ], [ 114.25428655055093, 22.388689325391923 ], [ 114.253609777456091, 22.389006248752349 ], [ 114.253450677292079, 22.389132814567738 ], [ 114.25313565202579, 22.38945805285956 ], [ 114.252906649395371, 22.38990050224492 ], [ 114.252781741629178, 22.390227709250301 ], [ 114.252716257982058, 22.390633417593964 ], [ 114.25267212585652, 22.391464470929055 ], [ 114.252716257982058, 22.390633417593925 ], [ 114.252781741629178, 22.390227709250297 ], [ 114.252906649395371, 22.389900502244892 ], [ 114.253135652025776, 22.389458052859549 ], [ 114.253450677292037, 22.389132814567731 ], [ 114.253609777456077, 22.389006248752349 ], [ 114.254286550550916, 22.388689325391915 ], [ 114.254439729218078, 22.388603760115817 ], [ 114.254441868096364, 22.387709443008919 ], [ 114.254439729218106, 22.388603760115835 ] ], [ [ 114.252543743791762, 22.392032586197743 ], [ 114.252463546802687, 22.392205539892771 ], [ 114.252325825573294, 22.392565885384926 ], [ 114.252325825573294, 22.392565885384926 ], [ 114.252463546802673, 22.392205539892768 ], [ 114.252543743791733, 22.392032586197736 ], [ 114.252589904697018, 22.391869889685726 ], [ 114.252543743791762, 22.392032586197743 ] ], [ [ 114.25244738424577, 22.393600173870198 ], [ 114.258060467196188, 22.398459366627133 ], [ 114.258060467196188, 22.398459366627133 ], [ 114.252447384245755, 22.393600173870201 ], [ 114.252481388776971, 22.392839193256126 ], [ 114.25244738424577, 22.393600173870198 ] ], [ [ 114.270499474344774, 22.397897038182418 ], [ 114.270502954210301, 22.397897088551748 ], [ 114.270499474344774, 22.397897038182418 ], [ 114.270499474344774, 22.397897038182418 ] ], [ [ 114.270888145633208, 22.397913907310468 ], [ 114.271045102101141, 22.397983681061184 ], [ 114.270888145633222, 22.397913907310485 ], [ 114.270851892791413, 22.397907762886142 ], [ 114.270888145633208, 22.397913907310468 ] ], [ [ 114.271483078601094, 22.398047193488551 ], [ 114.271613367542471, 22.398112162420677 ], [ 114.271483078601065, 22.398047193488551 ], [ 114.271448224935341, 22.398036509675183 ], [ 114.271483078601094, 22.398047193488551 ] ], [ [ 114.272404958129314, 22.397982724349148 ], [ 114.272876596369485, 22.398638627986568 ], [ 114.272404958129314, 22.397982724349152 ], [ 114.27239367302812, 22.397973949503896 ], [ 114.272404958129314, 22.397982724349148 ] ], [ [ 114.275210851329206, 22.401593375468469 ], [ 114.275257099813047, 22.401624035520932 ], [ 114.275210851329177, 22.401593375468465 ], [ 114.275099479773317, 22.401534920486252 ], [ 114.275210851329206, 22.401593375468469 ] ], [ [ 114.275444393578383, 22.401794712544817 ], [ 114.276064875485304, 22.402279929212398 ], [ 114.275444393578312, 22.401794712544817 ], [ 114.275384142647439, 22.401717603198957 ], [ 114.275444393578383, 22.401794712544817 ] ], [ [ 114.276614803843586, 22.402758866506971 ], [ 114.276733815133156, 22.402818358139875 ], [ 114.276796923433494, 22.402831274518995 ], [ 114.276733815133156, 22.402818358139911 ], [ 114.276614803843572, 22.402758866506986 ], [ 114.276523731717376, 22.402662057324957 ], [ 114.276614803843586, 22.402758866506971 ] ], [ [ 114.277049524258629, 22.402818162750592 ], [ 114.277260285065282, 22.402740150804341 ], [ 114.277049524258629, 22.402818162750606 ], [ 114.277025374536493, 22.402824437412526 ], [ 114.277049524258629, 22.402818162750592 ] ], [ [ 114.282482212791777, 22.402688900154899 ], [ 114.28259868711713, 22.403037500293646 ], [ 114.282631584958054, 22.403113219399241 ], [ 114.28259868711713, 22.40303750029366 ], [ 114.282482212791749, 22.402688900154892 ], [ 114.281877757716572, 22.401451527190716 ], [ 114.282482212791777, 22.402688900154899 ] ], [ [ 114.283480175710054, 22.404439256981814 ], [ 114.283620325767956, 22.40456418255787 ], [ 114.283954597066824, 22.404790680861979 ], [ 114.284101560303924, 22.404908648022062 ], [ 114.283954597066767, 22.404790680861979 ], [ 114.283620325767941, 22.404564182557881 ], [ 114.283480175710039, 22.404439256981817 ], [ 114.283308084116356, 22.404230797648239 ], [ 114.283480175710054, 22.404439256981814 ] ], [ [ 114.284547661112654, 22.405494610692259 ], [ 114.28479046953295, 22.406136615713631 ], [ 114.284885506285406, 22.406293998757416 ], [ 114.285000657150633, 22.406439303553643 ], [ 114.284885506285363, 22.406293998757384 ], [ 114.284790469532936, 22.406136615713642 ], [ 114.284547661112626, 22.405494610692216 ], [ 114.284469417517542, 22.40536724278715 ], [ 114.284547661112654, 22.405494610692259 ] ], [ [ 114.285086433480146, 22.406527112769698 ], [ 114.285111397437888, 22.406543531357613 ], [ 114.285086433480132, 22.406527112769695 ], [ 114.285000657150633, 22.406439303553643 ], [ 114.285086433480146, 22.406527112769698 ] ], [ [ 114.286667423129757, 22.407828368739207 ], [ 114.286746079429193, 22.407948803330065 ], [ 114.286667423129742, 22.407828368739203 ], [ 114.286504369494494, 22.407618044055937 ], [ 114.286667423129757, 22.407828368739207 ] ], [ [ 114.287490628297022, 22.409556494714089 ], [ 114.287490628297007, 22.409556494714071 ], [ 114.287401150036203, 22.409217532899248 ], [ 114.287490628297022, 22.409556494714089 ] ], [ [ 114.287567601422296, 22.409671707078907 ], [ 114.287542976698532, 22.409710931713917 ], [ 114.287567601422282, 22.4096717070789 ], [ 114.287522371552342, 22.4096040076303 ], [ 114.287567601422296, 22.409671707078907 ] ], [ [ 114.28745284560712, 22.409970848140699 ], [ 114.287368281660306, 22.410474861068177 ], [ 114.28745284560712, 22.409970848140681 ], [ 114.287463651871235, 22.409932233811819 ], [ 114.28745284560712, 22.409970848140699 ] ], [ [ 114.286926782707539, 22.411302589273891 ], [ 114.286739702268889, 22.411559886627867 ], [ 114.286742270564446, 22.411697888411283 ], [ 114.286739702268861, 22.411559886627849 ], [ 114.286926782707539, 22.41130258927388 ], [ 114.287192650467887, 22.411059804086616 ], [ 114.286926782707539, 22.411302589273891 ] ], [ [ 114.286742288215905, 22.411698836872997 ], [ 114.286695951493002, 22.411934708400498 ], [ 114.28671199793223, 22.412175011752684 ], [ 114.286695951492987, 22.411934708400498 ], [ 114.286742288215905, 22.411698836872993 ], [ 114.286742288215905, 22.411698836872997 ] ], [ [ 114.287641434461136, 22.413959111706255 ], [ 114.287651980293475, 22.414336226246697 ], [ 114.287641434461108, 22.413959111706255 ], [ 114.287641434461136, 22.413959111706255 ] ], [ [ 114.288547200481133, 22.415157247815539 ], [ 114.288652711695747, 22.415179876509917 ], [ 114.288547200481133, 22.415157247815539 ], [ 114.28827170700859, 22.415065236860425 ], [ 114.288547200481133, 22.415157247815539 ] ], [ [ 114.292704183407807, 22.415955811477897 ], [ 114.293215193688852, 22.415965811248373 ], [ 114.292704183407807, 22.415955811477911 ], [ 114.292563331243969, 22.41597729219443 ], [ 114.292704183407807, 22.415955811477897 ] ], [ [ 114.295710997685291, 22.415535001868516 ], [ 114.295838716324582, 22.415572808749733 ], [ 114.295710997685276, 22.415535001868516 ], [ 114.295613123628115, 22.415533696110582 ], [ 114.295710997685291, 22.415535001868516 ] ], [ [ 114.296454751815943, 22.415562748391725 ], [ 114.296447162793896, 22.415565604759266 ], [ 114.296447162793896, 22.415565604759266 ], [ 114.296454751815943, 22.415562748391725 ] ], [ [ 114.298503449335897, 22.415362825558635 ], [ 114.298725591684203, 22.415447049625154 ], [ 114.298503449335854, 22.415362825558624 ], [ 114.298317621756425, 22.41525073678611 ], [ 114.298503449335897, 22.415362825558635 ] ], [ [ 114.300743479225858, 22.415375536160653 ], [ 114.301030469765678, 22.415314219452586 ], [ 114.300743479225815, 22.415375536160674 ], [ 114.300506717893953, 22.415406557499278 ], [ 114.300743479225858, 22.415375536160653 ] ], [ [ 114.303337136874532, 22.414842480653924 ], [ 114.303366787657325, 22.41485540153414 ], [ 114.303337136874532, 22.414842480653931 ], [ 114.302929638112275, 22.414779947033331 ], [ 114.303337136874532, 22.414842480653924 ] ], [ [ 114.30410666487073, 22.4154300130621 ], [ 114.304293896509932, 22.415560711364801 ], [ 114.304106664870716, 22.4154300130621 ], [ 114.303875754021036, 22.415191483245913 ], [ 114.30410666487073, 22.4154300130621 ] ], [ [ 114.306134552594898, 22.416722307190387 ], [ 114.306169438410663, 22.416887771670599 ], [ 114.306159661496878, 22.417049226239623 ], [ 114.306169438410649, 22.416887771670563 ], [ 114.306134552594898, 22.416722307190419 ], [ 114.306032734732483, 22.416596693510133 ], [ 114.306134552594898, 22.416722307190387 ] ], [ [ 114.306099641908276, 22.417191115854557 ], [ 114.30602346002145, 22.417301312388254 ], [ 114.305579883081265, 22.417811382236742 ], [ 114.305522389813945, 22.418008057470693 ], [ 114.30552238981393, 22.418008057470676 ], [ 114.305579883081222, 22.41781138223671 ], [ 114.306023460021407, 22.417301312388247 ], [ 114.306099641908276, 22.417191115854525 ], [ 114.306159661496878, 22.417049226239623 ], [ 114.306099641908276, 22.417191115854557 ] ], [ [ 114.30710694268106, 22.4195479003081 ], [ 114.30707639547434, 22.41977689242108 ], [ 114.306987921732926, 22.419956883727501 ], [ 114.307076395474326, 22.419776892421059 ], [ 114.307106942681045, 22.419547900308086 ], [ 114.30710694268106, 22.4195479003081 ] ], [ [ 114.306085930661681, 22.421571282798826 ], [ 114.306085930661681, 22.421571282798826 ], [ 114.306090188219912, 22.42134391034238 ], [ 114.306085930661681, 22.421571282798826 ] ], [ [ 114.30636028187682, 22.422080950212273 ], [ 114.306380418443226, 22.422102201814401 ], [ 114.30636028187682, 22.422080950212287 ], [ 114.306275865904212, 22.421924129523699 ], [ 114.30636028187682, 22.422080950212273 ] ], [ [ 114.306510323852606, 22.422325997925544 ], [ 114.306510323852606, 22.422325997925554 ], [ 114.306471048308026, 22.42225203607968 ], [ 114.306510323852606, 22.422325997925544 ] ], [ [ 114.306162581135652, 22.424104212304123 ], [ 114.3061143051371, 22.423788031244097 ], [ 114.3061143051371, 22.423788031244097 ], [ 114.306162581135652, 22.424104212304123 ] ], [ [ 114.306233407884577, 22.42435361307135 ], [ 114.306278592548153, 22.424704763867457 ], [ 114.306233407884577, 22.424353613071307 ], [ 114.306162581135652, 22.424104212304123 ], [ 114.306233407884577, 22.42435361307135 ] ], [ [ 114.306340610700857, 22.424916874448662 ], [ 114.30647279946362, 22.425158441622411 ], [ 114.3064805496888, 22.425226053164074 ], [ 114.306472799463606, 22.425158441622404 ], [ 114.306340610700857, 22.424916874448666 ], [ 114.3063107494593, 22.424819739651767 ], [ 114.306340610700857, 22.424916874448662 ] ], [ [ 114.30648308170214, 22.425248141968762 ], [ 114.30644898045081, 22.425553877516595 ], [ 114.30644898045081, 22.425553877516577 ], [ 114.306483081702126, 22.425248141968741 ], [ 114.30648308170214, 22.425248141968762 ] ], [ [ 114.306518481768151, 22.425818080097024 ], [ 114.306518481768151, 22.425818080097002 ], [ 114.306460447636582, 22.425643477574095 ], [ 114.306518481768151, 22.425818080097024 ] ], [ [ 114.306668425382881, 22.426151165565344 ], [ 114.306668425382867, 22.426151165565326 ], [ 114.30658824804388, 22.42597305945624 ], [ 114.306668425382881, 22.426151165565344 ] ], [ [ 114.306851818532621, 22.426469459158131 ], [ 114.307102440194811, 22.426821499778285 ], [ 114.306851818532564, 22.426469459158103 ], [ 114.306670454280223, 22.42615468688938 ], [ 114.306851818532621, 22.426469459158131 ] ], [ [ 114.307605369156477, 22.427388702440862 ], [ 114.307605369156477, 22.427388702440851 ], [ 114.307532782886781, 22.427312856672771 ], [ 114.307605369156477, 22.427388702440862 ] ], [ [ 114.308611009644892, 22.42736619402876 ], [ 114.30919548809085, 22.427374795161604 ], [ 114.308611009644892, 22.427366194028785 ], [ 114.30800427000537, 22.427708084314911 ], [ 114.30800427000537, 22.427708084314911 ], [ 114.308611009644892, 22.42736619402876 ] ], [ [ 114.311646966631471, 22.426734609095803 ], [ 114.312424621077881, 22.426654846368937 ], [ 114.311646966631471, 22.426734609095824 ], [ 114.311460187012727, 22.426764056059231 ], [ 114.311646966631471, 22.426734609095803 ] ], [ [ 114.313804936379881, 22.426351654243994 ], [ 114.314065781711832, 22.426325842801926 ], [ 114.313804936379881, 22.426351654244005 ], [ 114.313463632148569, 22.426447871366594 ], [ 114.313804936379881, 22.426351654243994 ] ], [ [ 114.31733498122064, 22.426161800437132 ], [ 114.317720096556158, 22.426133217753815 ], [ 114.317774119387252, 22.426122093301274 ], [ 114.317720096556158, 22.426133217753829 ], [ 114.317334981220611, 22.426161800437139 ], [ 114.316146231728595, 22.42623319150438 ], [ 114.31733498122064, 22.426161800437132 ] ], [ [ 114.321938459046251, 22.423450571471975 ], [ 114.321950934780077, 22.423442692406248 ], [ 114.321938459046251, 22.423450571471978 ], [ 114.321851086716421, 22.423526180679545 ], [ 114.321938459046251, 22.423450571471975 ] ], [ [ 114.322566452205592, 22.422955642773335 ], [ 114.322578843763154, 22.422934768822852 ], [ 114.322566452205592, 22.422955642773342 ], [ 114.322399728458478, 22.423060167124227 ], [ 114.322566452205592, 22.422955642773335 ] ], [ [ 114.325107006190635, 22.4172994314319 ], [ 114.325137438250366, 22.417297785002333 ], [ 114.325107006190606, 22.417299431431918 ], [ 114.325041917455835, 22.417314145564934 ], [ 114.325107006190635, 22.4172994314319 ] ], [ [ 114.331302533410494, 22.414767698526664 ], [ 114.331399077735554, 22.414736084013231 ], [ 114.331302533410536, 22.414767698526674 ], [ 114.330520347088196, 22.415129056119408 ], [ 114.331302533410494, 22.414767698526664 ] ], [ [ 114.335800076344981, 22.41654996899797 ], [ 114.335980704576755, 22.416696247241482 ], [ 114.335800076344952, 22.416549968997948 ], [ 114.335758105976552, 22.416505262779989 ], [ 114.335800076344981, 22.41654996899797 ] ], [ [ 114.336973109335077, 22.417891721635051 ], [ 114.336993007447361, 22.417928812229935 ], [ 114.336973109335091, 22.417891721635083 ], [ 114.336906023871506, 22.417794444632662 ], [ 114.336973109335077, 22.417891721635051 ] ], [ [ 114.339060538035653, 22.418066175880821 ], [ 114.339151539269224, 22.417953113443467 ], [ 114.339060538035667, 22.418066175880821 ], [ 114.339031077154175, 22.418075024874017 ], [ 114.339060538035653, 22.418066175880821 ] ], [ [ 114.339569409181664, 22.417239964092428 ], [ 114.339578887428743, 22.417227833351134 ], [ 114.339569409181664, 22.417239964092431 ], [ 114.339564801095136, 22.417251859497387 ], [ 114.339569409181664, 22.417239964092428 ] ], [ [ 114.339816741521688, 22.41694670346924 ], [ 114.339816741521716, 22.416946703469218 ], [ 114.339809573012857, 22.416953382919633 ], [ 114.339816741521688, 22.41694670346924 ] ], [ [ 114.340404772188293, 22.416518851124071 ], [ 114.340419612795529, 22.416504493103361 ], [ 114.340404772188293, 22.416518851124078 ], [ 114.340145808406291, 22.416739375017578 ], [ 114.340404772188293, 22.416518851124071 ] ], [ [ 114.341054467569748, 22.415787627876295 ], [ 114.341195919498318, 22.415709998707779 ], [ 114.341054467569748, 22.415787627876316 ], [ 114.340992976438145, 22.415851064490059 ], [ 114.341054467569748, 22.415787627876295 ] ], [ [ 114.342821840028549, 22.414427531762868 ], [ 114.342809430236841, 22.414453697327833 ], [ 114.342809430236841, 22.414453697327833 ], [ 114.342821840028549, 22.414427531762868 ] ], [ [ 114.343781292811883, 22.412444077427772 ], [ 114.343938632865971, 22.412270143576947 ], [ 114.343781292811883, 22.412444077427772 ], [ 114.343728387636048, 22.412496848829925 ], [ 114.343781292811883, 22.412444077427772 ] ], [ [ 114.346944410057972, 22.410390267600615 ], [ 114.347444852368412, 22.410389740121513 ], [ 114.347547886875688, 22.41037645523269 ], [ 114.347444852368426, 22.410389740121516 ], [ 114.346944410057958, 22.410390267600647 ], [ 114.346836500579499, 22.410419954089178 ], [ 114.346944410057972, 22.410390267600615 ] ], [ [ 114.350676772512074, 22.40919156576 ], [ 114.350870714004643, 22.409095865974685 ], [ 114.350676772512088, 22.409191565760004 ], [ 114.349952983422327, 22.409614995477423 ], [ 114.350676772512074, 22.40919156576 ] ], [ [ 114.351870470256387, 22.407668038921514 ], [ 114.351712701638448, 22.407453708999526 ], [ 114.351695995937803, 22.40741969541774 ], [ 114.351712701638448, 22.407453708999515 ], [ 114.351870470256415, 22.407668038921472 ], [ 114.352028046125852, 22.40785365207951 ], [ 114.351870470256387, 22.407668038921514 ] ], [ [ 114.351524005166908, 22.406815612489442 ], [ 114.351340278754748, 22.406679730809739 ], [ 114.351524005166908, 22.406815612489424 ], [ 114.351544554835698, 22.406901272997409 ], [ 114.351524005166908, 22.406815612489442 ] ], [ [ 114.35072715042989, 22.406320012630065 ], [ 114.350953288807759, 22.40615255201639 ], [ 114.350973770141366, 22.406141106143082 ], [ 114.350953288807773, 22.40615255201639 ], [ 114.35072715042989, 22.406320012630079 ], [ 114.35072715042989, 22.406320012630065 ] ], [ [ 114.351441729585417, 22.405979624486491 ], [ 114.351786456492007, 22.405936965090664 ], [ 114.351441729585417, 22.405979624486502 ], [ 114.351361423048573, 22.405995450176903 ], [ 114.351441729585417, 22.405979624486491 ] ], [ [ 114.352307189546011, 22.405801672104527 ], [ 114.352383256563243, 22.405797215075157 ], [ 114.352307189545996, 22.405801672104531 ], [ 114.35205055736138, 22.405875756493767 ], [ 114.352307189546011, 22.405801672104527 ] ], [ [ 114.35503218229961, 22.405954945381886 ], [ 114.355330329416645, 22.405890142606214 ], [ 114.355032182299638, 22.405954945381914 ], [ 114.354761358183595, 22.40596600131601 ], [ 114.35503218229961, 22.405954945381886 ] ], [ [ 114.35559222827132, 22.406013720430874 ], [ 114.355531271950767, 22.406352258771914 ], [ 114.355534032665076, 22.406602817942677 ], [ 114.355531271950738, 22.406352258771911 ], [ 114.355592228271291, 22.406013720430856 ], [ 114.355583387147746, 22.405857242898673 ], [ 114.35559222827132, 22.406013720430874 ] ], [ [ 114.355622407906296, 22.406822085433902 ], [ 114.355741174968131, 22.406977639271819 ], [ 114.355622407906296, 22.406822085433923 ], [ 114.355592963115939, 22.406750235483685 ], [ 114.355622407906296, 22.406822085433902 ] ], [ [ 114.356106863092336, 22.407413730729061 ], [ 114.356171093464653, 22.407462322812812 ], [ 114.356106863092336, 22.407413730729075 ], [ 114.356023040649504, 22.407323103867967 ], [ 114.356106863092336, 22.407413730729061 ] ], [ [ 114.358379091956607, 22.407960111531395 ], [ 114.358379091956607, 22.407960111531384 ], [ 114.3583887324329, 22.407846328495772 ], [ 114.358379091956607, 22.407960111531395 ] ], [ [ 114.35955976984323, 22.408398727293516 ], [ 114.359681352208398, 22.408900819011777 ], [ 114.35982129489031, 22.409220104229483 ], [ 114.359940805112288, 22.409450327538057 ], [ 114.359821294890295, 22.409220104229501 ], [ 114.359681352208369, 22.408900819011766 ], [ 114.359559769843216, 22.408398727293516 ], [ 114.359543273020577, 22.408393682475332 ], [ 114.35955976984323, 22.408398727293516 ] ], [ [ 114.361589183388347, 22.411947748425192 ], [ 114.361809056133893, 22.41220062971232 ], [ 114.36190100152325, 22.412331411915712 ], [ 114.361809056133851, 22.412200629712327 ], [ 114.361589183388332, 22.411947748425195 ], [ 114.36141546799351, 22.411767507599791 ], [ 114.361589183388347, 22.411947748425192 ] ], [ [ 114.36302304153682, 22.4138679287305 ], [ 114.363301223001812, 22.414134575366109 ], [ 114.364025572381735, 22.414599050232628 ], [ 114.36455062763963, 22.414899444304677 ], [ 114.36472332531747, 22.415122386132531 ], [ 114.364931061995136, 22.415565557812162 ], [ 114.365003152612601, 22.415683673489863 ], [ 114.36513483639807, 22.41583516850206 ], [ 114.365003152612573, 22.415683673489859 ], [ 114.364931061995122, 22.415565557812165 ], [ 114.364723325317428, 22.415122386132509 ], [ 114.364550627639616, 22.414899444304687 ], [ 114.364025572381721, 22.414599050232638 ], [ 114.363301223001798, 22.414134575366116 ], [ 114.36302304153682, 22.413867928730525 ], [ 114.362971525337556, 22.413769143280508 ], [ 114.36302304153682, 22.4138679287305 ] ], [ [ 114.365330396066483, 22.415990625518859 ], [ 114.365403835536796, 22.416186581937595 ], [ 114.365406599952493, 22.416322978734275 ], [ 114.365403835536782, 22.416186581937577 ], [ 114.365330396066426, 22.415990625518859 ], [ 114.365203058184875, 22.415878506141109 ], [ 114.365330396066483, 22.415990625518859 ] ], [ [ 114.365979499014088, 22.417667788211869 ], [ 114.366044196952458, 22.417819351795437 ], [ 114.366054202170261, 22.417861509251416 ], [ 114.366044196952458, 22.417819351795437 ], [ 114.365979499014045, 22.417667788211855 ], [ 114.365860734842258, 22.417527672031138 ], [ 114.365979499014088, 22.417667788211869 ] ], [ [ 114.365630684658683, 22.418838705046145 ], [ 114.365659312698938, 22.418989263203471 ], [ 114.365630684658683, 22.418838705046102 ], [ 114.365626435565176, 22.418749670998785 ], [ 114.365630684658683, 22.418838705046145 ] ], [ [ 114.36578265613754, 22.419315958231564 ], [ 114.365952017358495, 22.420017507224014 ], [ 114.365988645027798, 22.420104738624325 ], [ 114.365952017358481, 22.42001750722401 ], [ 114.36578265613754, 22.419315958231575 ], [ 114.365711335332421, 22.419134063618067 ], [ 114.36578265613754, 22.419315958231564 ] ], [ [ 114.366233704387881, 22.420492395559794 ], [ 114.366380393076483, 22.42073328302714 ], [ 114.366233704387852, 22.420492395559812 ], [ 114.366162670860945, 22.420405439981199 ], [ 114.366233704387881, 22.420492395559794 ] ], [ [ 114.366393625046214, 22.420755012096031 ], [ 114.366022464445152, 22.420999359508194 ], [ 114.366022464445152, 22.42099935950819 ], [ 114.366393625046214, 22.420755012096031 ], [ 114.366393625046214, 22.420755012096031 ] ], [ [ 114.36678505035934, 22.421735367248967 ], [ 114.366904166337633, 22.422217272351851 ], [ 114.366995523787011, 22.422357281237648 ], [ 114.367035882438003, 22.422393554180054 ], [ 114.366995523786997, 22.422357281237641 ], [ 114.366904166337591, 22.422217272351848 ], [ 114.366785050359326, 22.421735367248953 ], [ 114.36678505035934, 22.421735367248967 ] ], [ [ 114.367558399813731, 22.422623006831255 ], [ 114.367568580022521, 22.422647499758547 ], [ 114.367558399813717, 22.422623006831248 ], [ 114.367558399813731, 22.422623006831255 ] ], [ [ 114.36807065887308, 22.42350280636893 ], [ 114.367835325599657, 22.424018966905948 ], [ 114.368070658873066, 22.423502806368916 ], [ 114.368058606558094, 22.423478937283353 ], [ 114.36807065887308, 22.42350280636893 ] ], [ [ 114.367772458991197, 22.424755627339323 ], [ 114.367843841408828, 22.425234727071814 ], [ 114.367772458991183, 22.424755627339291 ], [ 114.367835325599657, 22.424018966905948 ], [ 114.367772458991197, 22.424755627339323 ] ], [ [ 114.36786271755247, 22.4253614181345 ], [ 114.367000038335021, 22.425900559977645 ], [ 114.36670738391112, 22.426192045650229 ], [ 114.36643745859736, 22.426548694864923 ], [ 114.366278524151042, 22.426889076094792 ], [ 114.366260711795221, 22.427019415268997 ], [ 114.366420087281426, 22.42816965212128 ], [ 114.366283127292832, 22.428677892388492 ], [ 114.36593193657815, 22.42913063856534 ], [ 114.366147564261993, 22.429479213734556 ], [ 114.365931936578136, 22.429130638565315 ], [ 114.366283127292817, 22.428677892388471 ], [ 114.366420087281384, 22.428169652121259 ], [ 114.366260711795192, 22.427019415268958 ], [ 114.366278524151056, 22.426889076094785 ], [ 114.366437458597346, 22.426548694864898 ], [ 114.366707383911105, 22.426192045650215 ], [ 114.367000038335036, 22.425900559977624 ], [ 114.36786271755247, 22.425361418134489 ], [ 114.36786271755247, 22.4253614181345 ] ], [ [ 114.366376821203502, 22.429849256011448 ], [ 114.366227013320966, 22.430060473055807 ], [ 114.366193308247148, 22.430362074980501 ], [ 114.366193308247148, 22.430362074980494 ], [ 114.366227013320952, 22.430060473055786 ], [ 114.36637682120346, 22.42984925601143 ], [ 114.366299493029658, 22.429616916602669 ], [ 114.366376821203502, 22.429849256011448 ] ], [ [ 114.366222628559683, 22.43048716633194 ], [ 114.36641621438055, 22.43100414842089 ], [ 114.366544721953403, 22.431232483849936 ], [ 114.366416214380536, 22.43100414842089 ], [ 114.366222628559669, 22.43048716633194 ], [ 114.366197955016474, 22.430381899841226 ], [ 114.366222628559683, 22.43048716633194 ] ], [ [ 114.366780391917118, 22.431990864499141 ], [ 114.366780391917118, 22.431990864499141 ], [ 114.366770690243158, 22.4316927722268 ], [ 114.366780391917118, 22.431990864499141 ] ], [ [ 114.366500796961944, 22.432995639244002 ], [ 114.366329973944616, 22.433263375390283 ], [ 114.366095777760052, 22.433452783409901 ], [ 114.366329973944616, 22.433263375390233 ], [ 114.366500796961944, 22.432995639243998 ], [ 114.366641726464792, 22.432587934872654 ], [ 114.366500796961944, 22.432995639244002 ] ], [ [ 114.365902390869053, 22.433550457330536 ], [ 114.365557109326105, 22.433692133284495 ], [ 114.365072268473384, 22.433827035857401 ], [ 114.364711518918568, 22.434003323625163 ], [ 114.364687987229658, 22.434028726516267 ], [ 114.36471151891854, 22.434003323625159 ], [ 114.365072268473412, 22.433827035857391 ], [ 114.365557109326105, 22.43369213328447 ], [ 114.365902390869053, 22.433550457330533 ], [ 114.366095777760052, 22.433452783409901 ], [ 114.365902390869053, 22.433550457330536 ] ], [ [ 114.364092493351649, 22.434909316387223 ], [ 114.363928958930344, 22.435583094887143 ], [ 114.363928958930344, 22.435583094887118 ], [ 114.364092493351649, 22.434909316387209 ], [ 114.364432063022903, 22.43420776336982 ], [ 114.364092493351649, 22.434909316387223 ] ], [ [ 114.364064802991237, 22.436650117658502 ], [ 114.364137492016894, 22.436829052790429 ], [ 114.364064802991237, 22.436650117658502 ], [ 114.363985250049254, 22.436268900142412 ], [ 114.364064802991237, 22.436650117658502 ] ], [ [ 114.364321025770948, 22.437239155266834 ], [ 114.364435374552087, 22.437588978690915 ], [ 114.364605614753089, 22.437805574327694 ], [ 114.364733996178472, 22.43838732698773 ], [ 114.364605614753074, 22.43780557432769 ], [ 114.364435374552073, 22.437588978690926 ], [ 114.364321025770948, 22.437239155266848 ], [ 114.364305783906019, 22.437207609756602 ], [ 114.364321025770948, 22.437239155266834 ] ], [ [ 114.364787525784237, 22.438854210811559 ], [ 114.364739098430277, 22.439285569421131 ], [ 114.364787525784223, 22.438854210811542 ], [ 114.364762107614993, 22.438546632747816 ], [ 114.364787525784237, 22.438854210811559 ] ], [ [ 114.029036656903941, 22.353573878145912 ], [ 114.029036656903941, 22.353573878145948 ], [ 113.994581131769948, 22.324635109905817 ], [ 114.029036656903941, 22.353573878145912 ] ], [ [ 114.028442514573157, 22.358783761796602 ], [ 114.028454720641108, 22.358873283580206 ], [ 114.028442514573157, 22.358783761796619 ], [ 114.028442532502353, 22.358693510710896 ], [ 114.028442514573157, 22.358783761796602 ] ], [ [ 114.028478938620992, 22.358960676132959 ], [ 114.028485991808211, 22.358977172481882 ], [ 114.028478938620992, 22.358960676132973 ], [ 114.028454720641108, 22.358873283580206 ], [ 114.028478938620992, 22.358960676132959 ] ], [ [ 114.0291045909118, 22.359554075247217 ], [ 114.029243530972295, 22.359666081163414 ], [ 114.02958462931332, 22.360034168994265 ], [ 114.029798063319873, 22.360330271001249 ], [ 114.029584629313348, 22.360034168994307 ], [ 114.029243530972295, 22.35966608116345 ], [ 114.029104590911814, 22.359554075247232 ], [ 114.028914710745482, 22.35942171259142 ], [ 114.0291045909118, 22.359554075247217 ] ], [ [ 114.029892732559915, 22.360426595089631 ], [ 114.029841857334944, 22.360391027276329 ], [ 114.02984185733493, 22.360391027276304 ], [ 114.029892732559915, 22.360426595089631 ] ], [ [ 114.030351284215172, 22.360634988096074 ], [ 114.030454379997693, 22.360709406525736 ], [ 114.030351284215158, 22.360634988096123 ], [ 114.030029737739454, 22.36050275793718 ], [ 114.030351284215172, 22.360634988096074 ] ], [ [ 114.031038830197417, 22.361551168620551 ], [ 114.031144551813128, 22.361664566789997 ], [ 114.031038830197417, 22.361551168620565 ], [ 114.030811492576078, 22.361238904876629 ], [ 114.030811492576049, 22.361238904876579 ], [ 114.031038830197417, 22.361551168620551 ] ], [ [ 114.032182333562375, 22.362243905520071 ], [ 114.031906853313899, 22.362187191277261 ], [ 114.03190685331387, 22.362187191277251 ], [ 114.032182333562375, 22.362243905520071 ] ], [ [ 114.033048666936736, 22.362265348112697 ], [ 114.033096454416878, 22.362266682400239 ], [ 114.033048666936722, 22.362265348112718 ], [ 114.032631661059213, 22.362282568691906 ], [ 114.032631661059199, 22.362282568691903 ], [ 114.033048666936736, 22.362265348112697 ] ], [ [ 114.033243070947947, 22.362300866127327 ], [ 114.033546034448634, 22.362370470924805 ], [ 114.033243070947947, 22.362300866127345 ], [ 114.033180333118793, 22.362281561906098 ], [ 114.033243070947947, 22.362300866127327 ] ], [ [ 114.033683835721178, 22.362434474767113 ], [ 114.033834234747047, 22.362521968987227 ], [ 114.033913964203308, 22.362579347107371 ], [ 114.034003265210828, 22.362666787222572 ], [ 114.034122883085132, 22.362796552997356 ], [ 114.034003265210842, 22.362666787222604 ], [ 114.033913964203308, 22.362579347107378 ], [ 114.033834234747033, 22.362521968987256 ], [ 114.033683835721178, 22.362434474767134 ], [ 114.033546034448634, 22.362370470924805 ], [ 114.033683835721178, 22.362434474767113 ] ], [ [ 114.034313375741377, 22.363117981749795 ], [ 114.034313375741391, 22.363117981749816 ], [ 114.034122883085132, 22.362796552997356 ], [ 114.034313375741377, 22.363117981749795 ] ], [ [ 114.034391173792386, 22.363289774687921 ], [ 114.034714964594542, 22.363915513409967 ], [ 114.034877690422817, 22.364052781272392 ], [ 114.034714964594556, 22.363915513410006 ], [ 114.034391173792386, 22.363289774687946 ], [ 114.034323955260675, 22.363141343373606 ], [ 114.034391173792386, 22.363289774687921 ] ], [ [ 114.034981365406168, 22.364332876011066 ], [ 114.034981184320117, 22.364511662168752 ], [ 114.034981365406153, 22.364332876011098 ], [ 114.034961358079883, 22.364225245503754 ], [ 114.034981365406168, 22.364332876011066 ] ], [ [ 114.034528594849704, 22.365152992019379 ], [ 114.034528594849704, 22.365152992019379 ], [ 114.034637934328515, 22.365064261614279 ], [ 114.034528594849704, 22.365152992019379 ] ], [ [ 114.036212598002763, 22.366617010959075 ], [ 114.03658468788079, 22.366720092078186 ], [ 114.036212598002791, 22.366617010959111 ], [ 114.036086416847823, 22.366571858508387 ], [ 114.036212598002763, 22.366617010959075 ] ], [ [ 114.037829119775935, 22.366993327359946 ], [ 114.038660137378884, 22.367261444094812 ], [ 114.037829119775949, 22.366993327359975 ], [ 114.037266843050688, 22.366851958366343 ], [ 114.037829119775935, 22.366993327359946 ] ], [ [ 114.039835220966282, 22.367651701082753 ], [ 114.039904321242602, 22.367690613108209 ], [ 114.039835220966282, 22.367651701082785 ], [ 114.039757034508526, 22.367620673867155 ], [ 114.039835220966282, 22.367651701082753 ] ], [ [ 114.040129545606376, 22.367883275765816 ], [ 114.040170395987289, 22.36793813036493 ], [ 114.040129545606376, 22.367883275765834 ], [ 114.040118999684921, 22.367871885309523 ], [ 114.040129545606376, 22.367883275765816 ] ], [ [ 114.040314387861187, 22.368295178396579 ], [ 114.040315464296938, 22.368307679529764 ], [ 114.040314387861187, 22.368295178396597 ], [ 114.040309014508594, 22.368268480105513 ], [ 114.040314387861187, 22.368295178396579 ] ], [ [ 114.040182144627323, 22.369829415436694 ], [ 114.040086266864009, 22.36982638148087 ], [ 114.037966489563445, 22.369378703806973 ], [ 114.040086266864051, 22.369826381480859 ], [ 114.040182144627323, 22.36982941543668 ], [ 114.040200741071331, 22.369825558636006 ], [ 114.040182144627323, 22.369829415436694 ] ], [ [ 114.035541942423436, 22.36995705110164 ], [ 114.035455438365176, 22.369998073452422 ], [ 114.035541942423421, 22.369957051101622 ], [ 114.035570616356793, 22.369944790233607 ], [ 114.035541942423436, 22.36995705110164 ] ], [ [ 114.033970449949905, 22.374741871688265 ], [ 114.032457562732006, 22.374752609142796 ], [ 114.033970449949905, 22.374741871688236 ], [ 114.033970449949905, 22.374741871688265 ] ], [ [ 114.030614150806244, 22.374962577730813 ], [ 114.030487089462568, 22.374766573024221 ], [ 114.030487089462568, 22.374766573024221 ], [ 114.030614150806244, 22.374962577730813 ] ], [ [ 114.030934780895791, 22.375611799633013 ], [ 114.031139503153852, 22.375817012790257 ], [ 114.031139503153852, 22.375817012790272 ], [ 114.030934780895791, 22.375611799633045 ], [ 114.030903627640257, 22.375509961226637 ], [ 114.030934780895791, 22.375611799633013 ] ], [ [ 114.031180907626961, 22.376039363164157 ], [ 114.031266526289443, 22.376163582628024 ], [ 114.031488200973044, 22.376361694543281 ], [ 114.031488200973044, 22.376361694543291 ], [ 114.031266526289443, 22.376163582628024 ], [ 114.031180907626961, 22.376039363164189 ], [ 114.031175990466821, 22.376012957059313 ], [ 114.031180907626961, 22.376039363164157 ] ], [ [ 114.031519824008782, 22.376466576193344 ], [ 114.031525192094421, 22.376517793899932 ], [ 114.031519824008782, 22.376466576193359 ], [ 114.031498258817308, 22.37639505262657 ], [ 114.031519824008782, 22.376466576193344 ] ], [ [ 114.031668081633271, 22.376853133797148 ], [ 114.03191356678083, 22.377285653342291 ], [ 114.031668081633271, 22.376853133797148 ], [ 114.03159962781541, 22.376786517518305 ], [ 114.031599627815396, 22.37678651751828 ], [ 114.031668081633271, 22.376853133797148 ] ], [ [ 114.032015937163806, 22.377381116197828 ], [ 114.032015937163834, 22.377381116197853 ], [ 114.03191356678083, 22.377285653342291 ], [ 114.032015937163806, 22.377381116197828 ] ], [ [ 114.032044069674455, 22.377434773565223 ], [ 114.03205298139855, 22.377483663683304 ], [ 114.03205298139855, 22.377483663683321 ], [ 114.03204406967447, 22.377434773565255 ], [ 114.032017817285919, 22.377384702171518 ], [ 114.032044069674455, 22.377434773565223 ] ], [ [ 114.032323817209814, 22.378193189011338 ], [ 114.032323817209829, 22.378193189011348 ], [ 114.03227476512437, 22.378143350974185 ], [ 114.032323817209814, 22.378193189011338 ] ], [ [ 114.032364704855212, 22.378279051470987 ], [ 114.032312821018579, 22.378485628974708 ], [ 114.032364704855212, 22.378279051471015 ], [ 114.032335791823698, 22.378218335245119 ], [ 114.032364704855212, 22.378279051470987 ] ], [ [ 114.032320783722724, 22.378638995380985 ], [ 114.032410396900488, 22.37869629268814 ], [ 114.032492373888118, 22.378701133946127 ], [ 114.032542593468904, 22.378683090631082 ], [ 114.032542593468904, 22.378683090631082 ], [ 114.032492373888132, 22.378701133946173 ], [ 114.032410396900474, 22.378696292688144 ], [ 114.03232078372271, 22.378638995380985 ], [ 114.032295264522929, 22.378555530696843 ], [ 114.032295264522929, 22.378555530696836 ], [ 114.032320783722724, 22.378638995380985 ] ], [ [ 114.032610291036875, 22.37863686963534 ], [ 114.032789836902367, 22.378422464706397 ], [ 114.03287440661849, 22.378398699429187 ], [ 114.03287440661849, 22.378398699429191 ], [ 114.032789836902367, 22.378422464706436 ], [ 114.032610291036875, 22.378636869635358 ], [ 114.032550878432929, 22.37867743401619 ], [ 114.032610291036875, 22.37863686963534 ] ], [ [ 114.033011833181661, 22.378454937215892 ], [ 114.033067177470386, 22.378484914458767 ], [ 114.033011833181675, 22.378454937215899 ], [ 114.032929693321222, 22.378421323908761 ], [ 114.033011833181661, 22.378454937215892 ] ], [ [ 114.033279051592672, 22.378513493533632 ], [ 114.033469414600717, 22.3783735991315 ], [ 114.03355524637125, 22.378368907049214 ], [ 114.033629584100581, 22.37832367582811 ], [ 114.033673787675014, 22.37821580939924 ], [ 114.033629584100581, 22.378323675828138 ], [ 114.033555246371236, 22.378368907049239 ], [ 114.033469414600745, 22.378373599131539 ], [ 114.033279051592672, 22.378513493533649 ], [ 114.033217530972252, 22.378549199752118 ], [ 114.033279051592672, 22.378513493533632 ] ], [ [ 114.033427117274186, 22.377786488292244 ], [ 114.033424714610106, 22.377707967986868 ], [ 114.033427117274201, 22.37778648829228 ], [ 114.033466246998444, 22.377911216231794 ], [ 114.033427117274186, 22.377786488292244 ] ], [ [ 114.03342463689593, 22.377705428246337 ], [ 114.033465688643076, 22.377641095156513 ], [ 114.03342463689593, 22.377705428246344 ], [ 114.03342463689593, 22.377705428246337 ] ], [ [ 114.033554753037109, 22.377589320862015 ], [ 114.033554753037137, 22.377589320862015 ], [ 114.033465688643076, 22.377641095156513 ], [ 114.033554753037109, 22.377589320862015 ] ], [ [ 114.035890900093776, 22.377826201957184 ], [ 114.036018344600095, 22.377854325556665 ], [ 114.03605510529799, 22.377877721370812 ], [ 114.036018344600123, 22.377854325556694 ], [ 114.035890900093747, 22.377826201957184 ], [ 114.035890900093776, 22.377826201957184 ] ], [ [ 114.036377094909341, 22.378410718062455 ], [ 114.036400990320274, 22.378432998091977 ], [ 114.036377094909341, 22.378410718062486 ], [ 114.036162993265194, 22.377961733825327 ], [ 114.036377094909341, 22.378410718062455 ] ], [ [ 114.036576808831484, 22.378519365775084 ], [ 114.036631802941343, 22.378600471283452 ], [ 114.036644538840363, 22.378672003948033 ], [ 114.036627023146693, 22.378730896471719 ], [ 114.036644538840349, 22.378672003948054 ], [ 114.036631802941358, 22.378600471283502 ], [ 114.036576808831484, 22.378519365775087 ], [ 114.036520738201915, 22.378494701672889 ], [ 114.036576808831484, 22.378519365775084 ] ], [ [ 114.035950809484603, 22.37995916988714 ], [ 114.035926358946, 22.37999814232499 ], [ 114.035950809484603, 22.37995916988713 ], [ 114.035951573338977, 22.379954419116192 ], [ 114.035950809484603, 22.37995916988714 ] ], [ [ 114.036183878292348, 22.38059085794276 ], [ 114.036285822005482, 22.380507360163055 ], [ 114.036387832710233, 22.380356991473256 ], [ 114.036627662268728, 22.380184463941472 ], [ 114.036387832710275, 22.380356991473253 ], [ 114.036285822005496, 22.380507360163069 ], [ 114.036183878292348, 22.380590857942774 ], [ 114.035804031032839, 22.380617020016807 ], [ 114.036183878292348, 22.38059085794276 ] ], [ [ 114.036729542613045, 22.380173399518451 ], [ 114.03704102866071, 22.380257255317595 ], [ 114.03672954261306, 22.380173399518466 ], [ 114.036627662268728, 22.380184463941472 ], [ 114.036729542613045, 22.380173399518451 ] ], [ [ 114.037340582733194, 22.380290953824918 ], [ 114.037765706474957, 22.380581081670755 ], [ 114.037340582733194, 22.380290953824925 ], [ 114.03704102866071, 22.380257255317595 ], [ 114.037340582733194, 22.380290953824918 ] ], [ [ 114.037855545142634, 22.380620161625007 ], [ 114.038120981557455, 22.380666684654024 ], [ 114.037855545142634, 22.380620161625028 ], [ 114.037765706474957, 22.380581081670755 ], [ 114.037855545142634, 22.380620161625007 ] ], [ [ 114.038340741501003, 22.380759891304198 ], [ 114.03855619038093, 22.381016397488064 ], [ 114.038723426830998, 22.3811370975966 ], [ 114.03886368544903, 22.381191996318467 ], [ 114.039067344874752, 22.381204812574126 ], [ 114.039256493220662, 22.381168484781696 ], [ 114.039067344874752, 22.381204812574136 ], [ 114.03886368544903, 22.381191996318492 ], [ 114.038723426830998, 22.381137097596657 ], [ 114.038556190380945, 22.381016397488089 ], [ 114.038340741501003, 22.380759891304219 ], [ 114.038288630351701, 22.380722759141083 ], [ 114.038340741501003, 22.380759891304198 ] ], [ [ 114.040012067712752, 22.38114022435764 ], [ 114.040247052144764, 22.381133370080352 ], [ 114.040377668821634, 22.381108899256322 ], [ 114.040247052144764, 22.381133370080363 ], [ 114.040012067712766, 22.381140224357644 ], [ 114.03996361506691, 22.381137257472538 ], [ 114.040012067712752, 22.38114022435764 ] ], [ [ 114.040464759508623, 22.381069355851263 ], [ 114.04050421830982, 22.381043083237742 ], [ 114.040571001329781, 22.380957304525662 ], [ 114.04050421830982, 22.381043083237756 ], [ 114.040464759508666, 22.381069355851281 ], [ 114.040377668821634, 22.381108899256322 ], [ 114.040464759508623, 22.381069355851263 ] ], [ [ 114.040596950496479, 22.380824072211418 ], [ 114.040598749380507, 22.380803287062111 ], [ 114.040596950496479, 22.380824072211443 ], [ 114.040571001329781, 22.380957304525662 ], [ 114.040596950496479, 22.380824072211418 ] ], [ [ 114.040633762319857, 22.380624086492329 ], [ 114.040720944236696, 22.380550263214786 ], [ 114.040633762319871, 22.380624086492364 ], [ 114.04061316668222, 22.380690474972425 ], [ 114.040633762319857, 22.380624086492329 ] ], [ [ 114.040818349446255, 22.380497895940113 ], [ 114.04102590489552, 22.380457532341914 ], [ 114.04122307023988, 22.380447330695905 ], [ 114.041569017918803, 22.380484220936484 ], [ 114.041823958124382, 22.380454624165168 ], [ 114.042344166001527, 22.380328702543256 ], [ 114.042497876131549, 22.380340750510261 ], [ 114.042544592803637, 22.380390258416988 ], [ 114.042597006482737, 22.380483280026272 ], [ 114.042649479080268, 22.380545308962162 ], [ 114.042708755894481, 22.380581073453282 ], [ 114.042649479080268, 22.380545308962187 ], [ 114.042597006482708, 22.380483280026287 ], [ 114.042544592803637, 22.380390258417002 ], [ 114.042497876131549, 22.380340750510261 ], [ 114.042344166001513, 22.380328702543295 ], [ 114.041823958124382, 22.380454624165179 ], [ 114.041569017918803, 22.380484220936498 ], [ 114.041223070239866, 22.380447330695905 ], [ 114.04102590489552, 22.380457532341932 ], [ 114.040818349446269, 22.380497895940135 ], [ 114.040720944236696, 22.380550263214786 ], [ 114.040818349446255, 22.380497895940113 ] ], [ [ 114.042855626225005, 22.380646811132991 ], [ 114.043021784404942, 22.380680018361275 ], [ 114.043166562075214, 22.380661074632428 ], [ 114.043287019036185, 22.380618261128362 ], [ 114.043753741210793, 22.380146584877487 ], [ 114.043873582804935, 22.38008649506131 ], [ 114.044178503786625, 22.380042622281341 ], [ 114.044315580055084, 22.380034399450114 ], [ 114.044641663261416, 22.379955387353839 ], [ 114.044930037565393, 22.379798275104434 ], [ 114.045008251314542, 22.379717271961479 ], [ 114.045077570255756, 22.379554020681887 ], [ 114.045126294903696, 22.379513513361481 ], [ 114.045265294139853, 22.379493967028331 ], [ 114.045859685514159, 22.3794872880732 ], [ 114.046091506641218, 22.379526821495286 ], [ 114.045859685514188, 22.379487288073239 ], [ 114.045265294139853, 22.379493967028338 ], [ 114.045126294903682, 22.379513513361484 ], [ 114.045077570255785, 22.37955402068193 ], [ 114.045008251314556, 22.379717271961528 ], [ 114.044930037565393, 22.379798275104481 ], [ 114.044641663261416, 22.379955387353867 ], [ 114.044315580055098, 22.380034399450153 ], [ 114.04417850378664, 22.380042622281341 ], [ 114.043873582804935, 22.38008649506132 ], [ 114.043753741210793, 22.380146584877487 ], [ 114.0432870190362, 22.380618261128401 ], [ 114.043166562075243, 22.380661074632464 ], [ 114.043021784404942, 22.380680018361289 ], [ 114.042855626225005, 22.380646811133008 ], [ 114.042773321730905, 22.3806129619594 ], [ 114.042855626225005, 22.380646811132991 ] ], [ [ 114.046201959316861, 22.379557903420213 ], [ 114.046500001386534, 22.379683306648325 ], [ 114.046676119951229, 22.379791688116967 ], [ 114.046743229000356, 22.379862315525529 ], [ 114.046676119951243, 22.379791688116992 ], [ 114.046500001386534, 22.379683306648339 ], [ 114.046201959316846, 22.379557903420256 ], [ 114.046091506641218, 22.379526821495286 ], [ 114.046201959316861, 22.379557903420213 ] ], [ [ 114.046840455685995, 22.379988757597346 ], [ 114.046871777439634, 22.380019073018556 ], [ 114.046840455686009, 22.379988757597371 ], [ 114.046743229000356, 22.379862315525529 ], [ 114.046840455685995, 22.379988757597346 ] ], [ [ 114.04733729007188, 22.380203729956484 ], [ 114.047502060357203, 22.380404935081831 ], [ 114.047553780414546, 22.380516593516084 ], [ 114.047561749195964, 22.380579708094498 ], [ 114.047553780414546, 22.380516593516102 ], [ 114.047502060357175, 22.380404935081835 ], [ 114.047337290071837, 22.380203729956502 ], [ 114.047174795244374, 22.380149662548479 ], [ 114.04733729007188, 22.380203729956484 ] ], [ [ 114.047568124226146, 22.380630199756624 ], [ 114.047549079463252, 22.380665060367253 ], [ 114.047568124226146, 22.380630199756613 ], [ 114.047568124226146, 22.380630199756624 ] ], [ [ 114.047331101491665, 22.381406083916037 ], [ 114.04733671325792, 22.381005431034808 ], [ 114.047336713257934, 22.381005431034797 ], [ 114.047331101491665, 22.381406083916037 ] ], [ [ 114.047062142512587, 22.382099338398643 ], [ 114.047052201866776, 22.382108646898544 ], [ 114.047062142512587, 22.382099338398639 ], [ 114.04706834052088, 22.38208842209978 ], [ 114.047062142512587, 22.382099338398643 ] ], [ [ 114.046559387676552, 22.38287582887958 ], [ 114.046495372951156, 22.382971397363942 ], [ 114.046559387676552, 22.382875828879552 ], [ 114.046614881921798, 22.382836666170782 ], [ 114.046559387676552, 22.38287582887958 ] ], [ [ 114.045945117105063, 22.384426421765443 ], [ 114.045951379417559, 22.384448369065524 ], [ 114.045945117105063, 22.384426421765482 ], [ 114.045930634868498, 22.384337233811298 ], [ 114.045945117105063, 22.384426421765443 ] ], [ [ 114.046051697782104, 22.384677104471113 ], [ 114.046106249535654, 22.384751650226782 ], [ 114.046115543492121, 22.384761452076877 ], [ 114.046106249535654, 22.384751650226786 ], [ 114.046051697782119, 22.384677104471145 ], [ 114.046016617701923, 22.384616456294722 ], [ 114.046051697782104, 22.384677104471113 ] ], [ [ 114.0480330777077, 22.386178326803563 ], [ 114.0480330777077, 22.386178326803563 ], [ 114.04724522608447, 22.38560538940418 ], [ 114.0480330777077, 22.386178326803563 ] ], [ [ 114.048188349255739, 22.386284558777447 ], [ 114.048279356875994, 22.386316237890266 ], [ 114.048374623095739, 22.386331548031226 ], [ 114.048471729940076, 22.386330496304613 ], [ 114.048567035907567, 22.386313079819473 ], [ 114.048656889283606, 22.38627984654595 ], [ 114.048738861868827, 22.386231372522303 ], [ 114.049161612305838, 22.385858638558435 ], [ 114.048738861868827, 22.3862313725223 ], [ 114.048656889283606, 22.386279846545975 ], [ 114.048567035907567, 22.386313079819477 ], [ 114.048471729940104, 22.38633049630463 ], [ 114.048374623095754, 22.386331548031237 ], [ 114.048279356876009, 22.38631623789027 ], [ 114.048188349255739, 22.386284558777465 ], [ 114.048138933034167, 22.386257000841585 ], [ 114.048188349255739, 22.386284558777447 ] ], [ [ 114.049695445870043, 22.385467920766828 ], [ 114.049791980323008, 22.385422844084744 ], [ 114.049975929804845, 22.385365987897007 ], [ 114.050168337516666, 22.385340735859053 ], [ 114.050361938577794, 22.385348789027333 ], [ 114.050168337516709, 22.385340735859078 ], [ 114.049975929804845, 22.385365987897025 ], [ 114.049791980323008, 22.385422844084747 ], [ 114.049695445870043, 22.385467920766839 ], [ 114.049538155403667, 22.385573905498251 ], [ 114.049695445870043, 22.385467920766828 ] ], [ [ 114.050550645146416, 22.385389573723785 ], [ 114.0507284082003, 22.385462525358836 ], [ 114.05081868954548, 22.385492020657402 ], [ 114.050728408200314, 22.385462525358843 ], [ 114.050550645146402, 22.385389573723824 ], [ 114.050361938577794, 22.385348789027333 ], [ 114.050550645146416, 22.385389573723785 ] ], [ [ 114.051181070021045, 22.385564470781464 ], [ 114.051374667819701, 22.385565749857655 ], [ 114.051471780698449, 22.385557354531926 ], [ 114.051519642710247, 22.385550307563424 ], [ 114.051471780698435, 22.385557354531951 ], [ 114.051374667819701, 22.385565749857676 ], [ 114.051181070021045, 22.385564470781485 ], [ 114.051083973866156, 22.385554236013949 ], [ 114.051181070021045, 22.385564470781464 ] ], [ [ 114.05175465433372, 22.385496617591318 ], [ 114.051934289453939, 22.385507484627716 ], [ 114.051754654333735, 22.385496617591368 ], [ 114.051640822326078, 22.38552496166529 ], [ 114.05175465433372, 22.385496617591318 ] ], [ [ 114.052013844053334, 22.38545730933172 ], [ 114.052035724948709, 22.385421204192546 ], [ 114.052035724948723, 22.385421204192603 ], [ 114.052013844053334, 22.385457309331734 ], [ 114.051934289453939, 22.385507484627716 ], [ 114.052013844053334, 22.38545730933172 ] ], [ [ 114.05201461529883, 22.38526766931389 ], [ 114.051948525250381, 22.385202716062341 ], [ 114.052014615298859, 22.385267669313894 ], [ 114.052029899894109, 22.385378837391087 ], [ 114.05201461529883, 22.38526766931389 ] ], [ [ 114.051860097395021, 22.385000590207987 ], [ 114.051956075639254, 22.384903017467717 ], [ 114.052028346370491, 22.384842686247854 ], [ 114.052186235182006, 22.384737828349415 ], [ 114.052028346370506, 22.384842686247872 ], [ 114.051956075639282, 22.384903017467717 ], [ 114.05186009739505, 22.385000590207977 ], [ 114.051855421981074, 22.385062259135676 ], [ 114.051860097395021, 22.385000590207987 ] ], [ [ 114.052647666454391, 22.384531041480216 ], [ 114.052988298104722, 22.384357465359745 ], [ 114.05309764843517, 22.384235637194198 ], [ 114.053236814553259, 22.384108214759159 ], [ 114.054437677934885, 22.384027076585308 ], [ 114.05461809912066, 22.384036586655693 ], [ 114.054633767654536, 22.384039716657622 ], [ 114.05461809912066, 22.384036586655704 ], [ 114.054437677934914, 22.38402707658534 ], [ 114.053236814553259, 22.384108214759163 ], [ 114.053097648435198, 22.384235637194234 ], [ 114.052988298104765, 22.384357465359763 ], [ 114.052647666454376, 22.38453104148023 ], [ 114.052271241004235, 22.384693870108489 ], [ 114.052647666454391, 22.384531041480216 ] ], [ [ 114.054756430661897, 22.384073698121849 ], [ 114.054843731964098, 22.384113073776433 ], [ 114.054908283074781, 22.384153167322442 ], [ 114.054843731964098, 22.384113073776458 ], [ 114.054756430661897, 22.384073698121849 ], [ 114.054739667965549, 22.38406862776689 ], [ 114.054756430661897, 22.384073698121849 ] ], [ [ 114.054996983369065, 22.384223081512495 ], [ 114.055056465193374, 22.384287725079044 ], [ 114.054996983369065, 22.384223081512527 ], [ 114.054935584317406, 22.384172404677447 ], [ 114.054996983369065, 22.384223081512495 ] ], [ [ 114.05511247991042, 22.384367575298359 ], [ 114.05516900293145, 22.38449216657294 ], [ 114.05511247991042, 22.384367575298374 ], [ 114.055078779365303, 22.384318749076513 ], [ 114.05511247991042, 22.384367575298359 ] ], [ [ 114.055192166789098, 22.384587618391084 ], [ 114.055269887177516, 22.384701912726555 ], [ 114.055192166789084, 22.384587618391087 ], [ 114.05516900293145, 22.38449216657294 ], [ 114.055192166789098, 22.384587618391084 ] ], [ [ 114.055491184327067, 22.384875175626878 ], [ 114.055579507691107, 22.384912528816315 ], [ 114.055717843116113, 22.384946451694592 ], [ 114.058330706508784, 22.385264517803737 ], [ 114.0585267196942, 22.385279904771192 ], [ 114.058330706508769, 22.385264517803769 ], [ 114.055717843116099, 22.384946451694603 ], [ 114.055579507691107, 22.384912528816329 ], [ 114.055491184327096, 22.384875175626902 ], [ 114.055453918540309, 22.384853284206777 ], [ 114.055491184327067, 22.384875175626878 ] ], [ [ 114.058720317392556, 22.385292463188918 ], [ 114.058889638176922, 22.385294275434127 ], [ 114.058985540900665, 22.385280799567649 ], [ 114.059079025000571, 22.385256602671589 ], [ 114.059168876650517, 22.38522167483659 ], [ 114.059429375220191, 22.385066087853257 ], [ 114.059168876650531, 22.385221674836625 ], [ 114.059079025000571, 22.3852566026716 ], [ 114.058985540900636, 22.385280799567681 ], [ 114.058889638176922, 22.385294275434138 ], [ 114.058720317392584, 22.385292463188943 ], [ 114.0585267196942, 22.385279904771192 ], [ 114.058720317392556, 22.385292463188918 ] ], [ [ 114.059602406697223, 22.384984938771328 ], [ 114.059785742753562, 22.384924675492901 ], [ 114.059879836828102, 22.384902167277957 ], [ 114.060057677383611, 22.384875773151816 ], [ 114.059879836828102, 22.384902167277989 ], [ 114.059785742753562, 22.384924675492911 ], [ 114.059602406697223, 22.384984938771343 ], [ 114.059429375220191, 22.385066087853257 ], [ 114.059602406697223, 22.384984938771328 ] ], [ [ 114.060446095346023, 22.384877741777242 ], [ 114.060833896763484, 22.384897210152566 ], [ 114.061202869106637, 22.384929081089403 ], [ 114.062241172355371, 22.385060762296394 ], [ 114.063469546686662, 22.385066143037555 ], [ 114.064668148637395, 22.384877861641069 ], [ 114.064668148637409, 22.38487786164109 ], [ 114.063469546686662, 22.38506614303758 ], [ 114.062241172355385, 22.385060762296426 ], [ 114.061202869106623, 22.384929081089425 ], [ 114.060833896763484, 22.384897210152602 ], [ 114.060446095346038, 22.384877741777267 ], [ 114.060057677383611, 22.384875773151816 ], [ 114.060446095346023, 22.384877741777242 ] ], [ [ 114.064870791747097, 22.385199759048376 ], [ 114.064884524523336, 22.385250683921186 ], [ 114.064870791747097, 22.385199759048412 ], [ 114.064707885851234, 22.384940984112507 ], [ 114.064870791747097, 22.385199759048376 ] ], [ [ 114.064973540350564, 22.385732061199864 ], [ 114.064989705456071, 22.386002987613825 ], [ 114.064989705456071, 22.386002987613846 ], [ 114.064973540350564, 22.385732061199864 ], [ 114.064970178742996, 22.385706499957347 ], [ 114.064973540350564, 22.385732061199864 ] ], [ [ 114.064944050695829, 22.387697304876458 ], [ 114.064933673057226, 22.38781096304362 ], [ 114.064944050695814, 22.387697304876472 ], [ 114.064962966812359, 22.386471906000708 ], [ 114.064944050695829, 22.387697304876458 ] ], [ [ 114.064746281013825, 22.389105366842674 ], [ 114.064718039065369, 22.389225693349566 ], [ 114.064746281013811, 22.389105366842657 ], [ 114.064816968465834, 22.388750399591721 ], [ 114.064746281013825, 22.389105366842674 ] ], [ [ 114.064611245088898, 22.389477781497508 ], [ 114.064592712335582, 22.389539315973774 ], [ 114.064611245088884, 22.389477781497508 ], [ 114.064628304053528, 22.389452572214257 ], [ 114.064611245088898, 22.389477781497508 ] ], [ [ 114.064605560536606, 22.389748692662291 ], [ 114.064581970904953, 22.389654415896445 ], [ 114.064581970904953, 22.389654415896423 ], [ 114.064605560536606, 22.389748692662291 ] ], [ [ 114.064693444412356, 22.389880842792614 ], [ 114.064795682720927, 22.390006316137566 ], [ 114.064693444412356, 22.389880842792632 ], [ 114.064693444142989, 22.389880842554138 ], [ 114.064693444412356, 22.389880842792614 ] ], [ [ 114.065556472234022, 22.390434566212576 ], [ 114.06574602374674, 22.390489529729457 ], [ 114.065556472234022, 22.390434566212612 ], [ 114.065358054996707, 22.390314608148859 ], [ 114.065556472234022, 22.390434566212576 ] ], [ [ 114.065881939353176, 22.390499105053177 ], [ 114.066068880877111, 22.390490202684617 ], [ 114.066145923381242, 22.39054386952478 ], [ 114.066196215137822, 22.390643239467117 ], [ 114.066196215137822, 22.390643239467124 ], [ 114.066145923381242, 22.390543869524791 ], [ 114.066068880877111, 22.390490202684642 ], [ 114.065881939353204, 22.390499105053191 ], [ 114.06574602374674, 22.390489529729457 ], [ 114.065881939353176, 22.390499105053177 ] ], [ [ 114.065830614027206, 22.391702384261098 ], [ 114.065962126118862, 22.391817062505126 ], [ 114.065830614027206, 22.391702384261123 ], [ 114.065830308933215, 22.391696112363956 ], [ 114.065830614027206, 22.391702384261098 ] ], [ [ 114.066047949089977, 22.391832617657975 ], [ 114.066138942871916, 22.391793343099309 ], [ 114.066196691844837, 22.391661058674526 ], [ 114.06628772410302, 22.391572910981356 ], [ 114.066451720165801, 22.391551557489901 ], [ 114.066532454191687, 22.391518235836088 ], [ 114.066451720165801, 22.391551557489926 ], [ 114.066287724103034, 22.391572910981402 ], [ 114.066196691844837, 22.391661058674554 ], [ 114.066138942871916, 22.391793343099316 ], [ 114.066047949089992, 22.391832617657982 ], [ 114.065962126118862, 22.391817062505126 ], [ 114.066047949089977, 22.391832617657975 ] ], [ [ 114.066658757348975, 22.391379450865752 ], [ 114.066713907565855, 22.391303198743433 ], [ 114.066658757348989, 22.391379450865742 ], [ 114.066532454191687, 22.391518235836088 ], [ 114.066658757348975, 22.391379450865752 ] ], [ [ 114.066775444098553, 22.391243630285143 ], [ 114.066840797036804, 22.391221026244565 ], [ 114.066936874475317, 22.391236596930096 ], [ 114.067014970578725, 22.391297443319143 ], [ 114.066936874475317, 22.39123659693011 ], [ 114.066840797036804, 22.391221026244583 ], [ 114.066775444098553, 22.391243630285164 ], [ 114.066713907565855, 22.391303198743433 ], [ 114.066775444098553, 22.391243630285143 ] ], [ [ 114.067296530321229, 22.391668372493356 ], [ 114.067329726903509, 22.391811447153703 ], [ 114.067296530321229, 22.391668372493388 ], [ 114.067146739488521, 22.391531178922154 ], [ 114.067146739488521, 22.391531178922147 ], [ 114.067296530321229, 22.391668372493356 ] ], [ [ 114.067758369423601, 22.392309299390266 ], [ 114.068015296309582, 22.392418091339287 ], [ 114.068185556044696, 22.392585098503428 ], [ 114.068331568662217, 22.392625725419379 ], [ 114.068493643799812, 22.392615710883966 ], [ 114.068834473195963, 22.392538448117136 ], [ 114.068927995827679, 22.392531358387149 ], [ 114.069022801348282, 22.39254810998186 ], [ 114.069164952617271, 22.392622119335478 ], [ 114.069022801348282, 22.392548109981888 ], [ 114.068927995827707, 22.392531358387174 ], [ 114.068834473195963, 22.392538448117168 ], [ 114.068493643799826, 22.392615710883973 ], [ 114.068331568662231, 22.392625725419403 ], [ 114.068185556044725, 22.392585098503456 ], [ 114.068015296309568, 22.392418091339295 ], [ 114.067758369423601, 22.392309299390298 ], [ 114.067593412833304, 22.392104872957507 ], [ 114.067758369423601, 22.392309299390266 ] ], [ [ 114.069162523686131, 22.393279538185812 ], [ 114.069227163879404, 22.393363628077839 ], [ 114.06932963807941, 22.39338516173018 ], [ 114.069416002243557, 22.393350319646689 ], [ 114.069329638079438, 22.393385161730219 ], [ 114.06922716387939, 22.393363628077857 ], [ 114.069162523686131, 22.393279538185812 ], [ 114.069154189433263, 22.393255247509103 ], [ 114.069162523686131, 22.393279538185812 ] ], [ [ 114.069666669563773, 22.393260213653338 ], [ 114.069779242512652, 22.393029026116587 ], [ 114.069826401460446, 22.392962890846402 ], [ 114.069956866159444, 22.392890976933359 ], [ 114.070215931233449, 22.392873746157054 ], [ 114.069956866159472, 22.392890976933391 ], [ 114.06982640146046, 22.392962890846398 ], [ 114.069779242512652, 22.393029026116597 ], [ 114.06966666956383, 22.39326021365337 ], [ 114.069619690874006, 22.39330037194652 ], [ 114.069666669563773, 22.393260213653338 ] ], [ [ 114.070288979162243, 22.392846377696504 ], [ 114.070337732326934, 22.392752230709682 ], [ 114.070398739080119, 22.392545436264573 ], [ 114.070337732326948, 22.392752230709707 ], [ 114.070288979162257, 22.3928463776965 ], [ 114.070215931233449, 22.392873746157054 ], [ 114.070288979162243, 22.392846377696504 ] ], [ [ 114.070480820516991, 22.392438207903151 ], [ 114.070587196207683, 22.392372707348549 ], [ 114.070665402332509, 22.392381102891285 ], [ 114.070738320204981, 22.392447913243664 ], [ 114.070793540849053, 22.392557099447487 ], [ 114.070738320204967, 22.392447913243682 ], [ 114.070665402332509, 22.392381102891317 ], [ 114.070587196207654, 22.392372707348564 ], [ 114.07048082051702, 22.392438207903162 ], [ 114.070398739080119, 22.392545436264573 ], [ 114.070480820516991, 22.392438207903151 ] ], [ [ 114.071035864142658, 22.392848051023233 ], [ 114.070951335376591, 22.392814618969741 ], [ 114.070951335376563, 22.392814618969716 ], [ 114.071035864142658, 22.392848051023233 ] ], [ [ 114.071181761857105, 22.392875138571416 ], [ 114.071318978577082, 22.392875652589183 ], [ 114.071586441955617, 22.392963729773857 ], [ 114.07131897857704, 22.392875652589208 ], [ 114.071181761857133, 22.392875138571465 ], [ 114.071035864142658, 22.392848051023233 ], [ 114.071181761857105, 22.392875138571416 ] ], [ [ 114.071734911391687, 22.392592808167279 ], [ 114.071828483011529, 22.392533267636299 ], [ 114.071925866267179, 22.392505905201833 ], [ 114.071925866267193, 22.392505905201848 ], [ 114.071828483011529, 22.392533267636313 ], [ 114.071734911391687, 22.392592808167294 ], [ 114.071720678339972, 22.392617364737955 ], [ 114.071734911391687, 22.392592808167279 ] ], [ [ 114.072393139937191, 22.392962789812124 ], [ 114.073315461015568, 22.393180448988012 ], [ 114.072393139937205, 22.392962789812152 ], [ 114.072143549701892, 22.392734509181764 ], [ 114.072393139937191, 22.392962789812124 ] ], [ [ 114.073522976659063, 22.393259598575096 ], [ 114.073636206925329, 22.393326577855124 ], [ 114.073678411525606, 22.393418399828239 ], [ 114.073636206925329, 22.393326577855134 ], [ 114.073522976659063, 22.39325959857511 ], [ 114.073315461015568, 22.393180448988012 ], [ 114.073522976659063, 22.393259598575096 ] ], [ [ 114.073604019642659, 22.393543524137254 ], [ 114.073597261170107, 22.393572632848858 ], [ 114.073604019642659, 22.393543524137261 ], [ 114.073678411525606, 22.393418399828239 ], [ 114.073604019642659, 22.393543524137254 ] ], [ [ 114.073634268127876, 22.393694671179926 ], [ 114.07358215842801, 22.393637680247174 ], [ 114.07358215842801, 22.393637680247146 ], [ 114.073634268127876, 22.393694671179926 ] ], [ [ 114.073746133064503, 22.393673554671075 ], [ 114.073856414392637, 22.393538916946376 ], [ 114.073921959399669, 22.393255229345513 ], [ 114.073983478827543, 22.393215931616979 ], [ 114.074067972571697, 22.39328513188174 ], [ 114.074088152744807, 22.393319509218447 ], [ 114.074067972571697, 22.393285131881761 ], [ 114.073983478827543, 22.393215931617029 ], [ 114.073921959399684, 22.393255229345531 ], [ 114.073856414392665, 22.393538916946387 ], [ 114.073746133064546, 22.393673554671114 ], [ 114.073641057280852, 22.393702096283466 ], [ 114.073641057280838, 22.393702096283448 ], [ 114.073746133064503, 22.393673554671075 ] ], [ [ 114.073588664363172, 22.394388109976816 ], [ 114.073538130360404, 22.39441055849117 ], [ 114.073588664363172, 22.394388109976813 ], [ 114.073619669609869, 22.394364093659661 ], [ 114.073588664363172, 22.394388109976816 ] ], [ [ 114.073462677120375, 22.394972158348402 ], [ 114.073468662262286, 22.394991958638482 ], [ 114.073462677120361, 22.394972158348427 ], [ 114.073411582777794, 22.394902142968991 ], [ 114.073462677120375, 22.394972158348402 ] ], [ [ 114.073817131623557, 22.395557705384569 ], [ 114.073901594287534, 22.395684122941901 ], [ 114.073817131623557, 22.395557705384576 ], [ 114.07357390268696, 22.395283366237038 ], [ 114.073817131623557, 22.395557705384569 ] ], [ [ 114.074009955296049, 22.39603667933763 ], [ 114.074074995704805, 22.396163319240017 ], [ 114.074242377344277, 22.396324782464568 ], [ 114.074362590540687, 22.396368412781477 ], [ 114.074616074770205, 22.396330392607076 ], [ 114.074362590540701, 22.39636841278152 ], [ 114.074242377344277, 22.396324782464582 ], [ 114.074074995704805, 22.396163319240038 ], [ 114.074009955296049, 22.396036679337659 ], [ 114.073901594287534, 22.395684122941901 ], [ 114.074009955296049, 22.39603667933763 ] ], [ [ 114.075116239331763, 22.396536422417988 ], [ 114.075193312443702, 22.396557349393877 ], [ 114.075481838410866, 22.396660243381202 ], [ 114.075481838410866, 22.396660243381202 ], [ 114.075193312443716, 22.396557349393884 ], [ 114.075116239331763, 22.396536422417988 ], [ 114.075099816243011, 22.396528640711004 ], [ 114.075116239331763, 22.396536422417988 ] ], [ [ 114.075694524665082, 22.396648456292681 ], [ 114.07582089232416, 22.396612365160912 ], [ 114.07569452466511, 22.396648456292681 ], [ 114.075636131156401, 22.396651692493485 ], [ 114.075694524665082, 22.396648456292681 ] ], [ [ 114.076122535289826, 22.39650805536192 ], [ 114.076259647675172, 22.396483108158574 ], [ 114.076122535289826, 22.396508055361924 ], [ 114.07587400585804, 22.396594348459473 ], [ 114.076122535289826, 22.39650805536192 ] ], [ [ 114.076508205410221, 22.396473726357225 ], [ 114.076915956799127, 22.396415063853375 ], [ 114.077008214061536, 22.396415120833975 ], [ 114.077077301262506, 22.396427264337937 ], [ 114.077224153187487, 22.396471378547634 ], [ 114.077224153187515, 22.396471378547663 ], [ 114.077077301262548, 22.396427264337952 ], [ 114.07700821406155, 22.396415120833993 ], [ 114.076915956799141, 22.396415063853411 ], [ 114.076508205410235, 22.39647372635724 ], [ 114.076259647675172, 22.396483108158574 ], [ 114.076508205410221, 22.396473726357225 ] ], [ [ 114.077304910095364, 22.396556405266686 ], [ 114.077503491015477, 22.396728269394814 ], [ 114.077304910095378, 22.396556405266733 ], [ 114.077238527671952, 22.396486513056075 ], [ 114.077304910095364, 22.396556405266686 ] ], [ [ 114.077775052673744, 22.396804725634407 ], [ 114.077985178550506, 22.396788165861551 ], [ 114.077775052673744, 22.396804725634421 ], [ 114.077503491015477, 22.396728269394814 ], [ 114.077775052673744, 22.396804725634407 ] ], [ [ 114.07815938029799, 22.396843114476077 ], [ 114.078192572058327, 22.396861354721931 ], [ 114.078159380298047, 22.396843114476116 ], [ 114.077985178550506, 22.396788165861551 ], [ 114.07815938029799, 22.396843114476077 ] ], [ [ 114.078312401184789, 22.397022941791402 ], [ 114.078322491647455, 22.397174019143581 ], [ 114.078424928953481, 22.397253956274788 ], [ 114.078542778004902, 22.397279060495304 ], [ 114.07864529504505, 22.397245746059028 ], [ 114.078785004435176, 22.397159995950059 ], [ 114.078645295045021, 22.397245746059067 ], [ 114.078542778004902, 22.397279060495329 ], [ 114.078424928953481, 22.397253956274795 ], [ 114.078322491647455, 22.397174019143606 ], [ 114.078312401184789, 22.397022941791423 ], [ 114.078310538820077, 22.397015936834389 ], [ 114.078312401184789, 22.397022941791402 ] ], [ [ 114.07915475459076, 22.39699272204869 ], [ 114.079253428079468, 22.396955837855828 ], [ 114.079349502257628, 22.396955895805092 ], [ 114.07952359397575, 22.39705838845941 ], [ 114.079349502257628, 22.396955895805103 ], [ 114.079253428079497, 22.396955837855867 ], [ 114.079154754590775, 22.396992722048719 ], [ 114.078785004435176, 22.397159995950059 ], [ 114.07915475459076, 22.39699272204869 ] ], [ [ 114.079743993813111, 22.397140906183601 ], [ 114.079996887546457, 22.397252259390807 ], [ 114.080313614746004, 22.39740540734234 ], [ 114.080620740299395, 22.397442443844312 ], [ 114.080713685839768, 22.397461555297607 ], [ 114.080620740299395, 22.397442443844323 ], [ 114.080313614746018, 22.397405407342355 ], [ 114.079996887546457, 22.397252259390822 ], [ 114.079743993813111, 22.397140906183619 ], [ 114.07952359397575, 22.39705838845941 ], [ 114.079743993813111, 22.397140906183601 ] ], [ [ 114.081139409486056, 22.397762241628534 ], [ 114.081141099262609, 22.397793309817178 ], [ 114.081139409486028, 22.397762241628566 ], [ 114.081092404537742, 22.397675641505653 ], [ 114.081139409486056, 22.397762241628534 ] ], [ [ 114.081151952110702, 22.398137764241461 ], [ 114.081139206402867, 22.398044769664338 ], [ 114.081139206402867, 22.398044769664335 ], [ 114.081151952110702, 22.398137764241461 ] ], [ [ 114.082365546328319, 22.398644601101246 ], [ 114.082428288223483, 22.398707742861269 ], [ 114.082453858745453, 22.398779288357286 ], [ 114.082460734466977, 22.398814521534778 ], [ 114.082453858745453, 22.398779288357304 ], [ 114.082428288223483, 22.398707742861308 ], [ 114.082365546328319, 22.398644601101257 ], [ 114.081968495423169, 22.398470242584647 ], [ 114.082365546328319, 22.398644601101246 ] ], [ [ 114.082597398025115, 22.399681193598106 ], [ 114.082639615306931, 22.399780174375156 ], [ 114.083249023145086, 22.400448089600879 ], [ 114.083340290748865, 22.400479812351186 ], [ 114.083502370703755, 22.40046014727157 ], [ 114.083762780179597, 22.400469869712417 ], [ 114.083762780179612, 22.40046986971242 ], [ 114.083502370703755, 22.400460147271591 ], [ 114.083340290748865, 22.400479812351197 ], [ 114.083249023145086, 22.400448089600907 ], [ 114.082639615306931, 22.399780174375163 ], [ 114.082597398025115, 22.399681193598109 ], [ 114.082537472786754, 22.399242466175597 ], [ 114.082597398025115, 22.399681193598106 ] ], [ [ 114.083862688497959, 22.400505687956436 ], [ 114.084031731725759, 22.40063214879698 ], [ 114.083862688497959, 22.40050568795645 ], [ 114.083781961631672, 22.400476746482667 ], [ 114.083862688497959, 22.400505687956436 ] ], [ [ 114.084141878051398, 22.400679892998379 ], [ 114.084403192449983, 22.400761109359216 ], [ 114.084500539118508, 22.400808845998082 ], [ 114.084569046869007, 22.400893934312304 ], [ 114.084803832713177, 22.401339506323687 ], [ 114.084803832713192, 22.401339506323705 ], [ 114.084569046869007, 22.400893934312322 ], [ 114.084500539118508, 22.400808845998096 ], [ 114.084403192449997, 22.400761109359241 ], [ 114.084141878051369, 22.400679892998397 ], [ 114.084031731725759, 22.40063214879698 ], [ 114.084141878051398, 22.400679892998379 ] ], [ [ 114.084880564167293, 22.401561275717956 ], [ 114.085307062289786, 22.401782060467461 ], [ 114.085445420079694, 22.401803595191328 ], [ 114.085544724599032, 22.401799488237252 ], [ 114.085807395270564, 22.401771027737318 ], [ 114.085954713897038, 22.401797335171622 ], [ 114.085994580695498, 22.401811679940984 ], [ 114.086267865696129, 22.401963807452869 ], [ 114.086422865465565, 22.402006816147452 ], [ 114.086584294294639, 22.402020009590444 ], [ 114.086422865465593, 22.402006816147484 ], [ 114.086267865696129, 22.401963807452884 ], [ 114.085994580695498, 22.401811679940984 ], [ 114.085954713897038, 22.401797335171636 ], [ 114.085807395270564, 22.401771027737329 ], [ 114.085544724599018, 22.401799488237263 ], [ 114.085445420079694, 22.401803595191353 ], [ 114.085307062289786, 22.401782060467493 ], [ 114.084880564167264, 22.401561275717956 ], [ 114.084854947670792, 22.401542188741821 ], [ 114.084880564167293, 22.401561275717956 ] ], [ [ 114.086723952130868, 22.402014136396229 ], [ 114.086831606161226, 22.40196889940384 ], [ 114.08684939224166, 22.401925270916326 ], [ 114.086831606161226, 22.401968899403876 ], [ 114.086723952130868, 22.40201413639625 ], [ 114.086584294294639, 22.402020009590444 ], [ 114.086723952130868, 22.402014136396229 ] ], [ [ 114.086974588978762, 22.401760952467566 ], [ 114.08700975143033, 22.401753457541854 ], [ 114.086974588978791, 22.401760952467569 ], [ 114.086885991806753, 22.401802533779779 ], [ 114.086974588978762, 22.401760952467566 ] ], [ [ 114.087205273801516, 22.40166451744085 ], [ 114.087255283060074, 22.401597791739682 ], [ 114.087325786698585, 22.401541796567649 ], [ 114.087672393511724, 22.401484174861793 ], [ 114.087978682030325, 22.401357979768452 ], [ 114.088087577736133, 22.40137472793586 ], [ 114.088087577736147, 22.401374727935867 ], [ 114.087978682030339, 22.401357979768463 ], [ 114.087672393511738, 22.40148417486181 ], [ 114.087325786698571, 22.40154179656767 ], [ 114.087255283060131, 22.401597791739718 ], [ 114.087205273801487, 22.401664517440878 ], [ 114.087158422341943, 22.401692584361257 ], [ 114.087205273801516, 22.40166451744085 ] ], [ [ 114.088255340999766, 22.401490455429734 ], [ 114.088382158416636, 22.401532245749532 ], [ 114.088255340999766, 22.401490455429748 ], [ 114.088147703714313, 22.401416204452794 ], [ 114.088255340999766, 22.401490455429734 ] ], [ [ 114.08858693866209, 22.401500949593782 ], [ 114.088640403506759, 22.401488842758461 ], [ 114.08858693866209, 22.401500949593789 ], [ 114.088382158416636, 22.401532245749532 ], [ 114.08858693866209, 22.401500949593782 ] ], [ [ 114.089069590532205, 22.401450957616337 ], [ 114.089214910105085, 22.401397783606416 ], [ 114.089352883473509, 22.40122700134615 ], [ 114.089352883473509, 22.401227001346165 ], [ 114.089214910105071, 22.401397783606441 ], [ 114.089069590532219, 22.401450957616365 ], [ 114.088940153497916, 22.401451466240474 ], [ 114.089069590532205, 22.401450957616337 ] ], [ [ 114.08933695814406, 22.401069049357467 ], [ 114.089356219212675, 22.401002297324137 ], [ 114.08933695814406, 22.401069049357467 ], [ 114.089335648604703, 22.40111315359033 ], [ 114.08933695814406, 22.401069049357467 ] ], [ [ 114.089401098734314, 22.400936760200164 ], [ 114.089413323686514, 22.400862256187956 ], [ 114.089405730487542, 22.400689399354594 ], [ 114.089433014838008, 22.400604563562986 ], [ 114.089694863956325, 22.400346830043254 ], [ 114.089855862710934, 22.400018495623396 ], [ 114.089694863956339, 22.400346830043286 ], [ 114.089433014838008, 22.400604563563029 ], [ 114.089405730487556, 22.400689399354629 ], [ 114.089413323686529, 22.400862256187953 ], [ 114.089401098734314, 22.400936760200178 ], [ 114.089356219212675, 22.401002297324137 ], [ 114.089401098734314, 22.400936760200164 ] ], [ [ 114.089907146033369, 22.39994580964057 ], [ 114.089978945337265, 22.39988027778649 ], [ 114.090220534987338, 22.39976180083443 ], [ 114.089978945337279, 22.399880277786487 ], [ 114.089907146033369, 22.399945809640585 ], [ 114.089855862710934, 22.400018495623396 ], [ 114.089907146033369, 22.39994580964057 ] ], [ [ 114.090256443330858, 22.399706977855313 ], [ 114.090347542309814, 22.399479340673498 ], [ 114.090412905780184, 22.399455535109578 ], [ 114.090412905780227, 22.399455535109588 ], [ 114.090347542309814, 22.399479340673523 ], [ 114.090256443330858, 22.399706977855327 ], [ 114.090220534987338, 22.39976180083443 ], [ 114.090256443330858, 22.399706977855313 ] ], [ [ 114.090669104187867, 22.399520041234375 ], [ 114.090769679718875, 22.399499234351929 ], [ 114.090876055193505, 22.399443256701076 ], [ 114.090769679718917, 22.399499234351964 ], [ 114.090669104187867, 22.399520041234396 ], [ 114.0904155192638, 22.399456193139827 ], [ 114.090669104187867, 22.399520041234375 ] ], [ [ 114.091114484947965, 22.399249083087543 ], [ 114.091435858164843, 22.399280173573757 ], [ 114.091114484947965, 22.399249083087572 ], [ 114.091053382121274, 22.39928026335167 ], [ 114.091114484947965, 22.399249083087543 ] ], [ [ 114.091462781417121, 22.399338904090808 ], [ 114.09151593893742, 22.399407861941793 ], [ 114.091576964034701, 22.399458925476598 ], [ 114.091642149919011, 22.399487134990146 ], [ 114.091733632937107, 22.399486180781619 ], [ 114.091799074017089, 22.39946213087412 ], [ 114.091917869201552, 22.399391592874309 ], [ 114.09196854695513, 22.399370451994383 ], [ 114.092105915237013, 22.399355966874992 ], [ 114.092225390068791, 22.399365520493117 ], [ 114.092271421944744, 22.399382648338385 ], [ 114.092434883005851, 22.399516276754415 ], [ 114.092577903648333, 22.399598203782595 ], [ 114.092659417849433, 22.399653720589882 ], [ 114.092721816093274, 22.399683165395189 ], [ 114.092819423891939, 22.399703886953979 ], [ 114.092951188845802, 22.399689434327911 ], [ 114.092985348654224, 22.399691948302213 ], [ 114.092951188845859, 22.399689434327911 ], [ 114.092819423891967, 22.399703886953983 ], [ 114.092721816093274, 22.39968316539521 ], [ 114.092659417849418, 22.399653720589882 ], [ 114.092577903648348, 22.399598203782652 ], [ 114.092434883005836, 22.399516276754415 ], [ 114.092271421944758, 22.399382648338417 ], [ 114.092225390068833, 22.399365520493156 ], [ 114.092105915237013, 22.39935596687501 ], [ 114.091968546955144, 22.399370451994407 ], [ 114.091917869201538, 22.399391592874341 ], [ 114.091799074017104, 22.399462130874156 ], [ 114.091733632937107, 22.399486180781633 ], [ 114.091642149919039, 22.399487134990171 ], [ 114.091576964034701, 22.399458925476605 ], [ 114.09151593893742, 22.39940786194181 ], [ 114.091462781417107, 22.399338904090847 ], [ 114.091435858164843, 22.399280173573757 ], [ 114.091462781417121, 22.399338904090808 ] ], [ [ 114.093284428985299, 22.39977261521063 ], [ 114.093375387319412, 22.399821201114332 ], [ 114.093424805711635, 22.399859804903091 ], [ 114.093424805711663, 22.399859804903098 ], [ 114.093375387319426, 22.399821201114356 ], [ 114.093284428985314, 22.399772615210654 ], [ 114.093202802098077, 22.399743386863324 ], [ 114.093284428985299, 22.39977261521063 ] ], [ [ 114.09348950211718, 22.39992808173837 ], [ 114.093536341423174, 22.400008675977841 ], [ 114.093543113161289, 22.400032989948137 ], [ 114.093536341423174, 22.400008675977865 ], [ 114.093489502117194, 22.399928081738405 ], [ 114.093426707368792, 22.39986181180312 ], [ 114.09348950211718, 22.39992808173837 ] ], [ [ 114.093600763211327, 22.400195866218738 ], [ 114.093615603215582, 22.400206890454765 ], [ 114.093600763211342, 22.400195866218777 ], [ 114.093594729362223, 22.400186920242728 ], [ 114.093600763211327, 22.400195866218738 ] ], [ [ 114.093836856100538, 22.400285859098979 ], [ 114.094047448474768, 22.400323660364624 ], [ 114.094131493501251, 22.400354632831199 ], [ 114.094144066244283, 22.400360960610193 ], [ 114.094131493501266, 22.40035463283121 ], [ 114.094047448474768, 22.400323660364649 ], [ 114.093836856100538, 22.400285859099007 ], [ 114.093682789722223, 22.400240365564727 ], [ 114.093836856100538, 22.400285859098979 ] ], [ [ 114.094567544081926, 22.400600493852515 ], [ 114.094758261250576, 22.400698075000307 ], [ 114.094567544081912, 22.400600493852529 ], [ 114.0941440622328, 22.400367742511726 ], [ 114.094567544081926, 22.400600493852515 ] ], [ [ 114.094959748605234, 22.400845825788387 ], [ 114.095003171301812, 22.400892002642511 ], [ 114.095033670383572, 22.400950481513927 ], [ 114.095050191919952, 22.401013324069719 ], [ 114.095060371510783, 22.401126436191412 ], [ 114.09507755334954, 22.401220106645422 ], [ 114.095060371510769, 22.401126436191433 ], [ 114.095050191919952, 22.401013324069734 ], [ 114.095033670383572, 22.400950481513938 ], [ 114.095003171301812, 22.400892002642536 ], [ 114.094959748605234, 22.400845825788402 ], [ 114.09493079169998, 22.400823075070399 ], [ 114.094959748605234, 22.400845825788387 ] ], [ [ 114.095249803568279, 22.401464245374804 ], [ 114.095459100933695, 22.401611629221378 ], [ 114.095513955208119, 22.401656863486391 ], [ 114.095459100933695, 22.401611629221442 ], [ 114.095249803568279, 22.401464245374829 ], [ 114.095171178459367, 22.401388056639767 ], [ 114.095249803568279, 22.401464245374804 ] ], [ [ 114.095515628112594, 22.401669263199167 ], [ 114.095551670207456, 22.401699036808854 ], [ 114.095565550590891, 22.401699869852255 ], [ 114.095551670207456, 22.401699036808871 ], [ 114.09551562811258, 22.401669263199189 ], [ 114.095513955208119, 22.401656863486391 ], [ 114.095515628112594, 22.401669263199167 ] ], [ [ 114.095874599825663, 22.401955213408094 ], [ 114.095898540020059, 22.401979591314849 ], [ 114.095874599825663, 22.401955213408101 ], [ 114.095704730601341, 22.40181457394727 ], [ 114.095874599825663, 22.401955213408094 ] ], [ [ 114.096047605393537, 22.402254859559122 ], [ 114.096047605393537, 22.402254859559129 ], [ 114.096045701274889, 22.402241152777915 ], [ 114.096047605393537, 22.402254859559122 ] ], [ [ 114.096043372107275, 22.402572360634366 ], [ 114.096100372936675, 22.40266856388434 ], [ 114.096043372107275, 22.402572360634373 ], [ 114.096034437320853, 22.402542955133942 ], [ 114.096043372107275, 22.402572360634366 ] ], [ [ 114.096223547819832, 22.402751082800794 ], [ 114.096472420284641, 22.402785838652481 ], [ 114.096645639145208, 22.402836206461547 ], [ 114.096727166273354, 22.402875751020737 ], [ 114.096645639145208, 22.402836206461554 ], [ 114.096472420284627, 22.402785838652527 ], [ 114.096223547819832, 22.40275108280083 ], [ 114.096157070065374, 22.402718991381839 ], [ 114.096223547819832, 22.402751082800794 ] ], [ [ 114.096906572143354, 22.403060788632057 ], [ 114.09690657214334, 22.403060788632072 ], [ 114.096903624048991, 22.403047730973498 ], [ 114.096906572143354, 22.403060788632057 ] ], [ [ 114.096809973243367, 22.40344852053709 ], [ 114.096806625463813, 22.403439125944303 ], [ 114.096806625463813, 22.403439125944278 ], [ 114.096809973243367, 22.40344852053709 ] ], [ [ 114.096848407154667, 22.403521215755475 ], [ 114.096866742465053, 22.403539159388131 ], [ 114.096919586809108, 22.403568805541067 ], [ 114.096866742465082, 22.403539159388163 ], [ 114.096848407154681, 22.403521215755511 ], [ 114.096847016596655, 22.403519349091361 ], [ 114.096848407154667, 22.403521215755475 ] ], [ [ 114.097295915324409, 22.40366042489082 ], [ 114.09730522236039, 22.403664259598372 ], [ 114.097295915324409, 22.403660424890827 ], [ 114.096919586809108, 22.403568805541067 ], [ 114.097295915324409, 22.40366042489082 ] ], [ [ 114.097570665447861, 22.403945860239652 ], [ 114.097586994447639, 22.404025463019149 ], [ 114.097593257329493, 22.404164707274045 ], [ 114.097581083648905, 22.404224465113938 ], [ 114.097581083648905, 22.404224465113934 ], [ 114.097593257329493, 22.404164707274067 ], [ 114.097586994447639, 22.404025463019163 ], [ 114.097570665447861, 22.403945860239645 ], [ 114.097549505311349, 22.403901620578626 ], [ 114.097570665447861, 22.403945860239652 ] ], [ [ 114.098114892915873, 22.404797250191653 ], [ 114.098392993796963, 22.405002847156151 ], [ 114.098667364361503, 22.405228959114879 ], [ 114.098392993796963, 22.405002847156162 ], [ 114.098114892915888, 22.404797250191667 ], [ 114.098096505832288, 22.404781740639109 ], [ 114.098114892915873, 22.404797250191653 ] ], [ [ 114.100060270223594, 22.406600563743435 ], [ 114.100062098860164, 22.406608258092501 ], [ 114.100060270223594, 22.406600563743453 ], [ 114.099741187020484, 22.406239761133193 ], [ 114.100060270223594, 22.406600563743435 ] ], [ [ 114.100348996599649, 22.407047646722877 ], [ 114.100496195301076, 22.407042506432575 ], [ 114.100348996599621, 22.407047646722891 ], [ 114.100243984593831, 22.406986704398051 ], [ 114.100348996599649, 22.407047646722877 ] ], [ [ 114.100689107058201, 22.407146167407081 ], [ 114.10073515035333, 22.407291625146144 ], [ 114.100781259250198, 22.40733455973967 ], [ 114.10073515035333, 22.407291625146158 ], [ 114.100689107058201, 22.407146167407088 ], [ 114.100650640221261, 22.407052367632563 ], [ 114.100689107058201, 22.407146167407081 ] ], [ [ 114.100963006013842, 22.407325316654557 ], [ 114.101026761625008, 22.407279065302586 ], [ 114.101226607527792, 22.407187535544207 ], [ 114.101427118751261, 22.407158433632382 ], [ 114.101537291615116, 22.407177548358582 ], [ 114.101675632381728, 22.407263447560144 ], [ 114.10199671131609, 22.407538385342477 ], [ 114.102076830156008, 22.407549150640317 ], [ 114.102209767107126, 22.407534537521634 ], [ 114.102758851757244, 22.40743740527564 ], [ 114.103181736798803, 22.407304091741981 ], [ 114.102758851757258, 22.407437405275672 ], [ 114.102209767107169, 22.407534537521638 ], [ 114.102076830155994, 22.407549150640342 ], [ 114.101996711316076, 22.407538385342498 ], [ 114.101675632381728, 22.407263447560162 ], [ 114.101537291615116, 22.407177548358597 ], [ 114.101427118751275, 22.407158433632389 ], [ 114.101226607527778, 22.407187535544242 ], [ 114.101026761625008, 22.4072790653026 ], [ 114.100963006013885, 22.407325316654543 ], [ 114.100901781833485, 22.407342030435004 ], [ 114.100963006013842, 22.407325316654557 ] ], [ [ 114.103868504045082, 22.40730678726592 ], [ 114.104132413823592, 22.407373659574038 ], [ 114.104241156332847, 22.407406997301237 ], [ 114.104132413823606, 22.40737365957408 ], [ 114.10386850404511, 22.407306787265981 ], [ 114.103514864672121, 22.407332851788226 ], [ 114.103514864672107, 22.40733285178823 ], [ 114.103868504045082, 22.40730678726592 ] ], [ [ 114.104443610214048, 22.407406299982679 ], [ 114.104571290366579, 22.407320802240122 ], [ 114.104662370316149, 22.407113412544128 ], [ 114.104736722523668, 22.407044308281254 ], [ 114.104662370316149, 22.407113412544145 ], [ 114.104571290366579, 22.407320802240125 ], [ 114.104443610214048, 22.407406299982711 ], [ 114.104392057306981, 22.407418276188366 ], [ 114.104443610214048, 22.407406299982679 ] ], [ [ 114.104965475196863, 22.406940107971725 ], [ 114.105070579109267, 22.406863856043028 ], [ 114.105147528589939, 22.406729182338648 ], [ 114.105183446329775, 22.406648140566492 ], [ 114.105147528589953, 22.406729182338648 ], [ 114.105070579109253, 22.406863856043081 ], [ 114.104965475196863, 22.406940107971749 ], [ 114.104736722523668, 22.407044308281254 ], [ 114.104965475196863, 22.406940107971725 ] ], [ [ 114.105227677081501, 22.406605834249504 ], [ 114.105295511726084, 22.406588659435311 ], [ 114.105227677081572, 22.406605834249536 ], [ 114.105183446329775, 22.406648140566492 ], [ 114.105227677081501, 22.406605834249504 ] ], [ [ 114.105348541930894, 22.405753544691144 ], [ 114.105263335854161, 22.405626935594416 ], [ 114.105400012445301, 22.40555003818649 ], [ 114.105895943141505, 22.405243003065856 ], [ 114.106039207382253, 22.405139630594686 ], [ 114.106376805472308, 22.404922739196763 ], [ 114.106039207382238, 22.405139630594697 ], [ 114.105895943141505, 22.405243003065873 ], [ 114.105400012445287, 22.405550038186522 ], [ 114.105263335854175, 22.405626935594437 ], [ 114.105348541930908, 22.405753544691144 ], [ 114.105372959489529, 22.4058336483834 ], [ 114.105348541930894, 22.405753544691144 ] ], [ [ 114.106792864872503, 22.40480253448327 ], [ 114.106810873714693, 22.404806984966079 ], [ 114.106792864872503, 22.404802534483281 ], [ 114.106761965540642, 22.404798668683274 ], [ 114.106792864872503, 22.40480253448327 ] ], [ [ 114.107000080031554, 22.404933755942526 ], [ 114.107015180808745, 22.404956046336263 ], [ 114.107000080031554, 22.404933755942533 ], [ 114.106961152108013, 22.404900221538025 ], [ 114.107000080031554, 22.404933755942526 ] ], [ [ 114.106998589290214, 22.405409888098777 ], [ 114.106993526599879, 22.405454315940961 ], [ 114.106998589290185, 22.405409888098802 ], [ 114.107001010146931, 22.405404634642622 ], [ 114.106998589290214, 22.405409888098777 ] ], [ [ 114.107025529547812, 22.405547244514512 ], [ 114.107272981869826, 22.405972651308605 ], [ 114.107025529547812, 22.405547244514512 ], [ 114.107021907504063, 22.405539164971092 ], [ 114.107025529547812, 22.405547244514512 ] ], [ [ 114.107407525511505, 22.406101863264166 ], [ 114.107486647199579, 22.406144557276914 ], [ 114.107578967073678, 22.40616854572443 ], [ 114.107682608073659, 22.406179119650108 ], [ 114.107578967073692, 22.406168545724455 ], [ 114.107486647199579, 22.406144557276942 ], [ 114.107407525511519, 22.406101863264205 ], [ 114.107354640931362, 22.406063709284425 ], [ 114.107407525511505, 22.406101863264166 ] ], [ [ 114.107892623598929, 22.406112573349464 ], [ 114.107949794392951, 22.406080467227913 ], [ 114.108056618741443, 22.4059967187683 ], [ 114.108184185678724, 22.405877561452254 ], [ 114.108282831550284, 22.405815076179234 ], [ 114.108184185678724, 22.405877561452261 ], [ 114.108056618741443, 22.405996718768314 ], [ 114.107949794392994, 22.40608046722793 ], [ 114.107892623598929, 22.406112573349475 ], [ 114.107757988511338, 22.406167448361202 ], [ 114.107892623598929, 22.406112573349464 ] ], [ [ 114.1085293621164, 22.405571844856564 ], [ 114.108582765459971, 22.405537388987813 ], [ 114.108637864982001, 22.405508945857008 ], [ 114.10858276546, 22.405537388987831 ], [ 114.1085293621164, 22.405571844856581 ], [ 114.108452085863533, 22.405638650644516 ], [ 114.1085293621164, 22.405571844856564 ] ], [ [ 114.108904365285227, 22.405399935847385 ], [ 114.109023601585321, 22.405373743294128 ], [ 114.109091538785648, 22.405369003677997 ], [ 114.109125858634215, 22.405374404589374 ], [ 114.109091538785663, 22.405369003678011 ], [ 114.109023601585321, 22.405373743294163 ], [ 114.108904365285241, 22.405399935847388 ], [ 114.108810879707917, 22.405437431640461 ], [ 114.108904365285227, 22.405399935847385 ] ], [ [ 114.109715761475059, 22.405513580393663 ], [ 114.110127441282984, 22.405654599419574 ], [ 114.110220304047999, 22.405711469165531 ], [ 114.110127441282984, 22.405654599419588 ], [ 114.109715761475073, 22.405513580393677 ], [ 114.109630573546355, 22.405496472357147 ], [ 114.109715761475059, 22.405513580393663 ] ], [ [ 114.110572067890757, 22.406055537545253 ], [ 114.110705587567651, 22.406179743448028 ], [ 114.11092729533037, 22.406318190185981 ], [ 114.111040369955916, 22.406349800759525 ], [ 114.110927295330384, 22.40631819018601 ], [ 114.110705587567651, 22.406179743448039 ], [ 114.110572067890757, 22.406055537545267 ], [ 114.110413193648284, 22.405863438893093 ], [ 114.110572067890757, 22.406055537545253 ] ], [ [ 114.11172868990262, 22.406422275320484 ], [ 114.11184137182066, 22.406472752303387 ], [ 114.111728689902606, 22.406422275320516 ], [ 114.11165339486864, 22.406403971351907 ], [ 114.11172868990262, 22.406422275320484 ] ], [ [ 114.112006794464321, 22.406565511382439 ], [ 114.112064674978129, 22.406591078995806 ], [ 114.112006794464321, 22.40656551138245 ], [ 114.111958591207866, 22.40653575835416 ], [ 114.112006794464321, 22.406565511382439 ] ], [ [ 114.112450503335623, 22.406784073140745 ], [ 114.112501747459703, 22.406818671301565 ], [ 114.112549305200872, 22.406869952099331 ], [ 114.112501747459703, 22.40681867130159 ], [ 114.112450503335623, 22.406784073140756 ], [ 114.11230557258358, 22.406709814629085 ], [ 114.112450503335623, 22.406784073140745 ] ], [ [ 114.112628994121138, 22.407369198547496 ], [ 114.112628423403578, 22.407363910574109 ], [ 114.112628423403578, 22.407363910574102 ], [ 114.112628994121138, 22.407369198547496 ] ], [ [ 114.112635996608631, 22.407601262010505 ], [ 114.112635996608631, 22.407601262010502 ], [ 114.112636091551494, 22.407599684344753 ], [ 114.112635996608631, 22.407601262010505 ] ], [ [ 114.112821645437251, 22.408104776531335 ], [ 114.112904946437936, 22.408168022941101 ], [ 114.112985160651562, 22.408205379576891 ], [ 114.112904946437936, 22.408168022941112 ], [ 114.112821645437251, 22.408104776531349 ], [ 114.112809200260997, 22.408088650041229 ], [ 114.112821645437251, 22.408104776531335 ] ], [ [ 114.113614015044433, 22.40836878777996 ], [ 114.114320614687372, 22.40838337594214 ], [ 114.114418030684959, 22.408397726919002 ], [ 114.114593630207082, 22.408453855924833 ], [ 114.114593630207096, 22.40845385592484 ], [ 114.114418030684959, 22.408397726919048 ], [ 114.114320614687372, 22.408383375942162 ], [ 114.113614015044448, 22.408368787779963 ], [ 114.11341917356539, 22.408340084794961 ], [ 114.113614015044433, 22.40836878777996 ] ], [ [ 114.114684618768521, 22.408507559147449 ], [ 114.114767917144377, 22.408579157799593 ], [ 114.114834539319034, 22.408651933006734 ], [ 114.114767917144377, 22.408579157799622 ], [ 114.114684618768521, 22.40850755914747 ], [ 114.114596355688505, 22.408455464558443 ], [ 114.114684618768521, 22.408507559147449 ] ], [ [ 114.115098673571609, 22.409107766870594 ], [ 114.115572471006573, 22.409975089031935 ], [ 114.115098673571595, 22.409107766870623 ], [ 114.114834539319034, 22.408651933006734 ], [ 114.115098673571609, 22.409107766870594 ] ], [ [ 114.115627133312756, 22.410035837071053 ], [ 114.115577973688232, 22.409985162036566 ], [ 114.115577973688218, 22.409985162036548 ], [ 114.115627133312756, 22.410035837071053 ] ], [ [ 114.116569177393913, 22.410320276868347 ], [ 114.116833100545193, 22.410360903902266 ], [ 114.116569177393913, 22.410320276868354 ], [ 114.116344933716647, 22.410268755427733 ], [ 114.116569177393913, 22.410320276868347 ] ], [ [ 114.116968902114195, 22.41041818047383 ], [ 114.117026524065551, 22.410488531259631 ], [ 114.116968902114181, 22.410418180473851 ], [ 114.116833100545193, 22.410360903902266 ], [ 114.116968902114195, 22.41041818047383 ] ], [ [ 114.11706490611428, 22.410626820312267 ], [ 114.11706490611428, 22.410626820312274 ], [ 114.117026524065551, 22.410488531259631 ], [ 114.11706490611428, 22.410626820312267 ] ], [ [ 114.116785357335132, 22.411146484543941 ], [ 114.116796679344588, 22.411271371858255 ], [ 114.116785357335132, 22.41114648454397 ], [ 114.116794818625849, 22.411097553462398 ], [ 114.116785357335132, 22.411146484543941 ] ], [ [ 114.116844878265084, 22.41140154601948 ], [ 114.116804487367389, 22.411357498047309 ], [ 114.116804487367389, 22.411357498047295 ], [ 114.116844878265084, 22.41140154601948 ] ], [ [ 114.117411643053288, 22.411817870959649 ], [ 114.117562834517543, 22.411820310529176 ], [ 114.117814093668414, 22.41170517345514 ], [ 114.117936732712636, 22.411656679321606 ], [ 114.117975593803649, 22.411629033093718 ], [ 114.118192732915816, 22.411513575960491 ], [ 114.118310622693045, 22.411487385124886 ], [ 114.118334753564554, 22.411487875257095 ], [ 114.118310622693045, 22.4114873851249 ], [ 114.118192732915801, 22.411513575960512 ], [ 114.117975593803649, 22.411629033093753 ], [ 114.117936732712678, 22.411656679321609 ], [ 114.117814093668414, 22.411705173455143 ], [ 114.117562834517543, 22.41182031052919 ], [ 114.117411643053259, 22.411817870959659 ], [ 114.117289671016337, 22.411763782496369 ], [ 114.117411643053288, 22.411817870959649 ] ], [ [ 114.118647128257322, 22.411635757622214 ], [ 114.118591145504979, 22.411624722798319 ], [ 114.118591145504965, 22.411624722798305 ], [ 114.118647128257322, 22.411635757622214 ] ], [ [ 114.118767990152847, 22.411619873848554 ], [ 114.118896125394301, 22.411502541546358 ], [ 114.119035096511084, 22.411462613334621 ], [ 114.119314264572807, 22.411353552387205 ], [ 114.119459917219871, 22.411267028864227 ], [ 114.119614667351442, 22.411163594324034 ], [ 114.119747062705471, 22.411099840738899 ], [ 114.120014168761728, 22.411105353161343 ], [ 114.120114745754933, 22.411090849403063 ], [ 114.120240718210141, 22.411033911177569 ], [ 114.12038131521166, 22.410982161463213 ], [ 114.12045702851816, 22.410964575940174 ], [ 114.120381315211645, 22.410982161463238 ], [ 114.120240718210169, 22.411033911177562 ], [ 114.120114745754933, 22.411090849403063 ], [ 114.120014168761728, 22.411105353161361 ], [ 114.119747062705471, 22.411099840738917 ], [ 114.119614667351442, 22.411163594324055 ], [ 114.119459917219871, 22.411267028864248 ], [ 114.119314264572807, 22.411353552387212 ], [ 114.119035096511126, 22.411462613334635 ], [ 114.118896125394315, 22.411502541546358 ], [ 114.118767990152861, 22.411619873848569 ], [ 114.118685833237521, 22.41164338679247 ], [ 114.118685833237507, 22.411643386792456 ], [ 114.118767990152847, 22.411619873848554 ] ], [ [ 114.12068393958937, 22.410986222241998 ], [ 114.120777742700255, 22.410982299450559 ], [ 114.120882924208686, 22.410940931104705 ], [ 114.120777742700241, 22.410982299450577 ], [ 114.120683939589384, 22.410986222241998 ], [ 114.120646566341094, 22.41098138317497 ], [ 114.12068393958937, 22.410986222241998 ] ], [ [ 114.121077098029915, 22.410903350100327 ], [ 114.121198457811047, 22.410892103811697 ], [ 114.121304616531773, 22.410906293561528 ], [ 114.121198457811047, 22.410892103811719 ], [ 114.121077098029915, 22.410903350100327 ], [ 114.120882924208686, 22.410940931104705 ], [ 114.121077098029915, 22.410903350100327 ] ], [ [ 114.121740440138637, 22.41107297151196 ], [ 114.121829434124294, 22.411073001825098 ], [ 114.122071652685776, 22.411033339824112 ], [ 114.121829434124308, 22.411073001825116 ], [ 114.121740440138595, 22.41107297151197 ], [ 114.12168088542694, 22.411060161315373 ], [ 114.121740440138637, 22.41107297151196 ] ], [ [ 114.123145993369462, 22.410957438877517 ], [ 114.123274485699355, 22.41097751342836 ], [ 114.123145993369462, 22.410957438877539 ], [ 114.122856904445896, 22.410950988403489 ], [ 114.123145993369462, 22.410957438877517 ] ], [ [ 114.123347360477297, 22.411764813322232 ], [ 114.123347360477297, 22.411764813322247 ], [ 114.123324120226542, 22.411697559312582 ], [ 114.123347360477297, 22.411764813322232 ] ], [ [ 114.123928446564037, 22.412726932209562 ], [ 114.12401337017198, 22.412783427629247 ], [ 114.124086178643509, 22.412798505233518 ], [ 114.12401337017198, 22.412783427629275 ], [ 114.123928446564037, 22.412726932209566 ], [ 114.123739994550462, 22.412571682430379 ], [ 114.123928446564037, 22.412726932209562 ] ], [ [ 114.124510592081108, 22.41243763138851 ], [ 114.124564975458043, 22.412402159168597 ], [ 114.124628814294667, 22.412378465741629 ], [ 114.124564975458028, 22.412402159168625 ], [ 114.124510592081123, 22.412437631388531 ], [ 114.124142818979337, 22.412779704174675 ], [ 114.124510592081108, 22.41243763138851 ] ], [ [ 114.123808262699825, 22.412886208682984 ], [ 114.123777061837899, 22.41287594970002 ], [ 114.123808262699825, 22.412886208682973 ], [ 114.123992286880096, 22.413033827126871 ], [ 114.123808262699825, 22.412886208682984 ] ], [ [ 114.123737365830962, 22.413131245742253 ], [ 114.123761647980174, 22.41317647869031 ], [ 114.123737365830962, 22.413131245742271 ], [ 114.123593010787459, 22.412949396475685 ], [ 114.123737365830962, 22.413131245742253 ] ], [ [ 114.123853374674582, 22.413507051416108 ], [ 114.123980801279643, 22.413536081005745 ], [ 114.124292310610187, 22.413586247608006 ], [ 114.124374428581518, 22.41361526214946 ], [ 114.124428214069539, 22.413673246295602 ], [ 114.124374428581518, 22.413615262149467 ], [ 114.124292310610215, 22.413586247608013 ], [ 114.123980801279657, 22.413536081005802 ], [ 114.123853374674582, 22.413507051416111 ], [ 114.123810902247726, 22.413480686525105 ], [ 114.123810902247726, 22.413480686525098 ], [ 114.123853374674582, 22.413507051416108 ] ], [ [ 114.123528034856193, 22.413941148283413 ], [ 114.123523344570572, 22.413949869862797 ], [ 114.123528034856193, 22.413941148283399 ], [ 114.123562030847921, 22.413922723756112 ], [ 114.123528034856193, 22.413941148283413 ] ], [ [ 114.123536475336948, 22.414067650119694 ], [ 114.123590286429149, 22.414083480240059 ], [ 114.123817884779768, 22.414101366588032 ], [ 114.123590286429149, 22.414083480240091 ], [ 114.123536475336948, 22.414067650119726 ], [ 114.123528543685708, 22.41405697378968 ], [ 114.123536475336948, 22.414067650119694 ] ], [ [ 114.124340335508052, 22.414267324445202 ], [ 114.124402609997773, 22.414325311353029 ], [ 114.124631863909954, 22.414718013038634 ], [ 114.124402609997773, 22.41432531135305 ], [ 114.124340335508052, 22.41426732444522 ], [ 114.124195100504778, 22.41419969712091 ], [ 114.124340335508052, 22.414267324445202 ] ], [ [ 114.124707526799114, 22.414869009121233 ], [ 114.12488650610149, 22.414880354864451 ], [ 114.124943143043495, 22.414898822343677 ], [ 114.124994108761811, 22.414941002038518 ], [ 114.124994108761811, 22.414941002038528 ], [ 114.124943143043495, 22.414898822343691 ], [ 114.124886506101475, 22.414880354864472 ], [ 114.124707526799099, 22.414869009121265 ], [ 114.124631863909954, 22.414718013038634 ], [ 114.124707526799114, 22.414869009121233 ] ], [ [ 114.125572973801084, 22.415934865147076 ], [ 114.125649635898412, 22.416014177101619 ], [ 114.125714727560265, 22.416127494162573 ], [ 114.125762853038012, 22.416182857217976 ], [ 114.125810989145691, 22.416209223377663 ], [ 114.125884628745879, 22.416214511386194 ], [ 114.1259809181946, 22.416193464568888 ], [ 114.126030244806216, 22.416191183876496 ], [ 114.125980918194628, 22.416193464568931 ], [ 114.125884628745879, 22.416214511386201 ], [ 114.12581098914572, 22.416209223377688 ], [ 114.125762853038012, 22.416182857217979 ], [ 114.125714727560279, 22.416127494162637 ], [ 114.125649635898412, 22.416014177101626 ], [ 114.125572973801084, 22.415934865147094 ], [ 114.1254959053297, 22.415869098327772 ], [ 114.125572973801084, 22.415934865147076 ] ], [ [ 114.126363251035627, 22.416212033722417 ], [ 114.126431212749054, 22.416233132086042 ], [ 114.126363251035613, 22.416212033722456 ], [ 114.126196150307749, 22.416222520016873 ], [ 114.126363251035627, 22.416212033722417 ] ], [ [ 114.126622864843014, 22.41636409765189 ], [ 114.126713482593772, 22.416395741510112 ], [ 114.126826765755666, 22.416411588986726 ], [ 114.127228907592013, 22.416445965569064 ], [ 114.127454812275317, 22.41645415316831 ], [ 114.127788994194646, 22.416406817815655 ], [ 114.127851310823317, 22.416406836718636 ], [ 114.127788994194688, 22.416406817815666 ], [ 114.127454812275275, 22.416454153168313 ], [ 114.127228907592041, 22.416445965569086 ], [ 114.126826765755666, 22.416411588986755 ], [ 114.126713482593772, 22.416395741510165 ], [ 114.126622864843014, 22.416364097651929 ], [ 114.1265544087167, 22.416327678201093 ], [ 114.126622864843014, 22.41636409765189 ] ], [ [ 114.128187258279709, 22.416867023302075 ], [ 114.128439302215213, 22.416898714711742 ], [ 114.128524273697394, 22.416885564663737 ], [ 114.128595333504919, 22.416853580071066 ], [ 114.128524273697437, 22.416885564663747 ], [ 114.128439302215213, 22.416898714711763 ], [ 114.128187258279709, 22.416867023302125 ], [ 114.127966924731808, 22.416810748041581 ], [ 114.128187258279709, 22.416867023302075 ] ], [ [ 114.128784856909007, 22.416827675689458 ], [ 114.129021248028621, 22.41679084725607 ], [ 114.129230854210221, 22.416717130091481 ], [ 114.129570716315669, 22.416675066531674 ], [ 114.129570716315683, 22.416675066531674 ], [ 114.129230854210221, 22.416717130091499 ], [ 114.129021248028636, 22.416790847256081 ], [ 114.128784856909007, 22.416827675689476 ], [ 114.128656638928931, 22.41684130792504 ], [ 114.128784856909007, 22.416827675689458 ] ], [ [ 114.129924695980321, 22.41676213324595 ], [ 114.130006817882503, 22.416759520165204 ], [ 114.130103128281036, 22.41673319709604 ], [ 114.1303940888494, 22.416567688997397 ], [ 114.130530056773082, 22.416509752310233 ], [ 114.130753800095903, 22.416475563646305 ], [ 114.130872740912238, 22.416478234423938 ], [ 114.130980340096656, 22.41650197904621 ], [ 114.131094893113087, 22.416556907827534 ], [ 114.130980340096642, 22.416501979046256 ], [ 114.130872740912238, 22.416478234423959 ], [ 114.130753800095903, 22.416475563646344 ], [ 114.130530056773082, 22.41650975231024 ], [ 114.130394088849386, 22.416567688997425 ], [ 114.13010312828105, 22.416733197096054 ], [ 114.130006817882517, 22.416759520165222 ], [ 114.12992469598035, 22.416762133245975 ], [ 114.129842375641985, 22.416735663603841 ], [ 114.129924695980321, 22.41676213324595 ] ], [ [ 114.131360547065825, 22.416774329247449 ], [ 114.131273256150877, 22.416738777986883 ], [ 114.131273256150877, 22.416738777986875 ], [ 114.131360547065825, 22.416774329247449 ] ], [ [ 114.131709376331784, 22.416799503950404 ], [ 114.131919326219645, 22.416726317348946 ], [ 114.131709376331798, 22.416799503950433 ], [ 114.131584757874265, 22.416812644575888 ], [ 114.131709376331784, 22.416799503950404 ] ], [ [ 114.132083252670654, 22.41669420412105 ], [ 114.132083252670654, 22.41669420412105 ], [ 114.132078655852254, 22.416694355692371 ], [ 114.132083252670654, 22.41669420412105 ] ], [ [ 114.132190859416013, 22.416725849612885 ], [ 114.132247493029311, 22.416760126907224 ], [ 114.132190859416013, 22.416725849612892 ], [ 114.132111007107326, 22.416702366283015 ], [ 114.132190859416013, 22.416725849612885 ] ], [ [ 114.132349443424744, 22.416772689319526 ], [ 114.132432432908047, 22.416882269978796 ], [ 114.132887060866864, 22.416899190971158 ], [ 114.133257395387872, 22.416874656112181 ], [ 114.133493808443703, 22.416812811859547 ], [ 114.133257395387858, 22.416874656112196 ], [ 114.132887060866892, 22.416899190971176 ], [ 114.132432432908033, 22.416882269978814 ], [ 114.132349443424715, 22.416772689319554 ], [ 114.132247493029311, 22.416760126907224 ], [ 114.132349443424744, 22.416772689319526 ] ], [ [ 114.13371947181534, 22.416675432131488 ], [ 114.133895776269597, 22.416614487187534 ], [ 114.13371947181534, 22.416675432131502 ], [ 114.133564254158898, 22.416781325745664 ], [ 114.13371947181534, 22.416675432131488 ] ], [ [ 114.134016206352399, 22.416607240575416 ], [ 114.134176379416388, 22.416636388192572 ], [ 114.134517325321738, 22.416796160793922 ], [ 114.134176379416402, 22.416636388192618 ], [ 114.134016206352413, 22.416607240575434 ], [ 114.133895776269597, 22.416614487187534 ], [ 114.134016206352399, 22.416607240575416 ] ], [ [ 114.135518448478862, 22.417142308593395 ], [ 114.135852169543895, 22.417192878174621 ], [ 114.135518448478877, 22.417142308593395 ], [ 114.135228225074187, 22.417066648970344 ], [ 114.135518448478862, 22.417142308593395 ] ], [ [ 114.136242828826383, 22.417229275147978 ], [ 114.136378326896065, 22.41717779022018 ], [ 114.136554137874441, 22.417074859534623 ], [ 114.136692095481706, 22.417048542914948 ], [ 114.136792659559021, 22.417054166768036 ], [ 114.136888987074911, 22.417100101592474 ], [ 114.136792659559021, 22.417054166768068 ], [ 114.136692095481706, 22.417048542914969 ], [ 114.136554137874427, 22.41707485953464 ], [ 114.136378326896065, 22.417177790220208 ], [ 114.136242828826397, 22.417229275147996 ], [ 114.13612340220125, 22.417230178251238 ], [ 114.136242828826383, 22.417229275147978 ] ], [ [ 114.137127376139858, 22.417340904025334 ], [ 114.137314010464308, 22.417465236331807 ], [ 114.137522348873446, 22.417535833295112 ], [ 114.137752976122201, 22.417544847483466 ], [ 114.137522348873475, 22.41753583329513 ], [ 114.137314010464308, 22.417465236331818 ], [ 114.137127376139858, 22.417340904025359 ], [ 114.136888987074911, 22.417100101592474 ], [ 114.137127376139858, 22.417340904025334 ] ], [ [ 114.138182346142585, 22.417448658719891 ], [ 114.138324657251431, 22.417308973053451 ], [ 114.1383552195162, 22.417252178590036 ], [ 114.138324657251431, 22.417308973053458 ], [ 114.138182346142585, 22.417448658719902 ], [ 114.138095019533367, 22.417480542505292 ], [ 114.138182346142585, 22.417448658719891 ] ], [ [ 114.169136566216665, 22.412851929696302 ], [ 114.168986604211241, 22.412711236468756 ], [ 114.168923530769732, 22.412657957109829 ], [ 114.168986604211241, 22.412711236468756 ], [ 114.169136566216679, 22.412851929696295 ], [ 114.169164815124674, 22.412888724535051 ], [ 114.169136566216665, 22.412851929696302 ] ], [ [ 114.168259013535675, 22.41228205250081 ], [ 114.16824325674267, 22.412278355421133 ], [ 114.168259013535675, 22.41228205250081 ], [ 114.168501976921803, 22.4123844384726 ], [ 114.168259013535675, 22.41228205250081 ] ], [ [ 114.168204964766346, 22.412269370813544 ], [ 114.168202580292231, 22.412267873144764 ], [ 114.168204964766346, 22.412269370813544 ], [ 114.168204964766346, 22.412269370813544 ] ], [ [ 114.167318653268751, 22.41192605400979 ], [ 114.166942977622497, 22.411798033261 ], [ 114.167318653268765, 22.411926054009786 ], [ 114.167374173806209, 22.411950499873733 ], [ 114.167318653268751, 22.41192605400979 ] ], [ [ 114.166096239744874, 22.411462397102135 ], [ 114.166000817761571, 22.411438297379995 ], [ 114.165971662380656, 22.411425884928722 ], [ 114.166000817761599, 22.411438297379981 ], [ 114.166096239744874, 22.411462397102135 ], [ 114.166942977622497, 22.411798033261 ], [ 114.166096239744874, 22.411462397102135 ] ], [ [ 114.165603606912612, 22.411378235549467 ], [ 114.165603606912612, 22.411378235549467 ], [ 114.165636699145026, 22.411380204265388 ], [ 114.165603606912612, 22.411378235549467 ] ], [ [ 114.165243225039532, 22.411324975349043 ], [ 114.16522291980543, 22.411285600945504 ], [ 114.165243225039546, 22.411324975349039 ], [ 114.165275632508823, 22.411356584392834 ], [ 114.165243225039532, 22.411324975349043 ] ], [ [ 114.165270697728459, 22.411132898747859 ], [ 114.165337970303398, 22.411072281852803 ], [ 114.165270697728445, 22.411132898747887 ], [ 114.165270697728459, 22.411132898747859 ] ], [ [ 114.165564143639273, 22.410921624018755 ], [ 114.165612932845164, 22.410868663575179 ], [ 114.165612932845164, 22.410868663575179 ], [ 114.165564143639287, 22.410921624018766 ], [ 114.165337970303398, 22.411072281852803 ], [ 114.165564143639273, 22.410921624018755 ] ], [ [ 114.165644638445499, 22.410810978986685 ], [ 114.165661572019943, 22.410748145989974 ], [ 114.165662376521823, 22.410707666861676 ], [ 114.165661572019943, 22.410748145989977 ], [ 114.165644638445514, 22.410810978986699 ], [ 114.165618909531133, 22.410857789706348 ], [ 114.165644638445499, 22.410810978986685 ] ], [ [ 114.16562540479606, 22.41060979633486 ], [ 114.165582982714994, 22.410474164412321 ], [ 114.165625404796103, 22.410609796334878 ], [ 114.165662859222749, 22.410683379384583 ], [ 114.165662859222749, 22.410683379384601 ], [ 114.16562540479606, 22.41060979633486 ] ], [ [ 114.165681043701895, 22.41015842904449 ], [ 114.165681043701895, 22.410158429044504 ], [ 114.16566928695768, 22.410219853648591 ], [ 114.165669286957666, 22.410219853648623 ], [ 114.165681043701895, 22.41015842904449 ] ], [ [ 114.165630249047041, 22.410031474853081 ], [ 114.165630249047041, 22.410031474853085 ], [ 114.165634335257735, 22.410037820176754 ], [ 114.165630249047041, 22.410031474853081 ] ], [ [ 114.165281932174622, 22.409756291183964 ], [ 114.165257156983614, 22.409725281140314 ], [ 114.165281932174651, 22.409756291183989 ], [ 114.165281932174622, 22.409756291183964 ] ], [ [ 114.165229773195009, 22.409691006006376 ], [ 114.165211547301766, 22.409643413993358 ], [ 114.165208883840506, 22.409554472466027 ], [ 114.165219648103232, 22.409516888323594 ], [ 114.165208883840521, 22.409554472466027 ], [ 114.165211547301766, 22.409643413993358 ], [ 114.165229773195023, 22.409691006006394 ], [ 114.165229773195009, 22.409691006006376 ] ], [ [ 114.165227222392346, 22.409181080906269 ], [ 114.165244937350266, 22.409064977109061 ], [ 114.165266666683678, 22.408992043084762 ], [ 114.165244937350309, 22.409064977109093 ], [ 114.16522722239236, 22.409181080906311 ], [ 114.165219648103232, 22.409516888323594 ], [ 114.165227222392346, 22.409181080906269 ] ], [ [ 114.165469113598064, 22.408592291775111 ], [ 114.165560552857244, 22.408479985910809 ], [ 114.165666618357008, 22.408368800786004 ], [ 114.165718680919113, 22.408299522414271 ], [ 114.165923229862827, 22.40790409997722 ], [ 114.165989779235957, 22.407752726251811 ], [ 114.166035303462664, 22.407705572049419 ], [ 114.166191297642257, 22.407596629461036 ], [ 114.166298188313746, 22.407474598337409 ], [ 114.166435745302437, 22.407409000690098 ], [ 114.16646465050313, 22.407380953825189 ], [ 114.166489360864063, 22.407342313914093 ], [ 114.166510877523365, 22.407282280548511 ], [ 114.166519545743881, 22.407213703510166 ], [ 114.16651630857271, 22.407123569915246 ], [ 114.16651954574391, 22.407213703510138 ], [ 114.166510877523393, 22.407282280548539 ], [ 114.166489360864063, 22.407342313914103 ], [ 114.166464650503173, 22.407380953825211 ], [ 114.166435745302479, 22.407409000690109 ], [ 114.166298188313775, 22.407474598337409 ], [ 114.166191297642271, 22.407596629461057 ], [ 114.166035303462664, 22.407705572049426 ], [ 114.165989779235971, 22.407752726251811 ], [ 114.165923229862827, 22.407904099977241 ], [ 114.165718680919113, 22.408299522414286 ], [ 114.165666618357037, 22.408368800786004 ], [ 114.165560552857244, 22.408479985910851 ], [ 114.165469113598064, 22.408592291775125 ], [ 114.165366363844143, 22.408770316211175 ], [ 114.165469113598064, 22.408592291775111 ] ], [ [ 114.166497031229028, 22.406977753249805 ], [ 114.166497031229028, 22.406977753249802 ], [ 114.16651630857271, 22.407123569915246 ], [ 114.166497031229028, 22.406977753249805 ] ], [ [ 114.1665017251444, 22.406937179526935 ], [ 114.166539393089749, 22.406873842024403 ], [ 114.1665017251444, 22.406937179526935 ], [ 114.16649716122437, 22.406976629583909 ], [ 114.1665017251444, 22.406937179526935 ] ], [ [ 114.166687327800773, 22.406725877653464 ], [ 114.166711727215969, 22.406687011923207 ], [ 114.166726842814015, 22.406635918315317 ], [ 114.166711727215997, 22.406687011923225 ], [ 114.166687327800773, 22.406725877653471 ], [ 114.166539393089749, 22.406873842024403 ], [ 114.166687327800773, 22.406725877653464 ] ], [ [ 114.166657548222091, 22.406360393487276 ], [ 114.166657194652174, 22.406358685257249 ], [ 114.166657548222091, 22.406360393487272 ], [ 114.1667214871906, 22.406561172553197 ], [ 114.166657548222091, 22.406360393487276 ] ], [ [ 114.16664556171645, 22.406253272967902 ], [ 114.16666209471704, 22.40620938578995 ], [ 114.166714242354047, 22.406154393331672 ], [ 114.16689010683433, 22.406019298967919 ], [ 114.167116823347655, 22.405876567674525 ], [ 114.167176283662741, 22.405823372573519 ], [ 114.167116823347669, 22.405876567674536 ], [ 114.167075435219644, 22.405902631240771 ], [ 114.166890106834344, 22.406019298967927 ], [ 114.166714242354061, 22.406154393331686 ], [ 114.166662094717054, 22.40620938578996 ], [ 114.16664556171645, 22.406253272967913 ], [ 114.166645561127623, 22.406253441953123 ], [ 114.16664556171645, 22.406253272967902 ] ], [ [ 114.167249713373522, 22.40557538139716 ], [ 114.167280592570677, 22.405503229541623 ], [ 114.167368085277133, 22.405391391963384 ], [ 114.167280592570691, 22.405503229541655 ], [ 114.167249713373579, 22.405575381397192 ], [ 114.167225848276928, 22.405731348448814 ], [ 114.167249713373522, 22.40557538139716 ] ], [ [ 114.167690436735313, 22.405051637998859 ], [ 114.16772128514377, 22.404999569882907 ], [ 114.167719589342809, 22.404941584951601 ], [ 114.167719589342823, 22.404941584951622 ], [ 114.167721285143813, 22.4049995698829 ], [ 114.167690436735342, 22.405051637998884 ], [ 114.167368085277133, 22.405391391963384 ], [ 114.167690436735313, 22.405051637998859 ] ], [ [ 114.167266659620878, 22.404598345611312 ], [ 114.167249567942662, 22.404574719676372 ], [ 114.167266659620878, 22.404598345611316 ], [ 114.167282310598139, 22.40461277448934 ], [ 114.167266659620878, 22.404598345611312 ] ], [ [ 114.167173660632798, 22.404430065747125 ], [ 114.167158443598183, 22.404374841668176 ], [ 114.167173660632798, 22.404430065747103 ], [ 114.167191489776727, 22.404471890229321 ], [ 114.167173660632798, 22.404430065747125 ] ], [ [ 114.167086163082288, 22.40392158012347 ], [ 114.167100690508889, 22.403803200168376 ], [ 114.167139674045174, 22.403658949294503 ], [ 114.167139674045174, 22.40365894929452 ], [ 114.167100690508889, 22.403803200168394 ], [ 114.167086163082288, 22.403921580123473 ], [ 114.167086163082288, 22.40392158012347 ] ], [ [ 114.167133917117411, 22.403627613111645 ], [ 114.167133917117411, 22.403627613111638 ], [ 114.167135716157048, 22.403637405668821 ], [ 114.167133917117411, 22.403627613111645 ] ], [ [ 114.167167497188544, 22.403535738808536 ], [ 114.16719838257886, 22.403508694302722 ], [ 114.167167497188572, 22.403535738808522 ], [ 114.167141470070035, 22.403606948418023 ], [ 114.167167497188544, 22.403535738808536 ] ], [ [ 114.167346249980639, 22.403144990589379 ], [ 114.167339045757871, 22.403064234482525 ], [ 114.167346249980667, 22.403144990589375 ], [ 114.167327302073645, 22.403214131759498 ], [ 114.167346249980639, 22.403144990589379 ] ], [ [ 114.167268326468914, 22.402806297039298 ], [ 114.167209137315581, 22.40269556002508 ], [ 114.167268326468943, 22.402806297039309 ], [ 114.167287969531259, 22.402858558081348 ], [ 114.167268326468914, 22.402806297039298 ] ], [ [ 114.167178603476046, 22.402609787986279 ], [ 114.167187667197865, 22.402571074765877 ], [ 114.167222020306937, 22.40253170382401 ], [ 114.167255167583349, 22.402515080637691 ], [ 114.167296569210933, 22.402507398128769 ], [ 114.167344563786543, 22.402510899626115 ], [ 114.167296569210933, 22.402507398128783 ], [ 114.167255167583349, 22.402515080637716 ], [ 114.167222020306937, 22.402531703824025 ], [ 114.167187667197851, 22.402571074765902 ], [ 114.167178603476046, 22.40260978798629 ], [ 114.167178603476046, 22.402609787986279 ] ], [ [ 114.167416264671076, 22.402531155367459 ], [ 114.167546648853289, 22.402614144193929 ], [ 114.167601878274567, 22.402632677947786 ], [ 114.167634063292695, 22.402627830403436 ], [ 114.167601878274539, 22.402632677947818 ], [ 114.167546648853289, 22.402614144193951 ], [ 114.167416264671076, 22.40253115536747 ], [ 114.16738017003199, 22.402520296673099 ], [ 114.167416264671076, 22.402531155367459 ] ], [ [ 114.167663374479403, 22.402610105193997 ], [ 114.167682692900712, 22.402582951569748 ], [ 114.167690940903185, 22.402550976760065 ], [ 114.167682692900769, 22.402582951569762 ], [ 114.167663374479417, 22.402610105193997 ], [ 114.167634063292695, 22.402627830403436 ], [ 114.167663374479403, 22.402610105193997 ] ], [ [ 114.167605846270945, 22.402253577698009 ], [ 114.167550153780908, 22.402181014893575 ], [ 114.167605846270959, 22.402253577698012 ], [ 114.167639823649239, 22.402312864881473 ], [ 114.167605846270945, 22.402253577698009 ] ], [ [ 114.167293963310755, 22.401984522863078 ], [ 114.167284893491754, 22.401971319732752 ], [ 114.167275583366731, 22.401921786875686 ], [ 114.167398257508054, 22.401691940696693 ], [ 114.167451172118859, 22.40161121108072 ], [ 114.167541468732267, 22.401502209094804 ], [ 114.167451172118902, 22.401611211080706 ], [ 114.167398257508054, 22.401691940696715 ], [ 114.167275583366759, 22.401921786875715 ], [ 114.167284893491768, 22.401971319732763 ], [ 114.167293963310783, 22.401984522863078 ], [ 114.167393795860207, 22.402038594343157 ], [ 114.167293963310755, 22.401984522863078 ] ], [ [ 114.167844852601291, 22.401179277392821 ], [ 114.167884102449946, 22.401099251248681 ], [ 114.16784485260132, 22.401179277392874 ], [ 114.167744669089444, 22.401301960209551 ], [ 114.167844852601291, 22.401179277392821 ] ], [ [ 114.167893447565191, 22.401059761373663 ], [ 114.167893447565191, 22.401059761373688 ], [ 114.167884102449946, 22.401099251248681 ], [ 114.167893447565191, 22.401059761373663 ] ], [ [ 114.167892041916957, 22.401020090293482 ], [ 114.167879710445519, 22.400984292694307 ], [ 114.167850869373666, 22.400946182368425 ], [ 114.167719606093058, 22.400822872085762 ], [ 114.167704139287594, 22.400808342215409 ], [ 114.167719606093101, 22.40082287208579 ], [ 114.167850869373666, 22.400946182368411 ], [ 114.167879710445547, 22.400984292694314 ], [ 114.167892041916971, 22.401020090293489 ], [ 114.167893364240939, 22.40105740974532 ], [ 114.167892041916957, 22.401020090293482 ] ], [ [ 114.167555611567437, 22.400584340489441 ], [ 114.167497043770979, 22.400541884717061 ], [ 114.16747364945401, 22.400532432580714 ], [ 114.167497043770979, 22.400541884717047 ], [ 114.167555611567423, 22.400584340489424 ], [ 114.167573164202565, 22.400606334781006 ], [ 114.167555611567437, 22.400584340489441 ] ], [ [ 114.167343450072693, 22.40047046254502 ], [ 114.167303236992652, 22.400432270176502 ], [ 114.167265553904912, 22.400376769890773 ], [ 114.16730323699268, 22.400432270176516 ], [ 114.167343450072707, 22.400470462545023 ], [ 114.167344816719577, 22.400471245767744 ], [ 114.167343450072693, 22.40047046254502 ] ], [ [ 114.167107774878588, 22.399831504214188 ], [ 114.167088185350067, 22.399711514714173 ], [ 114.167032742220201, 22.399572685406238 ], [ 114.167088185350082, 22.399711514714166 ], [ 114.167107774878616, 22.399831504214177 ], [ 114.167111551182757, 22.399968012383415 ], [ 114.167107774878588, 22.399831504214188 ] ], [ [ 114.165959592164199, 22.398665204472938 ], [ 114.165981078415697, 22.398607275219153 ], [ 114.165993499619518, 22.398595624255289 ], [ 114.165981078415697, 22.398607275219156 ], [ 114.165959592164199, 22.398665204472945 ], [ 114.165959592164199, 22.398665204472938 ] ], [ [ 114.166079848984879, 22.398541756465786 ], [ 114.166131029459464, 22.398527202686019 ], [ 114.166212618869551, 22.398525427791846 ], [ 114.166131029459464, 22.398527202686058 ], [ 114.166079848984893, 22.398541756465793 ], [ 114.166040918315659, 22.398562248761273 ], [ 114.166079848984879, 22.398541756465786 ] ], [ [ 114.166388301739872, 22.39857432263517 ], [ 114.166419718425161, 22.398572635957397 ], [ 114.166388301739872, 22.398574322635191 ], [ 114.166254182903771, 22.398535637268822 ], [ 114.166388301739872, 22.39857432263517 ] ], [ [ 114.166457246016321, 22.39853860239208 ], [ 114.166457246016307, 22.39853860239209 ], [ 114.166444367015799, 22.398560310902198 ], [ 114.166444367015785, 22.398560310902198 ], [ 114.166457246016321, 22.39853860239208 ] ], [ [ 114.166449177391826, 22.398517154421345 ], [ 114.166410673172706, 22.398494521494264 ], [ 114.166449177391883, 22.398517154421352 ], [ 114.166456681382371, 22.398537101485669 ], [ 114.166449177391826, 22.398517154421345 ] ], [ [ 114.166198521247011, 22.398308804340413 ], [ 114.166200464690277, 22.398283744775153 ], [ 114.16619852124704, 22.398308804340438 ], [ 114.166242556706905, 22.398386794686228 ], [ 114.166198521247011, 22.398308804340413 ] ], [ [ 114.166214548832514, 22.39825991423103 ], [ 114.166236478306644, 22.398245981598212 ], [ 114.166261971176056, 22.398241251281799 ], [ 114.166435872011249, 22.39826531983022 ], [ 114.166261971176056, 22.398241251281807 ], [ 114.166236478306658, 22.398245981598226 ], [ 114.166214548832528, 22.398259914231044 ], [ 114.166205777464853, 22.398274135994143 ], [ 114.166214548832514, 22.39825991423103 ] ], [ [ 114.166516477336742, 22.398259626744863 ], [ 114.166549740980571, 22.398251537530339 ], [ 114.166516477336742, 22.398259626744871 ], [ 114.166435872011249, 22.39826531983022 ], [ 114.166516477336742, 22.398259626744863 ] ], [ [ 114.166727356452043, 22.398189942614746 ], [ 114.166790386725552, 22.398146816842431 ], [ 114.166836470864567, 22.398098967043094 ], [ 114.166847057072118, 22.398081219899627 ], [ 114.166836470864567, 22.398098967043101 ], [ 114.166790386725538, 22.398146816842459 ], [ 114.166727356452085, 22.398189942614781 ], [ 114.166655448571689, 22.398221438239663 ], [ 114.166727356452043, 22.398189942614746 ] ], [ [ 114.166871379614207, 22.398016231693699 ], [ 114.166873142034618, 22.397950914145152 ], [ 114.16712402291202, 22.397865148621349 ], [ 114.167264553486561, 22.397792779896694 ], [ 114.16712402291202, 22.397865148621364 ], [ 114.166873142034632, 22.397950914145191 ], [ 114.166871379614207, 22.398016231693706 ], [ 114.166866669580514, 22.398033207627638 ], [ 114.166871379614207, 22.398016231693699 ] ], [ [ 114.167710104873521, 22.397291799718975 ], [ 114.167628063994428, 22.397132966495537 ], [ 114.167710104873521, 22.39729179971896 ], [ 114.16773636895276, 22.397371215484178 ], [ 114.16773636895276, 22.397371215484185 ], [ 114.167710104873521, 22.397291799718975 ] ], [ [ 114.167592029563082, 22.396625531150629 ], [ 114.167637995787175, 22.396439207287077 ], [ 114.167647851480808, 22.396310938500232 ], [ 114.167647851480808, 22.396310938500275 ], [ 114.167637995787189, 22.396439207287088 ], [ 114.167592029563124, 22.396625531150654 ], [ 114.167575607723336, 22.396772131485211 ], [ 114.167592029563082, 22.396625531150629 ] ], [ [ 114.167647863321278, 22.396130725663642 ], [ 114.167691184211051, 22.395982928504534 ], [ 114.167647863321335, 22.396130725663681 ], [ 114.167647851480808, 22.396310938499816 ], [ 114.167647863321278, 22.396130725663642 ] ], [ [ 114.167634763405331, 22.395678675682621 ], [ 114.167651181041848, 22.395593166720204 ], [ 114.167989025856002, 22.395283312640288 ], [ 114.168094041949075, 22.395145855926334 ], [ 114.168146565906781, 22.395054244230682 ], [ 114.16809404194909, 22.395145855926348 ], [ 114.167989025856002, 22.395283312640323 ], [ 114.167651181041848, 22.395593166720214 ], [ 114.167634763405346, 22.395678675682621 ], [ 114.167661471487023, 22.395800382710988 ], [ 114.167634763405331, 22.395678675682621 ] ], [ [ 113.935448945998544, 22.278625293620426 ], [ 113.935446015092921, 22.278624804420289 ], [ 113.935408544389247, 22.278618473410425 ], [ 113.935446015595502, 22.278624801840461 ], [ 113.935448945998544, 22.278625293620426 ] ], [ [ 114.258907171258073, 22.31487237638477 ], [ 114.258878738594106, 22.314843650076149 ], [ 114.258878623468348, 22.314843532309258 ], [ 114.258878737541409, 22.314843648934644 ], [ 114.258907171258073, 22.31487237638477 ] ], [ [ 114.257249353103703, 22.310012158119545 ], [ 114.257123052779008, 22.309969090542634 ], [ 114.256569317837133, 22.309783911234842 ], [ 114.255620603306156, 22.309450721109421 ], [ 114.255629162244006, 22.30974293820066 ], [ 114.255677266386115, 22.310114343410373 ], [ 114.255789301789633, 22.310574867629729 ], [ 114.25582596576406, 22.310690639751567 ], [ 114.255509809837847, 22.310684056855788 ], [ 114.254548259657128, 22.310734730557126 ], [ 114.254184533362107, 22.312816032705907 ], [ 114.254204349964766, 22.313005954590363 ], [ 114.254244539069745, 22.31326776867374 ], [ 114.254279487291939, 22.313441076146493 ], [ 114.254320917924233, 22.313613134283962 ], [ 114.25439511245807, 22.313868439112674 ], [ 114.25445251709796, 22.314036479704182 ], [ 114.25451618050181, 22.314202558366496 ], [ 114.25462327218959, 22.314447551747676 ], [ 114.254744006752517, 22.314686976500944 ], [ 114.25487803557084, 22.314920199453951 ], [ 114.255025017713322, 22.3151465797119 ], [ 114.255144725057107, 22.315350739907657 ], [ 114.255114275892041, 22.315450894759937 ], [ 114.255055729676016, 22.315622260104796 ], [ 114.255058215348356, 22.315625518339854 ], [ 114.255058215122745, 22.315625518270824 ], [ 114.255055728647264, 22.315622259426231 ], [ 114.255114274938919, 22.315450893732987 ], [ 114.255144724051775, 22.315350738783714 ], [ 114.255025016916576, 22.315146578711339 ], [ 114.254878034593958, 22.314920198352052 ], [ 114.254744005974743, 22.314686975469524 ], [ 114.25462327106608, 22.314447551104408 ], [ 114.254516179567602, 22.31420255726016 ], [ 114.254452516045475, 22.314036478985937 ], [ 114.254395111689746, 22.31386843805036 ], [ 114.254320917203444, 22.3136131334421 ], [ 114.254279486300973, 22.3134410752386 ], [ 114.254244538111919, 22.313267767704126 ], [ 114.254204348779595, 22.313005953788405 ], [ 114.254184532233666, 22.312816031745175 ], [ 114.254548258813088, 22.31073472962273 ], [ 114.255509808737884, 22.310684055899468 ], [ 114.255825964545778, 22.310690639051021 ], [ 114.255789300533209, 22.310574866572072 ], [ 114.255677265409403, 22.310114342480468 ], [ 114.255629161243618, 22.309742937314844 ], [ 114.25562060221101, 22.309450720303019 ], [ 114.256569317021473, 22.309783910234295 ], [ 114.257123051901672, 22.309969089445126 ], [ 114.257249352359082, 22.310012157013141 ], [ 114.257253468212383, 22.310013554715216 ], [ 114.259964767663831, 22.310937896216956 ], [ 114.261622092640749, 22.311493846791137 ], [ 114.262025900684549, 22.311629310857683 ], [ 114.262025900255537, 22.31162931128355 ], [ 114.261622093826077, 22.311493847751795 ], [ 114.25996476881113, 22.310937896996823 ], [ 114.257253469065887, 22.310013555534947 ], [ 114.257249353103703, 22.310012158119545 ] ], [ [ 114.248555693790536, 22.303749600641162 ], [ 114.248544417376138, 22.303768292654993 ], [ 114.248555694683787, 22.303749596122302 ], [ 114.24856753749188, 22.303734423978245 ], [ 114.248555693790536, 22.303749600641162 ] ], [ [ 114.113168486908862, 22.365018661928016 ], [ 114.113323276553302, 22.365003650758577 ], [ 114.113168486906801, 22.365018666443316 ], [ 114.112713509537741, 22.365078273558652 ], [ 114.113168486908862, 22.365018661928016 ] ], [ [ 113.980982767099945, 22.430830425901732 ], [ 113.980982767099945, 22.430830425901714 ], [ 113.981031583374175, 22.430861966201132 ], [ 113.980982767099945, 22.430830425901732 ] ], [ [ 113.981552774135537, 22.43087909480256 ], [ 113.981636574839754, 22.430864521653636 ], [ 113.981849047395798, 22.430874368628427 ], [ 113.981906730694533, 22.430864847939237 ], [ 113.981997238769026, 22.430832781719833 ], [ 113.982076235335413, 22.430780392125257 ], [ 113.982139469241702, 22.430712171202789 ], [ 113.98218329235074, 22.430632078933783 ], [ 113.982231335083128, 22.430570052602008 ], [ 113.982270228117756, 22.430542448274188 ], [ 113.982313965375241, 22.430523871173801 ], [ 113.982361332634696, 22.430514337895904 ], [ 113.982313965375255, 22.430523871173811 ], [ 113.982270228117756, 22.430542448274203 ], [ 113.982231335083142, 22.430570052602043 ], [ 113.98218329235074, 22.430632078933787 ], [ 113.982139469241702, 22.43071217120281 ], [ 113.982076235335413, 22.430780392125275 ], [ 113.98199723876904, 22.430832781719879 ], [ 113.981906730694519, 22.430864847939276 ], [ 113.981849047395812, 22.430874368628444 ], [ 113.981636574839769, 22.430864521653678 ], [ 113.981552774135565, 22.430879094802588 ], [ 113.981376088942582, 22.430888471390727 ], [ 113.981051914245768, 22.430875102012298 ], [ 113.981051914245754, 22.430875102012283 ], [ 113.981376088942582, 22.430888471390706 ], [ 113.981552774135537, 22.43087909480256 ] ], [ [ 113.982685307249383, 22.430671062526972 ], [ 113.982733211941735, 22.430715143467062 ], [ 113.982779938254652, 22.430726487657576 ], [ 113.983016759820686, 22.430689521493164 ], [ 113.983286912551492, 22.430698875897562 ], [ 113.983334859368597, 22.430705706173814 ], [ 113.983502961926632, 22.430756143787193 ], [ 113.98359948633798, 22.430756259302282 ], [ 113.98413484462688, 22.430833657626408 ], [ 113.984218621680768, 22.430836015170318 ], [ 113.98413484462688, 22.430833657626419 ], [ 113.98359948633798, 22.430756259302292 ], [ 113.983502961926646, 22.4307561437872 ], [ 113.983334859368611, 22.430705706173825 ], [ 113.983286912551492, 22.430698875897583 ], [ 113.983016759820686, 22.430689521493186 ], [ 113.982779938254652, 22.430726487657587 ], [ 113.982733211941735, 22.430715143467065 ], [ 113.982685307249383, 22.430671062526983 ], [ 113.982506965433558, 22.430565869259905 ], [ 113.982418379711319, 22.430529081030048 ], [ 113.982506965433515, 22.430565869259876 ], [ 113.982685307249383, 22.430671062526972 ] ], [ [ 113.984311548285021, 22.430810723360068 ], [ 113.984390543207738, 22.430758892513051 ], [ 113.984422159981563, 22.430724506170062 ], [ 113.984390543207738, 22.430758892513058 ], [ 113.984311548285021, 22.430810723360093 ], [ 113.984218621680768, 22.430836015170318 ], [ 113.984311548285021, 22.430810723360068 ] ], [ [ 113.984465369831227, 22.43064441254365 ], [ 113.984477634754725, 22.430555251618305 ], [ 113.984477634754725, 22.430555251618305 ], [ 113.984465369831256, 22.430644412543661 ], [ 113.984422159981563, 22.430724506170062 ], [ 113.984465369831227, 22.43064441254365 ] ], [ [ 113.984411353866321, 22.430192257582988 ], [ 113.984405207391418, 22.430247001782291 ], [ 113.984405207391418, 22.430247001782291 ], [ 113.984411353866321, 22.430192257582988 ] ], [ [ 113.984456294031091, 22.430181591992842 ], [ 113.984535733340763, 22.430251103542595 ], [ 113.984575767747572, 22.430275984897712 ], [ 113.984663136566724, 22.430315037138865 ], [ 113.984575767747572, 22.430275984897733 ], [ 113.984535733340749, 22.430251103542609 ], [ 113.984456294031091, 22.43018159199287 ], [ 113.984411353866321, 22.430192257582988 ], [ 113.984456294031091, 22.430181591992842 ] ], [ [ 113.984757203549208, 22.430336027400084 ], [ 113.984805766150657, 22.430340040476562 ], [ 113.984757203549208, 22.430336027400099 ], [ 113.984663136566724, 22.430315037138865 ], [ 113.984757203549208, 22.430336027400084 ] ], [ [ 113.985394986532924, 22.430098047033059 ], [ 113.985439419541621, 22.430017954585235 ], [ 113.985394986532938, 22.430098047033059 ], [ 113.985193791948831, 22.430279545925643 ], [ 113.985153724162444, 22.430296442663725 ], [ 113.985193791948802, 22.430279545925639 ], [ 113.985394986532924, 22.430098047033059 ] ], [ [ 113.985469285573132, 22.429928245512979 ], [ 113.985514837529863, 22.429917580351884 ], [ 113.985469285573174, 22.429928245513018 ], [ 113.985439419541621, 22.430017954585235 ], [ 113.985469285573132, 22.429928245512979 ] ], [ [ 113.985577354563873, 22.429924427220623 ], [ 113.985622870960938, 22.429939715456886 ], [ 113.985664120439509, 22.429964038095338 ], [ 113.985699289680767, 22.429995117323674 ], [ 113.985714728488276, 22.430015912161263 ], [ 113.985699289680767, 22.429995117323692 ], [ 113.985664120439509, 22.42996403809536 ], [ 113.985622870960938, 22.4299397154569 ], [ 113.985577354563887, 22.429924427220641 ], [ 113.985514837529863, 22.429917580351884 ], [ 113.985577354563873, 22.429924427220623 ] ], [ [ 113.985893579916876, 22.429981801479972 ], [ 113.986000427803688, 22.4299830565656 ], [ 113.986037495325178, 22.429954320361894 ], [ 113.986169294610335, 22.429914967851172 ], [ 113.986360563603426, 22.429887533307742 ], [ 113.986506264962671, 22.429889402791577 ], [ 113.986552438311421, 22.429864623499029 ], [ 113.986644155810581, 22.429834813695155 ], [ 113.986894942503767, 22.429791085442616 ], [ 113.987131179901922, 22.42973887819322 ], [ 113.987569058012568, 22.42961748101834 ], [ 113.987714178296258, 22.429603536436531 ], [ 113.987569058012582, 22.429617481018383 ], [ 113.987131179901951, 22.429738878193231 ], [ 113.986894942503767, 22.429791085442623 ], [ 113.986644155810609, 22.429834813695159 ], [ 113.986552438311421, 22.429864623499054 ], [ 113.986506264962671, 22.429889402791602 ], [ 113.986360563603441, 22.429887533307799 ], [ 113.986169294610335, 22.429914967851193 ], [ 113.986037495325178, 22.429954320361926 ], [ 113.986000427803674, 22.429983056565643 ], [ 113.985893579916848, 22.429981801479972 ], [ 113.985851008076594, 22.430036502672596 ], [ 113.985726554051809, 22.430031840243327 ], [ 113.985726554051794, 22.43003184024332 ], [ 113.985851008076537, 22.430036502672557 ], [ 113.985893579916876, 22.429981801479972 ] ], [ [ 113.987810695050257, 22.429608733556829 ], [ 113.987990349336059, 22.429643367733409 ], [ 113.988184007661189, 22.429651495677 ], [ 113.987990349336059, 22.429643367733451 ], [ 113.987810695050271, 22.429608733556833 ], [ 113.987714178296258, 22.429603536436531 ], [ 113.987810695050257, 22.429608733556829 ] ], [ [ 113.988381284515725, 22.430123566261347 ], [ 113.988381284515739, 22.430123566261376 ], [ 113.988097090866347, 22.43017572833277 ], [ 113.98806710984995, 22.429899136200259 ], [ 113.988097090866333, 22.430175728332756 ], [ 113.988381284515725, 22.430123566261347 ] ], [ [ 113.98878840180727, 22.430303520689911 ], [ 113.98845512523144, 22.430290715463265 ], [ 113.9884244664444, 22.430221314891355 ], [ 113.98845512523144, 22.430290715463236 ], [ 113.98878840180727, 22.430303520689911 ] ], [ [ 113.988835744240973, 22.430312046352487 ], [ 113.988853218400664, 22.430319742561956 ], [ 113.988835744240973, 22.430312046352491 ], [ 113.98878840180727, 22.430303520689911 ], [ 113.988835744240973, 22.430312046352487 ] ], [ [ 113.989051511245179, 22.430132817449064 ], [ 113.989057321068287, 22.430326978575707 ], [ 113.988916428130992, 22.430360678841001 ], [ 113.988916428130992, 22.430360678841001 ], [ 113.989057321068273, 22.430326978575678 ], [ 113.989051511245179, 22.430132817449064 ] ], [ [ 113.989500100047096, 22.429724142219452 ], [ 113.989531851028431, 22.429740023401848 ], [ 113.989500100047138, 22.429724142219516 ], [ 113.989446658751746, 22.429736497076039 ], [ 113.989234040161151, 22.429836153974328 ], [ 113.989446658751746, 22.429736497076021 ], [ 113.989500100047096, 22.429724142219452 ] ], [ [ 113.989795564393589, 22.429864456417562 ], [ 113.989884153172056, 22.429900120842461 ], [ 113.989959970585986, 22.429956079894318 ], [ 113.989964290815976, 22.429960803937657 ], [ 113.989959970585986, 22.429956079894321 ], [ 113.989884153172042, 22.429900120842483 ], [ 113.989795564393589, 22.429864456417565 ], [ 113.989660215007476, 22.429842852333273 ], [ 113.989623226332711, 22.42980612783014 ], [ 113.989660215007461, 22.429842852333248 ], [ 113.989795564393589, 22.429864456417562 ] ], [ [ 113.990102371270737, 22.430152656587197 ], [ 113.990202416315086, 22.43025097821948 ], [ 113.990277815253066, 22.430305644607088 ], [ 113.9902024163151, 22.430250978219526 ], [ 113.990102371270737, 22.430152656587214 ], [ 113.990038742413816, 22.430069051473005 ], [ 113.990012141385435, 22.430024854872364 ], [ 113.990038742413816, 22.430069051472948 ], [ 113.990102371270737, 22.430152656587197 ] ], [ [ 113.990782848466552, 22.43085348964447 ], [ 113.990715897014965, 22.430797912141578 ], [ 113.990378887111007, 22.430417202562211 ], [ 113.990715897014994, 22.430797912141561 ], [ 113.990782848466552, 22.43085348964447 ] ], [ [ 113.991175287414265, 22.431395018558216 ], [ 113.991085577779089, 22.431288238872661 ], [ 113.991054692239089, 22.431234163514976 ], [ 113.991085577779089, 22.431288238872629 ], [ 113.991175287414265, 22.431395018558216 ] ], [ [ 113.991389956765545, 22.431580389117084 ], [ 113.991443282413911, 22.431655511316858 ], [ 113.991448952249073, 22.431667741950946 ], [ 113.991443282413911, 22.431655511316862 ], [ 113.991389956765545, 22.431580389117098 ], [ 113.991175287414265, 22.431395018558216 ], [ 113.991389956765545, 22.431580389117084 ] ], [ [ 113.991782507165382, 22.43177103841203 ], [ 113.991878412125828, 22.431784693926321 ], [ 113.99197247747216, 22.431808506517694 ], [ 113.991878412125828, 22.43178469392636 ], [ 113.991782507165368, 22.431771038412037 ], [ 113.991679904217065, 22.431768663205983 ], [ 113.991462654354777, 22.431697299315772 ], [ 113.991462654354777, 22.431697299315772 ], [ 113.991679904217051, 22.431768663205983 ], [ 113.991782507165382, 22.43177103841203 ] ], [ [ 113.992062285249389, 22.431841913536054 ], [ 113.992008944892788, 22.431984668212493 ], [ 113.992062285249347, 22.431841913536072 ], [ 113.99197247747216, 22.431808506517694 ], [ 113.992062285249389, 22.431841913536054 ] ], [ [ 113.992006846787021, 22.431990283361809 ], [ 113.992006846787007, 22.431990283361802 ], [ 113.992784719270588, 22.432008067662256 ], [ 113.992006846787021, 22.431990283361809 ] ], [ [ 113.99287956886667, 22.431112735771471 ], [ 113.992924689144857, 22.430876641243426 ], [ 113.992879568866684, 22.431112735771503 ], [ 113.992784719270588, 22.432008067662256 ], [ 113.99287956886667, 22.431112735771471 ] ], [ [ 113.99325143266789, 22.430318931971296 ], [ 113.993251432667904, 22.430318931971303 ], [ 113.993058802359627, 22.430547182959629 ], [ 113.992992589130353, 22.430669018502609 ], [ 113.993058802359613, 22.430547182959639 ], [ 113.99325143266789, 22.430318931971296 ] ], [ [ 113.993395024427272, 22.430448230377319 ], [ 113.993603331668865, 22.430594412855431 ], [ 113.993395024427244, 22.430448230377355 ], [ 113.993310606155376, 22.430379503151173 ], [ 113.993293732236239, 22.430362230673474 ], [ 113.993310606155362, 22.430379503151158 ], [ 113.993395024427272, 22.430448230377319 ] ], [ [ 113.99477123482859, 22.431526649161249 ], [ 113.993982777727382, 22.430877842636949 ], [ 113.993816608992958, 22.430752857689427 ], [ 113.993982777727396, 22.430877842636956 ], [ 113.99477123482859, 22.431526649161249 ] ], [ [ 113.995742402842453, 22.432229767179269 ], [ 113.99642623057305, 22.432698437115544 ], [ 113.99644597262477, 22.432711967489226 ], [ 113.996426230573036, 22.432698437115569 ], [ 113.995742402842438, 22.432229767179297 ], [ 113.99477123482859, 22.431526649161249 ], [ 113.995742402842453, 22.432229767179269 ] ], [ [ 113.996457256160213, 22.432719700748574 ], [ 113.99645725616017, 22.432719700748557 ], [ 113.996484816665216, 22.432589991256147 ], [ 113.996457256160213, 22.432719700748574 ] ], [ [ 113.996524328375031, 22.432472757102335 ], [ 113.996529334208105, 22.432438865182295 ], [ 113.996524328375031, 22.432472757102364 ], [ 113.996484816665216, 22.432589991256147 ], [ 113.996524328375031, 22.432472757102335 ] ], [ [ 113.996531756384499, 22.432422465866036 ], [ 113.996531756384499, 22.432422465866047 ], [ 113.996524134978188, 22.432356781001115 ], [ 113.996531756384499, 22.432422465866036 ] ], [ [ 113.994669405243727, 22.428333949303607 ], [ 113.994687672730421, 22.428083573858508 ], [ 113.994517623174232, 22.42775309364605 ], [ 113.99468767273045, 22.428083573858501 ], [ 113.994669405243727, 22.42833394930361 ], [ 113.994656989600472, 22.429005240126447 ], [ 113.994704826983238, 22.4290604741641 ], [ 113.994656989600443, 22.429005240126447 ], [ 113.994669405243727, 22.428333949303607 ] ], [ [ 113.993583455801527, 22.427076550531364 ], [ 113.993666784072431, 22.426094123962145 ], [ 113.993583455801542, 22.42707655053135 ], [ 113.993585112206333, 22.427279854727892 ], [ 113.993606402361934, 22.427324212314108 ], [ 113.993585112206333, 22.427279854727896 ], [ 113.993583455801527, 22.427076550531364 ] ], [ [ 113.993825706685655, 22.425625145510491 ], [ 113.993942416614189, 22.425554876359261 ], [ 113.993825706685669, 22.425625145510487 ], [ 113.993787196801478, 22.425659634290188 ], [ 113.993781653849382, 22.425667799347767 ], [ 113.993787196801478, 22.425659634290177 ], [ 113.993825706685655, 22.425625145510491 ] ], [ [ 113.994065521006362, 22.425519237075964 ], [ 113.994660373196467, 22.425422145438727 ], [ 113.995381205018234, 22.425198604404709 ], [ 113.995610429640791, 22.425055539548641 ], [ 113.995812620283829, 22.424853719090823 ], [ 113.995895401553767, 22.424744940795549 ], [ 113.996042116367263, 22.42453772992932 ], [ 113.996250230053064, 22.424171173120559 ], [ 113.996261179856319, 22.424093443391239 ], [ 113.996250230053064, 22.424171173120598 ], [ 113.996042116367292, 22.42453772992932 ], [ 113.995895401553781, 22.424744940795563 ], [ 113.995812620283814, 22.424853719090851 ], [ 113.99561042964082, 22.425055539548641 ], [ 113.995381205018234, 22.425198604404734 ], [ 113.994660373196481, 22.425422145438752 ], [ 113.994065521006348, 22.425519237075996 ], [ 113.993942416614189, 22.425554876359261 ], [ 113.994065521006362, 22.425519237075964 ] ], [ [ 113.996338441298136, 22.42388124088713 ], [ 113.996491909565506, 22.423670641679436 ], [ 113.996338441298136, 22.423881240887145 ], [ 113.99626547401607, 22.424062960273059 ], [ 113.99626547401607, 22.424062960273055 ], [ 113.996338441298136, 22.42388124088713 ] ], [ [ 113.996768277344657, 22.423038629079056 ], [ 113.996972888633735, 22.422952273086192 ], [ 113.996972888633721, 22.422952273086203 ], [ 113.996768277344657, 22.423038629079095 ], [ 113.996554609712291, 22.423323274277685 ], [ 113.996501312533297, 22.42348681757268 ], [ 113.996554609712234, 22.423323274277674 ], [ 113.996768277344657, 22.423038629079056 ] ], [ [ 113.997346664472602, 22.422366161236916 ], [ 113.99744049666009, 22.422363906903385 ], [ 113.997346664472602, 22.422366161236948 ], [ 113.997083877706714, 22.422758178791891 ], [ 113.996998859807789, 22.422906855547787 ], [ 113.997083877706714, 22.42275817879187 ], [ 113.997346664472602, 22.422366161236916 ] ], [ [ 113.997687077267699, 22.422435351088581 ], [ 113.997863219123857, 22.422461870070624 ], [ 113.997979987733444, 22.422443643958214 ], [ 113.997863219123843, 22.422461870070663 ], [ 113.997687077267699, 22.422435351088609 ], [ 113.997578924869202, 22.422380244726675 ], [ 113.997469062406793, 22.422365529789094 ], [ 113.997578924869188, 22.422380244726636 ], [ 113.997687077267699, 22.422435351088581 ] ], [ [ 113.998264785900858, 22.422364036064582 ], [ 113.998379269994288, 22.422389908372462 ], [ 113.998445882170003, 22.422443216430121 ], [ 113.998537710279521, 22.422480749007395 ], [ 113.998654712464401, 22.422504853931748 ], [ 113.998537710279535, 22.422480749007395 ], [ 113.998445882170003, 22.422443216430139 ], [ 113.998379269994288, 22.422389908372484 ], [ 113.998264785900858, 22.422364036064597 ], [ 113.998181077972518, 22.422372134135475 ], [ 113.998007806876359, 22.422435509166014 ], [ 113.998181077972504, 22.422372134135447 ], [ 113.998264785900858, 22.422364036064582 ] ], [ [ 113.998728915150622, 22.42253945915612 ], [ 113.998844542863139, 22.422651320320981 ], [ 113.99892068968191, 22.4226467173945 ], [ 113.999112118285225, 22.422529938640722 ], [ 113.998920689681967, 22.422646717394503 ], [ 113.998844542863139, 22.422651320321023 ], [ 113.998728915150636, 22.422539459156159 ], [ 113.998654712464401, 22.422504853931748 ], [ 113.998728915150622, 22.42253945915612 ] ], [ [ 113.999163165390883, 22.422465065866096 ], [ 113.999244382147083, 22.422430053812231 ], [ 113.999336327103137, 22.422360539130807 ], [ 113.999491218460534, 22.422278812095868 ], [ 113.999968275723191, 22.422186908424724 ], [ 114.000061499234292, 22.422112129973655 ], [ 114.0007782705393, 22.422030428541241 ], [ 114.001086677546269, 22.421954718917618 ], [ 114.001194917837609, 22.421940794279838 ], [ 114.001851164295758, 22.421953209856881 ], [ 114.001991416657219, 22.421913776726946 ], [ 114.001851164295772, 22.421953209856888 ], [ 114.001194917837609, 22.421940794279866 ], [ 114.001086677546283, 22.421954718917643 ], [ 114.000778270539328, 22.422030428541252 ], [ 114.000061499234306, 22.422112129973691 ], [ 113.999968275723205, 22.422186908424756 ], [ 113.999491218460534, 22.422278812095872 ], [ 113.999336327103165, 22.422360539130803 ], [ 113.999244382147083, 22.422430053812249 ], [ 113.999163165390883, 22.422465065866099 ], [ 113.999112118285225, 22.422529938640722 ], [ 113.999163165390883, 22.422465065866096 ] ], [ [ 114.006941424482619, 22.414773768760099 ], [ 114.012166273734067, 22.414690001517801 ], [ 114.006941424482633, 22.414773768760103 ], [ 114.006769084307166, 22.421913806031423 ], [ 114.003150403674582, 22.421883023911406 ], [ 114.00676908430718, 22.421913806031402 ], [ 114.006941424482619, 22.414773768760099 ] ], [ [ 113.971773788915442, 22.425074295985951 ], [ 113.971784046750344, 22.425092065016329 ], [ 113.971773783328359, 22.425074298777712 ], [ 113.971868641288651, 22.424985675553046 ], [ 113.971773788915442, 22.425074295985951 ] ], [ [ 113.972503295457969, 22.415228156681422 ], [ 113.97246416440224, 22.415270934366148 ], [ 113.972464146515179, 22.415270956312312 ], [ 113.972464164213662, 22.415270934236371 ], [ 113.972483756640727, 22.415249516171254 ], [ 113.972503295446884, 22.415228156672672 ], [ 113.972522701791618, 22.415206941886424 ], [ 113.972503295457969, 22.415228156681422 ] ], [ [ 113.97477530221046, 22.396825345968384 ], [ 113.974775301597617, 22.39682534610716 ], [ 113.97475082025025, 22.396731134144712 ], [ 113.97477530221046, 22.396825345968384 ] ], [ [ 114.173422677165419, 22.415720142316864 ], [ 114.173422677165419, 22.415720142316868 ], [ 114.17340842176209, 22.412836679792719 ], [ 114.171354118029655, 22.412881094754802 ], [ 114.173408421762105, 22.412836679792711 ], [ 114.173422677165419, 22.415720142316864 ] ], [ [ 114.18524293302788, 22.418346910052179 ], [ 114.185242933027808, 22.418346910052179 ], [ 114.185126188586338, 22.415628252165575 ], [ 114.185126188586352, 22.415628252165575 ], [ 114.18524293302788, 22.418346910052179 ] ], [ [ 114.199203273739442, 22.421639376897932 ], [ 114.198817765860426, 22.419422915754332 ], [ 114.198697458126119, 22.418731179038918 ], [ 114.198817765860454, 22.419422915754325 ], [ 114.199203273739442, 22.421639376897932 ] ], [ [ 114.207718436139601, 22.426715883268709 ], [ 114.213948896950285, 22.430857193748789 ], [ 114.207718436139615, 22.426715883268724 ], [ 114.207535247969474, 22.426569958626885 ], [ 114.207505661024015, 22.426538205863348 ], [ 114.206889332419905, 22.425876756339136 ], [ 114.207535247969446, 22.426569958626853 ], [ 114.207718436139601, 22.426715883268709 ] ], [ [ 114.195010432092786, 22.396431087650537 ], [ 114.195136839592848, 22.396310760062136 ], [ 114.195667162431008, 22.395805974859073 ], [ 114.195136841049532, 22.396310760197416 ], [ 114.195010432092786, 22.396431087650537 ] ], [ [ 114.177774578483096, 22.372681923117881 ], [ 114.177774578061431, 22.372681923638584 ], [ 114.177773576626834, 22.372681228180284 ], [ 114.177774578483096, 22.372681923117881 ] ], [ [ 114.203837721627011, 22.390009422561274 ], [ 114.204121785175488, 22.389532033350026 ], [ 114.204059824556523, 22.389636163068165 ], [ 114.203837721627011, 22.390009422561274 ] ], [ [ 114.210701439029705, 22.384447132916304 ], [ 114.210701439060401, 22.384447132893175 ], [ 114.210800501440943, 22.385033017421343 ], [ 114.210701439090542, 22.384447133480705 ], [ 114.209618419714204, 22.385773176967032 ], [ 114.210701439029705, 22.384447132916304 ] ], [ [ 114.016203791787575, 22.443816409698208 ], [ 114.016231341791169, 22.443820506164379 ], [ 114.016397306366272, 22.443845179720043 ], [ 114.016241218985385, 22.443821974757824 ], [ 114.016231341781065, 22.443820506223052 ], [ 114.016203791787575, 22.443816409698208 ] ], [ [ 114.06557936276171, 22.463810861332018 ], [ 114.065505790696037, 22.463765965827214 ], [ 114.065443695573023, 22.463729439735125 ], [ 114.065505790642916, 22.463765965777789 ], [ 114.06557936276171, 22.463810861332018 ] ], [ [ 114.071159037026248, 22.463223409749581 ], [ 114.071086625446895, 22.463234083755911 ], [ 114.070972470494794, 22.46325091101242 ], [ 114.071159036754139, 22.463223409496276 ], [ 114.071220112874855, 22.463213948554326 ], [ 114.071267645317576, 22.46320658536176 ], [ 114.071220208111015, 22.463213933913519 ], [ 114.071220112895148, 22.463213948667342 ], [ 114.071159037026248, 22.463223409749581 ] ], [ [ 114.071596934591625, 22.463068291202379 ], [ 114.071620019858983, 22.463055139677412 ], [ 114.071596934591469, 22.463068291433473 ], [ 114.071555625847523, 22.463091087409428 ], [ 114.071552330556358, 22.463092905898076 ], [ 114.071596934591625, 22.463068291202379 ] ], [ [ 114.07786810733333, 22.461648813046995 ], [ 114.077736330337757, 22.461681430495066 ], [ 114.077866564962122, 22.461649065023146 ], [ 114.07786810733333, 22.461648813046995 ] ], [ [ 114.078453022081092, 22.45988775802827 ], [ 114.078466100761446, 22.459845946992356 ], [ 114.078466254496504, 22.459845599465154 ], [ 114.078453176318263, 22.459887758122335 ], [ 114.078437937094463, 22.45996535632948 ], [ 114.078453022081092, 22.45988775802827 ] ], [ [ 114.078513665544861, 22.459670233011291 ], [ 114.078514030146707, 22.459702572101193 ], [ 114.078487052100613, 22.459798585234765 ], [ 114.078513875909692, 22.459702572007203 ], [ 114.078513665544861, 22.459670233011291 ] ], [ [ 114.15991996850461, 22.454759502503286 ], [ 114.159845883241232, 22.454804791748874 ], [ 114.159826820356869, 22.454816447717313 ], [ 114.159845883285882, 22.454804791586135 ], [ 114.15991996850461, 22.454759502503286 ] ], [ [ 114.112927126763452, 22.482234376281262 ], [ 114.112915836093293, 22.482185001655569 ], [ 114.112863946620735, 22.482064254339225 ], [ 114.112915837307767, 22.482185002107595 ], [ 114.112927126763452, 22.482234376281262 ] ], [ [ 114.140702708338978, 22.498350254669464 ], [ 114.140712879719331, 22.498319634218173 ], [ 114.140868396699446, 22.497856608124199 ], [ 114.140712879719288, 22.498319634274626 ], [ 114.140702708338978, 22.498350254669464 ] ], [ [ 114.140304593493454, 22.499844351491006 ], [ 114.13993234161525, 22.501413865309676 ], [ 114.140304590866847, 22.499844351057519 ], [ 114.140304593493454, 22.499844351491006 ] ] ], [ [ [ 114.039688998920255, 22.443948520111878 ], [ 114.039575736443268, 22.444363938777226 ], [ 114.039572967743297, 22.44436397254481 ], [ 114.036230992119656, 22.444403232307696 ], [ 114.039572967738835, 22.444363977060021 ], [ 114.039575736512973, 22.4443639438981 ], [ 114.039688998920255, 22.443948520111878 ] ] ] ] } }
]
}
