{"type":"FeatureCollection","features":[{"type":"Feature","properties":{"h3":"8841034805fffff","estacion_meteorologica":0,"hospital_urgencias":0,"parada_transporte":1,"rutas_servidas":1,"codigo":"D","nivel_cobertura":"baja"},"geometry":{"type":"Polygon","coordinates":[[[114.200433,22.209233],[114.201091,22.213954],[114.197088,22.217119],[114.192426,22.215565],[114.191768,22.210844],[114.195772,22.207678],[114.200433,22.209233]]]}},{"type":"Feature","properties":{"h3":"8841034825fffff","estacion_meteorologica":0,"hospital_urgencias":0,"parada_transporte":2,"rutas_servidas":11,"codigo":"D","nivel_cobertura":"baja"},"geometry":{"type":"Polygon","coordinates":[[[114.207728,22.229667],[114.208386,22.234386],[114.204383,22.237552],[114.199721,22.235999],[114.199063,22.231279],[114.203066,22.228113],[114.207728,22.229667]]]}},{"type":"Feature","properties":{"h3":"8841034827fffff","estacion_meteorologica":0,"hospital_urgencias":0,"parada_transporte":9,"rutas_servidas":45,"codigo":"D","nivel_cobertura":"alta"},"geometry":{"type":"Polygon","coordinates":[[[114.199063,22.231279],[114.199721,22.235999],[114.195718,22.239165],[114.191056,22.237611],[114.190397,22.232891],[114.194401,22.229725],[114.199063,22.231279]]]}},{"type":"Feature","properties":{"h3":"8841034829fffff","estacion_meteorologica":0,"hospital_urgencias":0,"parada_transporte":18,"rutas_servidas":64,"codigo":"D","nivel_cobertura":"alta"},"geometry":{"type":"Polygon","coordinates":[[[114.205753,22.215508],[114.206411,22.220228],[114.202408,22.223394],[114.197746,22.221839],[114.197088,22.217119],[114.201091,22.213954],[114.205753,22.215508]]]}},{"type":"Feature","properties":{"h3":"884103482dfffff","estacion_meteorologica":0,"hospital_urgencias":0,"parada_transporte":22,"rutas_servidas":90,"codigo":"D","nivel_cobertura":"alta"},"geometry":{"type":"Polygon","coordinates":[[[114.211072,22.221782],[114.211731,22.226501],[114.207728,22.229667],[114.203066,22.228113],[114.202408,22.223394],[114.206411,22.220228],[114.211072,22.221782]]]}},{"type":"Feature","properties":{"h3":"8841034845fffff","estacion_meteorologica":1,"hospital_urgencias":0,"parada_transporte":0,"rutas_servidas":0,"codigo":"D","nivel_cobertura":"baja"},"geometry":{"type":"Polygon","coordinates":[[[114.215785,22.191849],[114.216443,22.196569],[114.212441,22.199735],[114.207781,22.198181],[114.207122,22.19346],[114.211125,22.190294],[114.215785,22.191849]]]}},{"type":"Feature","properties":{"h3":"8841034861fffff","estacion_meteorologica":0,"hospital_urgencias":0,"parada_transporte":4,"rutas_servidas":9,"codigo":"D","nivel_cobertura":"media"},"geometry":{"type":"Polygon","coordinates":[[[114.21776,22.20601],[114.218419,22.21073],[114.214416,22.213896],[114.209756,22.212342],[114.209097,22.207622],[114.2131,22.204456],[114.21776,22.20601]]]}},{"type":"Feature","properties":{"h3":"8841034865fffff","estacion_meteorologica":1,"hospital_urgencias":0,"parada_transporte":8,"rutas_servidas":31,"codigo":"D","nivel_cobertura":"alta"},"geometry":{"type":"Polygon","coordinates":[[[114.223079,22.212284],[114.223738,22.217003],[114.219736,22.220169],[114.215075,22.218616],[114.214416,22.213896],[114.218419,22.21073],[114.223079,22.212284]]]}},{"type":"Feature","properties":{"h3":"8841034867fffff","estacion_meteorologica":0,"hospital_urgencias":0,"parada_transporte":18,"rutas_servidas":78,"codigo":"D","nivel_cobertura":"alta"},"geometry":{"type":"Polygon","coordinates":[[[114.214416,22.213896],[114.215075,22.218616],[114.211072,22.221782],[114.206411,22.220228],[114.205753,22.215508],[114.209756,22.212342],[114.214416,22.213896]]]}},{"type":"Feature","properties":{"h3":"8841034889fffff","estacion_meteorologica":0,"hospital_urgencias":0,"parada_transporte":1,"rutas_servidas":1,"codigo":"T","nivel_cobertura":"baja"},"geometry":{"type":"Polygon","coordinates":[[[114.137787,22.206338],[114.138445,22.21106],[114.134438,22.214225],[114.129774,22.212668],[114.129116,22.207946],[114.133123,22.204781],[114.137787,22.206338]]]}},{"type":"Feature","properties":{"h3":"88410348a5fffff","estacion_meteorologica":0,"hospital_urgencias":0,"parada_transporte":5,"rutas_servidas":45,"codigo":"D","nivel_cobertura":"media"},"geometry":{"type":"Polygon","coordinates":[[[114.147056,22.240945],[114.147713,22.245666],[114.143707,22.248831],[114.139042,22.247276],[114.138385,22.242555],[114.142391,22.239389],[114.147056,22.240945]]]}},{"type":"Feature","properties":{"h3":"88410348bbfffff","estacion_meteorologica":1,"hospital_urgencias":0,"parada_transporte":1,"rutas_servidas":1,"codigo":"T","nivel_cobertura":"baja"},"geometry":{"type":"Polygon","coordinates":[[[114.113744,22.225329],[114.114402,22.230051],[114.110394,22.233217],[114.105728,22.231659],[114.10507,22.226937],[114.109079,22.223772],[114.113744,22.225329]]]}},{"type":"Feature","properties":{"h3":"8841034905fffff","estacion_meteorologica":0,"hospital_urgencias":0,"parada_transporte":7,"rutas_servidas":15,"codigo":"C","nivel_cobertura":"media"},"geometry":{"type":"Polygon","coordinates":[[[114.237669,22.253139],[114.238328,22.257856],[114.234326,22.261022],[114.229665,22.259471],[114.229006,22.254753],[114.233008,22.251587],[114.237669,22.253139]]]}},{"type":"Feature","properties":{"h3":"8841034907fffff","estacion_meteorologica":0,"hospital_urgencias":0,"parada_transporte":5,"rutas_servidas":12,"codigo":"D","nivel_cobertura":"media"},"geometry":{"type":"Polygon","coordinates":[[[114.229006,22.254753],[114.229665,22.259471],[114.225663,22.262636],[114.221002,22.261085],[114.220343,22.256367],[114.224345,22.253201],[114.229006,22.254753]]]}},{"type":"Feature","properties":{"h3":"8841034909fffff","estacion_meteorologica":0,"hospital_urgencias":0,"parada_transporte":1,"rutas_servidas":1,"codigo":"D","nivel_cobertura":"baja"},"geometry":{"type":"Polygon","coordinates":[[[114.235693,22.238985],[114.236352,22.243703],[114.23235,22.246869],[114.227689,22.245317],[114.227031,22.240598],[114.231033,22.237432],[114.235693,22.238985]]]}},{"type":"Feature","properties":{"h3":"884103490bfffff","estacion_meteorologica":0,"hospital_urgencias":0,"parada_transporte":8,"rutas_servidas":16,"codigo":"D","nivel_cobertura":"alta"},"geometry":{"type":"Polygon","coordinates":[[[114.227031,22.240598],[114.227689,22.245317],[114.223687,22.248483],[114.219026,22.24693],[114.218367,22.242212],[114.22237,22.239046],[114.227031,22.240598]]]}},{"type":"Feature","properties":{"h3":"884103491bfffff","estacion_meteorologica":0,"hospital_urgencias":0,"parada_transporte":6,"rutas_servidas":31,"codigo":"D","nivel_cobertura":"media"},"geometry":{"type":"Polygon","coordinates":[[[114.204383,22.237552],[114.205042,22.242271],[114.201038,22.245437],[114.196376,22.243884],[114.195718,22.239165],[114.199721,22.235999],[114.204383,22.237552]]]}},{"type":"Feature","properties":{"h3":"8841034921fffff","estacion_meteorologica":0,"hospital_urgencias":1,"parada_transporte":58,"rutas_servidas":320,"codigo":"C","nivel_cobertura":"muy_alta"},"geometry":{"type":"Polygon","coordinates":[[[114.239645,22.267291],[114.240304,22.272008],[114.236302,22.275174],[114.231641,22.273623],[114.230982,22.268906],[114.234985,22.26574],[114.239645,22.267291]]]}},{"type":"Feature","properties":{"h3":"8841034923fffff","estacion_meteorologica":0,"hospital_urgencias":0,"parada_transporte":10,"rutas_servidas":20,"codigo":"C","nivel_cobertura":"alta"},"geometry":{"type":"Polygon","coordinates":[[[114.230982,22.268906],[114.231641,22.273623],[114.227639,22.276789],[114.222977,22.275237],[114.222319,22.27052],[114.226321,22.267354],[114.230982,22.268906]]]}},{"type":"Feature","properties":{"h3":"8841034925fffff","estacion_meteorologica":0,"hospital_urgencias":0,"parada_transporte":12,"rutas_servidas":22,"codigo":"C","nivel_cobertura":"alta"},"geometry":{"type":"Polygon","coordinates":[[[114.244965,22.273558],[114.245623,22.278275],[114.241622,22.281441],[114.236961,22.279891],[114.236302,22.275174],[114.240304,22.272008],[114.244965,22.273558]]]}},{"type":"Feature","properties":{"h3":"8841034927fffff","estacion_meteorologica":0,"hospital_urgencias":0,"parada_transporte":46,"rutas_servidas":160,"codigo":"C","nivel_cobertura":"muy_alta"},"geometry":{"type":"Polygon","coordinates":[[[114.236302,22.275174],[114.236961,22.279891],[114.232959,22.283056],[114.228297,22.281506],[114.227639,22.276789],[114.231641,22.273623],[114.236302,22.275174]]]}},{"type":"Feature","properties":{"h3":"8841034929fffff","estacion_meteorologica":0,"hospital_urgencias":0,"parada_transporte":60,"rutas_servidas":323,"codigo":"C","nivel_cobertura":"muy_alta"},"geometry":{"type":"Polygon","coordinates":[[[114.242988,22.259407],[114.243647,22.264125],[114.239645,22.267291],[114.234985,22.26574],[114.234326,22.261022],[114.238328,22.257856],[114.242988,22.259407]]]}},{"type":"Feature","properties":{"h3":"884103492bfffff","estacion_meteorologica":0,"hospital_urgencias":0,"parada_transporte":38,"rutas_servidas":178,"codigo":"C","nivel_cobertura":"muy_alta"},"geometry":{"type":"Polygon","coordinates":[[[114.234326,22.261022],[114.234985,22.26574],[114.230982,22.268906],[114.226321,22.267354],[114.225663,22.262636],[114.229665,22.259471],[114.234326,22.261022]]]}},{"type":"Feature","properties":{"h3":"884103492dfffff","estacion_meteorologica":0,"hospital_urgencias":0,"parada_transporte":40,"rutas_servidas":169,"codigo":"C","nivel_cobertura":"muy_alta"},"geometry":{"type":"Polygon","coordinates":[[[114.248307,22.265676],[114.248966,22.270392],[114.244965,22.273558],[114.240304,22.272008],[114.239645,22.267291],[114.243647,22.264125],[114.248307,22.265676]]]}},{"type":"Feature","properties":{"h3":"884103493dfffff","estacion_meteorologica":0,"hospital_urgencias":0,"parada_transporte":1,"rutas_servidas":2,"codigo":"C","nivel_cobertura":"baja"},"geometry":{"type":"Polygon","coordinates":[[[114.225663,22.262636],[114.226321,22.267354],[114.222319,22.27052],[114.217657,22.268968],[114.216999,22.264251],[114.221002,22.261085],[114.225663,22.262636]]]}},{"type":"Feature","properties":{"h3":"8841034941fffff","estacion_meteorologica":0,"hospital_urgencias":0,"parada_transporte":4,"rutas_servidas":4,"codigo":"D","nivel_cobertura":"media"},"geometry":{"type":"Polygon","coordinates":[[[114.247697,22.229486],[114.248355,22.234204],[114.244354,22.237371],[114.239694,22.235818],[114.239036,22.2311],[114.243037,22.227934],[114.247697,22.229486]]]}},{"type":"Feature","properties":{"h3":"8841034943fffff","estacion_meteorologica":0,"hospital_urgencias":0,"parada_transporte":1,"rutas_servidas":1,"codigo":"D","nivel_cobertura":"baja"},"geometry":{"type":"Polygon","coordinates":[[[114.239036,22.2311],[114.239694,22.235818],[114.235693,22.238985],[114.231033,22.237432],[114.230374,22.232714],[114.234376,22.229548],[114.239036,22.2311]]]}},{"type":"Feature","properties":{"h3":"8841034945fffff","estacion_meteorologica":0,"hospital_urgencias":0,"parada_transporte":4,"rutas_servidas":4,"codigo":"D","nivel_cobertura":"media"},"geometry":{"type":"Polygon","coordinates":[[[114.253015,22.235756],[114.253674,22.240474],[114.249673,22.24364],[114.245013,22.242089],[114.244354,22.237371],[114.248355,22.234204],[114.253015,22.235756]]]}},{"type":"Feature","properties":{"h3":"8841034947fffff","estacion_meteorologica":0,"hospital_urgencias":0,"parada_transporte":2,"rutas_servidas":3,"codigo":"D","nivel_cobertura":"baja"},"geometry":{"type":"Polygon","coordinates":[[[114.244354,22.237371],[114.245013,22.242089],[114.241012,22.245255],[114.236352,22.243703],[114.235693,22.238985],[114.239694,22.235818],[114.244354,22.237371]]]}},{"type":"Feature","properties":{"h3":"884103494bfffff","estacion_meteorologica":0,"hospital_urgencias":0,"parada_transporte":4,"rutas_servidas":5,"codigo":"D","nivel_cobertura":"media"},"geometry":{"type":"Polygon","coordinates":[[[114.242378,22.223215],[114.243037,22.227934],[114.239036,22.2311],[114.234376,22.229548],[114.233717,22.224829],[114.237718,22.221663],[114.242378,22.223215]]]}},{"type":"Feature","properties":{"h3":"884103494dfffff","estacion_meteorologica":0,"hospital_urgencias":0,"parada_transporte":1,"rutas_servidas":2,"codigo":"D","nivel_cobertura":"baja"},"geometry":{"type":"Polygon","coordinates":[[[114.256357,22.227872],[114.257015,22.23259],[114.253015,22.235756],[114.248355,22.234204],[114.247697,22.229486],[114.251697,22.22632],[114.256357,22.227872]]]}},{"type":"Feature","properties":{"h3":"8841034951fffff","estacion_meteorologica":0,"hospital_urgencias":0,"parada_transporte":4,"rutas_servidas":8,"codigo":"D","nivel_cobertura":"media"},"geometry":{"type":"Polygon","coordinates":[[[114.225055,22.226442],[114.225713,22.231161],[114.221711,22.234327],[114.21705,22.232774],[114.216392,22.228055],[114.220394,22.224889],[114.225055,22.226442]]]}},{"type":"Feature","properties":{"h3":"8841034955fffff","estacion_meteorologica":0,"hospital_urgencias":0,"parada_transporte":4,"rutas_servidas":8,"codigo":"D","nivel_cobertura":"media"},"geometry":{"type":"Polygon","coordinates":[[[114.230374,22.232714],[114.231033,22.237432],[114.227031,22.240598],[114.22237,22.239046],[114.221711,22.234327],[114.225713,22.231161],[114.230374,22.232714]]]}},{"type":"Feature","properties":{"h3":"8841034957fffff","estacion_meteorologica":0,"hospital_urgencias":0,"parada_transporte":1,"rutas_servidas":1,"codigo":"D","nivel_cobertura":"baja"},"geometry":{"type":"Polygon","coordinates":[[[114.221711,22.234327],[114.22237,22.239046],[114.218367,22.242212],[114.213706,22.240659],[114.213048,22.23594],[114.21705,22.232774],[114.221711,22.234327]]]}},{"type":"Feature","properties":{"h3":"884103495bfffff","estacion_meteorologica":0,"hospital_urgencias":0,"parada_transporte":10,"rutas_servidas":29,"codigo":"D","nivel_cobertura":"alta"},"geometry":{"type":"Polygon","coordinates":[[[114.219736,22.220169],[114.220394,22.224889],[114.216392,22.228055],[114.211731,22.226501],[114.211072,22.221782],[114.215075,22.218616],[114.219736,22.220169]]]}},{"type":"Feature","properties":{"h3":"8841034961fffff","estacion_meteorologica":0,"hospital_urgencias":0,"parada_transporte":1,"rutas_servidas":1,"codigo":"C","nivel_cobertura":"baja"},"geometry":{"type":"Polygon","coordinates":[[[114.254992,22.249909],[114.25565,22.254626],[114.25165,22.257792],[114.24699,22.256241],[114.246331,22.251524],[114.250332,22.248358],[114.254992,22.249909]]]}},{"type":"Feature","properties":{"h3":"8841034967fffff","estacion_meteorologica":0,"hospital_urgencias":0,"parada_transporte":33,"rutas_servidas":194,"codigo":"C","nivel_cobertura":"muy_alta"},"geometry":{"type":"Polygon","coordinates":[[[114.25165,22.257792],[114.252308,22.262509],[114.248307,22.265676],[114.243647,22.264125],[114.242988,22.259407],[114.24699,22.256241],[114.25165,22.257792]]]}},{"type":"Feature","properties":{"h3":"884103496bfffff","estacion_meteorologica":0,"hospital_urgencias":0,"parada_transporte":1,"rutas_servidas":1,"codigo":"D","nivel_cobertura":"baja"},"geometry":{"type":"Polygon","coordinates":[[[114.249673,22.24364],[114.250332,22.248358],[114.246331,22.251524],[114.241671,22.249972],[114.241012,22.245255],[114.245013,22.242089],[114.249673,22.24364]]]}},{"type":"Feature","properties":{"h3":"8841034983fffff","estacion_meteorologica":1,"hospital_urgencias":0,"parada_transporte":2,"rutas_servidas":3,"codigo":"A","nivel_cobertura":"baja"},"geometry":{"type":"Polygon","coordinates":[[[114.163021,22.25977],[114.16368,22.264489],[114.159674,22.267655],[114.155009,22.266101],[114.154351,22.261381],[114.158358,22.258216],[114.163021,22.25977]]]}},{"type":"Feature","properties":{"h3":"8841034985fffff","estacion_meteorologica":0,"hospital_urgencias":0,"parada_transporte":8,"rutas_servidas":11,"codigo":"B","nivel_cobertura":"alta"},"geometry":{"type":"Polygon","coordinates":[[[114.177012,22.264431],[114.17767,22.26915],[114.173665,22.272316],[114.169001,22.270762],[114.168343,22.266043],[114.172349,22.262878],[114.177012,22.264431]]]}},{"type":"Feature","properties":{"h3":"8841034987fffff","estacion_meteorologica":0,"hospital_urgencias":0,"parada_transporte":10,"rutas_servidas":12,"codigo":"A","nivel_cobertura":"alta"},"geometry":{"type":"Polygon","coordinates":[[[114.168343,22.266043],[114.169001,22.270762],[114.164996,22.273928],[114.160332,22.272374],[114.159674,22.267655],[114.16368,22.264489],[114.168343,22.266043]]]}},{"type":"Feature","properties":{"h3":"8841034989fffff","estacion_meteorologica":0,"hospital_urgencias":0,"parada_transporte":13,"rutas_servidas":87,"codigo":"D","nivel_cobertura":"alta"},"geometry":{"type":"Polygon","coordinates":[[[114.175038,22.250273],[114.175696,22.254993],[114.171691,22.258158],[114.167027,22.256604],[114.166369,22.251885],[114.170374,22.248719],[114.175038,22.250273]]]}},{"type":"Feature","properties":{"h3":"8841034993fffff","estacion_meteorologica":0,"hospital_urgencias":0,"parada_transporte":42,"rutas_servidas":252,"codigo":"D","nivel_cobertura":"muy_alta"},"geometry":{"type":"Polygon","coordinates":[[[114.140358,22.256717],[114.141016,22.261437],[114.137009,22.264602],[114.132343,22.263047],[114.131686,22.258327],[114.135693,22.255162],[114.140358,22.256717]]]}},{"type":"Feature","properties":{"h3":"8841034995fffff","estacion_meteorologica":0,"hospital_urgencias":0,"parada_transporte":5,"rutas_servidas":7,"codigo":"A","nivel_cobertura":"media"},"geometry":{"type":"Polygon","coordinates":[[[114.154351,22.261381],[114.155009,22.266101],[114.151003,22.269266],[114.146338,22.267712],[114.14568,22.262992],[114.149687,22.259826],[114.154351,22.261381]]]}},{"type":"Feature","properties":{"h3":"8841034999fffff","estacion_meteorologica":0,"hospital_urgencias":0,"parada_transporte":38,"rutas_servidas":231,"codigo":"D","nivel_cobertura":"muy_alta"},"geometry":{"type":"Polygon","coordinates":[[[114.152378,22.247221],[114.153036,22.251941],[114.149029,22.255106],[114.144365,22.253551],[114.143707,22.248831],[114.147713,22.245666],[114.152378,22.247221]]]}},{"type":"Feature","properties":{"h3":"884103499bfffff","estacion_meteorologica":0,"hospital_urgencias":0,"parada_transporte":56,"rutas_servidas":318,"codigo":"D","nivel_cobertura":"muy_alta"},"geometry":{"type":"Polygon","coordinates":[[[114.143707,22.248831],[114.144365,22.253551],[114.140358,22.256717],[114.135693,22.255162],[114.135035,22.250441],[114.139042,22.247276],[114.143707,22.248831]]]}},{"type":"Feature","properties":{"h3":"88410349a1fffff","estacion_meteorologica":0,"hospital_urgencias":0,"parada_transporte":91,"rutas_servidas":518,"codigo":"B","nivel_cobertura":"muy_alta"},"geometry":{"type":"Polygon","coordinates":[[[114.178987,22.278587],[114.179645,22.283306],[114.17564,22.286471],[114.170976,22.284918],[114.170318,22.2802],[114.174323,22.277034],[114.178987,22.278587]]]}},{"type":"Feature","properties":{"h3":"88410349a3fffff","estacion_meteorologica":0,"hospital_urgencias":0,"parada_transporte":12,"rutas_servidas":78,"codigo":"A","nivel_cobertura":"alta"},"geometry":{"type":"Polygon","coordinates":[[[114.170318,22.2802],[114.170976,22.284918],[114.16697,22.288084],[114.162306,22.286531],[114.161648,22.281812],[114.165654,22.278647],[114.170318,22.2802]]]}},{"type":"Feature","properties":{"h3":"88410349a7fffff","estacion_meteorologica":1,"hospital_urgencias":0,"parada_transporte":0,"rutas_servidas":0,"codigo":"E","nivel_cobertura":"baja"},"geometry":{"type":"Polygon","coordinates":[[[114.17564,22.286471],[114.176298,22.291189],[114.172292,22.294355],[114.167628,22.292802],[114.16697,22.288084],[114.170976,22.284918],[114.17564,22.286471]]]}},{"type":"Feature","properties":{"h3":"88410349a9fffff","estacion_meteorologica":0,"hospital_urgencias":0,"parada_transporte":73,"rutas_servidas":322,"codigo":"B","nivel_cobertura":"muy_alta"},"geometry":{"type":"Polygon","coordinates":[[[114.182334,22.270703],[114.182992,22.275422],[114.178987,22.278587],[114.174323,22.277034],[114.173665,22.272316],[114.17767,22.26915],[114.182334,22.270703]]]}},{"type":"Feature","properties":{"h3":"88410349abfffff","estacion_meteorologica":0,"hospital_urgencias":1,"parada_transporte":102,"rutas_servidas":529,"codigo":"B","nivel_cobertura":"muy_alta"},"geometry":{"type":"Polygon","coordinates":[[[114.173665,22.272316],[114.174323,22.277034],[114.170318,22.2802],[114.165654,22.278647],[114.164996,22.273928],[114.169001,22.270762],[114.173665,22.272316]]]}},{"type":"Feature","properties":{"h3":"88410349adfffff","estacion_meteorologica":0,"hospital_urgencias":0,"parada_transporte":131,"rutas_servidas":729,"codigo":"B","nivel_cobertura":"muy_alta"},"geometry":{"type":"Polygon","coordinates":[[[114.187655,22.276975],[114.188313,22.281693],[114.184308,22.284858],[114.179645,22.283306],[114.178987,22.278587],[114.182992,22.275422],[114.187655,22.276975]]]}},{"type":"Feature","properties":{"h3":"88410349b1fffff","estacion_meteorologica":0,"hospital_urgencias":0,"parada_transporte":53,"rutas_servidas":151,"codigo":"A","nivel_cobertura":"muy_alta"},"geometry":{"type":"Polygon","coordinates":[[[114.156325,22.275539],[114.156983,22.280259],[114.152977,22.283424],[114.148312,22.28187],[114.147654,22.277151],[114.151661,22.273986],[114.156325,22.275539]]]}},{"type":"Feature","properties":{"h3":"88410349b3fffff","estacion_meteorologica":0,"hospital_urgencias":0,"parada_transporte":38,"rutas_servidas":113,"codigo":"A","nivel_cobertura":"muy_alta"},"geometry":{"type":"Polygon","coordinates":[[[114.147654,22.277151],[114.148312,22.28187],[114.144305,22.285035],[114.13964,22.283481],[114.138982,22.278762],[114.142989,22.275597],[114.147654,22.277151]]]}},{"type":"Feature","properties":{"h3":"88410349b5fffff","estacion_meteorologica":0,"hospital_urgencias":0,"parada_transporte":159,"rutas_servidas":1060,"codigo":"A","nivel_cobertura":"muy_alta"},"geometry":{"type":"Polygon","coordinates":[[[114.161648,22.281812],[114.162306,22.286531],[114.158299,22.289696],[114.153635,22.288143],[114.152977,22.283424],[114.156983,22.280259],[114.161648,22.281812]]]}},{"type":"Feature","properties":{"h3":"88410349b7fffff","estacion_meteorologica":0,"hospital_urgencias":0,"parada_transporte":89,"rutas_servidas":461,"codigo":"A","nivel_cobertura":"muy_alta"},"geometry":{"type":"Polygon","coordinates":[[[114.152977,22.283424],[114.153635,22.288143],[114.149628,22.291308],[114.144963,22.289754],[114.144305,22.285035],[114.148312,22.28187],[114.152977,22.283424]]]}},{"type":"Feature","properties":{"h3":"88410349b9fffff","estacion_meteorologica":0,"hospital_urgencias":0,"parada_transporte":2,"rutas_servidas":2,"codigo":"A","nivel_cobertura":"baja"},"geometry":{"type":"Polygon","coordinates":[[[114.159674,22.267655],[114.160332,22.272374],[114.156325,22.275539],[114.151661,22.273986],[114.151003,22.269266],[114.155009,22.266101],[114.159674,22.267655]]]}},{"type":"Feature","properties":{"h3":"88410349bbfffff","estacion_meteorologica":0,"hospital_urgencias":0,"parada_transporte":2,"rutas_servidas":4,"codigo":"A","nivel_cobertura":"baja"},"geometry":{"type":"Polygon","coordinates":[[[114.151003,22.269266],[114.151661,22.273986],[114.147654,22.277151],[114.142989,22.275597],[114.142331,22.270877],[114.146338,22.267712],[114.151003,22.269266]]]}},{"type":"Feature","properties":{"h3":"88410349bdfffff","estacion_meteorologica":1,"hospital_urgencias":0,"parada_transporte":100,"rutas_servidas":609,"codigo":"A","nivel_cobertura":"muy_alta"},"geometry":{"type":"Polygon","coordinates":[[[114.164996,22.273928],[114.165654,22.278647],[114.161648,22.281812],[114.156983,22.280259],[114.156325,22.275539],[114.160332,22.272374],[114.164996,22.273928]]]}},{"type":"Feature","properties":{"h3":"88410349c1fffff","estacion_meteorologica":0,"hospital_urgencias":0,"parada_transporte":4,"rutas_servidas":13,"codigo":"D","nivel_cobertura":"media"},"geometry":{"type":"Polygon","coordinates":[[[114.187052,22.240776],[114.18771,22.245496],[114.183705,22.248662],[114.179043,22.247108],[114.178384,22.242388],[114.182389,22.239222],[114.187052,22.240776]]]}},{"type":"Feature","properties":{"h3":"88410349c3fffff","estacion_meteorologica":1,"hospital_urgencias":0,"parada_transporte":19,"rutas_servidas":93,"codigo":"D","nivel_cobertura":"alta"},"geometry":{"type":"Polygon","coordinates":[[[114.178384,22.242388],[114.179043,22.247108],[114.175038,22.250273],[114.170374,22.248719],[114.169716,22.243999],[114.173721,22.240834],[114.178384,22.242388]]]}},{"type":"Feature","properties":{"h3":"88410349c5fffff","estacion_meteorologica":0,"hospital_urgencias":0,"parada_transporte":4,"rutas_servidas":7,"codigo":"D","nivel_cobertura":"media"},"geometry":{"type":"Polygon","coordinates":[[[114.192372,22.24705],[114.19303,22.251769],[114.189026,22.254934],[114.184364,22.253381],[114.183705,22.248662],[114.18771,22.245496],[114.192372,22.24705]]]}},{"type":"Feature","properties":{"h3":"88410349c7fffff","estacion_meteorologica":0,"hospital_urgencias":0,"parada_transporte":14,"rutas_servidas":135,"codigo":"D","nivel_cobertura":"alta"},"geometry":{"type":"Polygon","coordinates":[[[114.183705,22.248662],[114.184364,22.253381],[114.180359,22.256547],[114.175696,22.254993],[114.175038,22.250273],[114.179043,22.247108],[114.183705,22.248662]]]}},{"type":"Feature","properties":{"h3":"88410349c9fffff","estacion_meteorologica":0,"hospital_urgencias":0,"parada_transporte":9,"rutas_servidas":37,"codigo":"D","nivel_cobertura":"alta"},"geometry":{"type":"Polygon","coordinates":[[[114.190397,22.232891],[114.191056,22.237611],[114.187052,22.240776],[114.182389,22.239222],[114.181731,22.234502],[114.185735,22.231337],[114.190397,22.232891]]]}},{"type":"Feature","properties":{"h3":"88410349cdfffff","estacion_meteorologica":0,"hospital_urgencias":0,"parada_transporte":9,"rutas_servidas":32,"codigo":"D","nivel_cobertura":"alta"},"geometry":{"type":"Polygon","coordinates":[[[114.195718,22.239165],[114.196376,22.243884],[114.192372,22.24705],[114.18771,22.245496],[114.187052,22.240776],[114.191056,22.237611],[114.195718,22.239165]]]}},{"type":"Feature","properties":{"h3":"88410349d1fffff","estacion_meteorologica":0,"hospital_urgencias":0,"parada_transporte":16,"rutas_servidas":97,"codigo":"D","nivel_cobertura":"alta"},"geometry":{"type":"Polygon","coordinates":[[[114.164395,22.237724],[114.165053,22.242445],[114.161047,22.24561],[114.156384,22.244055],[114.155726,22.239335],[114.159731,22.236169],[114.164395,22.237724]]]}},{"type":"Feature","properties":{"h3":"88410349d3fffff","estacion_meteorologica":0,"hospital_urgencias":0,"parada_transporte":55,"rutas_servidas":225,"codigo":"D","nivel_cobertura":"muy_alta"},"geometry":{"type":"Polygon","coordinates":[[[114.155726,22.239335],[114.156384,22.244055],[114.152378,22.247221],[114.147713,22.245666],[114.147056,22.240945],[114.151062,22.237779],[114.155726,22.239335]]]}},{"type":"Feature","properties":{"h3":"88410349d5fffff","estacion_meteorologica":0,"hospital_urgencias":0,"parada_transporte":46,"rutas_servidas":322,"codigo":"D","nivel_cobertura":"muy_alta"},"geometry":{"type":"Polygon","coordinates":[[[114.169716,22.243999],[114.170374,22.248719],[114.166369,22.251885],[114.161705,22.25033],[114.161047,22.24561],[114.165053,22.242445],[114.169716,22.243999]]]}},{"type":"Feature","properties":{"h3":"88410349d7fffff","estacion_meteorologica":0,"hospital_urgencias":0,"parada_transporte":61,"rutas_servidas":366,"codigo":"D","nivel_cobertura":"muy_alta"},"geometry":{"type":"Polygon","coordinates":[[[114.161047,22.24561],[114.161705,22.25033],[114.1577,22.253496],[114.153036,22.251941],[114.152378,22.247221],[114.156384,22.244055],[114.161047,22.24561]]]}},{"type":"Feature","properties":{"h3":"88410349dbfffff","estacion_meteorologica":0,"hospital_urgencias":0,"parada_transporte":4,"rutas_servidas":9,"codigo":"D","nivel_cobertura":"media"},"geometry":{"type":"Polygon","coordinates":[[[114.159074,22.231449],[114.159731,22.236169],[114.155726,22.239335],[114.151062,22.237779],[114.150404,22.233059],[114.15441,22.229893],[114.159074,22.231449]]]}},{"type":"Feature","properties":{"h3":"88410349ddfffff","estacion_meteorologica":0,"hospital_urgencias":0,"parada_transporte":2,"rutas_servidas":3,"codigo":"D","nivel_cobertura":"baja"},"geometry":{"type":"Polygon","coordinates":[[[114.173063,22.236114],[114.173721,22.240834],[114.169716,22.243999],[114.165053,22.242445],[114.164395,22.237724],[114.1684,22.234559],[114.173063,22.236114]]]}},{"type":"Feature","properties":{"h3":"88410349e1fffff","estacion_meteorologica":0,"hospital_urgencias":0,"parada_transporte":26,"rutas_servidas":63,"codigo":"B","nivel_cobertura":"alta"},"geometry":{"type":"Polygon","coordinates":[[[114.194347,22.261206],[114.195005,22.265925],[114.191001,22.269091],[114.186338,22.267538],[114.18568,22.262819],[114.189685,22.259653],[114.194347,22.261206]]]}},{"type":"Feature","properties":{"h3":"88410349e3fffff","estacion_meteorologica":0,"hospital_urgencias":0,"parada_transporte":32,"rutas_servidas":61,"codigo":"B","nivel_cobertura":"muy_alta"},"geometry":{"type":"Polygon","coordinates":[[[114.18568,22.262819],[114.186338,22.267538],[114.182334,22.270703],[114.17767,22.26915],[114.177012,22.264431],[114.181017,22.261266],[114.18568,22.262819]]]}},{"type":"Feature","properties":{"h3":"88410349e5fffff","estacion_meteorologica":0,"hospital_urgencias":0,"parada_transporte":24,"rutas_servidas":42,"codigo":"B","nivel_cobertura":"alta"},"geometry":{"type":"Polygon","coordinates":[[[114.199668,22.267478],[114.200326,22.272196],[114.196322,22.275361],[114.19166,22.273809],[114.191001,22.269091],[114.195005,22.265925],[114.199668,22.267478]]]}},{"type":"Feature","properties":{"h3":"88410349e7fffff","estacion_meteorologica":1,"hospital_urgencias":0,"parada_transporte":30,"rutas_servidas":75,"codigo":"B","nivel_cobertura":"muy_alta"},"geometry":{"type":"Polygon","coordinates":[[[114.191001,22.269091],[114.19166,22.273809],[114.187655,22.276975],[114.182992,22.275422],[114.182334,22.270703],[114.186338,22.267538],[114.191001,22.269091]]]}},{"type":"Feature","properties":{"h3":"88410349e9fffff","estacion_meteorologica":0,"hospital_urgencias":0,"parada_transporte":10,"rutas_servidas":30,"codigo":"B","nivel_cobertura":"alta"},"geometry":{"type":"Polygon","coordinates":[[[114.197693,22.253322],[114.198351,22.258041],[114.194347,22.261206],[114.189685,22.259653],[114.189026,22.254934],[114.19303,22.251769],[114.197693,22.253322]]]}},{"type":"Feature","properties":{"h3":"88410349ebfffff","estacion_meteorologica":0,"hospital_urgencias":0,"parada_transporte":1,"rutas_servidas":3,"codigo":"D","nivel_cobertura":"baja"},"geometry":{"type":"Polygon","coordinates":[[[114.189026,22.254934],[114.189685,22.259653],[114.18568,22.262819],[114.181017,22.261266],[114.180359,22.256547],[114.184364,22.253381],[114.189026,22.254934]]]}},{"type":"Feature","properties":{"h3":"8841034b2bfffff","estacion_meteorologica":1,"hospital_urgencias":0,"parada_transporte":0,"rutas_servidas":0,"codigo":"D","nivel_cobertura":"baja"},"geometry":{"type":"Polygon","coordinates":[[[114.257721,22.205832],[114.25838,22.21055],[114.25438,22.213717],[114.249721,22.212164],[114.249062,22.207445],[114.253063,22.204279],[114.257721,22.205832]]]}},{"type":"Feature","properties":{"h3":"8841034b35fffff","estacion_meteorologica":0,"hospital_urgencias":0,"parada_transporte":1,"rutas_servidas":2,"codigo":"D","nivel_cobertura":"baja"},"geometry":{"type":"Polygon","coordinates":[[[114.24572,22.21533],[114.246379,22.220049],[114.242378,22.223215],[114.237718,22.221663],[114.23706,22.216944],[114.241061,22.213778],[114.24572,22.21533]]]}},{"type":"Feature","properties":{"h3":"8841034c23fffff","estacion_meteorologica":0,"hospital_urgencias":1,"parada_transporte":1,"rutas_servidas":3,"codigo":"T","nivel_cobertura":"baja"},"geometry":{"type":"Polygon","coordinates":[[[114.035063,22.20355],[114.03572,22.208275],[114.031708,22.211439],[114.027039,22.209879],[114.026382,22.205153],[114.030394,22.201989],[114.035063,22.20355]]]}},{"type":"Feature","properties":{"h3":"8841034c3dfffff","estacion_meteorologica":1,"hospital_urgencias":0,"parada_transporte":0,"rutas_servidas":0,"codigo":"T","nivel_cobertura":"baja"},"geometry":{"type":"Polygon","coordinates":[[[114.029738,22.197263],[114.030394,22.201989],[114.026382,22.205153],[114.021713,22.203592],[114.021057,22.198866],[114.025069,22.195701],[114.029738,22.197263]]]}},{"type":"Feature","properties":{"h3":"8841034d97fffff","estacion_meteorologica":0,"hospital_urgencias":0,"parada_transporte":4,"rutas_servidas":26,"codigo":"T","nivel_cobertura":"media"},"geometry":{"type":"Polygon","coordinates":[[[113.986903,22.241522],[113.987559,22.246247],[113.983544,22.249411],[113.978872,22.24785],[113.978216,22.243124],[113.982231,22.23996],[113.986903,22.241522]]]}},{"type":"Feature","properties":{"h3":"8841034dadfffff","estacion_meteorologica":0,"hospital_urgencias":0,"parada_transporte":1,"rutas_servidas":1,"codigo":"T","nivel_cobertura":"baja"},"geometry":{"type":"Polygon","coordinates":[[[114.028936,22.255564],[114.029593,22.260287],[114.02558,22.263452],[114.02091,22.261893],[114.020253,22.257169],[114.024267,22.254004],[114.028936,22.255564]]]}},{"type":"Feature","properties":{"h3":"8841034db1fffff","estacion_meteorologica":0,"hospital_urgencias":0,"parada_transporte":3,"rutas_servidas":20,"codigo":"T","nivel_cobertura":"media"},"geometry":{"type":"Polygon","coordinates":[[[113.997558,22.254093],[113.998214,22.258818],[113.994199,22.261982],[113.989528,22.260421],[113.988872,22.255697],[113.992887,22.252533],[113.997558,22.254093]]]}},{"type":"Feature","properties":{"h3":"8841034db3fffff","estacion_meteorologica":0,"hospital_urgencias":0,"parada_transporte":2,"rutas_servidas":13,"codigo":"T","nivel_cobertura":"baja"},"geometry":{"type":"Polygon","coordinates":[[[113.988872,22.255697],[113.989528,22.260421],[113.985513,22.263586],[113.980841,22.262025],[113.980185,22.2573],[113.9842,22.254136],[113.988872,22.255697]]]}},{"type":"Feature","properties":{"h3":"8841034db5fffff","estacion_meteorologica":0,"hospital_urgencias":0,"parada_transporte":11,"rutas_servidas":66,"codigo":"T","nivel_cobertura":"alta"},"geometry":{"type":"Polygon","coordinates":[[[114.002885,22.260378],[114.003542,22.265102],[113.999527,22.268266],[113.994856,22.266706],[113.994199,22.261982],[113.998214,22.258818],[114.002885,22.260378]]]}},{"type":"Feature","properties":{"h3":"8841034dbbfffff","estacion_meteorologica":0,"hospital_urgencias":0,"parada_transporte":2,"rutas_servidas":13,"codigo":"T","nivel_cobertura":"baja"},"geometry":{"type":"Polygon","coordinates":[[[113.99223,22.247808],[113.992887,22.252533],[113.988872,22.255697],[113.9842,22.254136],[113.983544,22.249411],[113.987559,22.246247],[113.99223,22.247808]]]}},{"type":"Feature","properties":{"h3":"8841034dc9fffff","estacion_meteorologica":1,"hospital_urgencias":0,"parada_transporte":0,"rutas_servidas":0,"codigo":"T","nivel_cobertura":"baja"},"geometry":{"type":"Polygon","coordinates":[[[114.031708,22.211439],[114.032364,22.216165],[114.028352,22.219329],[114.023683,22.217768],[114.023026,22.213043],[114.027039,22.209879],[114.031708,22.211439]]]}},{"type":"Feature","properties":{"h3":"8841036b4dfffff","estacion_meteorologica":1,"hospital_urgencias":0,"parada_transporte":0,"rutas_servidas":0,"codigo":"T","nivel_cobertura":"baja"},"geometry":{"type":"Polygon","coordinates":[[[113.854547,22.251341],[113.855202,22.256069],[113.851179,22.259232],[113.846502,22.257667],[113.845847,22.252938],[113.849869,22.249775],[113.854547,22.251341]]]}},{"type":"Feature","properties":{"h3":"8841037921fffff","estacion_meteorologica":0,"hospital_urgencias":0,"parada_transporte":1,"rutas_servidas":6,"codigo":"T","nivel_cobertura":"baja"},"geometry":{"type":"Polygon","coordinates":[[[113.922144,22.224369],[113.9228,22.229097],[113.918782,22.232261],[113.914107,22.230697],[113.913452,22.225969],[113.91747,22.222805],[113.922144,22.224369]]]}},{"type":"Feature","properties":{"h3":"8841037929fffff","estacion_meteorologica":0,"hospital_urgencias":0,"parada_transporte":3,"rutas_servidas":20,"codigo":"T","nivel_cobertura":"media"},"geometry":{"type":"Polygon","coordinates":[[[113.925506,22.216478],[113.926162,22.221206],[113.922144,22.224369],[113.91747,22.222805],[113.916815,22.218077],[113.920833,22.214913],[113.925506,22.216478]]]}},{"type":"Feature","properties":{"h3":"884103792bfffff","estacion_meteorologica":0,"hospital_urgencias":0,"parada_transporte":6,"rutas_servidas":34,"codigo":"T","nivel_cobertura":"media"},"geometry":{"type":"Polygon","coordinates":[[[113.916815,22.218077],[113.91747,22.222805],[113.913452,22.225969],[113.908778,22.224404],[113.908122,22.219676],[113.912141,22.216512],[113.916815,22.218077]]]}},{"type":"Feature","properties":{"h3":"884103792dfffff","estacion_meteorologica":0,"hospital_urgencias":0,"parada_transporte":6,"rutas_servidas":34,"codigo":"T","nivel_cobertura":"media"},"geometry":{"type":"Polygon","coordinates":[[[113.930835,22.22277],[113.931491,22.227497],[113.927473,22.230661],[113.9228,22.229097],[113.922144,22.224369],[113.926162,22.221206],[113.930835,22.22277]]]}},{"type":"Feature","properties":{"h3":"8841037931fffff","estacion_meteorologica":1,"hospital_urgencias":0,"parada_transporte":3,"rutas_servidas":14,"codigo":"T","nivel_cobertura":"media"},"geometry":{"type":"Polygon","coordinates":[[[113.899429,22.221274],[113.900084,22.226003],[113.896065,22.229166],[113.89139,22.227601],[113.890734,22.222872],[113.894754,22.219709],[113.899429,22.221274]]]}},{"type":"Feature","properties":{"h3":"8841037937fffff","estacion_meteorologica":0,"hospital_urgencias":0,"parada_transporte":2,"rutas_servidas":13,"codigo":"T","nivel_cobertura":"baja"},"geometry":{"type":"Polygon","coordinates":[[[113.896065,22.229166],[113.89672,22.233894],[113.8927,22.237058],[113.888025,22.235493],[113.88737,22.230764],[113.89139,22.227601],[113.896065,22.229166]]]}},{"type":"Feature","properties":{"h3":"884103793dfffff","estacion_meteorologica":0,"hospital_urgencias":0,"parada_transporte":2,"rutas_servidas":11,"codigo":"T","nivel_cobertura":"baja"},"geometry":{"type":"Polygon","coordinates":[[[113.908122,22.219676],[113.908778,22.224404],[113.904759,22.227567],[113.900084,22.226003],[113.899429,22.221274],[113.903448,22.218111],[113.908122,22.219676]]]}},{"type":"Feature","properties":{"h3":"88411c161bfffff","estacion_meteorologica":0,"hospital_urgencias":0,"parada_transporte":1,"rutas_servidas":1,"codigo":"N","nivel_cobertura":"baja"},"geometry":{"type":"Polygon","coordinates":[[[114.185184,22.545831],[114.185843,22.550539],[114.181834,22.553704],[114.177166,22.552161],[114.176508,22.547453],[114.180516,22.544288],[114.185184,22.545831]]]}},{"type":"Feature","properties":{"h3":"88411c1643fffff","estacion_meteorologica":0,"hospital_urgencias":0,"parada_transporte":6,"rutas_servidas":23,"codigo":"N","nivel_cobertura":"media"},"geometry":{"type":"Polygon","coordinates":[[[114.219881,22.539341],[114.220541,22.544048],[114.216534,22.547213],[114.211867,22.545671],[114.211208,22.540964],[114.215215,22.537799],[114.219881,22.539341]]]}},{"type":"Feature","properties":{"h3":"88411c1647fffff","estacion_meteorologica":0,"hospital_urgencias":0,"parada_transporte":3,"rutas_servidas":7,"codigo":"N","nivel_cobertura":"media"},"geometry":{"type":"Polygon","coordinates":[[[114.225206,22.545589],[114.225866,22.550296],[114.221859,22.553461],[114.217193,22.55192],[114.216534,22.547213],[114.220541,22.544048],[114.225206,22.545589]]]}},{"type":"Feature","properties":{"h3":"88411c1659fffff","estacion_meteorologica":0,"hospital_urgencias":0,"parada_transporte":6,"rutas_servidas":27,"codigo":"N","nivel_cobertura":"media"},"geometry":{"type":"Polygon","coordinates":[[[114.209231,22.526841],[114.20989,22.531549],[114.205883,22.534714],[114.201216,22.533171],[114.200557,22.528463],[114.204565,22.525298],[114.209231,22.526841]]]}},{"type":"Feature","properties":{"h3":"88411c165bfffff","estacion_meteorologica":0,"hospital_urgencias":0,"parada_transporte":3,"rutas_servidas":12,"codigo":"N","nivel_cobertura":"media"},"geometry":{"type":"Polygon","coordinates":[[[114.200557,22.528463],[114.201216,22.533171],[114.197209,22.536336],[114.192542,22.534793],[114.191883,22.530085],[114.195891,22.52692],[114.200557,22.528463]]]}},{"type":"Feature","properties":{"h3":"88411c165dfffff","estacion_meteorologica":1,"hospital_urgencias":0,"parada_transporte":8,"rutas_servidas":33,"codigo":"N","nivel_cobertura":"alta"},"geometry":{"type":"Polygon","coordinates":[[[114.214556,22.533091],[114.215215,22.537799],[114.211208,22.540964],[114.206542,22.539421],[114.205883,22.534714],[114.20989,22.531549],[114.214556,22.533091]]]}},{"type":"Feature","properties":{"h3":"88411c16c1fffff","estacion_meteorologica":0,"hospital_urgencias":0,"parada_transporte":2,"rutas_servidas":2,"codigo":"N","nivel_cobertura":"baja"},"geometry":{"type":"Polygon","coordinates":[[[114.16783,22.549074],[114.168489,22.553783],[114.164479,22.556947],[114.15981,22.555404],[114.159152,22.550696],[114.163162,22.547531],[114.16783,22.549074]]]}},{"type":"Feature","properties":{"h3":"88411c16c3fffff","estacion_meteorologica":0,"hospital_urgencias":0,"parada_transporte":11,"rutas_servidas":14,"codigo":"N","nivel_cobertura":"alta"},"geometry":{"type":"Polygon","coordinates":[[[114.159152,22.550696],[114.15981,22.555404],[114.1558,22.558569],[114.151131,22.557025],[114.150473,22.552316],[114.154483,22.549152],[114.159152,22.550696]]]}},{"type":"Feature","properties":{"h3":"88411c16dbfffff","estacion_meteorologica":0,"hospital_urgencias":0,"parada_transporte":2,"rutas_servidas":4,"codigo":"N","nivel_cobertura":"baja"},"geometry":{"type":"Polygon","coordinates":[[[114.139817,22.539809],[114.140475,22.544519],[114.136464,22.547683],[114.131795,22.546138],[114.131136,22.541429],[114.135147,22.538264],[114.139817,22.539809]]]}},{"type":"Feature","properties":{"h3":"88411c16ddfffff","estacion_meteorologica":0,"hospital_urgencias":0,"parada_transporte":4,"rutas_servidas":4,"codigo":"N","nivel_cobertura":"media"},"geometry":{"type":"Polygon","coordinates":[[[114.153824,22.544443],[114.154483,22.549152],[114.150473,22.552316],[114.145803,22.550772],[114.145145,22.546063],[114.149155,22.542898],[114.153824,22.544443]]]}},{"type":"Feature","properties":{"h3":"88411c801bfffff","estacion_meteorologica":1,"hospital_urgencias":0,"parada_transporte":1,"rutas_servidas":1,"codigo":"Q","nivel_cobertura":"baja"},"geometry":{"type":"Polygon","coordinates":[[[114.376673,22.357738],[114.377333,22.362447],[114.373337,22.365614],[114.368681,22.364072],[114.368021,22.359362],[114.372017,22.356195],[114.376673,22.357738]]]}},{"type":"Feature","properties":{"h3":"88411c808bfffff","estacion_meteorologica":0,"hospital_urgencias":0,"parada_transporte":2,"rutas_servidas":2,"codigo":"Q","nivel_cobertura":"baja"},"geometry":{"type":"Polygon","coordinates":[[[114.338721,22.372109],[114.339381,22.376819],[114.335383,22.379985],[114.330724,22.378442],[114.330065,22.373732],[114.334063,22.370565],[114.338721,22.372109]]]}},{"type":"Feature","properties":{"h3":"88411c809bfffff","estacion_meteorologica":1,"hospital_urgencias":0,"parada_transporte":0,"rutas_servidas":0,"codigo":"Q","nivel_cobertura":"baja"},"geometry":{"type":"Polygon","coordinates":[[[114.316089,22.369099],[114.316748,22.37381],[114.312749,22.376976],[114.30809,22.375432],[114.30743,22.370721],[114.31143,22.367554],[114.316089,22.369099]]]}},{"type":"Feature","properties":{"h3":"88411c80b1fffff","estacion_meteorologica":1,"hospital_urgencias":0,"parada_transporte":6,"rutas_servidas":14,"codigo":"Q","nivel_cobertura":"media"},"geometry":{"type":"Polygon","coordinates":[[[114.328705,22.395738],[114.329365,22.400448],[114.325366,22.403614],[114.320707,22.402071],[114.320047,22.397361],[114.324047,22.394195],[114.328705,22.395738]]]}},{"type":"Feature","properties":{"h3":"88411c80b3fffff","estacion_meteorologica":0,"hospital_urgencias":0,"parada_transporte":4,"rutas_servidas":9,"codigo":"Q","nivel_cobertura":"media"},"geometry":{"type":"Polygon","coordinates":[[[114.320047,22.397361],[114.320707,22.402071],[114.316708,22.405237],[114.312048,22.403694],[114.311389,22.398984],[114.315388,22.395818],[114.320047,22.397361]]]}},{"type":"Feature","properties":{"h3":"88411c80b7fffff","estacion_meteorologica":0,"hospital_urgencias":0,"parada_transporte":3,"rutas_servidas":7,"codigo":"Q","nivel_cobertura":"media"},"geometry":{"type":"Polygon","coordinates":[[[114.325366,22.403614],[114.326026,22.408323],[114.322027,22.41149],[114.317368,22.409947],[114.316708,22.405237],[114.320707,22.402071],[114.325366,22.403614]]]}},{"type":"Feature","properties":{"h3":"88411c80bbfffff","estacion_meteorologica":0,"hospital_urgencias":0,"parada_transporte":2,"rutas_servidas":10,"codigo":"Q","nivel_cobertura":"baja"},"geometry":{"type":"Polygon","coordinates":[[[114.323387,22.389485],[114.324047,22.394195],[114.320047,22.397361],[114.315388,22.395818],[114.314728,22.391108],[114.318728,22.387941],[114.323387,22.389485]]]}},{"type":"Feature","properties":{"h3":"88411c8405fffff","estacion_meteorologica":0,"hospital_urgencias":0,"parada_transporte":12,"rutas_servidas":21,"codigo":"Q","nivel_cobertura":"alta"},"geometry":{"type":"Polygon","coordinates":[[[114.251506,22.352166],[114.252165,22.35688],[114.248163,22.360046],[114.243501,22.358498],[114.242842,22.353784],[114.246845,22.350619],[114.251506,22.352166]]]}},{"type":"Feature","properties":{"h3":"88411c8407fffff","estacion_meteorologica":0,"hospital_urgencias":0,"parada_transporte":1,"rutas_servidas":1,"codigo":"Q","nivel_cobertura":"baja"},"geometry":{"type":"Polygon","coordinates":[[[114.242842,22.353784],[114.243501,22.358498],[114.239498,22.361664],[114.234836,22.360116],[114.234177,22.355402],[114.23818,22.352237],[114.242842,22.353784]]]}},{"type":"Feature","properties":{"h3":"88411c8409fffff","estacion_meteorologica":0,"hospital_urgencias":0,"parada_transporte":4,"rutas_servidas":26,"codigo":"Q","nivel_cobertura":"media"},"geometry":{"type":"Polygon","coordinates":[[[114.249529,22.338025],[114.250188,22.342739],[114.246186,22.345905],[114.241524,22.344357],[114.240865,22.339642],[114.244868,22.336477],[114.249529,22.338025]]]}},{"type":"Feature","properties":{"h3":"88411c840dfffff","estacion_meteorologica":0,"hospital_urgencias":0,"parada_transporte":8,"rutas_servidas":18,"codigo":"Q","nivel_cobertura":"alta"},"geometry":{"type":"Polygon","coordinates":[[[114.254849,22.344287],[114.255508,22.349],[114.251506,22.352166],[114.246845,22.350619],[114.246186,22.345905],[114.250188,22.342739],[114.254849,22.344287]]]}},{"type":"Feature","properties":{"h3":"88411c8417fffff","estacion_meteorologica":1,"hospital_urgencias":0,"parada_transporte":0,"rutas_servidas":0,"codigo":"H","nivel_cobertura":"baja"},"geometry":{"type":"Polygon","coordinates":[[[114.220189,22.350757],[114.220848,22.355471],[114.216844,22.358637],[114.212181,22.357088],[114.211522,22.352374],[114.215526,22.349208],[114.220189,22.350757]]]}},{"type":"Feature","properties":{"h3":"88411c8419fffff","estacion_meteorologica":0,"hospital_urgencias":0,"parada_transporte":1,"rutas_servidas":5,"codigo":"J","nivel_cobertura":"baja"},"geometry":{"type":"Polygon","coordinates":[[[114.226879,22.334996],[114.227538,22.339711],[114.223534,22.342877],[114.218872,22.341328],[114.218213,22.336613],[114.222217,22.333447],[114.226879,22.334996]]]}},{"type":"Feature","properties":{"h3":"88411c841bfffff","estacion_meteorologica":0,"hospital_urgencias":0,"parada_transporte":13,"rutas_servidas":19,"codigo":"H","nivel_cobertura":"alta"},"geometry":{"type":"Polygon","coordinates":[[[114.218213,22.336613],[114.218872,22.341328],[114.214868,22.344493],[114.210205,22.342944],[114.209546,22.338229],[114.21355,22.335063],[114.218213,22.336613]]]}},{"type":"Feature","properties":{"h3":"88411c8429fffff","estacion_meteorologica":0,"hospital_urgencias":0,"parada_transporte":11,"rutas_servidas":26,"codigo":"Q","nivel_cobertura":"alta"},"geometry":{"type":"Polygon","coordinates":[[[114.256827,22.358427],[114.257486,22.36314],[114.253483,22.366306],[114.248822,22.364759],[114.248163,22.360046],[114.252165,22.35688],[114.256827,22.358427]]]}},{"type":"Feature","properties":{"h3":"88411c842dfffff","estacion_meteorologica":0,"hospital_urgencias":0,"parada_transporte":10,"rutas_servidas":27,"codigo":"Q","nivel_cobertura":"alta"},"geometry":{"type":"Polygon","coordinates":[[[114.262147,22.364687],[114.262806,22.369399],[114.258804,22.372565],[114.254143,22.371019],[114.253483,22.366306],[114.257486,22.36314],[114.262147,22.364687]]]}},{"type":"Feature","properties":{"h3":"88411c8445fffff","estacion_meteorologica":0,"hospital_urgencias":0,"parada_transporte":15,"rutas_servidas":32,"codigo":"Q","nivel_cobertura":"alta"},"geometry":{"type":"Polygon","coordinates":[[[114.266854,22.334788],[114.267513,22.339502],[114.263512,22.342668],[114.258851,22.341121],[114.258192,22.336407],[114.262194,22.333241],[114.266854,22.334788]]]}},{"type":"Feature","properties":{"h3":"88411c8447fffff","estacion_meteorologica":0,"hospital_urgencias":0,"parada_transporte":13,"rutas_servidas":36,"codigo":"Q","nivel_cobertura":"alta"},"geometry":{"type":"Polygon","coordinates":[[[114.258192,22.336407],[114.258851,22.341121],[114.254849,22.344287],[114.250188,22.342739],[114.249529,22.338025],[114.253531,22.334859],[114.258192,22.336407]]]}},{"type":"Feature","properties":{"h3":"88411c8449fffff","estacion_meteorologica":0,"hospital_urgencias":0,"parada_transporte":48,"rutas_servidas":218,"codigo":"Q","nivel_cobertura":"muy_alta"},"geometry":{"type":"Polygon","coordinates":[[[114.264877,22.320646],[114.265536,22.325361],[114.261535,22.328527],[114.256874,22.326979],[114.256215,22.322264],[114.260216,22.319098],[114.264877,22.320646]]]}},{"type":"Feature","properties":{"h3":"88411c844bfffff","estacion_meteorologica":0,"hospital_urgencias":0,"parada_transporte":42,"rutas_servidas":202,"codigo":"Q","nivel_cobertura":"muy_alta"},"geometry":{"type":"Polygon","coordinates":[[[114.256215,22.322264],[114.256874,22.326979],[114.252872,22.330145],[114.248211,22.328596],[114.247552,22.323882],[114.251554,22.320716],[114.256215,22.322264]]]}},{"type":"Feature","properties":{"h3":"88411c844dfffff","estacion_meteorologica":0,"hospital_urgencias":0,"parada_transporte":11,"rutas_servidas":16,"codigo":"Q","nivel_cobertura":"alta"},"geometry":{"type":"Polygon","coordinates":[[[114.270196,22.326909],[114.270855,22.331622],[114.266854,22.334788],[114.262194,22.333241],[114.261535,22.328527],[114.265536,22.325361],[114.270196,22.326909]]]}},{"type":"Feature","properties":{"h3":"88411c8451fffff","estacion_meteorologica":0,"hospital_urgencias":0,"parada_transporte":18,"rutas_servidas":58,"codigo":"Q","nivel_cobertura":"alta"},"geometry":{"type":"Polygon","coordinates":[[[114.238888,22.325499],[114.239547,22.330213],[114.235544,22.333379],[114.230882,22.33183],[114.230223,22.327115],[114.234226,22.32395],[114.238888,22.325499]]]}},{"type":"Feature","properties":{"h3":"88411c8453fffff","estacion_meteorologica":0,"hospital_urgencias":0,"parada_transporte":79,"rutas_servidas":258,"codigo":"J","nivel_cobertura":"muy_alta"},"geometry":{"type":"Polygon","coordinates":[[[114.230223,22.327115],[114.230882,22.33183],[114.226879,22.334996],[114.222217,22.333447],[114.221558,22.328732],[114.225561,22.325566],[114.230223,22.327115]]]}},{"type":"Feature","properties":{"h3":"88411c8455fffff","estacion_meteorologica":0,"hospital_urgencias":0,"parada_transporte":13,"rutas_servidas":56,"codigo":"Q","nivel_cobertura":"alta"},"geometry":{"type":"Polygon","coordinates":[[[114.244209,22.331762],[114.244868,22.336477],[114.240865,22.339642],[114.236203,22.338094],[114.235544,22.333379],[114.239547,22.330213],[114.244209,22.331762]]]}},{"type":"Feature","properties":{"h3":"88411c8457fffff","estacion_meteorologica":0,"hospital_urgencias":0,"parada_transporte":6,"rutas_servidas":24,"codigo":"Q","nivel_cobertura":"media"},"geometry":{"type":"Polygon","coordinates":[[[114.235544,22.333379],[114.236203,22.338094],[114.2322,22.34126],[114.227538,22.339711],[114.226879,22.334996],[114.230882,22.33183],[114.235544,22.333379]]]}},{"type":"Feature","properties":{"h3":"88411c8459fffff","estacion_meteorologica":0,"hospital_urgencias":0,"parada_transporte":47,"rutas_servidas":181,"codigo":"J","nivel_cobertura":"muy_alta"},"geometry":{"type":"Polygon","coordinates":[[[114.242232,22.317618],[114.242891,22.322333],[114.238888,22.325499],[114.234226,22.32395],[114.233568,22.319234],[114.23757,22.316068],[114.242232,22.317618]]]}},{"type":"Feature","properties":{"h3":"88411c845bfffff","estacion_meteorologica":0,"hospital_urgencias":0,"parada_transporte":127,"rutas_servidas":439,"codigo":"J","nivel_cobertura":"muy_alta"},"geometry":{"type":"Polygon","coordinates":[[[114.233568,22.319234],[114.234226,22.32395],[114.230223,22.327115],[114.225561,22.325566],[114.224903,22.320851],[114.228906,22.317685],[114.233568,22.319234]]]}},{"type":"Feature","properties":{"h3":"88411c8463fffff","estacion_meteorologica":0,"hospital_urgencias":0,"parada_transporte":3,"rutas_servidas":7,"codigo":"Q","nivel_cobertura":"media"},"geometry":{"type":"Polygon","coordinates":[[[114.260169,22.350548],[114.260829,22.355261],[114.256827,22.358427],[114.252165,22.35688],[114.251506,22.352166],[114.255508,22.349],[114.260169,22.350548]]]}},{"type":"Feature","properties":{"h3":"88411c846bfffff","estacion_meteorologica":0,"hospital_urgencias":0,"parada_transporte":2,"rutas_servidas":5,"codigo":"Q","nivel_cobertura":"baja"},"geometry":{"type":"Polygon","coordinates":[[[114.263512,22.342668],[114.264171,22.347382],[114.260169,22.350548],[114.255508,22.349],[114.254849,22.344287],[114.258851,22.341121],[114.263512,22.342668]]]}},{"type":"Feature","properties":{"h3":"88411c8481fffff","estacion_meteorologica":0,"hospital_urgencias":0,"parada_transporte":4,"rutas_servidas":20,"codigo":"R","nivel_cobertura":"media"},"geometry":{"type":"Polygon","coordinates":[[[114.185515,22.357222],[114.186173,22.361937],[114.182167,22.365103],[114.177502,22.363553],[114.176844,22.358838],[114.18085,22.355672],[114.185515,22.357222]]]}},{"type":"Feature","properties":{"h3":"88411c8483fffff","estacion_meteorologica":0,"hospital_urgencias":0,"parada_transporte":43,"rutas_servidas":145,"codigo":"R","nivel_cobertura":"muy_alta"},"geometry":{"type":"Polygon","coordinates":[[[114.176844,22.358838],[114.177502,22.363553],[114.173496,22.366718],[114.168831,22.365168],[114.168172,22.360453],[114.172179,22.357287],[114.176844,22.358838]]]}},{"type":"Feature","properties":{"h3":"88411c8485fffff","estacion_meteorologica":0,"hospital_urgencias":0,"parada_transporte":7,"rutas_servidas":21,"codigo":"R","nivel_cobertura":"media"},"geometry":{"type":"Polygon","coordinates":[[[114.190838,22.363487],[114.191496,22.368202],[114.18749,22.371367],[114.182826,22.369818],[114.182167,22.365103],[114.186173,22.361937],[114.190838,22.363487]]]}},{"type":"Feature","properties":{"h3":"88411c8487fffff","estacion_meteorologica":0,"hospital_urgencias":0,"parada_transporte":70,"rutas_servidas":207,"codigo":"R","nivel_cobertura":"muy_alta"},"geometry":{"type":"Polygon","coordinates":[[[114.182167,22.365103],[114.182826,22.369818],[114.178819,22.372983],[114.174154,22.371433],[114.173496,22.366718],[114.177502,22.363553],[114.182167,22.365103]]]}},{"type":"Feature","properties":{"h3":"88411c8491fffff","estacion_meteorologica":0,"hospital_urgencias":0,"parada_transporte":10,"rutas_servidas":61,"codigo":"R","nivel_cobertura":"alta"},"geometry":{"type":"Polygon","coordinates":[[[114.162849,22.354186],[114.163507,22.358902],[114.1595,22.362068],[114.154834,22.360517],[114.154176,22.355801],[114.158183,22.352636],[114.162849,22.354186]]]}},{"type":"Feature","properties":{"h3":"88411c8495fffff","estacion_meteorologica":0,"hospital_urgencias":0,"parada_transporte":9,"rutas_servidas":55,"codigo":"R","nivel_cobertura":"alta"},"geometry":{"type":"Polygon","coordinates":[[[114.168172,22.360453],[114.168831,22.365168],[114.164824,22.368334],[114.160158,22.366783],[114.1595,22.362068],[114.163507,22.358902],[114.168172,22.360453]]]}},{"type":"Feature","properties":{"h3":"88411c849bfffff","estacion_meteorologica":0,"hospital_urgencias":0,"parada_transporte":2,"rutas_servidas":4,"codigo":"R","nivel_cobertura":"baja"},"geometry":{"type":"Polygon","coordinates":[[[114.157525,22.347919],[114.158183,22.352636],[114.154176,22.355801],[114.14951,22.35425],[114.148852,22.349533],[114.15286,22.346368],[114.157525,22.347919]]]}},{"type":"Feature","properties":{"h3":"88411c84a1fffff","estacion_meteorologica":0,"hospital_urgencias":0,"parada_transporte":90,"rutas_servidas":275,"codigo":"R","nivel_cobertura":"muy_alta"},"geometry":{"type":"Polygon","coordinates":[[[114.192813,22.37763],[114.193472,22.382345],[114.189466,22.38551],[114.184801,22.383961],[114.184143,22.379247],[114.188149,22.376082],[114.192813,22.37763]]]}},{"type":"Feature","properties":{"h3":"88411c84a3fffff","estacion_meteorologica":0,"hospital_urgencias":0,"parada_transporte":3,"rutas_servidas":3,"codigo":"R","nivel_cobertura":"media"},"geometry":{"type":"Polygon","coordinates":[[[114.184143,22.379247],[114.184801,22.383961],[114.180795,22.387127],[114.17613,22.385578],[114.175471,22.380863],[114.179478,22.377698],[114.184143,22.379247]]]}},{"type":"Feature","properties":{"h3":"88411c84a5fffff","estacion_meteorologica":0,"hospital_urgencias":0,"parada_transporte":54,"rutas_servidas":216,"codigo":"R","nivel_cobertura":"muy_alta"},"geometry":{"type":"Polygon","coordinates":[[[114.198136,22.383893],[114.198795,22.388607],[114.194789,22.391772],[114.190125,22.390224],[114.189466,22.38551],[114.193472,22.382345],[114.198136,22.383893]]]}},{"type":"Feature","properties":{"h3":"88411c84a7fffff","estacion_meteorologica":0,"hospital_urgencias":0,"parada_transporte":3,"rutas_servidas":4,"codigo":"R","nivel_cobertura":"media"},"geometry":{"type":"Polygon","coordinates":[[[114.189466,22.38551],[114.190125,22.390224],[114.186118,22.393389],[114.181453,22.391841],[114.180795,22.387127],[114.184801,22.383961],[114.189466,22.38551]]]}},{"type":"Feature","properties":{"h3":"88411c84a9fffff","estacion_meteorologica":0,"hospital_urgencias":0,"parada_transporte":24,"rutas_servidas":82,"codigo":"R","nivel_cobertura":"alta"},"geometry":{"type":"Polygon","coordinates":[[[114.19616,22.369751],[114.196819,22.374465],[114.192813,22.37763],[114.188149,22.376082],[114.18749,22.371367],[114.191496,22.368202],[114.19616,22.369751]]]}},{"type":"Feature","properties":{"h3":"88411c84abfffff","estacion_meteorologica":0,"hospital_urgencias":0,"parada_transporte":62,"rutas_servidas":276,"codigo":"R","nivel_cobertura":"muy_alta"},"geometry":{"type":"Polygon","coordinates":[[[114.18749,22.371367],[114.188149,22.376082],[114.184143,22.379247],[114.179478,22.377698],[114.178819,22.372983],[114.182826,22.369818],[114.18749,22.371367]]]}},{"type":"Feature","properties":{"h3":"88411c84adfffff","estacion_meteorologica":0,"hospital_urgencias":1,"parada_transporte":71,"rutas_servidas":229,"codigo":"R","nivel_cobertura":"muy_alta"},"geometry":{"type":"Polygon","coordinates":[[[114.201483,22.376014],[114.202142,22.380728],[114.198136,22.383893],[114.193472,22.382345],[114.192813,22.37763],[114.196819,22.374465],[114.201483,22.376014]]]}},{"type":"Feature","properties":{"h3":"88411c84b5fffff","estacion_meteorologica":0,"hospital_urgencias":0,"parada_transporte":1,"rutas_servidas":1,"codigo":"R","nivel_cobertura":"baja"},"geometry":{"type":"Polygon","coordinates":[[[114.175471,22.380863],[114.17613,22.385578],[114.172123,22.388743],[114.167457,22.387194],[114.166799,22.382479],[114.170806,22.379314],[114.175471,22.380863]]]}},{"type":"Feature","properties":{"h3":"88411c84b9fffff","estacion_meteorologica":0,"hospital_urgencias":0,"parada_transporte":6,"rutas_servidas":10,"codigo":"R","nivel_cobertura":"media"},"geometry":{"type":"Polygon","coordinates":[[[114.173496,22.366718],[114.174154,22.371433],[114.170147,22.374599],[114.165482,22.373049],[114.164824,22.368334],[114.168831,22.365168],[114.173496,22.366718]]]}},{"type":"Feature","properties":{"h3":"88411c84bdfffff","estacion_meteorologica":0,"hospital_urgencias":0,"parada_transporte":71,"rutas_servidas":219,"codigo":"R","nivel_cobertura":"muy_alta"},"geometry":{"type":"Polygon","coordinates":[[[114.178819,22.372983],[114.179478,22.377698],[114.175471,22.380863],[114.170806,22.379314],[114.170147,22.374599],[114.174154,22.371433],[114.178819,22.372983]]]}},{"type":"Feature","properties":{"h3":"88411c84c1fffff","estacion_meteorologica":0,"hospital_urgencias":0,"parada_transporte":104,"rutas_servidas":360,"codigo":"H","nivel_cobertura":"muy_alta"},"geometry":{"type":"Polygon","coordinates":[[[114.200878,22.339845],[114.201537,22.34456],[114.197532,22.347726],[114.192868,22.346176],[114.192209,22.34146],[114.196214,22.338295],[114.200878,22.339845]]]}},{"type":"Feature","properties":{"h3":"88411c84c3fffff","estacion_meteorologica":0,"hospital_urgencias":0,"parada_transporte":75,"rutas_servidas":315,"codigo":"H","nivel_cobertura":"muy_alta"},"geometry":{"type":"Polygon","coordinates":[[[114.192209,22.34146],[114.192868,22.346176],[114.188862,22.349341],[114.184198,22.347791],[114.183539,22.343076],[114.187545,22.33991],[114.192209,22.34146]]]}},{"type":"Feature","properties":{"h3":"88411c84c5fffff","estacion_meteorologica":0,"hospital_urgencias":0,"parada_transporte":80,"rutas_servidas":249,"codigo":"H","nivel_cobertura":"muy_alta"},"geometry":{"type":"Polygon","coordinates":[[[114.2062,22.34611],[114.206859,22.350825],[114.202854,22.35399],[114.19819,22.352441],[114.197532,22.347726],[114.201537,22.34456],[114.2062,22.34611]]]}},{"type":"Feature","properties":{"h3":"88411c84c7fffff","estacion_meteorologica":0,"hospital_urgencias":0,"parada_transporte":8,"rutas_servidas":12,"codigo":"H","nivel_cobertura":"alta"},"geometry":{"type":"Polygon","coordinates":[[[114.197532,22.347726],[114.19819,22.352441],[114.194185,22.355606],[114.189521,22.354057],[114.188862,22.349341],[114.192868,22.346176],[114.197532,22.347726]]]}},{"type":"Feature","properties":{"h3":"88411c84c9fffff","estacion_meteorologica":0,"hospital_urgencias":0,"parada_transporte":112,"rutas_servidas":394,"codigo":"H","nivel_cobertura":"muy_alta"},"geometry":{"type":"Polygon","coordinates":[[[114.204224,22.331964],[114.204883,22.336679],[114.200878,22.339845],[114.196214,22.338295],[114.195556,22.333579],[114.199561,22.330414],[114.204224,22.331964]]]}},{"type":"Feature","properties":{"h3":"88411c84cbfffff","estacion_meteorologica":0,"hospital_urgencias":0,"parada_transporte":83,"rutas_servidas":219,"codigo":"H","nivel_cobertura":"muy_alta"},"geometry":{"type":"Polygon","coordinates":[[[114.195556,22.333579],[114.196214,22.338295],[114.192209,22.34146],[114.187545,22.33991],[114.186887,22.335194],[114.190892,22.332029],[114.195556,22.333579]]]}},{"type":"Feature","properties":{"h3":"88411c84cdfffff","estacion_meteorologica":1,"hospital_urgencias":0,"parada_transporte":81,"rutas_servidas":295,"codigo":"H","nivel_cobertura":"muy_alta"},"geometry":{"type":"Polygon","coordinates":[[[114.209546,22.338229],[114.210205,22.342944],[114.2062,22.34611],[114.201537,22.34456],[114.200878,22.339845],[114.204883,22.336679],[114.209546,22.338229]]]}},{"type":"Feature","properties":{"h3":"88411c84d1fffff","estacion_meteorologica":0,"hospital_urgencias":0,"parada_transporte":35,"rutas_servidas":153,"codigo":"F","nivel_cobertura":"muy_alta"},"geometry":{"type":"Polygon","coordinates":[[[114.178217,22.336809],[114.178875,22.341525],[114.174869,22.34469],[114.170204,22.34314],[114.169546,22.338423],[114.173552,22.335258],[114.178217,22.336809]]]}},{"type":"Feature","properties":{"h3":"88411c84d3fffff","estacion_meteorologica":0,"hospital_urgencias":0,"parada_transporte":25,"rutas_servidas":145,"codigo":"F","nivel_cobertura":"alta"},"geometry":{"type":"Polygon","coordinates":[[[114.169546,22.338423],[114.170204,22.34314],[114.166197,22.346305],[114.161532,22.344754],[114.160874,22.340038],[114.164881,22.336872],[114.169546,22.338423]]]}},{"type":"Feature","properties":{"h3":"88411c84d5fffff","estacion_meteorologica":0,"hospital_urgencias":0,"parada_transporte":9,"rutas_servidas":32,"codigo":"G","nivel_cobertura":"alta"},"geometry":{"type":"Polygon","coordinates":[[[114.183539,22.343076],[114.184198,22.347791],[114.180192,22.350957],[114.175527,22.349406],[114.174869,22.34469],[114.178875,22.341525],[114.183539,22.343076]]]}},{"type":"Feature","properties":{"h3":"88411c84d9fffff","estacion_meteorologica":0,"hospital_urgencias":0,"parada_transporte":57,"rutas_servidas":192,"codigo":"G","nivel_cobertura":"muy_alta"},"geometry":{"type":"Polygon","coordinates":[[[114.181564,22.328927],[114.182223,22.333644],[114.178217,22.336809],[114.173552,22.335258],[114.172894,22.330542],[114.1769,22.327376],[114.181564,22.328927]]]}},{"type":"Feature","properties":{"h3":"88411c84dbfffff","estacion_meteorologica":0,"hospital_urgencias":0,"parada_transporte":96,"rutas_servidas":209,"codigo":"F","nivel_cobertura":"muy_alta"},"geometry":{"type":"Polygon","coordinates":[[[114.172894,22.330542],[114.173552,22.335258],[114.169546,22.338423],[114.164881,22.336872],[114.164223,22.332156],[114.168229,22.32899],[114.172894,22.330542]]]}},{"type":"Feature","properties":{"h3":"88411c84ddfffff","estacion_meteorologica":1,"hospital_urgencias":0,"parada_transporte":55,"rutas_servidas":142,"codigo":"G","nivel_cobertura":"muy_alta"},"geometry":{"type":"Polygon","coordinates":[[[114.186887,22.335194],[114.187545,22.33991],[114.183539,22.343076],[114.178875,22.341525],[114.178217,22.336809],[114.182223,22.333644],[114.186887,22.335194]]]}},{"type":"Feature","properties":{"h3":"88411c84e7fffff","estacion_meteorologica":0,"hospital_urgencias":0,"parada_transporte":25,"rutas_servidas":67,"codigo":"R","nivel_cobertura":"alta"},"geometry":{"type":"Polygon","coordinates":[[[114.20483,22.368134],[114.205488,22.372848],[114.201483,22.376014],[114.196819,22.374465],[114.19616,22.369751],[114.200166,22.366585],[114.20483,22.368134]]]}},{"type":"Feature","properties":{"h3":"88411c8501fffff","estacion_meteorologica":0,"hospital_urgencias":0,"parada_transporte":2,"rutas_servidas":10,"codigo":"Q","nivel_cobertura":"baja"},"geometry":{"type":"Polygon","coordinates":[[[114.283428,22.389718],[114.284087,22.394429],[114.280086,22.397595],[114.275425,22.39605],[114.274766,22.391339],[114.278767,22.388173],[114.283428,22.389718]]]}},{"type":"Feature","properties":{"h3":"88411c8505fffff","estacion_meteorologica":0,"hospital_urgencias":0,"parada_transporte":12,"rutas_servidas":48,"codigo":"Q","nivel_cobertura":"alta"},"geometry":{"type":"Polygon","coordinates":[[[114.288748,22.395974],[114.289408,22.400684],[114.285406,22.40385],[114.280746,22.402306],[114.280086,22.397595],[114.284087,22.394429],[114.288748,22.395974]]]}},{"type":"Feature","properties":{"h3":"88411c850bfffff","estacion_meteorologica":0,"hospital_urgencias":0,"parada_transporte":19,"rutas_servidas":37,"codigo":"Q","nivel_cobertura":"alta"},"geometry":{"type":"Polygon","coordinates":[[[114.278108,22.383461],[114.278767,22.388173],[114.274766,22.391339],[114.270105,22.389793],[114.269445,22.385082],[114.273447,22.381916],[114.278108,22.383461]]]}},{"type":"Feature","properties":{"h3":"88411c850dfffff","estacion_meteorologica":0,"hospital_urgencias":0,"parada_transporte":2,"rutas_servidas":10,"codigo":"Q","nivel_cobertura":"baja"},"geometry":{"type":"Polygon","coordinates":[[[114.292089,22.388097],[114.292749,22.392808],[114.288748,22.395974],[114.284087,22.394429],[114.283428,22.389718],[114.287429,22.386552],[114.292089,22.388097]]]}},{"type":"Feature","properties":{"h3":"88411c8519fffff","estacion_meteorologica":0,"hospital_urgencias":0,"parada_transporte":3,"rutas_servidas":3,"codigo":"Q","nivel_cobertura":"media"},"geometry":{"type":"Polygon","coordinates":[[[114.264125,22.378824],[114.264784,22.383536],[114.260782,22.386702],[114.25612,22.385156],[114.255461,22.380444],[114.259463,22.377278],[114.264125,22.378824]]]}},{"type":"Feature","properties":{"h3":"88411c851dfffff","estacion_meteorologica":0,"hospital_urgencias":0,"parada_transporte":1,"rutas_servidas":1,"codigo":"Q","nivel_cobertura":"baja"},"geometry":{"type":"Polygon","coordinates":[[[114.269445,22.385082],[114.270105,22.389793],[114.266103,22.392959],[114.261441,22.391414],[114.260782,22.386702],[114.264784,22.383536],[114.269445,22.385082]]]}},{"type":"Feature","properties":{"h3":"88411c852bfffff","estacion_meteorologica":0,"hospital_urgencias":0,"parada_transporte":4,"rutas_servidas":9,"codigo":"P","nivel_cobertura":"media"},"geometry":{"type":"Polygon","coordinates":[[[114.285406,22.40385],[114.286066,22.408561],[114.282065,22.411727],[114.277403,22.410183],[114.276744,22.405472],[114.280746,22.402306],[114.285406,22.40385]]]}},{"type":"Feature","properties":{"h3":"88411c8535fffff","estacion_meteorologica":0,"hospital_urgencias":0,"parada_transporte":8,"rutas_servidas":28,"codigo":"P","nivel_cobertura":"alta"},"geometry":{"type":"Polygon","coordinates":[[[114.273402,22.413349],[114.274061,22.418059],[114.270059,22.421225],[114.265397,22.419681],[114.264738,22.41497],[114.26874,22.411804],[114.273402,22.413349]]]}},{"type":"Feature","properties":{"h3":"88411c853dfffff","estacion_meteorologica":0,"hospital_urgencias":0,"parada_transporte":4,"rutas_servidas":24,"codigo":"P","nivel_cobertura":"media"},"geometry":{"type":"Polygon","coordinates":[[[114.276744,22.405472],[114.277403,22.410183],[114.273402,22.413349],[114.26874,22.411804],[114.268081,22.407093],[114.272083,22.403927],[114.276744,22.405472]]]}},{"type":"Feature","properties":{"h3":"88411c8551fffff","estacion_meteorologica":1,"hospital_urgencias":0,"parada_transporte":2,"rutas_servidas":3,"codigo":"Q","nivel_cobertura":"baja"},"geometry":{"type":"Polygon","coordinates":[[[114.27613,22.369326],[114.276789,22.374038],[114.272788,22.377204],[114.268127,22.375658],[114.267467,22.370946],[114.271469,22.36778],[114.27613,22.369326]]]}},{"type":"Feature","properties":{"h3":"88411c8553fffff","estacion_meteorologica":0,"hospital_urgencias":0,"parada_transporte":10,"rutas_servidas":16,"codigo":"Q","nivel_cobertura":"alta"},"geometry":{"type":"Polygon","coordinates":[[[114.267467,22.370946],[114.268127,22.375658],[114.264125,22.378824],[114.259463,22.377278],[114.258804,22.372565],[114.262806,22.369399],[114.267467,22.370946]]]}},{"type":"Feature","properties":{"h3":"88411c8555fffff","estacion_meteorologica":0,"hospital_urgencias":0,"parada_transporte":4,"rutas_servidas":12,"codigo":"Q","nivel_cobertura":"media"},"geometry":{"type":"Polygon","coordinates":[[[114.28145,22.375584],[114.282109,22.380295],[114.278108,22.383461],[114.273447,22.381916],[114.272788,22.377204],[114.276789,22.374038],[114.28145,22.375584]]]}},{"type":"Feature","properties":{"h3":"88411c8557fffff","estacion_meteorologica":0,"hospital_urgencias":0,"parada_transporte":21,"rutas_servidas":37,"codigo":"Q","nivel_cobertura":"alta"},"geometry":{"type":"Polygon","coordinates":[[[114.272788,22.377204],[114.273447,22.381916],[114.269445,22.385082],[114.264784,22.383536],[114.264125,22.378824],[114.268127,22.375658],[114.272788,22.377204]]]}},{"type":"Feature","properties":{"h3":"88411c8569fffff","estacion_meteorologica":0,"hospital_urgencias":0,"parada_transporte":5,"rutas_servidas":17,"codigo":"Q","nivel_cobertura":"media"},"geometry":{"type":"Polygon","coordinates":[[[114.309409,22.384853],[114.310069,22.389564],[114.306069,22.39273],[114.301409,22.391186],[114.30075,22.386475],[114.30475,22.383309],[114.309409,22.384853]]]}},{"type":"Feature","properties":{"h3":"88411c856bfffff","estacion_meteorologica":0,"hospital_urgencias":0,"parada_transporte":10,"rutas_servidas":42,"codigo":"Q","nivel_cobertura":"alta"},"geometry":{"type":"Polygon","coordinates":[[[114.30075,22.386475],[114.301409,22.391186],[114.297409,22.394352],[114.292749,22.392808],[114.292089,22.388097],[114.29609,22.38493],[114.30075,22.386475]]]}},{"type":"Feature","properties":{"h3":"88411c856dfffff","estacion_meteorologica":0,"hospital_urgencias":0,"parada_transporte":2,"rutas_servidas":10,"codigo":"Q","nivel_cobertura":"baja"},"geometry":{"type":"Polygon","coordinates":[[[114.314728,22.391108],[114.315388,22.395818],[114.311389,22.398984],[114.306729,22.39744],[114.306069,22.39273],[114.310069,22.389564],[114.314728,22.391108]]]}},{"type":"Feature","properties":{"h3":"88411c8581fffff","estacion_meteorologica":0,"hospital_urgencias":0,"parada_transporte":26,"rutas_servidas":140,"codigo":"R","nivel_cobertura":"alta"},"geometry":{"type":"Polygon","coordinates":[[[114.222773,22.401057],[114.223432,22.40577],[114.219428,22.408935],[114.214764,22.407389],[114.214105,22.402676],[114.21811,22.399511],[114.222773,22.401057]]]}},{"type":"Feature","properties":{"h3":"88411c8583fffff","estacion_meteorologica":1,"hospital_urgencias":0,"parada_transporte":11,"rutas_servidas":29,"codigo":"R","nivel_cobertura":"alta"},"geometry":{"type":"Polygon","coordinates":[[[114.214105,22.402676],[114.214764,22.407389],[114.210759,22.410554],[114.206094,22.409007],[114.205436,22.404294],[114.209441,22.401129],[114.214105,22.402676]]]}},{"type":"Feature","properties":{"h3":"88411c8585fffff","estacion_meteorologica":0,"hospital_urgencias":0,"parada_transporte":45,"rutas_servidas":186,"codigo":"R","nivel_cobertura":"muy_alta"},"geometry":{"type":"Polygon","coordinates":[[[114.228096,22.407316],[114.228755,22.412028],[114.22475,22.415194],[114.220087,22.413648],[114.219428,22.408935],[114.223432,22.40577],[114.228096,22.407316]]]}},{"type":"Feature","properties":{"h3":"88411c8587fffff","estacion_meteorologica":0,"hospital_urgencias":0,"parada_transporte":9,"rutas_servidas":55,"codigo":"R","nivel_cobertura":"alta"},"geometry":{"type":"Polygon","coordinates":[[[114.219428,22.408935],[114.220087,22.413648],[114.216082,22.416813],[114.211417,22.415267],[114.210759,22.410554],[114.214764,22.407389],[114.219428,22.408935]]]}},{"type":"Feature","properties":{"h3":"88411c8589fffff","estacion_meteorologica":0,"hospital_urgencias":0,"parada_transporte":2,"rutas_servidas":2,"codigo":"R","nivel_cobertura":"baja"},"geometry":{"type":"Polygon","coordinates":[[[114.226119,22.393179],[114.226778,22.397892],[114.222773,22.401057],[114.21811,22.399511],[114.217451,22.394798],[114.221456,22.391632],[114.226119,22.393179]]]}},{"type":"Feature","properties":{"h3":"88411c858bfffff","estacion_meteorologica":0,"hospital_urgencias":0,"parada_transporte":19,"rutas_servidas":98,"codigo":"R","nivel_cobertura":"alta"},"geometry":{"type":"Polygon","coordinates":[[[114.217451,22.394798],[114.21811,22.399511],[114.214105,22.402676],[114.209441,22.401129],[114.208782,22.396416],[114.212787,22.39325],[114.217451,22.394798]]]}},{"type":"Feature","properties":{"h3":"88411c858dfffff","estacion_meteorologica":0,"hospital_urgencias":0,"parada_transporte":10,"rutas_servidas":25,"codigo":"R","nivel_cobertura":"alta"},"geometry":{"type":"Polygon","coordinates":[[[114.231441,22.399439],[114.2321,22.404151],[114.228096,22.407316],[114.223432,22.40577],[114.222773,22.401057],[114.226778,22.397892],[114.231441,22.399439]]]}},{"type":"Feature","properties":{"h3":"88411c8591fffff","estacion_meteorologica":0,"hospital_urgencias":0,"parada_transporte":16,"rutas_servidas":33,"codigo":"R","nivel_cobertura":"alta"},"geometry":{"type":"Polygon","coordinates":[[[114.200112,22.398034],[114.200771,22.402747],[114.196765,22.405912],[114.1921,22.404365],[114.191442,22.399651],[114.195448,22.396486],[114.200112,22.398034]]]}},{"type":"Feature","properties":{"h3":"88411c8593fffff","estacion_meteorologica":0,"hospital_urgencias":0,"parada_transporte":9,"rutas_servidas":16,"codigo":"R","nivel_cobertura":"alta"},"geometry":{"type":"Polygon","coordinates":[[[114.191442,22.399651],[114.1921,22.404365],[114.188094,22.40753],[114.183429,22.405982],[114.18277,22.401268],[114.186777,22.398103],[114.191442,22.399651]]]}},{"type":"Feature","properties":{"h3":"88411c8595fffff","estacion_meteorologica":0,"hospital_urgencias":0,"parada_transporte":1,"rutas_servidas":1,"codigo":"R","nivel_cobertura":"baja"},"geometry":{"type":"Polygon","coordinates":[[[114.205436,22.404294],[114.206094,22.409007],[114.202089,22.412173],[114.197424,22.410625],[114.196765,22.405912],[114.200771,22.402747],[114.205436,22.404294]]]}},{"type":"Feature","properties":{"h3":"88411c8599fffff","estacion_meteorologica":0,"hospital_urgencias":0,"parada_transporte":23,"rutas_servidas":62,"codigo":"R","nivel_cobertura":"alta"},"geometry":{"type":"Polygon","coordinates":[[[114.203459,22.390155],[114.204118,22.394868],[114.200112,22.398034],[114.195448,22.396486],[114.194789,22.391772],[114.198795,22.388607],[114.203459,22.390155]]]}},{"type":"Feature","properties":{"h3":"88411c859bfffff","estacion_meteorologica":0,"hospital_urgencias":0,"parada_transporte":35,"rutas_servidas":67,"codigo":"R","nivel_cobertura":"muy_alta"},"geometry":{"type":"Polygon","coordinates":[[[114.194789,22.391772],[114.195448,22.396486],[114.191442,22.399651],[114.186777,22.398103],[114.186118,22.393389],[114.190125,22.390224],[114.194789,22.391772]]]}},{"type":"Feature","properties":{"h3":"88411c859dfffff","estacion_meteorologica":0,"hospital_urgencias":0,"parada_transporte":20,"rutas_servidas":33,"codigo":"R","nivel_cobertura":"alta"},"geometry":{"type":"Polygon","coordinates":[[[114.208782,22.396416],[114.209441,22.401129],[114.205436,22.404294],[114.200771,22.402747],[114.200112,22.398034],[114.204118,22.394868],[114.208782,22.396416]]]}},{"type":"Feature","properties":{"h3":"88411c85a1fffff","estacion_meteorologica":0,"hospital_urgencias":0,"parada_transporte":36,"rutas_servidas":177,"codigo":"R","nivel_cobertura":"muy_alta"},"geometry":{"type":"Polygon","coordinates":[[[114.230073,22.421452],[114.230732,22.426163],[114.226727,22.429329],[114.222063,22.427783],[114.221404,22.423071],[114.225409,22.419906],[114.230073,22.421452]]]}},{"type":"Feature","properties":{"h3":"88411c85a9fffff","estacion_meteorologica":0,"hospital_urgencias":0,"parada_transporte":62,"rutas_servidas":192,"codigo":"R","nivel_cobertura":"muy_alta"},"geometry":{"type":"Polygon","coordinates":[[[114.233418,22.413574],[114.234077,22.418286],[114.230073,22.421452],[114.225409,22.419906],[114.22475,22.415194],[114.228755,22.412028],[114.233418,22.413574]]]}},{"type":"Feature","properties":{"h3":"88411c85abfffff","estacion_meteorologica":0,"hospital_urgencias":0,"parada_transporte":3,"rutas_servidas":3,"codigo":"R","nivel_cobertura":"media"},"geometry":{"type":"Polygon","coordinates":[[[114.22475,22.415194],[114.225409,22.419906],[114.221404,22.423071],[114.21674,22.421525],[114.216082,22.416813],[114.220087,22.413648],[114.22475,22.415194]]]}},{"type":"Feature","properties":{"h3":"88411c85adfffff","estacion_meteorologica":0,"hospital_urgencias":0,"parada_transporte":65,"rutas_servidas":260,"codigo":"R","nivel_cobertura":"muy_alta"},"geometry":{"type":"Polygon","coordinates":[[[114.23874,22.419832],[114.2394,22.424543],[114.235395,22.427709],[114.230732,22.426163],[114.230073,22.421452],[114.234077,22.418286],[114.23874,22.419832]]]}},{"type":"Feature","properties":{"h3":"88411c85b1fffff","estacion_meteorologica":0,"hospital_urgencias":0,"parada_transporte":6,"rutas_servidas":18,"codigo":"R","nivel_cobertura":"media"},"geometry":{"type":"Polygon","coordinates":[[[114.207412,22.418432],[114.208071,22.423144],[114.204065,22.42631],[114.1994,22.424763],[114.198741,22.42005],[114.202747,22.416885],[114.207412,22.418432]]]}},{"type":"Feature","properties":{"h3":"88411c85b3fffff","estacion_meteorologica":0,"hospital_urgencias":0,"parada_transporte":6,"rutas_servidas":22,"codigo":"P","nivel_cobertura":"media"},"geometry":{"type":"Polygon","coordinates":[[[114.198741,22.42005],[114.1994,22.424763],[114.195394,22.427928],[114.190729,22.426381],[114.19007,22.421669],[114.194076,22.418503],[114.198741,22.42005]]]}},{"type":"Feature","properties":{"h3":"88411c85b5fffff","estacion_meteorologica":0,"hospital_urgencias":0,"parada_transporte":43,"rutas_servidas":135,"codigo":"R","nivel_cobertura":"muy_alta"},"geometry":{"type":"Polygon","coordinates":[[[114.212735,22.424691],[114.213394,22.429402],[114.209388,22.432568],[114.204724,22.431021],[114.204065,22.42631],[114.208071,22.423144],[114.212735,22.424691]]]}},{"type":"Feature","properties":{"h3":"88411c85b7fffff","estacion_meteorologica":0,"hospital_urgencias":0,"parada_transporte":42,"rutas_servidas":154,"codigo":"P","nivel_cobertura":"muy_alta"},"geometry":{"type":"Polygon","coordinates":[[[114.204065,22.42631],[114.204724,22.431021],[114.200718,22.434187],[114.196053,22.43264],[114.195394,22.427928],[114.1994,22.424763],[114.204065,22.42631]]]}},{"type":"Feature","properties":{"h3":"88411c85b9fffff","estacion_meteorologica":0,"hospital_urgencias":0,"parada_transporte":15,"rutas_servidas":40,"codigo":"R","nivel_cobertura":"alta"},"geometry":{"type":"Polygon","coordinates":[[[114.210759,22.410554],[114.211417,22.415267],[114.207412,22.418432],[114.202747,22.416885],[114.202089,22.412173],[114.206094,22.409007],[114.210759,22.410554]]]}},{"type":"Feature","properties":{"h3":"88411c85bbfffff","estacion_meteorologica":0,"hospital_urgencias":0,"parada_transporte":8,"rutas_servidas":8,"codigo":"R","nivel_cobertura":"alta"},"geometry":{"type":"Polygon","coordinates":[[[114.202089,22.412173],[114.202747,22.416885],[114.198741,22.42005],[114.194076,22.418503],[114.193418,22.413791],[114.197424,22.410625],[114.202089,22.412173]]]}},{"type":"Feature","properties":{"h3":"88411c85bdfffff","estacion_meteorologica":0,"hospital_urgencias":0,"parada_transporte":36,"rutas_servidas":193,"codigo":"R","nivel_cobertura":"muy_alta"},"geometry":{"type":"Polygon","coordinates":[[[114.216082,22.416813],[114.21674,22.421525],[114.212735,22.424691],[114.208071,22.423144],[114.207412,22.418432],[114.211417,22.415267],[114.216082,22.416813]]]}},{"type":"Feature","properties":{"h3":"88411c85d1fffff","estacion_meteorologica":0,"hospital_urgencias":0,"parada_transporte":53,"rutas_servidas":210,"codigo":"R","nivel_cobertura":"muy_alta"},"geometry":{"type":"Polygon","coordinates":[[[114.215474,22.380658],[114.216133,22.385372],[114.212128,22.388537],[114.207465,22.386989],[114.206806,22.382276],[114.210811,22.37911],[114.215474,22.380658]]]}},{"type":"Feature","properties":{"h3":"88411c85d3fffff","estacion_meteorologica":0,"hospital_urgencias":0,"parada_transporte":98,"rutas_servidas":374,"codigo":"R","nivel_cobertura":"muy_alta"},"geometry":{"type":"Polygon","coordinates":[[[114.206806,22.382276],[114.207465,22.386989],[114.203459,22.390155],[114.198795,22.388607],[114.198136,22.383893],[114.202142,22.380728],[114.206806,22.382276]]]}},{"type":"Feature","properties":{"h3":"88411c85d7fffff","estacion_meteorologica":0,"hospital_urgencias":0,"parada_transporte":29,"rutas_servidas":115,"codigo":"R","nivel_cobertura":"muy_alta"},"geometry":{"type":"Polygon","coordinates":[[[114.212128,22.388537],[114.212787,22.39325],[114.208782,22.396416],[114.204118,22.394868],[114.203459,22.390155],[114.207465,22.386989],[114.212128,22.388537]]]}},{"type":"Feature","properties":{"h3":"88411c85d9fffff","estacion_meteorologica":0,"hospital_urgencias":0,"parada_transporte":9,"rutas_servidas":143,"codigo":"R","nivel_cobertura":"alta"},"geometry":{"type":"Polygon","coordinates":[[[114.21882,22.372779],[114.219479,22.377493],[114.215474,22.380658],[114.210811,22.37911],[114.210152,22.374397],[114.214157,22.371231],[114.21882,22.372779]]]}},{"type":"Feature","properties":{"h3":"88411c85dbfffff","estacion_meteorologica":0,"hospital_urgencias":0,"parada_transporte":27,"rutas_servidas":92,"codigo":"R","nivel_cobertura":"alta"},"geometry":{"type":"Polygon","coordinates":[[[114.210152,22.374397],[114.210811,22.37911],[114.206806,22.382276],[114.202142,22.380728],[114.201483,22.376014],[114.205488,22.372848],[114.210152,22.374397]]]}},{"type":"Feature","properties":{"h3":"88411c85ddfffff","estacion_meteorologica":0,"hospital_urgencias":0,"parada_transporte":15,"rutas_servidas":36,"codigo":"R","nivel_cobertura":"alta"},"geometry":{"type":"Polygon","coordinates":[[[114.224142,22.37904],[114.224801,22.383754],[114.220797,22.386919],[114.216133,22.385372],[114.215474,22.380658],[114.219479,22.377493],[114.224142,22.37904]]]}},{"type":"Feature","properties":{"h3":"88411c8601fffff","estacion_meteorologica":0,"hospital_urgencias":0,"parada_transporte":5,"rutas_servidas":23,"codigo":"Q","nivel_cobertura":"media"},"geometry":{"type":"Polygon","coordinates":[[[114.269583,22.29074],[114.270242,22.295455],[114.266241,22.298621],[114.261581,22.297072],[114.260922,22.292357],[114.264923,22.289191],[114.269583,22.29074]]]}},{"type":"Feature","properties":{"h3":"88411c8605fffff","estacion_meteorologica":0,"hospital_urgencias":0,"parada_transporte":16,"rutas_servidas":117,"codigo":"Q","nivel_cobertura":"alta"},"geometry":{"type":"Polygon","coordinates":[[[114.274902,22.297004],[114.275561,22.301719],[114.27156,22.304885],[114.2669,22.303336],[114.266241,22.298621],[114.270242,22.295455],[114.274902,22.297004]]]}},{"type":"Feature","properties":{"h3":"88411c8607fffff","estacion_meteorologica":0,"hospital_urgencias":0,"parada_transporte":11,"rutas_servidas":27,"codigo":"Q","nivel_cobertura":"alta"},"geometry":{"type":"Polygon","coordinates":[[[114.266241,22.298621],[114.2669,22.303336],[114.262899,22.306503],[114.258239,22.304954],[114.25758,22.300238],[114.261581,22.297072],[114.266241,22.298621]]]}},{"type":"Feature","properties":{"h3":"88411c8609fffff","estacion_meteorologica":0,"hospital_urgencias":0,"parada_transporte":11,"rutas_servidas":37,"codigo":"Q","nivel_cobertura":"alta"},"geometry":{"type":"Polygon","coordinates":[[[114.272924,22.282858],[114.273583,22.287574],[114.269583,22.29074],[114.264923,22.289191],[114.264264,22.284475],[114.268265,22.281309],[114.272924,22.282858]]]}},{"type":"Feature","properties":{"h3":"88411c860dfffff","estacion_meteorologica":0,"hospital_urgencias":0,"parada_transporte":18,"rutas_servidas":78,"codigo":"Q","nivel_cobertura":"alta"},"geometry":{"type":"Polygon","coordinates":[[[114.278243,22.289123],[114.278902,22.293838],[114.274902,22.297004],[114.270242,22.295455],[114.269583,22.29074],[114.273583,22.287574],[114.278243,22.289123]]]}},{"type":"Feature","properties":{"h3":"88411c8611fffff","estacion_meteorologica":0,"hospital_urgencias":0,"parada_transporte":1,"rutas_servidas":1,"codigo":"Q","nivel_cobertura":"baja"},"geometry":{"type":"Polygon","coordinates":[[[114.246941,22.287708],[114.2476,22.292424],[114.243598,22.29559],[114.238937,22.29404],[114.238278,22.289324],[114.242281,22.286158],[114.246941,22.287708]]]}},{"type":"Feature","properties":{"h3":"88411c8613fffff","estacion_meteorologica":0,"hospital_urgencias":0,"parada_transporte":14,"rutas_servidas":22,"codigo":"J","nivel_cobertura":"alta"},"geometry":{"type":"Polygon","coordinates":[[[114.238278,22.289324],[114.238937,22.29404],[114.234935,22.297206],[114.230274,22.295655],[114.229615,22.290939],[114.233617,22.287773],[114.238278,22.289324]]]}},{"type":"Feature","properties":{"h3":"88411c8617fffff","estacion_meteorologica":0,"hospital_urgencias":0,"parada_transporte":83,"rutas_servidas":324,"codigo":"J","nivel_cobertura":"muy_alta"},"geometry":{"type":"Polygon","coordinates":[[[114.243598,22.29559],[114.244257,22.300306],[114.240255,22.303472],[114.235594,22.301922],[114.234935,22.297206],[114.238937,22.29404],[114.243598,22.29559]]]}},{"type":"Feature","properties":{"h3":"88411c861bfffff","estacion_meteorologica":1,"hospital_urgencias":0,"parada_transporte":1,"rutas_servidas":6,"codigo":"C","nivel_cobertura":"baja"},"geometry":{"type":"Polygon","coordinates":[[[114.241622,22.281441],[114.242281,22.286158],[114.238278,22.289324],[114.233617,22.287773],[114.232959,22.283056],[114.236961,22.279891],[114.241622,22.281441]]]}},{"type":"Feature","properties":{"h3":"88411c8621fffff","estacion_meteorologica":0,"hospital_urgencias":0,"parada_transporte":18,"rutas_servidas":46,"codigo":"Q","nivel_cobertura":"alta"},"geometry":{"type":"Polygon","coordinates":[[[114.276879,22.311148],[114.277538,22.315862],[114.273538,22.319028],[114.268878,22.31748],[114.268219,22.312766],[114.272219,22.3096],[114.276879,22.311148]]]}},{"type":"Feature","properties":{"h3":"88411c8623fffff","estacion_meteorologica":0,"hospital_urgencias":1,"parada_transporte":57,"rutas_servidas":295,"codigo":"Q","nivel_cobertura":"muy_alta"},"geometry":{"type":"Polygon","coordinates":[[[114.268219,22.312766],[114.268878,22.31748],[114.264877,22.320646],[114.260216,22.319098],[114.259557,22.314383],[114.263558,22.311217],[114.268219,22.312766]]]}},{"type":"Feature","properties":{"h3":"88411c8627fffff","estacion_meteorologica":0,"hospital_urgencias":0,"parada_transporte":38,"rutas_servidas":97,"codigo":"Q","nivel_cobertura":"muy_alta"},"geometry":{"type":"Polygon","coordinates":[[[114.273538,22.319028],[114.274197,22.323742],[114.270196,22.326909],[114.265536,22.325361],[114.264877,22.320646],[114.268878,22.31748],[114.273538,22.319028]]]}},{"type":"Feature","properties":{"h3":"88411c8629fffff","estacion_meteorologica":0,"hospital_urgencias":0,"parada_transporte":11,"rutas_servidas":29,"codigo":"Q","nivel_cobertura":"alta"},"geometry":{"type":"Polygon","coordinates":[[[114.28022,22.303267],[114.280879,22.307982],[114.276879,22.311148],[114.272219,22.3096],[114.27156,22.304885],[114.275561,22.301719],[114.28022,22.303267]]]}},{"type":"Feature","properties":{"h3":"88411c862bfffff","estacion_meteorologica":0,"hospital_urgencias":0,"parada_transporte":12,"rutas_servidas":66,"codigo":"Q","nivel_cobertura":"alta"},"geometry":{"type":"Polygon","coordinates":[[[114.27156,22.304885],[114.272219,22.3096],[114.268219,22.312766],[114.263558,22.311217],[114.262899,22.306503],[114.2669,22.303336],[114.27156,22.304885]]]}},{"type":"Feature","properties":{"h3":"88411c862dfffff","estacion_meteorologica":0,"hospital_urgencias":0,"parada_transporte":15,"rutas_servidas":26,"codigo":"Q","nivel_cobertura":"alta"},"geometry":{"type":"Polygon","coordinates":[[[114.285539,22.30953],[114.286198,22.314244],[114.282198,22.31741],[114.277538,22.315862],[114.276879,22.311148],[114.280879,22.307982],[114.285539,22.30953]]]}},{"type":"Feature","properties":{"h3":"88411c8631fffff","estacion_meteorologica":0,"hospital_urgencias":0,"parada_transporte":5,"rutas_servidas":17,"codigo":"Q","nivel_cobertura":"media"},"geometry":{"type":"Polygon","coordinates":[[[114.254238,22.30812],[114.254897,22.312835],[114.250895,22.316001],[114.246234,22.314452],[114.245575,22.309737],[114.249577,22.306571],[114.254238,22.30812]]]}},{"type":"Feature","properties":{"h3":"88411c8633fffff","estacion_meteorologica":0,"hospital_urgencias":0,"parada_transporte":38,"rutas_servidas":170,"codigo":"J","nivel_cobertura":"muy_alta"},"geometry":{"type":"Polygon","coordinates":[[[114.245575,22.309737],[114.246234,22.314452],[114.242232,22.317618],[114.23757,22.316068],[114.236911,22.311353],[114.240914,22.308187],[114.245575,22.309737]]]}},{"type":"Feature","properties":{"h3":"88411c8635fffff","estacion_meteorologica":1,"hospital_urgencias":0,"parada_transporte":43,"rutas_servidas":155,"codigo":"Q","nivel_cobertura":"muy_alta"},"geometry":{"type":"Polygon","coordinates":[[[114.259557,22.314383],[114.260216,22.319098],[114.256215,22.322264],[114.251554,22.320716],[114.250895,22.316001],[114.254897,22.312835],[114.259557,22.314383]]]}},{"type":"Feature","properties":{"h3":"88411c8637fffff","estacion_meteorologica":0,"hospital_urgencias":0,"parada_transporte":20,"rutas_servidas":99,"codigo":"Q","nivel_cobertura":"alta"},"geometry":{"type":"Polygon","coordinates":[[[114.250895,22.316001],[114.251554,22.320716],[114.247552,22.323882],[114.242891,22.322333],[114.242232,22.317618],[114.246234,22.314452],[114.250895,22.316001]]]}},{"type":"Feature","properties":{"h3":"88411c8639fffff","estacion_meteorologica":0,"hospital_urgencias":0,"parada_transporte":26,"rutas_servidas":81,"codigo":"Q","nivel_cobertura":"alta"},"geometry":{"type":"Polygon","coordinates":[[[114.25758,22.300238],[114.258239,22.304954],[114.254238,22.30812],[114.249577,22.306571],[114.248918,22.301855],[114.25292,22.298689],[114.25758,22.300238]]]}},{"type":"Feature","properties":{"h3":"88411c863bfffff","estacion_meteorologica":0,"hospital_urgencias":0,"parada_transporte":4,"rutas_servidas":4,"codigo":"J","nivel_cobertura":"media"},"geometry":{"type":"Polygon","coordinates":[[[114.248918,22.301855],[114.249577,22.306571],[114.245575,22.309737],[114.240914,22.308187],[114.240255,22.303472],[114.244257,22.300306],[114.248918,22.301855]]]}},{"type":"Feature","properties":{"h3":"88411c863dfffff","estacion_meteorologica":0,"hospital_urgencias":0,"parada_transporte":72,"rutas_servidas":243,"codigo":"Q","nivel_cobertura":"muy_alta"},"geometry":{"type":"Polygon","coordinates":[[[114.262899,22.306503],[114.263558,22.311217],[114.259557,22.314383],[114.254897,22.312835],[114.254238,22.30812],[114.258239,22.304954],[114.262899,22.306503]]]}},{"type":"Feature","properties":{"h3":"88411c8643fffff","estacion_meteorologica":0,"hospital_urgencias":0,"parada_transporte":4,"rutas_servidas":13,"codigo":"Q","nivel_cobertura":"media"},"geometry":{"type":"Polygon","coordinates":[[[114.276265,22.274976],[114.276924,22.279692],[114.272924,22.282858],[114.268265,22.281309],[114.267606,22.276593],[114.271606,22.273427],[114.276265,22.274976]]]}},{"type":"Feature","properties":{"h3":"88411c8645fffff","estacion_meteorologica":0,"hospital_urgencias":0,"parada_transporte":4,"rutas_servidas":7,"codigo":"Q","nivel_cobertura":"media"},"geometry":{"type":"Polygon","coordinates":[[[114.290241,22.279624],[114.290901,22.284339],[114.286901,22.287505],[114.282242,22.285956],[114.281583,22.281241],[114.285583,22.278075],[114.290241,22.279624]]]}},{"type":"Feature","properties":{"h3":"88411c8647fffff","estacion_meteorologica":0,"hospital_urgencias":0,"parada_transporte":5,"rutas_servidas":15,"codigo":"Q","nivel_cobertura":"media"},"geometry":{"type":"Polygon","coordinates":[[[114.281583,22.281241],[114.282242,22.285956],[114.278243,22.289123],[114.273583,22.287574],[114.272924,22.282858],[114.276924,22.279692],[114.281583,22.281241]]]}},{"type":"Feature","properties":{"h3":"88411c8649fffff","estacion_meteorologica":1,"hospital_urgencias":0,"parada_transporte":0,"rutas_servidas":0,"codigo":"Q","nivel_cobertura":"baja"},"geometry":{"type":"Polygon","coordinates":[[[114.288264,22.265477],[114.288923,22.270193],[114.284924,22.273359],[114.280265,22.27181],[114.279606,22.267094],[114.283605,22.263928],[114.288264,22.265477]]]}},{"type":"Feature","properties":{"h3":"88411c864dfffff","estacion_meteorologica":0,"hospital_urgencias":0,"parada_transporte":4,"rutas_servidas":4,"codigo":"Q","nivel_cobertura":"media"},"geometry":{"type":"Polygon","coordinates":[[[114.293581,22.271742],[114.294241,22.276457],[114.290241,22.279624],[114.285583,22.278075],[114.284924,22.273359],[114.288923,22.270193],[114.293581,22.271742]]]}},{"type":"Feature","properties":{"h3":"88411c865bfffff","estacion_meteorologica":0,"hospital_urgencias":0,"parada_transporte":20,"rutas_servidas":77,"codigo":"C","nivel_cobertura":"alta"},"geometry":{"type":"Polygon","coordinates":[[[114.256968,22.26406],[114.257627,22.268777],[114.253626,22.271943],[114.248966,22.270392],[114.248307,22.265676],[114.252308,22.262509],[114.256968,22.26406]]]}},{"type":"Feature","properties":{"h3":"88411c8661fffff","estacion_meteorologica":0,"hospital_urgencias":0,"parada_transporte":13,"rutas_servidas":22,"codigo":"Q","nivel_cobertura":"alta"},"geometry":{"type":"Polygon","coordinates":[[[114.292219,22.293768],[114.292879,22.298483],[114.288879,22.301649],[114.28422,22.300101],[114.283561,22.295386],[114.287561,22.29222],[114.292219,22.293768]]]}},{"type":"Feature","properties":{"h3":"88411c8667fffff","estacion_meteorologica":1,"hospital_urgencias":0,"parada_transporte":10,"rutas_servidas":16,"codigo":"Q","nivel_cobertura":"alta"},"geometry":{"type":"Polygon","coordinates":[[[114.288879,22.301649],[114.289539,22.306363],[114.285539,22.30953],[114.280879,22.307982],[114.28022,22.303267],[114.28422,22.300101],[114.288879,22.301649]]]}},{"type":"Feature","properties":{"h3":"88411c8669fffff","estacion_meteorologica":0,"hospital_urgencias":0,"parada_transporte":4,"rutas_servidas":6,"codigo":"Q","nivel_cobertura":"media"},"geometry":{"type":"Polygon","coordinates":[[[114.295559,22.285887],[114.296219,22.290602],[114.292219,22.293768],[114.287561,22.29222],[114.286901,22.287505],[114.290901,22.284339],[114.295559,22.285887]]]}},{"type":"Feature","properties":{"h3":"88411c8683fffff","estacion_meteorologica":0,"hospital_urgencias":0,"parada_transporte":5,"rutas_servidas":10,"codigo":"G","nivel_cobertura":"media"},"geometry":{"type":"Polygon","coordinates":[[[114.200273,22.303666],[114.200931,22.308383],[114.196927,22.311549],[114.192264,22.309997],[114.191605,22.30528],[114.19561,22.302115],[114.200273,22.303666]]]}},{"type":"Feature","properties":{"h3":"88411c8685fffff","estacion_meteorologica":1,"hospital_urgencias":0,"parada_transporte":16,"rutas_servidas":45,"codigo":"G","nivel_cobertura":"alta"},"geometry":{"type":"Polygon","coordinates":[[[114.214261,22.308319],[114.214919,22.313035],[114.210916,22.316201],[114.206253,22.31465],[114.205594,22.309934],[114.209598,22.306768],[114.214261,22.308319]]]}},{"type":"Feature","properties":{"h3":"88411c8687fffff","estacion_meteorologica":0,"hospital_urgencias":0,"parada_transporte":3,"rutas_servidas":9,"codigo":"G","nivel_cobertura":"media"},"geometry":{"type":"Polygon","coordinates":[[[114.205594,22.309934],[114.206253,22.31465],[114.202248,22.317816],[114.197585,22.316265],[114.196927,22.311549],[114.200931,22.308383],[114.205594,22.309934]]]}},{"type":"Feature","properties":{"h3":"88411c868dfffff","estacion_meteorologica":1,"hospital_urgencias":0,"parada_transporte":3,"rutas_servidas":10,"codigo":"G","nivel_cobertura":"media"},"geometry":{"type":"Polygon","coordinates":[[[114.217606,22.300437],[114.218264,22.305153],[114.214261,22.308319],[114.209598,22.306768],[114.20894,22.302052],[114.212944,22.298886],[114.217606,22.300437]]]}},{"type":"Feature","properties":{"h3":"88411c8691fffff","estacion_meteorologica":0,"hospital_urgencias":0,"parada_transporte":61,"rutas_servidas":283,"codigo":"E","nivel_cobertura":"muy_alta"},"geometry":{"type":"Polygon","coordinates":[[[114.186283,22.299012],[114.186942,22.303729],[114.182936,22.306894],[114.178273,22.305343],[114.177614,22.300625],[114.18162,22.29746],[114.186283,22.299012]]]}},{"type":"Feature","properties":{"h3":"88411c8693fffff","estacion_meteorologica":1,"hospital_urgencias":0,"parada_transporte":99,"rutas_servidas":566,"codigo":"E","nivel_cobertura":"muy_alta"},"geometry":{"type":"Polygon","coordinates":[[[114.177614,22.300625],[114.178273,22.305343],[114.174267,22.308508],[114.169603,22.306956],[114.168944,22.302238],[114.17295,22.299073],[114.177614,22.300625]]]}},{"type":"Feature","properties":{"h3":"88411c8695fffff","estacion_meteorologica":0,"hospital_urgencias":0,"parada_transporte":119,"rutas_servidas":441,"codigo":"G","nivel_cobertura":"muy_alta"},"geometry":{"type":"Polygon","coordinates":[[[114.191605,22.30528],[114.192264,22.309997],[114.188258,22.313163],[114.183595,22.311612],[114.182936,22.306894],[114.186942,22.303729],[114.191605,22.30528]]]}},{"type":"Feature","properties":{"h3":"88411c8697fffff","estacion_meteorologica":0,"hospital_urgencias":0,"parada_transporte":51,"rutas_servidas":157,"codigo":"G","nivel_cobertura":"muy_alta"},"geometry":{"type":"Polygon","coordinates":[[[114.182936,22.306894],[114.183595,22.311612],[114.179589,22.314777],[114.174925,22.313225],[114.174267,22.308508],[114.178273,22.305343],[114.182936,22.306894]]]}},{"type":"Feature","properties":{"h3":"88411c869bfffff","estacion_meteorologica":0,"hospital_urgencias":0,"parada_transporte":47,"rutas_servidas":276,"codigo":"E","nivel_cobertura":"muy_alta"},"geometry":{"type":"Polygon","coordinates":[[[114.180962,22.292742],[114.18162,22.29746],[114.177614,22.300625],[114.17295,22.299073],[114.172292,22.294355],[114.176298,22.291189],[114.180962,22.292742]]]}},{"type":"Feature","properties":{"h3":"88411c869dfffff","estacion_meteorologica":0,"hospital_urgencias":0,"parada_transporte":20,"rutas_servidas":33,"codigo":"G","nivel_cobertura":"alta"},"geometry":{"type":"Polygon","coordinates":[[[114.194951,22.297398],[114.19561,22.302115],[114.191605,22.30528],[114.186942,22.303729],[114.186283,22.299012],[114.190288,22.295846],[114.194951,22.297398]]]}},{"type":"Feature","properties":{"h3":"88411c86a1fffff","estacion_meteorologica":0,"hospital_urgencias":0,"parada_transporte":89,"rutas_servidas":414,"codigo":"J","nivel_cobertura":"muy_alta"},"geometry":{"type":"Polygon","coordinates":[[[114.216237,22.322467],[114.216895,22.327182],[114.212891,22.330348],[114.208229,22.328798],[114.20757,22.324082],[114.211574,22.320917],[114.216237,22.322467]]]}},{"type":"Feature","properties":{"h3":"88411c86a3fffff","estacion_meteorologica":0,"hospital_urgencias":0,"parada_transporte":63,"rutas_servidas":223,"codigo":"J","nivel_cobertura":"muy_alta"},"geometry":{"type":"Polygon","coordinates":[[[114.20757,22.324082],[114.208229,22.328798],[114.204224,22.331964],[114.199561,22.330414],[114.198902,22.325698],[114.202907,22.322532],[114.20757,22.324082]]]}},{"type":"Feature","properties":{"h3":"88411c86a5fffff","estacion_meteorologica":0,"hospital_urgencias":0,"parada_transporte":73,"rutas_servidas":187,"codigo":"J","nivel_cobertura":"muy_alta"},"geometry":{"type":"Polygon","coordinates":[[[114.221558,22.328732],[114.222217,22.333447],[114.218213,22.336613],[114.21355,22.335063],[114.212891,22.330348],[114.216895,22.327182],[114.221558,22.328732]]]}},{"type":"Feature","properties":{"h3":"88411c86a7fffff","estacion_meteorologica":0,"hospital_urgencias":0,"parada_transporte":95,"rutas_servidas":541,"codigo":"J","nivel_cobertura":"muy_alta"},"geometry":{"type":"Polygon","coordinates":[[[114.212891,22.330348],[114.21355,22.335063],[114.209546,22.338229],[114.204883,22.336679],[114.204224,22.331964],[114.208229,22.328798],[114.212891,22.330348]]]}},{"type":"Feature","properties":{"h3":"88411c86a9fffff","estacion_meteorologica":0,"hospital_urgencias":0,"parada_transporte":112,"rutas_servidas":579,"codigo":"J","nivel_cobertura":"muy_alta"},"geometry":{"type":"Polygon","coordinates":[[[114.219582,22.314585],[114.22024,22.319301],[114.216237,22.322467],[114.211574,22.320917],[114.210916,22.316201],[114.214919,22.313035],[114.219582,22.314585]]]}},{"type":"Feature","properties":{"h3":"88411c86abfffff","estacion_meteorologica":0,"hospital_urgencias":0,"parada_transporte":64,"rutas_servidas":249,"codigo":"J","nivel_cobertura":"muy_alta"},"geometry":{"type":"Polygon","coordinates":[[[114.210916,22.316201],[114.211574,22.320917],[114.20757,22.324082],[114.202907,22.322532],[114.202248,22.317816],[114.206253,22.31465],[114.210916,22.316201]]]}},{"type":"Feature","properties":{"h3":"88411c86adfffff","estacion_meteorologica":0,"hospital_urgencias":1,"parada_transporte":64,"rutas_servidas":186,"codigo":"J","nivel_cobertura":"muy_alta"},"geometry":{"type":"Polygon","coordinates":[[[114.224903,22.320851],[114.225561,22.325566],[114.221558,22.328732],[114.216895,22.327182],[114.216237,22.322467],[114.22024,22.319301],[114.224903,22.320851]]]}},{"type":"Feature","properties":{"h3":"88411c86b1fffff","estacion_meteorologica":0,"hospital_urgencias":0,"parada_transporte":102,"rutas_servidas":425,"codigo":"G","nivel_cobertura":"muy_alta"},"geometry":{"type":"Polygon","coordinates":[[[114.19358,22.319431],[114.194239,22.324147],[114.190234,22.327313],[114.18557,22.325762],[114.184912,22.321045],[114.188917,22.31788],[114.19358,22.319431]]]}},{"type":"Feature","properties":{"h3":"88411c86b3fffff","estacion_meteorologica":0,"hospital_urgencias":0,"parada_transporte":68,"rutas_servidas":296,"codigo":"G","nivel_cobertura":"muy_alta"},"geometry":{"type":"Polygon","coordinates":[[[114.184912,22.321045],[114.18557,22.325762],[114.181564,22.328927],[114.1769,22.327376],[114.176242,22.322659],[114.180248,22.319494],[114.184912,22.321045]]]}},{"type":"Feature","properties":{"h3":"88411c86b5fffff","estacion_meteorologica":0,"hospital_urgencias":0,"parada_transporte":53,"rutas_servidas":250,"codigo":"G","nivel_cobertura":"muy_alta"},"geometry":{"type":"Polygon","coordinates":[[[114.198902,22.325698],[114.199561,22.330414],[114.195556,22.333579],[114.190892,22.332029],[114.190234,22.327313],[114.194239,22.324147],[114.198902,22.325698]]]}},{"type":"Feature","properties":{"h3":"88411c86b7fffff","estacion_meteorologica":0,"hospital_urgencias":0,"parada_transporte":79,"rutas_servidas":211,"codigo":"G","nivel_cobertura":"muy_alta"},"geometry":{"type":"Polygon","coordinates":[[[114.190234,22.327313],[114.190892,22.332029],[114.186887,22.335194],[114.182223,22.333644],[114.181564,22.328927],[114.18557,22.325762],[114.190234,22.327313]]]}},{"type":"Feature","properties":{"h3":"88411c86b9fffff","estacion_meteorologica":0,"hospital_urgencias":0,"parada_transporte":44,"rutas_servidas":161,"codigo":"G","nivel_cobertura":"muy_alta"},"geometry":{"type":"Polygon","coordinates":[[[114.196927,22.311549],[114.197585,22.316265],[114.19358,22.319431],[114.188917,22.31788],[114.188258,22.313163],[114.192264,22.309997],[114.196927,22.311549]]]}},{"type":"Feature","properties":{"h3":"88411c86bbfffff","estacion_meteorologica":0,"hospital_urgencias":0,"parada_transporte":92,"rutas_servidas":315,"codigo":"G","nivel_cobertura":"muy_alta"},"geometry":{"type":"Polygon","coordinates":[[[114.188258,22.313163],[114.188917,22.31788],[114.184912,22.321045],[114.180248,22.319494],[114.179589,22.314777],[114.183595,22.311612],[114.188258,22.313163]]]}},{"type":"Feature","properties":{"h3":"88411c86bdfffff","estacion_meteorologica":0,"hospital_urgencias":0,"parada_transporte":4,"rutas_servidas":13,"codigo":"G","nivel_cobertura":"media"},"geometry":{"type":"Polygon","coordinates":[[[114.202248,22.317816],[114.202907,22.322532],[114.198902,22.325698],[114.194239,22.324147],[114.19358,22.319431],[114.197585,22.316265],[114.202248,22.317816]]]}},{"type":"Feature","properties":{"h3":"88411c86c1fffff","estacion_meteorologica":0,"hospital_urgencias":0,"parada_transporte":24,"rutas_servidas":96,"codigo":"C","nivel_cobertura":"alta"},"geometry":{"type":"Polygon","coordinates":[[[114.224295,22.284672],[114.224953,22.289388],[114.22095,22.292554],[114.216288,22.291003],[114.21563,22.286286],[114.219633,22.28312],[114.224295,22.284672]]]}},{"type":"Feature","properties":{"h3":"88411c86c3fffff","estacion_meteorologica":2,"hospital_urgencias":0,"parada_transporte":66,"rutas_servidas":409,"codigo":"C","nivel_cobertura":"muy_alta"},"geometry":{"type":"Polygon","coordinates":[[[114.21563,22.286286],[114.216288,22.291003],[114.212285,22.294169],[114.207623,22.292618],[114.206964,22.287901],[114.210968,22.284735],[114.21563,22.286286]]]}},{"type":"Feature","properties":{"h3":"88411c86c9fffff","estacion_meteorologica":0,"hospital_urgencias":0,"parada_transporte":140,"rutas_servidas":626,"codigo":"C","nivel_cobertura":"muy_alta"},"geometry":{"type":"Polygon","coordinates":[[[114.227639,22.276789],[114.228297,22.281506],[114.224295,22.284672],[114.219633,22.28312],[114.218974,22.278403],[114.222977,22.275237],[114.227639,22.276789]]]}},{"type":"Feature","properties":{"h3":"88411c86cbfffff","estacion_meteorologica":0,"hospital_urgencias":0,"parada_transporte":68,"rutas_servidas":291,"codigo":"C","nivel_cobertura":"muy_alta"},"geometry":{"type":"Polygon","coordinates":[[[114.218974,22.278403],[114.219633,22.28312],[114.21563,22.286286],[114.210968,22.284735],[114.210309,22.280018],[114.214313,22.276852],[114.218974,22.278403]]]}},{"type":"Feature","properties":{"h3":"88411c86cdfffff","estacion_meteorologica":0,"hospital_urgencias":0,"parada_transporte":5,"rutas_servidas":12,"codigo":"C","nivel_cobertura":"media"},"geometry":{"type":"Polygon","coordinates":[[[114.232959,22.283056],[114.233617,22.287773],[114.229615,22.290939],[114.224953,22.289388],[114.224295,22.284672],[114.228297,22.281506],[114.232959,22.283056]]]}},{"type":"Feature","properties":{"h3":"88411c86d1fffff","estacion_meteorologica":0,"hospital_urgencias":0,"parada_transporte":51,"rutas_servidas":163,"codigo":"C","nivel_cobertura":"muy_alta"},"geometry":{"type":"Polygon","coordinates":[[[114.201643,22.281631],[114.202302,22.286349],[114.198297,22.289515],[114.193635,22.287963],[114.192976,22.283245],[114.196981,22.280079],[114.201643,22.281631]]]}},{"type":"Feature","properties":{"h3":"88411c86d3fffff","estacion_meteorologica":0,"hospital_urgencias":0,"parada_transporte":42,"rutas_servidas":247,"codigo":"B","nivel_cobertura":"muy_alta"},"geometry":{"type":"Polygon","coordinates":[[[114.192976,22.283245],[114.193635,22.287963],[114.18963,22.291128],[114.184967,22.289576],[114.184308,22.284858],[114.188313,22.281693],[114.192976,22.283245]]]}},{"type":"Feature","properties":{"h3":"88411c86d5fffff","estacion_meteorologica":1,"hospital_urgencias":0,"parada_transporte":98,"rutas_servidas":489,"codigo":"C","nivel_cobertura":"muy_alta"},"geometry":{"type":"Polygon","coordinates":[[[114.206964,22.287901],[114.207623,22.292618],[114.203619,22.295784],[114.198956,22.294232],[114.198297,22.289515],[114.202302,22.286349],[114.206964,22.287901]]]}},{"type":"Feature","properties":{"h3":"88411c86d7fffff","estacion_meteorologica":0,"hospital_urgencias":0,"parada_transporte":47,"rutas_servidas":279,"codigo":"C","nivel_cobertura":"muy_alta"},"geometry":{"type":"Polygon","coordinates":[[[114.198297,22.289515],[114.198956,22.294232],[114.194951,22.297398],[114.190288,22.295846],[114.18963,22.291128],[114.193635,22.287963],[114.198297,22.289515]]]}},{"type":"Feature","properties":{"h3":"88411c86dbfffff","estacion_meteorologica":0,"hospital_urgencias":0,"parada_transporte":81,"rutas_servidas":411,"codigo":"B","nivel_cobertura":"muy_alta"},"geometry":{"type":"Polygon","coordinates":[[[114.196322,22.275361],[114.196981,22.280079],[114.192976,22.283245],[114.188313,22.281693],[114.187655,22.276975],[114.19166,22.273809],[114.196322,22.275361]]]}},{"type":"Feature","properties":{"h3":"88411c86ddfffff","estacion_meteorologica":0,"hospital_urgencias":0,"parada_transporte":1,"rutas_servidas":1,"codigo":"C","nivel_cobertura":"baja"},"geometry":{"type":"Polygon","coordinates":[[[114.210309,22.280018],[114.210968,22.284735],[114.206964,22.287901],[114.202302,22.286349],[114.201643,22.281631],[114.205647,22.278466],[114.210309,22.280018]]]}},{"type":"Feature","properties":{"h3":"88411c86e1fffff","estacion_meteorologica":0,"hospital_urgencias":0,"parada_transporte":89,"rutas_servidas":362,"codigo":"J","nivel_cobertura":"muy_alta"},"geometry":{"type":"Polygon","coordinates":[[[114.231591,22.305088],[114.23225,22.309803],[114.228247,22.312969],[114.223585,22.311419],[114.222926,22.306703],[114.22693,22.303537],[114.231591,22.305088]]]}},{"type":"Feature","properties":{"h3":"88411c86e3fffff","estacion_meteorologica":0,"hospital_urgencias":0,"parada_transporte":29,"rutas_servidas":85,"codigo":"J","nivel_cobertura":"muy_alta"},"geometry":{"type":"Polygon","coordinates":[[[114.222926,22.306703],[114.223585,22.311419],[114.219582,22.314585],[114.214919,22.313035],[114.214261,22.308319],[114.218264,22.305153],[114.222926,22.306703]]]}},{"type":"Feature","properties":{"h3":"88411c86e5fffff","estacion_meteorologica":0,"hospital_urgencias":0,"parada_transporte":110,"rutas_servidas":359,"codigo":"J","nivel_cobertura":"muy_alta"},"geometry":{"type":"Polygon","coordinates":[[[114.236911,22.311353],[114.23757,22.316068],[114.233568,22.319234],[114.228906,22.317685],[114.228247,22.312969],[114.23225,22.309803],[114.236911,22.311353]]]}},{"type":"Feature","properties":{"h3":"88411c86e7fffff","estacion_meteorologica":1,"hospital_urgencias":0,"parada_transporte":135,"rutas_servidas":508,"codigo":"J","nivel_cobertura":"muy_alta"},"geometry":{"type":"Polygon","coordinates":[[[114.228247,22.312969],[114.228906,22.317685],[114.224903,22.320851],[114.22024,22.319301],[114.219582,22.314585],[114.223585,22.311419],[114.228247,22.312969]]]}},{"type":"Feature","properties":{"h3":"88411c86e9fffff","estacion_meteorologica":0,"hospital_urgencias":0,"parada_transporte":27,"rutas_servidas":171,"codigo":"J","nivel_cobertura":"alta"},"geometry":{"type":"Polygon","coordinates":[[[114.234935,22.297206],[114.235594,22.301922],[114.231591,22.305088],[114.22693,22.303537],[114.226271,22.298821],[114.230274,22.295655],[114.234935,22.297206]]]}},{"type":"Feature","properties":{"h3":"88411c86ebfffff","estacion_meteorologica":0,"hospital_urgencias":0,"parada_transporte":1,"rutas_servidas":2,"codigo":"J","nivel_cobertura":"baja"},"geometry":{"type":"Polygon","coordinates":[[[114.226271,22.298821],[114.22693,22.303537],[114.222926,22.306703],[114.218264,22.305153],[114.217606,22.300437],[114.221609,22.297271],[114.226271,22.298821]]]}},{"type":"Feature","properties":{"h3":"88411c86edfffff","estacion_meteorologica":0,"hospital_urgencias":0,"parada_transporte":115,"rutas_servidas":533,"codigo":"J","nivel_cobertura":"muy_alta"},"geometry":{"type":"Polygon","coordinates":[[[114.240255,22.303472],[114.240914,22.308187],[114.236911,22.311353],[114.23225,22.309803],[114.231591,22.305088],[114.235594,22.301922],[114.240255,22.303472]]]}},{"type":"Feature","properties":{"h3":"88411c89ddfffff","estacion_meteorologica":1,"hospital_urgencias":0,"parada_transporte":0,"rutas_servidas":0,"codigo":"P","nivel_cobertura":"baja"},"geometry":{"type":"Polygon","coordinates":[[[114.433714,22.542601],[114.434375,22.547302],[114.43038,22.550469],[114.425723,22.548935],[114.425062,22.544234],[114.429058,22.541067],[114.433714,22.542601]]]}},{"type":"Feature","properties":{"h3":"88411c8c81fffff","estacion_meteorologica":0,"hospital_urgencias":0,"parada_transporte":2,"rutas_servidas":2,"codigo":"N","nivel_cobertura":"baja"},"geometry":{"type":"Polygon","coordinates":[[[114.236615,22.499975],[114.237274,22.504683],[114.233269,22.507849],[114.228604,22.506306],[114.227945,22.501598],[114.23195,22.498432],[114.236615,22.499975]]]}},{"type":"Feature","properties":{"h3":"88411c8c85fffff","estacion_meteorologica":0,"hospital_urgencias":0,"parada_transporte":1,"rutas_servidas":1,"codigo":"N","nivel_cobertura":"baja"},"geometry":{"type":"Polygon","coordinates":[[[114.241938,22.506226],[114.242598,22.510933],[114.238593,22.514099],[114.233928,22.512557],[114.233269,22.507849],[114.237274,22.504683],[114.241938,22.506226]]]}},{"type":"Feature","properties":{"h3":"88411c8c8dfffff","estacion_meteorologica":0,"hospital_urgencias":0,"parada_transporte":3,"rutas_servidas":3,"codigo":"N","nivel_cobertura":"media"},"geometry":{"type":"Polygon","coordinates":[[[114.245284,22.498352],[114.245943,22.50306],[114.241938,22.506226],[114.237274,22.504683],[114.236615,22.499975],[114.24062,22.49681],[114.245284,22.498352]]]}},{"type":"Feature","properties":{"h3":"88411c8cb1fffff","estacion_meteorologica":0,"hospital_urgencias":0,"parada_transporte":2,"rutas_servidas":2,"codigo":"N","nivel_cobertura":"baja"},"geometry":{"type":"Polygon","coordinates":[[[114.221251,22.517345],[114.22191,22.522053],[114.217904,22.525218],[114.213238,22.523675],[114.212579,22.518967],[114.216585,22.515802],[114.221251,22.517345]]]}},{"type":"Feature","properties":{"h3":"88411c8cc1fffff","estacion_meteorologica":0,"hospital_urgencias":0,"parada_transporte":2,"rutas_servidas":2,"codigo":"P","nivel_cobertura":"baja"},"geometry":{"type":"Polygon","coordinates":[[[114.251974,22.482604],[114.252633,22.487313],[114.248629,22.490478],[114.243965,22.488936],[114.243306,22.484227],[114.24731,22.481061],[114.251974,22.482604]]]}},{"type":"Feature","properties":{"h3":"88411c8cc3fffff","estacion_meteorologica":0,"hospital_urgencias":0,"parada_transporte":3,"rutas_servidas":3,"codigo":"P","nivel_cobertura":"media"},"geometry":{"type":"Polygon","coordinates":[[[114.243306,22.484227],[114.243965,22.488936],[114.23996,22.492101],[114.235296,22.490558],[114.234637,22.485849],[114.238642,22.482684],[114.243306,22.484227]]]}},{"type":"Feature","properties":{"h3":"88411c8cc7fffff","estacion_meteorologica":0,"hospital_urgencias":0,"parada_transporte":4,"rutas_servidas":4,"codigo":"P","nivel_cobertura":"media"},"geometry":{"type":"Polygon","coordinates":[[[114.248629,22.490478],[114.249289,22.495187],[114.245284,22.498352],[114.24062,22.49681],[114.23996,22.492101],[114.243965,22.488936],[114.248629,22.490478]]]}},{"type":"Feature","properties":{"h3":"88411c8ccbfffff","estacion_meteorologica":1,"hospital_urgencias":0,"parada_transporte":5,"rutas_servidas":5,"codigo":"P","nivel_cobertura":"media"},"geometry":{"type":"Polygon","coordinates":[[[114.246651,22.476353],[114.24731,22.481061],[114.243306,22.484227],[114.238642,22.482684],[114.237983,22.477975],[114.241987,22.474809],[114.246651,22.476353]]]}},{"type":"Feature","properties":{"h3":"88411c8cd9fffff","estacion_meteorologica":0,"hospital_urgencias":0,"parada_transporte":12,"rutas_servidas":40,"codigo":"P","nivel_cobertura":"alta"},"geometry":{"type":"Polygon","coordinates":[[[114.232659,22.471722],[114.233318,22.476431],[114.229313,22.479597],[114.224649,22.478053],[114.22399,22.473343],[114.227995,22.470178],[114.232659,22.471722]]]}},{"type":"Feature","properties":{"h3":"88411c8cdbfffff","estacion_meteorologica":0,"hospital_urgencias":0,"parada_transporte":1,"rutas_servidas":2,"codigo":"P","nivel_cobertura":"baja"},"geometry":{"type":"Polygon","coordinates":[[[114.22399,22.473343],[114.224649,22.478053],[114.220643,22.481218],[114.215978,22.479674],[114.215319,22.474964],[114.219325,22.471799],[114.22399,22.473343]]]}},{"type":"Feature","properties":{"h3":"88411c8ce3fffff","estacion_meteorologica":0,"hospital_urgencias":0,"parada_transporte":1,"rutas_servidas":1,"codigo":"N","nivel_cobertura":"baja"},"geometry":{"type":"Polygon","coordinates":[[[114.250607,22.504602],[114.251267,22.50931],[114.247262,22.512475],[114.242598,22.510933],[114.241938,22.506226],[114.245943,22.50306],[114.250607,22.504602]]]}},{"type":"Feature","properties":{"h3":"88411c8d13fffff","estacion_meteorologica":1,"hospital_urgencias":0,"parada_transporte":0,"rutas_servidas":0,"codigo":"N","nivel_cobertura":"baja"},"geometry":{"type":"Polygon","coordinates":[[[114.30322,22.530962],[114.30388,22.535667],[114.299878,22.538833],[114.295215,22.537294],[114.294555,22.532589],[114.298558,22.529423],[114.30322,22.530962]]]}},{"type":"Feature","properties":{"h3":"88411c8e0dfffff","estacion_meteorologica":0,"hospital_urgencias":0,"parada_transporte":2,"rutas_servidas":6,"codigo":"P","nivel_cobertura":"baja"},"geometry":{"type":"Polygon","coordinates":[[[114.329326,22.431867],[114.329986,22.436575],[114.325987,22.439741],[114.321327,22.438199],[114.320667,22.433491],[114.324667,22.430325],[114.329326,22.431867]]]}},{"type":"Feature","properties":{"h3":"88411c8e25fffff","estacion_meteorologica":0,"hospital_urgencias":0,"parada_transporte":1,"rutas_servidas":1,"codigo":"P","nivel_cobertura":"baja"},"geometry":{"type":"Polygon","coordinates":[[[114.333286,22.460112],[114.333947,22.464819],[114.329947,22.467985],[114.325287,22.466445],[114.324627,22.461738],[114.328627,22.458571],[114.333286,22.460112]]]}},{"type":"Feature","properties":{"h3":"88411c8e41fffff","estacion_meteorologica":0,"hospital_urgencias":0,"parada_transporte":3,"rutas_servidas":9,"codigo":"P","nivel_cobertura":"media"},"geometry":{"type":"Polygon","coordinates":[[[114.336004,22.416117],[114.336664,22.420826],[114.332665,22.423992],[114.328006,22.42245],[114.327346,22.417741],[114.331345,22.414575],[114.336004,22.416117]]]}},{"type":"Feature","properties":{"h3":"88411c8e47fffff","estacion_meteorologica":0,"hospital_urgencias":0,"parada_transporte":2,"rutas_servidas":6,"codigo":"P","nivel_cobertura":"baja"},"geometry":{"type":"Polygon","coordinates":[[[114.332665,22.423992],[114.333325,22.4287],[114.329326,22.431867],[114.324667,22.430325],[114.324007,22.425616],[114.328006,22.42245],[114.332665,22.423992]]]}},{"type":"Feature","properties":{"h3":"88411c8e4bfffff","estacion_meteorologica":0,"hospital_urgencias":0,"parada_transporte":1,"rutas_servidas":3,"codigo":"Q","nivel_cobertura":"baja"},"geometry":{"type":"Polygon","coordinates":[[[114.330685,22.409866],[114.331345,22.414575],[114.327346,22.417741],[114.322687,22.416199],[114.322027,22.41149],[114.326026,22.408323],[114.330685,22.409866]]]}},{"type":"Feature","properties":{"h3":"88411c8e6bfffff","estacion_meteorologica":1,"hospital_urgencias":0,"parada_transporte":6,"rutas_servidas":15,"codigo":"P","nivel_cobertura":"media"},"geometry":{"type":"Polygon","coordinates":[[[114.337984,22.430242],[114.338644,22.43495],[114.334645,22.438116],[114.329986,22.436575],[114.329326,22.431867],[114.333325,22.4287],[114.337984,22.430242]]]}},{"type":"Feature","properties":{"h3":"88411c8eb7fffff","estacion_meteorologica":1,"hospital_urgencias":0,"parada_transporte":3,"rutas_servidas":7,"codigo":"P","nivel_cobertura":"media"},"geometry":{"type":"Polygon","coordinates":[[[114.241328,22.4701],[114.241987,22.474809],[114.237983,22.477975],[114.233318,22.476431],[114.232659,22.471722],[114.236664,22.468556],[114.241328,22.4701]]]}},{"type":"Feature","properties":{"h3":"88411c8ec3fffff","estacion_meteorologica":0,"hospital_urgencias":0,"parada_transporte":4,"rutas_servidas":25,"codigo":"P","nivel_cobertura":"media"},"geometry":{"type":"Polygon","coordinates":[[[114.266716,22.429101],[114.267375,22.433811],[114.263372,22.436977],[114.25871,22.435433],[114.258051,22.430723],[114.262054,22.427557],[114.266716,22.429101]]]}},{"type":"Feature","properties":{"h3":"88411c8ecbfffff","estacion_meteorologica":0,"hospital_urgencias":0,"parada_transporte":18,"rutas_servidas":78,"codigo":"P","nivel_cobertura":"alta"},"geometry":{"type":"Polygon","coordinates":[[[114.270059,22.421225],[114.270718,22.425935],[114.266716,22.429101],[114.262054,22.427557],[114.261394,22.422846],[114.265397,22.419681],[114.270059,22.421225]]]}},{"type":"Feature","properties":{"h3":"88411c8ed1fffff","estacion_meteorologica":0,"hospital_urgencias":0,"parada_transporte":7,"rutas_servidas":47,"codigo":"P","nivel_cobertura":"media"},"geometry":{"type":"Polygon","coordinates":[[[114.252729,22.424467],[114.253388,22.429178],[114.249385,22.432344],[114.244722,22.430799],[114.244063,22.426088],[114.248066,22.422922],[114.252729,22.424467]]]}},{"type":"Feature","properties":{"h3":"88411c8ed3fffff","estacion_meteorologica":0,"hospital_urgencias":0,"parada_transporte":47,"rutas_servidas":178,"codigo":"R","nivel_cobertura":"muy_alta"},"geometry":{"type":"Polygon","coordinates":[[[114.244063,22.426088],[114.244722,22.430799],[114.240718,22.433965],[114.236055,22.43242],[114.235395,22.427709],[114.2394,22.424543],[114.244063,22.426088]]]}},{"type":"Feature","properties":{"h3":"88411c8ed5fffff","estacion_meteorologica":0,"hospital_urgencias":0,"parada_transporte":12,"rutas_servidas":43,"codigo":"P","nivel_cobertura":"alta"},"geometry":{"type":"Polygon","coordinates":[[[114.258051,22.430723],[114.25871,22.435433],[114.254707,22.438599],[114.250044,22.437054],[114.249385,22.432344],[114.253388,22.429178],[114.258051,22.430723]]]}},{"type":"Feature","properties":{"h3":"88411c8ed7fffff","estacion_meteorologica":0,"hospital_urgencias":0,"parada_transporte":1,"rutas_servidas":2,"codigo":"R","nivel_cobertura":"baja"},"geometry":{"type":"Polygon","coordinates":[[[114.249385,22.432344],[114.250044,22.437054],[114.24604,22.44022],[114.241377,22.438675],[114.240718,22.433965],[114.244722,22.430799],[114.249385,22.432344]]]}},{"type":"Feature","properties":{"h3":"88411c8eddfffff","estacion_meteorologica":0,"hospital_urgencias":0,"parada_transporte":3,"rutas_servidas":12,"codigo":"P","nivel_cobertura":"media"},"geometry":{"type":"Polygon","coordinates":[[[114.261394,22.422846],[114.262054,22.427557],[114.258051,22.430723],[114.253388,22.429178],[114.252729,22.424467],[114.256732,22.421302],[114.261394,22.422846]]]}},{"type":"Feature","properties":{"h3":"88411c8f09fffff","estacion_meteorologica":1,"hospital_urgencias":0,"parada_transporte":0,"rutas_servidas":0,"codigo":"P","nivel_cobertura":"baja"},"geometry":{"type":"Polygon","coordinates":[[[114.361241,22.469352],[114.361901,22.474058],[114.357903,22.477224],[114.353244,22.475685],[114.352584,22.470979],[114.356582,22.467813],[114.361241,22.469352]]]}},{"type":"Feature","properties":{"h3":"88411c8f47fffff","estacion_meteorologica":1,"hospital_urgencias":0,"parada_transporte":0,"rutas_servidas":0,"codigo":"P","nivel_cobertura":"baja"},"geometry":{"type":"Polygon","coordinates":[[[114.369897,22.467724],[114.370557,22.47243],[114.366559,22.475597],[114.361901,22.474058],[114.361241,22.469352],[114.365239,22.466185],[114.369897,22.467724]]]}},{"type":"Feature","properties":{"h3":"88411c94a5fffff","estacion_meteorologica":1,"hospital_urgencias":0,"parada_transporte":0,"rutas_servidas":0,"codigo":"Q","nivel_cobertura":"baja"},"geometry":{"type":"Polygon","coordinates":[[[114.305577,22.262242],[114.306236,22.266958],[114.302238,22.270124],[114.29758,22.268575],[114.296921,22.26386],[114.300919,22.260693],[114.305577,22.262242]]]}},{"type":"Feature","properties":{"h3":"88411c959bfffff","estacion_meteorologica":0,"hospital_urgencias":0,"parada_transporte":1,"rutas_servidas":1,"codigo":"Q","nivel_cobertura":"baja"},"geometry":{"type":"Polygon","coordinates":[[[114.302238,22.270124],[114.302897,22.274839],[114.298899,22.278006],[114.294241,22.276457],[114.293581,22.271742],[114.29758,22.268575],[114.302238,22.270124]]]}},{"type":"Feature","properties":{"h3":"88411c9683fffff","estacion_meteorologica":2,"hospital_urgencias":0,"parada_transporte":0,"rutas_servidas":0,"codigo":"T","nivel_cobertura":"baja"},"geometry":{"type":"Polygon","coordinates":[[[114.30768,22.18199],[114.308339,22.186708],[114.304342,22.189874],[114.299686,22.188323],[114.299027,22.183604],[114.303024,22.180438],[114.30768,22.18199]]]}},{"type":"Feature","properties":{"h3":"88411ca01bfffff","estacion_meteorologica":0,"hospital_urgencias":0,"parada_transporte":1,"rutas_servidas":1,"codigo":"M","nivel_cobertura":"baja"},"geometry":{"type":"Polygon","coordinates":[[[113.951666,22.436922],[113.952323,22.441641],[113.948303,22.444805],[113.943627,22.443249],[113.94297,22.43853],[113.94699,22.435367],[113.951666,22.436922]]]}},{"type":"Feature","properties":{"h3":"88411ca021fffff","estacion_meteorologica":1,"hospital_urgencias":0,"parada_transporte":5,"rutas_servidas":7,"codigo":"M","nivel_cobertura":"media"},"geometry":{"type":"Polygon","coordinates":[[[113.98702,22.466674],[113.987677,22.471391],[113.983659,22.474554],[113.978984,22.473001],[113.978327,22.468285],[113.982345,22.465121],[113.98702,22.466674]]]}},{"type":"Feature","properties":{"h3":"88411ca029fffff","estacion_meteorologica":0,"hospital_urgencias":0,"parada_transporte":14,"rutas_servidas":15,"codigo":"M","nivel_cobertura":"alta"},"geometry":{"type":"Polygon","coordinates":[[[113.990381,22.458794],[113.991038,22.463511],[113.98702,22.466674],[113.982345,22.465121],[113.981689,22.460404],[113.985707,22.45724],[113.990381,22.458794]]]}},{"type":"Feature","properties":{"h3":"88411ca041fffff","estacion_meteorologica":0,"hospital_urgencias":0,"parada_transporte":24,"rutas_servidas":64,"codigo":"L","nivel_cobertura":"alta"},"geometry":{"type":"Polygon","coordinates":[[[113.995132,22.428879],[113.995789,22.433597],[113.991772,22.436761],[113.987097,22.435207],[113.986441,22.430489],[113.990458,22.427325],[113.995132,22.428879]]]}},{"type":"Feature","properties":{"h3":"88411ca045fffff","estacion_meteorologica":0,"hospital_urgencias":0,"parada_transporte":35,"rutas_servidas":80,"codigo":"M","nivel_cobertura":"muy_alta"},"geometry":{"type":"Polygon","coordinates":[[[114.000463,22.435151],[114.00112,22.439869],[113.997103,22.443032],[113.992429,22.441479],[113.991772,22.436761],[113.995789,22.433597],[114.000463,22.435151]]]}},{"type":"Feature","properties":{"h3":"88411ca047fffff","estacion_meteorologica":0,"hospital_urgencias":0,"parada_transporte":4,"rutas_servidas":4,"codigo":"M","nivel_cobertura":"media"},"geometry":{"type":"Polygon","coordinates":[[[113.991772,22.436761],[113.992429,22.441479],[113.988411,22.444642],[113.983736,22.443088],[113.98308,22.43837],[113.987097,22.435207],[113.991772,22.436761]]]}},{"type":"Feature","properties":{"h3":"88411ca049fffff","estacion_meteorologica":0,"hospital_urgencias":0,"parada_transporte":1,"rutas_servidas":1,"codigo":"M","nivel_cobertura":"baja"},"geometry":{"type":"Polygon","coordinates":[[[113.998492,22.420997],[113.999149,22.425716],[113.995132,22.428879],[113.990458,22.427325],[113.989801,22.422607],[113.993818,22.419443],[113.998492,22.420997]]]}},{"type":"Feature","properties":{"h3":"88411ca04bfffff","estacion_meteorologica":0,"hospital_urgencias":0,"parada_transporte":23,"rutas_servidas":77,"codigo":"L","nivel_cobertura":"alta"},"geometry":{"type":"Polygon","coordinates":[[[113.989801,22.422607],[113.990458,22.427325],[113.986441,22.430489],[113.981766,22.428934],[113.98111,22.424216],[113.985127,22.421052],[113.989801,22.422607]]]}},{"type":"Feature","properties":{"h3":"88411ca04dfffff","estacion_meteorologica":0,"hospital_urgencias":0,"parada_transporte":25,"rutas_servidas":48,"codigo":"M","nivel_cobertura":"alta"},"geometry":{"type":"Polygon","coordinates":[[[114.003823,22.42727],[114.00448,22.431987],[114.000463,22.435151],[113.995789,22.433597],[113.995132,22.428879],[113.999149,22.425716],[114.003823,22.42727]]]}},{"type":"Feature","properties":{"h3":"88411ca061fffff","estacion_meteorologica":0,"hospital_urgencias":0,"parada_transporte":48,"rutas_servidas":137,"codigo":"M","nivel_cobertura":"muy_alta"},"geometry":{"type":"Polygon","coordinates":[[[114.002434,22.449303],[114.00309,22.45402],[113.999073,22.457183],[113.994399,22.45563],[113.993742,22.450913],[113.99776,22.44775],[114.002434,22.449303]]]}},{"type":"Feature","properties":{"h3":"88411ca063fffff","estacion_meteorologica":0,"hospital_urgencias":0,"parada_transporte":5,"rutas_servidas":5,"codigo":"M","nivel_cobertura":"media"},"geometry":{"type":"Polygon","coordinates":[[[113.993742,22.450913],[113.994399,22.45563],[113.990381,22.458794],[113.985707,22.45724],[113.98505,22.452523],[113.989068,22.44936],[113.993742,22.450913]]]}},{"type":"Feature","properties":{"h3":"88411ca065fffff","estacion_meteorologica":0,"hospital_urgencias":0,"parada_transporte":84,"rutas_servidas":286,"codigo":"M","nivel_cobertura":"muy_alta"},"geometry":{"type":"Polygon","coordinates":[[[114.007764,22.455573],[114.008421,22.460289],[114.004404,22.463453],[113.99973,22.4619],[113.999073,22.457183],[114.00309,22.45402],[114.007764,22.455573]]]}},{"type":"Feature","properties":{"h3":"88411ca067fffff","estacion_meteorologica":0,"hospital_urgencias":1,"parada_transporte":33,"rutas_servidas":89,"codigo":"M","nivel_cobertura":"muy_alta"},"geometry":{"type":"Polygon","coordinates":[[[113.999073,22.457183],[113.99973,22.4619],[113.995713,22.465064],[113.991038,22.463511],[113.990381,22.458794],[113.994399,22.45563],[113.999073,22.457183]]]}},{"type":"Feature","properties":{"h3":"88411ca069fffff","estacion_meteorologica":0,"hospital_urgencias":0,"parada_transporte":47,"rutas_servidas":83,"codigo":"M","nivel_cobertura":"muy_alta"},"geometry":{"type":"Polygon","coordinates":[[[114.005793,22.441422],[114.00645,22.446139],[114.002434,22.449303],[113.99776,22.44775],[113.997103,22.443032],[114.00112,22.439869],[114.005793,22.441422]]]}},{"type":"Feature","properties":{"h3":"88411ca06bfffff","estacion_meteorologica":0,"hospital_urgencias":0,"parada_transporte":32,"rutas_servidas":34,"codigo":"M","nivel_cobertura":"muy_alta"},"geometry":{"type":"Polygon","coordinates":[[[113.997103,22.443032],[113.99776,22.44775],[113.993742,22.450913],[113.989068,22.44936],[113.988411,22.444642],[113.992429,22.441479],[113.997103,22.443032]]]}},{"type":"Feature","properties":{"h3":"88411ca06dfffff","estacion_meteorologica":0,"hospital_urgencias":0,"parada_transporte":54,"rutas_servidas":158,"codigo":"M","nivel_cobertura":"muy_alta"},"geometry":{"type":"Polygon","coordinates":[[[114.011124,22.447692],[114.011781,22.452409],[114.007764,22.455573],[114.00309,22.45402],[114.002434,22.449303],[114.00645,22.446139],[114.011124,22.447692]]]}},{"type":"Feature","properties":{"h3":"88411ca109fffff","estacion_meteorologica":1,"hospital_urgencias":0,"parada_transporte":0,"rutas_servidas":0,"codigo":"M","nivel_cobertura":"baja"},"geometry":{"type":"Polygon","coordinates":[[[114.020397,22.482256],[114.021055,22.486971],[114.017038,22.490135],[114.012364,22.488584],[114.011707,22.483868],[114.015724,22.480705],[114.020397,22.482256]]]}},{"type":"Feature","properties":{"h3":"88411ca10bfffff","estacion_meteorologica":1,"hospital_urgencias":0,"parada_transporte":1,"rutas_servidas":1,"codigo":"M","nivel_cobertura":"baja"},"geometry":{"type":"Polygon","coordinates":[[[114.011707,22.483868],[114.012364,22.488584],[114.008347,22.491747],[114.003672,22.490196],[114.003015,22.48548],[114.007033,22.482317],[114.011707,22.483868]]]}},{"type":"Feature","properties":{"h3":"88411ca11dfffff","estacion_meteorologica":0,"hospital_urgencias":0,"parada_transporte":1,"rutas_servidas":1,"codigo":"M","nivel_cobertura":"baja"},"geometry":{"type":"Polygon","coordinates":[[[114.003015,22.48548],[114.003672,22.490196],[113.999655,22.493359],[113.99498,22.491808],[113.994323,22.487092],[113.998341,22.483928],[114.003015,22.48548]]]}},{"type":"Feature","properties":{"h3":"88411ca157fffff","estacion_meteorologica":0,"hospital_urgencias":0,"parada_transporte":1,"rutas_servidas":1,"codigo":"M","nivel_cobertura":"baja"},"geometry":{"type":"Polygon","coordinates":[[[114.006376,22.477601],[114.007033,22.482317],[114.003015,22.48548],[113.998341,22.483928],[113.997684,22.479213],[114.001701,22.476049],[114.006376,22.477601]]]}},{"type":"Feature","properties":{"h3":"88411ca159fffff","estacion_meteorologica":1,"hospital_urgencias":0,"parada_transporte":12,"rutas_servidas":47,"codigo":"M","nivel_cobertura":"alta"},"geometry":{"type":"Polygon","coordinates":[[[114.013095,22.461842],[114.013752,22.466558],[114.009735,22.469722],[114.005061,22.468169],[114.004404,22.463453],[114.008421,22.460289],[114.013095,22.461842]]]}},{"type":"Feature","properties":{"h3":"88411ca15bfffff","estacion_meteorologica":0,"hospital_urgencias":0,"parada_transporte":78,"rutas_servidas":256,"codigo":"M","nivel_cobertura":"muy_alta"},"geometry":{"type":"Polygon","coordinates":[[[114.004404,22.463453],[114.005061,22.468169],[114.001044,22.471333],[113.99637,22.46978],[113.995713,22.465064],[113.99973,22.4619],[114.004404,22.463453]]]}},{"type":"Feature","properties":{"h3":"88411ca18bfffff","estacion_meteorologica":0,"hospital_urgencias":0,"parada_transporte":3,"rutas_servidas":13,"codigo":null,"nivel_cobertura":"media"},"geometry":{"type":"Polygon","coordinates":[[[113.950848,22.495145],[113.951504,22.499861],[113.947484,22.503024],[113.942807,22.501471],[113.94215,22.496754],[113.946171,22.493591],[113.950848,22.495145]]]}},{"type":"Feature","properties":{"h3":"88411ca211fffff","estacion_meteorologica":1,"hospital_urgencias":0,"parada_transporte":126,"rutas_servidas":342,"codigo":"L","nivel_cobertura":"muy_alta"},"geometry":{"type":"Polygon","coordinates":[[[113.980531,22.388017],[113.981187,22.392737],[113.97717,22.395901],[113.972496,22.394344],[113.971839,22.389624],[113.975857,22.386461],[113.980531,22.388017]]]}},{"type":"Feature","properties":{"h3":"88411ca213fffff","estacion_meteorologica":0,"hospital_urgencias":0,"parada_transporte":54,"rutas_servidas":120,"codigo":"L","nivel_cobertura":"muy_alta"},"geometry":{"type":"Polygon","coordinates":[[[113.971839,22.389624],[113.972496,22.394344],[113.968478,22.397508],[113.963803,22.395952],[113.963147,22.391231],[113.967165,22.388068],[113.971839,22.389624]]]}},{"type":"Feature","properties":{"h3":"88411ca215fffff","estacion_meteorologica":0,"hospital_urgencias":0,"parada_transporte":5,"rutas_servidas":31,"codigo":"L","nivel_cobertura":"media"},"geometry":{"type":"Polygon","coordinates":[[[113.985861,22.394293],[113.986518,22.399012],[113.9825,22.402176],[113.977826,22.40062],[113.97717,22.395901],[113.981187,22.392737],[113.985861,22.394293]]]}},{"type":"Feature","properties":{"h3":"88411ca217fffff","estacion_meteorologica":0,"hospital_urgencias":0,"parada_transporte":66,"rutas_servidas":201,"codigo":"L","nivel_cobertura":"muy_alta"},"geometry":{"type":"Polygon","coordinates":[[[113.97717,22.395901],[113.977826,22.40062],[113.973809,22.403784],[113.969134,22.402228],[113.968478,22.397508],[113.972496,22.394344],[113.97717,22.395901]]]}},{"type":"Feature","properties":{"h3":"88411ca219fffff","estacion_meteorologica":0,"hospital_urgencias":0,"parada_transporte":84,"rutas_servidas":210,"codigo":"L","nivel_cobertura":"muy_alta"},"geometry":{"type":"Polygon","coordinates":[[[113.983891,22.380133],[113.984548,22.384853],[113.980531,22.388017],[113.975857,22.386461],[113.9752,22.381741],[113.979217,22.378577],[113.983891,22.380133]]]}},{"type":"Feature","properties":{"h3":"88411ca21bfffff","estacion_meteorologica":0,"hospital_urgencias":0,"parada_transporte":48,"rutas_servidas":178,"codigo":"L","nivel_cobertura":"muy_alta"},"geometry":{"type":"Polygon","coordinates":[[[113.9752,22.381741],[113.975857,22.386461],[113.971839,22.389624],[113.967165,22.388068],[113.966508,22.383347],[113.970526,22.380184],[113.9752,22.381741]]]}},{"type":"Feature","properties":{"h3":"88411ca21dfffff","estacion_meteorologica":0,"hospital_urgencias":0,"parada_transporte":2,"rutas_servidas":5,"codigo":"L","nivel_cobertura":"baja"},"geometry":{"type":"Polygon","coordinates":[[[113.989221,22.386409],[113.989878,22.391129],[113.985861,22.394293],[113.981187,22.392737],[113.980531,22.388017],[113.984548,22.384853],[113.989221,22.386409]]]}},{"type":"Feature","properties":{"h3":"88411ca22dfffff","estacion_meteorologica":0,"hospital_urgencias":0,"parada_transporte":1,"rutas_servidas":1,"codigo":"M","nivel_cobertura":"baja"},"geometry":{"type":"Polygon","coordinates":[[[114.01923,22.409896],[114.019887,22.414614],[114.015871,22.417778],[114.011198,22.416224],[114.010541,22.411506],[114.014557,22.408342],[114.01923,22.409896]]]}},{"type":"Feature","properties":{"h3":"88411ca231fffff","estacion_meteorologica":0,"hospital_urgencias":0,"parada_transporte":45,"rutas_servidas":106,"codigo":"L","nivel_cobertura":"muy_alta"},"geometry":{"type":"Polygon","coordinates":[[[113.987831,22.408451],[113.988488,22.41317],[113.984471,22.416333],[113.979796,22.414778],[113.97914,22.410059],[113.983157,22.406895],[113.987831,22.408451]]]}},{"type":"Feature","properties":{"h3":"88411ca233fffff","estacion_meteorologica":0,"hospital_urgencias":0,"parada_transporte":72,"rutas_servidas":179,"codigo":"L","nivel_cobertura":"muy_alta"},"geometry":{"type":"Polygon","coordinates":[[[113.97914,22.410059],[113.979796,22.414778],[113.975778,22.417942],[113.971104,22.416386],[113.970447,22.411667],[113.974465,22.408503],[113.97914,22.410059]]]}},{"type":"Feature","properties":{"h3":"88411ca237fffff","estacion_meteorologica":0,"hospital_urgencias":0,"parada_transporte":20,"rutas_servidas":85,"codigo":"L","nivel_cobertura":"alta"},"geometry":{"type":"Polygon","coordinates":[[[113.984471,22.416333],[113.985127,22.421052],[113.98111,22.424216],[113.976435,22.422661],[113.975778,22.417942],[113.979796,22.414778],[113.984471,22.416333]]]}},{"type":"Feature","properties":{"h3":"88411ca239fffff","estacion_meteorologica":1,"hospital_urgencias":0,"parada_transporte":0,"rutas_servidas":0,"codigo":"L","nivel_cobertura":"baja"},"geometry":{"type":"Polygon","coordinates":[[[113.991191,22.400568],[113.991848,22.405287],[113.987831,22.408451],[113.983157,22.406895],[113.9825,22.402176],[113.986518,22.399012],[113.991191,22.400568]]]}},{"type":"Feature","properties":{"h3":"88411ca23bfffff","estacion_meteorologica":0,"hospital_urgencias":0,"parada_transporte":62,"rutas_servidas":169,"codigo":"L","nivel_cobertura":"muy_alta"},"geometry":{"type":"Polygon","coordinates":[[[113.9825,22.402176],[113.983157,22.406895],[113.97914,22.410059],[113.974465,22.408503],[113.973809,22.403784],[113.977826,22.40062],[113.9825,22.402176]]]}},{"type":"Feature","properties":{"h3":"88411ca243fffff","estacion_meteorologica":0,"hospital_urgencias":0,"parada_transporte":1,"rutas_servidas":1,"codigo":"L","nivel_cobertura":"baja"},"geometry":{"type":"Polygon","coordinates":[[[114.009959,22.37531],[114.010616,22.380029],[114.0066,22.383193],[114.001927,22.381638],[114.001271,22.376918],[114.005286,22.373754],[114.009959,22.37531]]]}},{"type":"Feature","properties":{"h3":"88411ca249fffff","estacion_meteorologica":0,"hospital_urgencias":0,"parada_transporte":3,"rutas_servidas":3,"codigo":"L","nivel_cobertura":"media"},"geometry":{"type":"Polygon","coordinates":[[[114.022004,22.365818],[114.022661,22.370537],[114.018646,22.373701],[114.013974,22.372146],[114.013317,22.367426],[114.017333,22.364262],[114.022004,22.365818]]]}},{"type":"Feature","properties":{"h3":"88411ca24bfffff","estacion_meteorologica":0,"hospital_urgencias":0,"parada_transporte":4,"rutas_servidas":17,"codigo":"L","nivel_cobertura":"media"},"geometry":{"type":"Polygon","coordinates":[[[114.013317,22.367426],[114.013974,22.372146],[114.009959,22.37531],[114.005286,22.373754],[114.00463,22.369034],[114.008645,22.36587],[114.013317,22.367426]]]}},{"type":"Feature","properties":{"h3":"88411ca251fffff","estacion_meteorologica":0,"hospital_urgencias":0,"parada_transporte":54,"rutas_servidas":134,"codigo":"L","nivel_cobertura":"muy_alta"},"geometry":{"type":"Polygon","coordinates":[[[113.995941,22.370642],[113.996598,22.375362],[113.992581,22.378526],[113.987908,22.37697],[113.987251,22.372249],[113.991268,22.369085],[113.995941,22.370642]]]}},{"type":"Feature","properties":{"h3":"88411ca253fffff","estacion_meteorologica":0,"hospital_urgencias":0,"parada_transporte":50,"rutas_servidas":131,"codigo":"L","nivel_cobertura":"muy_alta"},"geometry":{"type":"Polygon","coordinates":[[[113.987251,22.372249],[113.987908,22.37697],[113.983891,22.380133],[113.979217,22.378577],[113.978561,22.373856],[113.982578,22.370693],[113.987251,22.372249]]]}},{"type":"Feature","properties":{"h3":"88411ca259fffff","estacion_meteorologica":0,"hospital_urgencias":0,"parada_transporte":17,"rutas_servidas":73,"codigo":"L","nivel_cobertura":"alta"},"geometry":{"type":"Polygon","coordinates":[[[113.9993,22.362758],[113.999957,22.367478],[113.995941,22.370642],[113.991268,22.369085],[113.990611,22.364365],[113.994628,22.361201],[113.9993,22.362758]]]}},{"type":"Feature","properties":{"h3":"88411ca25dfffff","estacion_meteorologica":0,"hospital_urgencias":0,"parada_transporte":52,"rutas_servidas":115,"codigo":"L","nivel_cobertura":"muy_alta"},"geometry":{"type":"Polygon","coordinates":[[[114.00463,22.369034],[114.005286,22.373754],[114.001271,22.376918],[113.996598,22.375362],[113.995941,22.370642],[113.999957,22.367478],[114.00463,22.369034]]]}},{"type":"Feature","properties":{"h3":"88411ca299fffff","estacion_meteorologica":0,"hospital_urgencias":0,"parada_transporte":3,"rutas_servidas":3,"codigo":"L","nivel_cobertura":"media"},"geometry":{"type":"Polygon","coordinates":[[[113.923035,22.391376],[113.923692,22.396098],[113.919671,22.399261],[113.914994,22.397703],[113.914338,22.392981],[113.918359,22.389818],[113.923035,22.391376]]]}},{"type":"Feature","properties":{"h3":"88411ca2a1fffff","estacion_meteorologica":0,"hospital_urgencias":0,"parada_transporte":1,"rutas_servidas":1,"codigo":"M","nivel_cobertura":"baja"},"geometry":{"type":"Polygon","coordinates":[[[113.949697,22.422765],[113.950353,22.427484],[113.946334,22.430648],[113.941658,22.429092],[113.941001,22.424372],[113.945021,22.421209],[113.949697,22.422765]]]}},{"type":"Feature","properties":{"h3":"88411ca2a5fffff","estacion_meteorologica":0,"hospital_urgencias":0,"parada_transporte":1,"rutas_servidas":1,"codigo":"M","nivel_cobertura":"baja"},"geometry":{"type":"Polygon","coordinates":[[[113.955029,22.42904],[113.955686,22.433759],[113.951666,22.436922],[113.94699,22.435367],[113.946334,22.430648],[113.950353,22.427484],[113.955029,22.42904]]]}},{"type":"Feature","properties":{"h3":"88411ca2b1fffff","estacion_meteorologica":0,"hospital_urgencias":0,"parada_transporte":2,"rutas_servidas":2,"codigo":"L","nivel_cobertura":"baja"},"geometry":{"type":"Polygon","coordinates":[[[113.926972,22.419702],[113.927628,22.424422],[113.923608,22.427585],[113.91893,22.426028],[113.918274,22.421308],[113.922295,22.418144],[113.926972,22.419702]]]}},{"type":"Feature","properties":{"h3":"88411ca2bbfffff","estacion_meteorologica":0,"hospital_urgencias":0,"parada_transporte":2,"rutas_servidas":2,"codigo":"L","nivel_cobertura":"baja"},"geometry":{"type":"Polygon","coordinates":[[[113.921639,22.413424],[113.922295,22.418144],[113.918274,22.421308],[113.913597,22.41975],[113.912941,22.415029],[113.916962,22.411866],[113.921639,22.413424]]]}},{"type":"Feature","properties":{"h3":"88411ca2c9fffff","estacion_meteorologica":0,"hospital_urgencias":0,"parada_transporte":1,"rutas_servidas":4,"codigo":"L","nivel_cobertura":"baja"},"geometry":{"type":"Polygon","coordinates":[[[113.961177,22.377069],[113.961834,22.38179],[113.957815,22.384954],[113.953141,22.383397],[113.952484,22.378676],[113.956503,22.375512],[113.961177,22.377069]]]}},{"type":"Feature","properties":{"h3":"88411ca2cdfffff","estacion_meteorologica":1,"hospital_urgencias":0,"parada_transporte":26,"rutas_servidas":72,"codigo":"L","nivel_cobertura":"alta"},"geometry":{"type":"Polygon","coordinates":[[[113.966508,22.383347],[113.967165,22.388068],[113.963147,22.391231],[113.958472,22.389674],[113.957815,22.384954],[113.961834,22.38179],[113.966508,22.383347]]]}},{"type":"Feature","properties":{"h3":"88411ca2d3fffff","estacion_meteorologica":0,"hospital_urgencias":0,"parada_transporte":23,"rutas_servidas":25,"codigo":"L","nivel_cobertura":"alta"},"geometry":{"type":"Polygon","coordinates":[[[113.9264,22.383492],[113.927056,22.388213],[113.923035,22.391376],[113.918359,22.389818],[113.917703,22.385096],[113.921723,22.381933],[113.9264,22.383492]]]}},{"type":"Feature","properties":{"h3":"88411ca2e1fffff","estacion_meteorologica":0,"hospital_urgencias":0,"parada_transporte":28,"rutas_servidas":97,"codigo":"L","nivel_cobertura":"muy_alta"},"geometry":{"type":"Polygon","coordinates":[[[113.965116,22.405391],[113.965772,22.410111],[113.961754,22.413275],[113.957079,22.411718],[113.956422,22.406999],[113.960441,22.403835],[113.965116,22.405391]]]}},{"type":"Feature","properties":{"h3":"88411ca2e5fffff","estacion_meteorologica":0,"hospital_urgencias":0,"parada_transporte":17,"rutas_servidas":50,"codigo":"L","nivel_cobertura":"alta"},"geometry":{"type":"Polygon","coordinates":[[[113.970447,22.411667],[113.971104,22.416386],[113.967086,22.41955],[113.96241,22.417994],[113.961754,22.413275],[113.965772,22.410111],[113.970447,22.411667]]]}},{"type":"Feature","properties":{"h3":"88411ca2e9fffff","estacion_meteorologica":0,"hospital_urgencias":0,"parada_transporte":23,"rutas_servidas":67,"codigo":"L","nivel_cobertura":"alta"},"geometry":{"type":"Polygon","coordinates":[[[113.968478,22.397508],[113.969134,22.402228],[113.965116,22.405391],[113.960441,22.403835],[113.959785,22.399115],[113.963803,22.395952],[113.968478,22.397508]]]}},{"type":"Feature","properties":{"h3":"88411ca2edfffff","estacion_meteorologica":0,"hospital_urgencias":1,"parada_transporte":59,"rutas_servidas":197,"codigo":"L","nivel_cobertura":"muy_alta"},"geometry":{"type":"Polygon","coordinates":[[[113.973809,22.403784],[113.974465,22.408503],[113.970447,22.411667],[113.965772,22.410111],[113.965116,22.405391],[113.969134,22.402228],[113.973809,22.403784]]]}},{"type":"Feature","properties":{"h3":"88411ca301fffff","estacion_meteorologica":0,"hospital_urgencias":0,"parada_transporte":4,"rutas_servidas":5,"codigo":"M","nivel_cobertura":"media"},"geometry":{"type":"Polygon","coordinates":[[[114.040548,22.434978],[114.041205,22.439694],[114.03719,22.442858],[114.032518,22.441306],[114.03186,22.436589],[114.035875,22.433425],[114.040548,22.434978]]]}},{"type":"Feature","properties":{"h3":"88411ca303fffff","estacion_meteorologica":0,"hospital_urgencias":0,"parada_transporte":27,"rutas_servidas":63,"codigo":"M","nivel_cobertura":"alta"},"geometry":{"type":"Polygon","coordinates":[[[114.03186,22.436589],[114.032518,22.441306],[114.028502,22.44447],[114.023829,22.442917],[114.023172,22.438201],[114.027188,22.435037],[114.03186,22.436589]]]}},{"type":"Feature","properties":{"h3":"88411ca305fffff","estacion_meteorologica":0,"hospital_urgencias":1,"parada_transporte":16,"rutas_servidas":104,"codigo":"M","nivel_cobertura":"alta"},"geometry":{"type":"Polygon","coordinates":[[[114.045877,22.441246],[114.046534,22.445962],[114.042519,22.449126],[114.037847,22.447574],[114.03719,22.442858],[114.041205,22.439694],[114.045877,22.441246]]]}},{"type":"Feature","properties":{"h3":"88411ca307fffff","estacion_meteorologica":0,"hospital_urgencias":0,"parada_transporte":87,"rutas_servidas":351,"codigo":"M","nivel_cobertura":"muy_alta"},"geometry":{"type":"Polygon","coordinates":[[[114.03719,22.442858],[114.037847,22.447574],[114.033832,22.450738],[114.029159,22.449186],[114.028502,22.44447],[114.032518,22.441306],[114.03719,22.442858]]]}},{"type":"Feature","properties":{"h3":"88411ca30bfffff","estacion_meteorologica":0,"hospital_urgencias":0,"parada_transporte":8,"rutas_servidas":8,"codigo":"M","nivel_cobertura":"alta"},"geometry":{"type":"Polygon","coordinates":[[[114.035218,22.428709],[114.035875,22.433425],[114.03186,22.436589],[114.027188,22.435037],[114.026531,22.43032],[114.030546,22.427156],[114.035218,22.428709]]]}},{"type":"Feature","properties":{"h3":"88411ca311fffff","estacion_meteorologica":0,"hospital_urgencias":0,"parada_transporte":22,"rutas_servidas":31,"codigo":"M","nivel_cobertura":"alta"},"geometry":{"type":"Polygon","coordinates":[[[114.017842,22.431931],[114.018499,22.436648],[114.014483,22.439812],[114.00981,22.438258],[114.009153,22.433541],[114.013169,22.430377],[114.017842,22.431931]]]}},{"type":"Feature","properties":{"h3":"88411ca313fffff","estacion_meteorologica":0,"hospital_urgencias":0,"parada_transporte":25,"rutas_servidas":64,"codigo":"M","nivel_cobertura":"alta"},"geometry":{"type":"Polygon","coordinates":[[[114.009153,22.433541],[114.00981,22.438258],[114.005793,22.441422],[114.00112,22.439869],[114.000463,22.435151],[114.00448,22.431987],[114.009153,22.433541]]]}},{"type":"Feature","properties":{"h3":"88411ca315fffff","estacion_meteorologica":1,"hospital_urgencias":0,"parada_transporte":46,"rutas_servidas":121,"codigo":"M","nivel_cobertura":"muy_alta"},"geometry":{"type":"Polygon","coordinates":[[[114.023172,22.438201],[114.023829,22.442917],[114.019814,22.446081],[114.01514,22.444528],[114.014483,22.439812],[114.018499,22.436648],[114.023172,22.438201]]]}},{"type":"Feature","properties":{"h3":"88411ca317fffff","estacion_meteorologica":0,"hospital_urgencias":0,"parada_transporte":35,"rutas_servidas":75,"codigo":"M","nivel_cobertura":"muy_alta"},"geometry":{"type":"Polygon","coordinates":[[[114.014483,22.439812],[114.01514,22.444528],[114.011124,22.447692],[114.00645,22.446139],[114.005793,22.441422],[114.00981,22.438258],[114.014483,22.439812]]]}},{"type":"Feature","properties":{"h3":"88411ca31bfffff","estacion_meteorologica":0,"hospital_urgencias":0,"parada_transporte":3,"rutas_servidas":4,"codigo":"M","nivel_cobertura":"media"},"geometry":{"type":"Polygon","coordinates":[[[114.012512,22.42566],[114.013169,22.430377],[114.009153,22.433541],[114.00448,22.431987],[114.003823,22.42727],[114.007839,22.424106],[114.012512,22.42566]]]}},{"type":"Feature","properties":{"h3":"88411ca31dfffff","estacion_meteorologica":0,"hospital_urgencias":0,"parada_transporte":4,"rutas_servidas":8,"codigo":"M","nivel_cobertura":"media"},"geometry":{"type":"Polygon","coordinates":[[[114.026531,22.43032],[114.027188,22.435037],[114.023172,22.438201],[114.018499,22.436648],[114.017842,22.431931],[114.021858,22.428767],[114.026531,22.43032]]]}},{"type":"Feature","properties":{"h3":"88411ca325fffff","estacion_meteorologica":0,"hospital_urgencias":0,"parada_transporte":6,"rutas_servidas":16,"codigo":"M","nivel_cobertura":"media"},"geometry":{"type":"Polygon","coordinates":[[[114.053178,22.46166],[114.053836,22.466375],[114.049821,22.469539],[114.045149,22.467988],[114.044492,22.463273],[114.048506,22.460109],[114.053178,22.46166]]]}},{"type":"Feature","properties":{"h3":"88411ca329fffff","estacion_meteorologica":0,"hospital_urgencias":0,"parada_transporte":15,"rutas_servidas":37,"codigo":"M","nivel_cobertura":"alta"},"geometry":{"type":"Polygon","coordinates":[[[114.051206,22.447514],[114.051863,22.452229],[114.047849,22.455393],[114.043177,22.453842],[114.042519,22.449126],[114.046534,22.445962],[114.051206,22.447514]]]}},{"type":"Feature","properties":{"h3":"88411ca32bfffff","estacion_meteorologica":0,"hospital_urgencias":0,"parada_transporte":2,"rutas_servidas":2,"codigo":"M","nivel_cobertura":"baja"},"geometry":{"type":"Polygon","coordinates":[[[114.042519,22.449126],[114.043177,22.453842],[114.039162,22.457006],[114.034489,22.455454],[114.033832,22.450738],[114.037847,22.447574],[114.042519,22.449126]]]}},{"type":"Feature","properties":{"h3":"88411ca32dfffff","estacion_meteorologica":0,"hospital_urgencias":0,"parada_transporte":11,"rutas_servidas":22,"codigo":"M","nivel_cobertura":"alta"},"geometry":{"type":"Polygon","coordinates":[[[114.056535,22.45378],[114.057193,22.458496],[114.053178,22.46166],[114.048506,22.460109],[114.047849,22.455393],[114.051863,22.452229],[114.056535,22.45378]]]}},{"type":"Feature","properties":{"h3":"88411ca331fffff","estacion_meteorologica":0,"hospital_urgencias":0,"parada_transporte":5,"rutas_servidas":5,"codigo":"M","nivel_cobertura":"media"},"geometry":{"type":"Polygon","coordinates":[[[114.025144,22.45235],[114.025801,22.457066],[114.021785,22.46023],[114.017112,22.458678],[114.016454,22.453962],[114.020471,22.450798],[114.025144,22.45235]]]}},{"type":"Feature","properties":{"h3":"88411ca335fffff","estacion_meteorologica":0,"hospital_urgencias":0,"parada_transporte":14,"rutas_servidas":14,"codigo":"M","nivel_cobertura":"alta"},"geometry":{"type":"Polygon","coordinates":[[[114.030474,22.458618],[114.031131,22.463334],[114.027115,22.466498],[114.022442,22.464946],[114.021785,22.46023],[114.025801,22.457066],[114.030474,22.458618]]]}},{"type":"Feature","properties":{"h3":"88411ca337fffff","estacion_meteorologica":0,"hospital_urgencias":0,"parada_transporte":1,"rutas_servidas":1,"codigo":"M","nivel_cobertura":"baja"},"geometry":{"type":"Polygon","coordinates":[[[114.021785,22.46023],[114.022442,22.464946],[114.018426,22.46811],[114.013752,22.466558],[114.013095,22.461842],[114.017112,22.458678],[114.021785,22.46023]]]}},{"type":"Feature","properties":{"h3":"88411ca339fffff","estacion_meteorologica":0,"hospital_urgencias":0,"parada_transporte":123,"rutas_servidas":297,"codigo":"M","nivel_cobertura":"muy_alta"},"geometry":{"type":"Polygon","coordinates":[[[114.028502,22.44447],[114.029159,22.449186],[114.025144,22.45235],[114.020471,22.450798],[114.019814,22.446081],[114.023829,22.442917],[114.028502,22.44447]]]}},{"type":"Feature","properties":{"h3":"88411ca33bfffff","estacion_meteorologica":0,"hospital_urgencias":0,"parada_transporte":7,"rutas_servidas":22,"codigo":"M","nivel_cobertura":"media"},"geometry":{"type":"Polygon","coordinates":[[[114.019814,22.446081],[114.020471,22.450798],[114.016454,22.453962],[114.011781,22.452409],[114.011124,22.447692],[114.01514,22.444528],[114.019814,22.446081]]]}},{"type":"Feature","properties":{"h3":"88411ca33dfffff","estacion_meteorologica":0,"hospital_urgencias":0,"parada_transporte":10,"rutas_servidas":22,"codigo":"M","nivel_cobertura":"alta"},"geometry":{"type":"Polygon","coordinates":[[[114.033832,22.450738],[114.034489,22.455454],[114.030474,22.458618],[114.025801,22.457066],[114.025144,22.45235],[114.029159,22.449186],[114.033832,22.450738]]]}},{"type":"Feature","properties":{"h3":"88411ca343fffff","estacion_meteorologica":0,"hospital_urgencias":0,"parada_transporte":5,"rutas_servidas":10,"codigo":"M","nivel_cobertura":"media"},"geometry":{"type":"Polygon","coordinates":[[[114.047262,22.419216],[114.047919,22.423933],[114.043905,22.427097],[114.039233,22.425545],[114.038576,22.420828],[114.04259,22.417664],[114.047262,22.419216]]]}},{"type":"Feature","properties":{"h3":"88411ca34dfffff","estacion_meteorologica":0,"hospital_urgencias":0,"parada_transporte":23,"rutas_servidas":165,"codigo":"M","nivel_cobertura":"alta"},"geometry":{"type":"Polygon","coordinates":[[[114.064631,22.415993],[114.065289,22.420709],[114.061276,22.423873],[114.056604,22.422321],[114.055947,22.417605],[114.059961,22.41444],[114.064631,22.415993]]]}},{"type":"Feature","properties":{"h3":"88411ca351fffff","estacion_meteorologica":0,"hospital_urgencias":0,"parada_transporte":1,"rutas_servidas":1,"codigo":"M","nivel_cobertura":"baja"},"geometry":{"type":"Polygon","coordinates":[[[114.033247,22.414557],[114.033904,22.419275],[114.029889,22.422439],[114.025216,22.420885],[114.024559,22.416168],[114.028575,22.413004],[114.033247,22.414557]]]}},{"type":"Feature","properties":{"h3":"88411ca353fffff","estacion_meteorologica":0,"hospital_urgencias":0,"parada_transporte":5,"rutas_servidas":5,"codigo":"M","nivel_cobertura":"media"},"geometry":{"type":"Polygon","coordinates":[[[114.024559,22.416168],[114.025216,22.420885],[114.021201,22.424049],[114.016528,22.422496],[114.015871,22.417778],[114.019887,22.414614],[114.024559,22.416168]]]}},{"type":"Feature","properties":{"h3":"88411ca355fffff","estacion_meteorologica":0,"hospital_urgencias":0,"parada_transporte":9,"rutas_servidas":10,"codigo":"M","nivel_cobertura":"alta"},"geometry":{"type":"Polygon","coordinates":[[[114.038576,22.420828],[114.039233,22.425545],[114.035218,22.428709],[114.030546,22.427156],[114.029889,22.422439],[114.033904,22.419275],[114.038576,22.420828]]]}},{"type":"Feature","properties":{"h3":"88411ca357fffff","estacion_meteorologica":0,"hospital_urgencias":0,"parada_transporte":5,"rutas_servidas":5,"codigo":"M","nivel_cobertura":"media"},"geometry":{"type":"Polygon","coordinates":[[[114.029889,22.422439],[114.030546,22.427156],[114.026531,22.43032],[114.021858,22.428767],[114.021201,22.424049],[114.025216,22.420885],[114.029889,22.422439]]]}},{"type":"Feature","properties":{"h3":"88411ca35bfffff","estacion_meteorologica":0,"hospital_urgencias":0,"parada_transporte":1,"rutas_servidas":1,"codigo":"M","nivel_cobertura":"baja"},"geometry":{"type":"Polygon","coordinates":[[[114.027917,22.408286],[114.028575,22.413004],[114.024559,22.416168],[114.019887,22.414614],[114.01923,22.409896],[114.023245,22.406732],[114.027917,22.408286]]]}},{"type":"Feature","properties":{"h3":"88411ca361fffff","estacion_meteorologica":0,"hospital_urgencias":0,"parada_transporte":25,"rutas_servidas":75,"codigo":"M","nivel_cobertura":"alta"},"geometry":{"type":"Polygon","coordinates":[[[114.063248,22.438021],[114.063905,22.442737],[114.059892,22.445901],[114.05522,22.44435],[114.054563,22.439634],[114.058577,22.43647],[114.063248,22.438021]]]}},{"type":"Feature","properties":{"h3":"88411ca363fffff","estacion_meteorologica":0,"hospital_urgencias":0,"parada_transporte":21,"rutas_servidas":80,"codigo":"M","nivel_cobertura":"alta"},"geometry":{"type":"Polygon","coordinates":[[[114.054563,22.439634],[114.05522,22.44435],[114.051206,22.447514],[114.046534,22.445962],[114.045877,22.441246],[114.049891,22.438082],[114.054563,22.439634]]]}},{"type":"Feature","properties":{"h3":"88411ca365fffff","estacion_meteorologica":0,"hospital_urgencias":0,"parada_transporte":3,"rutas_servidas":5,"codigo":"M","nivel_cobertura":"media"},"geometry":{"type":"Polygon","coordinates":[[[114.068576,22.444288],[114.069234,22.449003],[114.065221,22.452167],[114.060549,22.450616],[114.059892,22.445901],[114.063905,22.442737],[114.068576,22.444288]]]}},{"type":"Feature","properties":{"h3":"88411ca367fffff","estacion_meteorologica":1,"hospital_urgencias":0,"parada_transporte":1,"rutas_servidas":2,"codigo":"M","nivel_cobertura":"baja"},"geometry":{"type":"Polygon","coordinates":[[[114.059892,22.445901],[114.060549,22.450616],[114.056535,22.45378],[114.051863,22.452229],[114.051206,22.447514],[114.05522,22.44435],[114.059892,22.445901]]]}},{"type":"Feature","properties":{"h3":"88411ca369fffff","estacion_meteorologica":0,"hospital_urgencias":0,"parada_transporte":18,"rutas_servidas":43,"codigo":"M","nivel_cobertura":"alta"},"geometry":{"type":"Polygon","coordinates":[[[114.066604,22.430141],[114.067261,22.434857],[114.063248,22.438021],[114.058577,22.43647],[114.057919,22.431754],[114.061933,22.428589],[114.066604,22.430141]]]}},{"type":"Feature","properties":{"h3":"88411ca36dfffff","estacion_meteorologica":0,"hospital_urgencias":0,"parada_transporte":37,"rutas_servidas":88,"codigo":"M","nivel_cobertura":"muy_alta"},"geometry":{"type":"Polygon","coordinates":[[[114.071932,22.436408],[114.07259,22.441124],[114.068576,22.444288],[114.063905,22.442737],[114.063248,22.438021],[114.067261,22.434857],[114.071932,22.436408]]]}},{"type":"Feature","properties":{"h3":"88411caa49fffff","estacion_meteorologica":0,"hospital_urgencias":0,"parada_transporte":5,"rutas_servidas":5,"codigo":"M","nivel_cobertura":"media"},"geometry":{"type":"Polygon","coordinates":[[[114.073112,22.508733],[114.07377,22.513446],[114.069756,22.51661],[114.065084,22.515062],[114.064426,22.510349],[114.06844,22.507185],[114.073112,22.508733]]]}},{"type":"Feature","properties":{"h3":"88411caa4dfffff","estacion_meteorologica":0,"hospital_urgencias":0,"parada_transporte":1,"rutas_servidas":1,"codigo":"M","nivel_cobertura":"baja"},"geometry":{"type":"Polygon","coordinates":[[[114.078442,22.514994],[114.0791,22.519706],[114.075086,22.52287],[114.070414,22.521322],[114.069756,22.51661],[114.07377,22.513446],[114.078442,22.514994]]]}},{"type":"Feature","properties":{"h3":"88411cb021fffff","estacion_meteorologica":1,"hospital_urgencias":0,"parada_transporte":0,"rutas_servidas":0,"codigo":"S","nivel_cobertura":"baja"},"geometry":{"type":"Polygon","coordinates":[[[114.094821,22.345055],[114.095478,22.349774],[114.091468,22.352938],[114.086799,22.351385],[114.086142,22.346666],[114.090153,22.343502],[114.094821,22.345055]]]}},{"type":"Feature","properties":{"h3":"88411cb023fffff","estacion_meteorologica":0,"hospital_urgencias":0,"parada_transporte":1,"rutas_servidas":1,"codigo":"S","nivel_cobertura":"baja"},"geometry":{"type":"Polygon","coordinates":[[[114.086142,22.346666],[114.086799,22.351385],[114.082788,22.354549],[114.078119,22.352996],[114.077461,22.348277],[114.081473,22.345112],[114.086142,22.346666]]]}},{"type":"Feature","properties":{"h3":"88411cb025fffff","estacion_meteorologica":0,"hospital_urgencias":0,"parada_transporte":30,"rutas_servidas":122,"codigo":"S","nivel_cobertura":"muy_alta"},"geometry":{"type":"Polygon","coordinates":[[[114.100147,22.351327],[114.100804,22.356045],[114.096794,22.359209],[114.092125,22.357656],[114.091468,22.352938],[114.095478,22.349774],[114.100147,22.351327]]]}},{"type":"Feature","properties":{"h3":"88411cb02dfffff","estacion_meteorologica":0,"hospital_urgencias":0,"parada_transporte":25,"rutas_servidas":97,"codigo":"S","nivel_cobertura":"alta"},"geometry":{"type":"Polygon","coordinates":[[[114.103499,22.343444],[114.104157,22.348162],[114.100147,22.351327],[114.095478,22.349774],[114.094821,22.345055],[114.098831,22.341891],[114.103499,22.343444]]]}},{"type":"Feature","properties":{"h3":"88411cb033fffff","estacion_meteorologica":0,"hospital_urgencias":0,"parada_transporte":4,"rutas_servidas":8,"codigo":"K","nivel_cobertura":"media"},"geometry":{"type":"Polygon","coordinates":[[[114.063454,22.343614],[114.064111,22.348333],[114.060099,22.351497],[114.055429,22.349943],[114.054771,22.345223],[114.058784,22.342059],[114.063454,22.343614]]]}},{"type":"Feature","properties":{"h3":"88411cb061fffff","estacion_meteorologica":0,"hospital_urgencias":0,"parada_transporte":2,"rutas_servidas":2,"codigo":"S","nivel_cobertura":"baja"},"geometry":{"type":"Polygon","coordinates":[[[114.110203,22.327678],[114.110861,22.332396],[114.106851,22.335561],[114.102184,22.334007],[114.101526,22.329289],[114.105536,22.326124],[114.110203,22.327678]]]}},{"type":"Feature","properties":{"h3":"88411cb089fffff","estacion_meteorologica":0,"hospital_urgencias":0,"parada_transporte":3,"rutas_servidas":4,"codigo":"K","nivel_cobertura":"media"},"geometry":{"type":"Polygon","coordinates":[[[114.030106,22.328004],[114.030762,22.332725],[114.026749,22.335889],[114.022077,22.334332],[114.021421,22.329611],[114.025435,22.326447],[114.030106,22.328004]]]}},{"type":"Feature","properties":{"h3":"88411cb0a1fffff","estacion_meteorologica":0,"hospital_urgencias":0,"parada_transporte":4,"rutas_servidas":13,"codigo":"K","nivel_cobertura":"media"},"geometry":{"type":"Polygon","coordinates":[[[114.034047,22.356325],[114.034704,22.361045],[114.03069,22.364209],[114.026019,22.362654],[114.025362,22.357934],[114.029376,22.35477],[114.034047,22.356325]]]}},{"type":"Feature","properties":{"h3":"88411cb0a3fffff","estacion_meteorologica":0,"hospital_urgencias":0,"parada_transporte":23,"rutas_servidas":128,"codigo":"L","nivel_cobertura":"alta"},"geometry":{"type":"Polygon","coordinates":[[[114.025362,22.357934],[114.026019,22.362654],[114.022004,22.365818],[114.017333,22.364262],[114.016676,22.359542],[114.02069,22.356378],[114.025362,22.357934]]]}},{"type":"Feature","properties":{"h3":"88411cb0adfffff","estacion_meteorologica":0,"hospital_urgencias":0,"parada_transporte":5,"rutas_servidas":16,"codigo":"K","nivel_cobertura":"media"},"geometry":{"type":"Polygon","coordinates":[[[114.042732,22.354716],[114.043389,22.359436],[114.039375,22.3626],[114.034704,22.361045],[114.034047,22.356325],[114.038061,22.353161],[114.042732,22.354716]]]}},{"type":"Feature","properties":{"h3":"88411cb0b5fffff","estacion_meteorologica":0,"hospital_urgencias":0,"parada_transporte":33,"rutas_servidas":169,"codigo":"L","nivel_cobertura":"muy_alta"},"geometry":{"type":"Polygon","coordinates":[[[114.016676,22.359542],[114.017333,22.364262],[114.013317,22.367426],[114.008645,22.36587],[114.007988,22.36115],[114.012004,22.357986],[114.016676,22.359542]]]}},{"type":"Feature","properties":{"h3":"88411cb0b7fffff","estacion_meteorologica":0,"hospital_urgencias":0,"parada_transporte":25,"rutas_servidas":85,"codigo":"L","nivel_cobertura":"alta"},"geometry":{"type":"Polygon","coordinates":[[[114.007988,22.36115],[114.008645,22.36587],[114.00463,22.369034],[113.999957,22.367478],[113.9993,22.362758],[114.003316,22.359594],[114.007988,22.36115]]]}},{"type":"Feature","properties":{"h3":"88411cb0c1fffff","estacion_meteorologica":0,"hospital_urgencias":0,"parada_transporte":3,"rutas_servidas":5,"codigo":"K","nivel_cobertura":"media"},"geometry":{"type":"Polygon","coordinates":[[[114.042146,22.318511],[114.042803,22.323232],[114.03879,22.326396],[114.034119,22.32484],[114.033462,22.320119],[114.037476,22.316954],[114.042146,22.318511]]]}},{"type":"Feature","properties":{"h3":"88411cb0c9fffff","estacion_meteorologica":0,"hospital_urgencias":0,"parada_transporte":1,"rutas_servidas":1,"codigo":"K","nivel_cobertura":"baja"},"geometry":{"type":"Polygon","coordinates":[[[114.045502,22.310625],[114.046159,22.315346],[114.042146,22.318511],[114.037476,22.316954],[114.036819,22.312233],[114.040832,22.309069],[114.045502,22.310625]]]}},{"type":"Feature","properties":{"h3":"88411cb0cdfffff","estacion_meteorologica":0,"hospital_urgencias":0,"parada_transporte":7,"rutas_servidas":13,"codigo":"K","nivel_cobertura":"media"},"geometry":{"type":"Polygon","coordinates":[[[114.050828,22.316903],[114.051486,22.321623],[114.047473,22.324788],[114.042803,22.323232],[114.042146,22.318511],[114.046159,22.315346],[114.050828,22.316903]]]}},{"type":"Feature","properties":{"h3":"88411cb0d9fffff","estacion_meteorologica":0,"hospital_urgencias":0,"parada_transporte":1,"rutas_servidas":1,"codigo":"T","nivel_cobertura":"baja"},"geometry":{"type":"Polygon","coordinates":[[[114.022807,22.307561],[114.023464,22.312283],[114.01945,22.315447],[114.014779,22.31389],[114.014122,22.309168],[114.018137,22.306004],[114.022807,22.307561]]]}},{"type":"Feature","properties":{"h3":"88411cb0ebfffff","estacion_meteorologica":0,"hospital_urgencias":0,"parada_transporte":16,"rutas_servidas":157,"codigo":"K","nivel_cobertura":"alta"},"geometry":{"type":"Polygon","coordinates":[[[114.044117,22.332672],[114.044774,22.337393],[114.040761,22.340557],[114.03609,22.339001],[114.035433,22.334281],[114.039447,22.331116],[114.044117,22.332672]]]}},{"type":"Feature","properties":{"h3":"88411cb101fffff","estacion_meteorologica":0,"hospital_urgencias":1,"parada_transporte":114,"rutas_servidas":428,"codigo":"K","nivel_cobertura":"muy_alta"},"geometry":{"type":"Polygon","coordinates":[[[114.1248,22.368523],[114.125458,22.37324],[114.121449,22.376405],[114.116781,22.374853],[114.116123,22.370136],[114.120133,22.366972],[114.1248,22.368523]]]}},{"type":"Feature","properties":{"h3":"88411cb103fffff","estacion_meteorologica":0,"hospital_urgencias":0,"parada_transporte":105,"rutas_servidas":405,"codigo":"K","nivel_cobertura":"muy_alta"},"geometry":{"type":"Polygon","coordinates":[[[114.116123,22.370136],[114.116781,22.374853],[114.112771,22.378018],[114.108103,22.376466],[114.107445,22.371749],[114.111456,22.368584],[114.116123,22.370136]]]}},{"type":"Feature","properties":{"h3":"88411cb105fffff","estacion_meteorologica":1,"hospital_urgencias":0,"parada_transporte":22,"rutas_servidas":94,"codigo":"K","nivel_cobertura":"alta"},"geometry":{"type":"Polygon","coordinates":[[[114.130126,22.374791],[114.130784,22.379507],[114.126774,22.382672],[114.122107,22.381121],[114.121449,22.376405],[114.125458,22.37324],[114.130126,22.374791]]]}},{"type":"Feature","properties":{"h3":"88411cb107fffff","estacion_meteorologica":0,"hospital_urgencias":0,"parada_transporte":2,"rutas_servidas":2,"codigo":"K","nivel_cobertura":"baja"},"geometry":{"type":"Polygon","coordinates":[[[114.121449,22.376405],[114.122107,22.381121],[114.118097,22.384286],[114.113429,22.382734],[114.112771,22.378018],[114.116781,22.374853],[114.121449,22.376405]]]}},{"type":"Feature","properties":{"h3":"88411cb109fffff","estacion_meteorologica":0,"hospital_urgencias":0,"parada_transporte":75,"rutas_servidas":177,"codigo":"S","nivel_cobertura":"muy_alta"},"geometry":{"type":"Polygon","coordinates":[[[114.128152,22.360642],[114.12881,22.365358],[114.1248,22.368523],[114.120133,22.366972],[114.119475,22.362255],[114.123485,22.35909],[114.128152,22.360642]]]}},{"type":"Feature","properties":{"h3":"88411cb10bfffff","estacion_meteorologica":0,"hospital_urgencias":0,"parada_transporte":92,"rutas_servidas":216,"codigo":"K","nivel_cobertura":"muy_alta"},"geometry":{"type":"Polygon","coordinates":[[[114.119475,22.362255],[114.120133,22.366972],[114.116123,22.370136],[114.111456,22.368584],[114.110798,22.363867],[114.114808,22.360703],[114.119475,22.362255]]]}},{"type":"Feature","properties":{"h3":"88411cb10dfffff","estacion_meteorologica":0,"hospital_urgencias":0,"parada_transporte":59,"rutas_servidas":199,"codigo":"S","nivel_cobertura":"muy_alta"},"geometry":{"type":"Polygon","coordinates":[[[114.133477,22.36691],[114.134135,22.371626],[114.130126,22.374791],[114.125458,22.37324],[114.1248,22.368523],[114.12881,22.365358],[114.133477,22.36691]]]}},{"type":"Feature","properties":{"h3":"88411cb111fffff","estacion_meteorologica":0,"hospital_urgencias":0,"parada_transporte":16,"rutas_servidas":37,"codigo":"K","nivel_cobertura":"alta"},"geometry":{"type":"Polygon","coordinates":[[[114.10212,22.36548],[114.102777,22.370197],[114.098767,22.373362],[114.094098,22.371809],[114.09344,22.367092],[114.097451,22.363927],[114.10212,22.36548]]]}},{"type":"Feature","properties":{"h3":"88411cb113fffff","estacion_meteorologica":0,"hospital_urgencias":0,"parada_transporte":8,"rutas_servidas":26,"codigo":"K","nivel_cobertura":"alta"},"geometry":{"type":"Polygon","coordinates":[[[114.09344,22.367092],[114.094098,22.371809],[114.090087,22.374974],[114.085418,22.373421],[114.08476,22.368703],[114.088772,22.365539],[114.09344,22.367092]]]}},{"type":"Feature","properties":{"h3":"88411cb115fffff","estacion_meteorologica":0,"hospital_urgencias":0,"parada_transporte":41,"rutas_servidas":133,"codigo":"K","nivel_cobertura":"muy_alta"},"geometry":{"type":"Polygon","coordinates":[[[114.107445,22.371749],[114.108103,22.376466],[114.104093,22.379631],[114.099424,22.378079],[114.098767,22.373362],[114.102777,22.370197],[114.107445,22.371749]]]}},{"type":"Feature","properties":{"h3":"88411cb119fffff","estacion_meteorologica":0,"hospital_urgencias":0,"parada_transporte":26,"rutas_servidas":79,"codigo":"S","nivel_cobertura":"alta"},"geometry":{"type":"Polygon","coordinates":[[[114.105472,22.357598],[114.10613,22.362315],[114.10212,22.36548],[114.097451,22.363927],[114.096794,22.359209],[114.100804,22.356045],[114.105472,22.357598]]]}},{"type":"Feature","properties":{"h3":"88411cb11bfffff","estacion_meteorologica":0,"hospital_urgencias":0,"parada_transporte":2,"rutas_servidas":2,"codigo":"S","nivel_cobertura":"baja"},"geometry":{"type":"Polygon","coordinates":[[[114.096794,22.359209],[114.097451,22.363927],[114.09344,22.367092],[114.088772,22.365539],[114.088114,22.360821],[114.092125,22.357656],[114.096794,22.359209]]]}},{"type":"Feature","properties":{"h3":"88411cb11dfffff","estacion_meteorologica":0,"hospital_urgencias":0,"parada_transporte":20,"rutas_servidas":57,"codigo":"K","nivel_cobertura":"alta"},"geometry":{"type":"Polygon","coordinates":[[[114.110798,22.363867],[114.111456,22.368584],[114.107445,22.371749],[114.102777,22.370197],[114.10212,22.36548],[114.10613,22.362315],[114.110798,22.363867]]]}},{"type":"Feature","properties":{"h3":"88411cb12bfffff","estacion_meteorologica":0,"hospital_urgencias":0,"parada_transporte":2,"rutas_servidas":2,"codigo":"K","nivel_cobertura":"baja"},"geometry":{"type":"Polygon","coordinates":[[[114.126774,22.382672],[114.127432,22.387388],[114.123423,22.390553],[114.118755,22.389002],[114.118097,22.384286],[114.122107,22.381121],[114.126774,22.382672]]]}},{"type":"Feature","properties":{"h3":"88411cb131fffff","estacion_meteorologica":0,"hospital_urgencias":0,"parada_transporte":4,"rutas_servidas":4,"codigo":"K","nivel_cobertura":"media"},"geometry":{"type":"Polygon","coordinates":[[[114.109419,22.385899],[114.110077,22.390615],[114.106066,22.39378],[114.101398,22.392229],[114.10074,22.387512],[114.104751,22.384347],[114.109419,22.385899]]]}},{"type":"Feature","properties":{"h3":"88411cb135fffff","estacion_meteorologica":0,"hospital_urgencias":0,"parada_transporte":5,"rutas_servidas":5,"codigo":"K","nivel_cobertura":"media"},"geometry":{"type":"Polygon","coordinates":[[[114.114745,22.392167],[114.115403,22.396882],[114.111392,22.400047],[114.106724,22.398496],[114.106066,22.39378],[114.110077,22.390615],[114.114745,22.392167]]]}},{"type":"Feature","properties":{"h3":"88411cb139fffff","estacion_meteorologica":1,"hospital_urgencias":0,"parada_transporte":25,"rutas_servidas":56,"codigo":"K","nivel_cobertura":"alta"},"geometry":{"type":"Polygon","coordinates":[[[114.112771,22.378018],[114.113429,22.382734],[114.109419,22.385899],[114.104751,22.384347],[114.104093,22.379631],[114.108103,22.376466],[114.112771,22.378018]]]}},{"type":"Feature","properties":{"h3":"88411cb141fffff","estacion_meteorologica":0,"hospital_urgencias":0,"parada_transporte":9,"rutas_servidas":25,"codigo":"S","nivel_cobertura":"alta"},"geometry":{"type":"Polygon","coordinates":[[[114.140178,22.351147],[114.140836,22.355863],[114.136827,22.359028],[114.132161,22.357477],[114.131503,22.35276],[114.135511,22.349595],[114.140178,22.351147]]]}},{"type":"Feature","properties":{"h3":"88411cb143fffff","estacion_meteorologica":0,"hospital_urgencias":0,"parada_transporte":88,"rutas_servidas":285,"codigo":"S","nivel_cobertura":"muy_alta"},"geometry":{"type":"Polygon","coordinates":[[[114.131503,22.35276],[114.132161,22.357477],[114.128152,22.360642],[114.123485,22.35909],[114.122827,22.354373],[114.126836,22.351208],[114.131503,22.35276]]]}},{"type":"Feature","properties":{"h3":"88411cb145fffff","estacion_meteorologica":0,"hospital_urgencias":0,"parada_transporte":9,"rutas_servidas":22,"codigo":"S","nivel_cobertura":"alta"},"geometry":{"type":"Polygon","coordinates":[[[114.145502,22.357415],[114.14616,22.362131],[114.142152,22.365296],[114.137485,22.363745],[114.136827,22.359028],[114.140836,22.355863],[114.145502,22.357415]]]}},{"type":"Feature","properties":{"h3":"88411cb147fffff","estacion_meteorologica":0,"hospital_urgencias":0,"parada_transporte":66,"rutas_servidas":304,"codigo":"S","nivel_cobertura":"muy_alta"},"geometry":{"type":"Polygon","coordinates":[[[114.136827,22.359028],[114.137485,22.363745],[114.133477,22.36691],[114.12881,22.365358],[114.128152,22.360642],[114.132161,22.357477],[114.136827,22.359028]]]}},{"type":"Feature","properties":{"h3":"88411cb149fffff","estacion_meteorologica":0,"hospital_urgencias":0,"parada_transporte":6,"rutas_servidas":35,"codigo":"S","nivel_cobertura":"media"},"geometry":{"type":"Polygon","coordinates":[[[114.143528,22.343265],[114.144186,22.347982],[114.140178,22.351147],[114.135511,22.349595],[114.134853,22.344878],[114.138862,22.341713],[114.143528,22.343265]]]}},{"type":"Feature","properties":{"h3":"88411cb14bfffff","estacion_meteorologica":0,"hospital_urgencias":0,"parada_transporte":30,"rutas_servidas":122,"codigo":"S","nivel_cobertura":"muy_alta"},"geometry":{"type":"Polygon","coordinates":[[[114.134853,22.344878],[114.135511,22.349595],[114.131503,22.35276],[114.126836,22.351208],[114.126178,22.346491],[114.130187,22.343326],[114.134853,22.344878]]]}},{"type":"Feature","properties":{"h3":"88411cb151fffff","estacion_meteorologica":0,"hospital_urgencias":0,"parada_transporte":5,"rutas_servidas":17,"codigo":"S","nivel_cobertura":"media"},"geometry":{"type":"Polygon","coordinates":[[[114.117502,22.348103],[114.11816,22.35282],[114.11415,22.355985],[114.109482,22.354433],[114.108825,22.349715],[114.112834,22.34655],[114.117502,22.348103]]]}},{"type":"Feature","properties":{"h3":"88411cb153fffff","estacion_meteorologica":0,"hospital_urgencias":0,"parada_transporte":97,"rutas_servidas":462,"codigo":"S","nivel_cobertura":"muy_alta"},"geometry":{"type":"Polygon","coordinates":[[[114.108825,22.349715],[114.109482,22.354433],[114.105472,22.357598],[114.100804,22.356045],[114.100147,22.351327],[114.104157,22.348162],[114.108825,22.349715]]]}},{"type":"Feature","properties":{"h3":"88411cb155fffff","estacion_meteorologica":0,"hospital_urgencias":0,"parada_transporte":37,"rutas_servidas":88,"codigo":"S","nivel_cobertura":"muy_alta"},"geometry":{"type":"Polygon","coordinates":[[[114.122827,22.354373],[114.123485,22.35909],[114.119475,22.362255],[114.114808,22.360703],[114.11415,22.355985],[114.11816,22.35282],[114.122827,22.354373]]]}},{"type":"Feature","properties":{"h3":"88411cb157fffff","estacion_meteorologica":0,"hospital_urgencias":0,"parada_transporte":18,"rutas_servidas":53,"codigo":"S","nivel_cobertura":"alta"},"geometry":{"type":"Polygon","coordinates":[[[114.11415,22.355985],[114.114808,22.360703],[114.110798,22.363867],[114.10613,22.362315],[114.105472,22.357598],[114.109482,22.354433],[114.11415,22.355985]]]}},{"type":"Feature","properties":{"h3":"88411cb15bfffff","estacion_meteorologica":2,"hospital_urgencias":0,"parada_transporte":50,"rutas_servidas":212,"codigo":"S","nivel_cobertura":"muy_alta"},"geometry":{"type":"Polygon","coordinates":[[[114.112177,22.341832],[114.112834,22.34655],[114.108825,22.349715],[114.104157,22.348162],[114.103499,22.343444],[114.107509,22.340279],[114.112177,22.341832]]]}},{"type":"Feature","properties":{"h3":"88411cb15dfffff","estacion_meteorologica":0,"hospital_urgencias":0,"parada_transporte":9,"rutas_servidas":23,"codigo":"S","nivel_cobertura":"alta"},"geometry":{"type":"Polygon","coordinates":[[[114.126178,22.346491],[114.126836,22.351208],[114.122827,22.354373],[114.11816,22.35282],[114.117502,22.348103],[114.121511,22.344938],[114.126178,22.346491]]]}},{"type":"Feature","properties":{"h3":"88411cb161fffff","estacion_meteorologica":0,"hospital_urgencias":0,"parada_transporte":1,"rutas_servidas":1,"codigo":"S","nivel_cobertura":"baja"},"geometry":{"type":"Polygon","coordinates":[[[114.147476,22.371563],[114.148135,22.376279],[114.144126,22.379444],[114.13946,22.377893],[114.138801,22.373177],[114.14281,22.370012],[114.147476,22.371563]]]}},{"type":"Feature","properties":{"h3":"88411cb163fffff","estacion_meteorologica":0,"hospital_urgencias":0,"parada_transporte":30,"rutas_servidas":234,"codigo":"K","nivel_cobertura":"muy_alta"},"geometry":{"type":"Polygon","coordinates":[[[114.138801,22.373177],[114.13946,22.377893],[114.135451,22.381058],[114.130784,22.379507],[114.130126,22.374791],[114.134135,22.371626],[114.138801,22.373177]]]}},{"type":"Feature","properties":{"h3":"88411cb167fffff","estacion_meteorologica":0,"hospital_urgencias":0,"parada_transporte":12,"rutas_servidas":117,"codigo":"S","nivel_cobertura":"alta"},"geometry":{"type":"Polygon","coordinates":[[[114.144126,22.379444],[114.144784,22.384159],[114.140776,22.387324],[114.136109,22.385774],[114.135451,22.381058],[114.13946,22.377893],[114.144126,22.379444]]]}},{"type":"Feature","properties":{"h3":"88411cb16bfffff","estacion_meteorologica":0,"hospital_urgencias":0,"parada_transporte":99,"rutas_servidas":440,"codigo":"S","nivel_cobertura":"muy_alta"},"geometry":{"type":"Polygon","coordinates":[[[114.142152,22.365296],[114.14281,22.370012],[114.138801,22.373177],[114.134135,22.371626],[114.133477,22.36691],[114.137485,22.363745],[114.142152,22.365296]]]}},{"type":"Feature","properties":{"h3":"88411cb1c1fffff","estacion_meteorologica":0,"hospital_urgencias":0,"parada_transporte":4,"rutas_servidas":13,"codigo":"K","nivel_cobertura":"media"},"geometry":{"type":"Polygon","coordinates":[[[114.079434,22.362432],[114.080091,22.36715],[114.076079,22.370315],[114.07141,22.368761],[114.070753,22.364043],[114.074765,22.360879],[114.079434,22.362432]]]}},{"type":"Feature","properties":{"h3":"88411cb1c3fffff","estacion_meteorologica":0,"hospital_urgencias":0,"parada_transporte":8,"rutas_servidas":26,"codigo":"K","nivel_cobertura":"alta"},"geometry":{"type":"Polygon","coordinates":[[[114.070753,22.364043],[114.07141,22.368761],[114.067398,22.371926],[114.062728,22.370372],[114.06207,22.365654],[114.066083,22.362489],[114.070753,22.364043]]]}},{"type":"Feature","properties":{"h3":"88411cb1c5fffff","estacion_meteorologica":0,"hospital_urgencias":0,"parada_transporte":6,"rutas_servidas":19,"codigo":"K","nivel_cobertura":"media"},"geometry":{"type":"Polygon","coordinates":[[[114.08476,22.368703],[114.085418,22.373421],[114.081406,22.376586],[114.076737,22.375033],[114.076079,22.370315],[114.080091,22.36715],[114.08476,22.368703]]]}},{"type":"Feature","properties":{"h3":"88411cb1cdfffff","estacion_meteorologica":0,"hospital_urgencias":0,"parada_transporte":2,"rutas_servidas":7,"codigo":"K","nivel_cobertura":"baja"},"geometry":{"type":"Polygon","coordinates":[[[114.088114,22.360821],[114.088772,22.365539],[114.08476,22.368703],[114.080091,22.36715],[114.079434,22.362432],[114.083445,22.359268],[114.088114,22.360821]]]}},{"type":"Feature","properties":{"h3":"88411cb1d1fffff","estacion_meteorologica":0,"hospital_urgencias":0,"parada_transporte":14,"rutas_servidas":47,"codigo":"K","nivel_cobertura":"alta"},"geometry":{"type":"Polygon","coordinates":[[[114.056743,22.359381],[114.0574,22.364099],[114.053387,22.367264],[114.048717,22.365709],[114.04806,22.36099],[114.052073,22.357826],[114.056743,22.359381]]]}},{"type":"Feature","properties":{"h3":"88411cb1d3fffff","estacion_meteorologica":0,"hospital_urgencias":0,"parada_transporte":14,"rutas_servidas":55,"codigo":"K","nivel_cobertura":"alta"},"geometry":{"type":"Polygon","coordinates":[[[114.04806,22.36099],[114.048717,22.365709],[114.044703,22.368874],[114.040033,22.367319],[114.039375,22.3626],[114.043389,22.359436],[114.04806,22.36099]]]}},{"type":"Feature","properties":{"h3":"88411cb1d5fffff","estacion_meteorologica":0,"hospital_urgencias":0,"parada_transporte":34,"rutas_servidas":99,"codigo":"K","nivel_cobertura":"muy_alta"},"geometry":{"type":"Polygon","coordinates":[[[114.06207,22.365654],[114.062728,22.370372],[114.058715,22.373536],[114.054045,22.371982],[114.053387,22.367264],[114.0574,22.364099],[114.06207,22.365654]]]}},{"type":"Feature","properties":{"h3":"88411cb1d9fffff","estacion_meteorologica":0,"hospital_urgencias":0,"parada_transporte":3,"rutas_servidas":6,"codigo":"K","nivel_cobertura":"media"},"geometry":{"type":"Polygon","coordinates":[[[114.060099,22.351497],[114.060756,22.356216],[114.056743,22.359381],[114.052073,22.357826],[114.051416,22.353107],[114.055429,22.349943],[114.060099,22.351497]]]}},{"type":"Feature","properties":{"h3":"88411cb22bfffff","estacion_meteorologica":1,"hospital_urgencias":0,"parada_transporte":0,"rutas_servidas":0,"codigo":"A","nivel_cobertura":"baja"},"geometry":{"type":"Polygon","coordinates":[[[114.112961,22.283593],[114.113618,22.288313],[114.109609,22.291478],[114.104942,22.289923],[114.104285,22.285203],[114.108294,22.282038],[114.112961,22.283593]]]}},{"type":"Feature","properties":{"h3":"88411cb245fffff","estacion_meteorologica":0,"hospital_urgencias":0,"parada_transporte":12,"rutas_servidas":30,"codigo":"D","nivel_cobertura":"alta"},"geometry":{"type":"Polygon","coordinates":[[[114.131686,22.258327],[114.132343,22.263047],[114.128336,22.266212],[114.12367,22.264657],[114.123013,22.259936],[114.12702,22.256771],[114.131686,22.258327]]]}},{"type":"Feature","properties":{"h3":"88411cb24dfffff","estacion_meteorologica":0,"hospital_urgencias":0,"parada_transporte":12,"rutas_servidas":46,"codigo":"D","nivel_cobertura":"alta"},"geometry":{"type":"Polygon","coordinates":[[[114.135035,22.250441],[114.135693,22.255162],[114.131686,22.258327],[114.12702,22.256771],[114.126363,22.25205],[114.13037,22.248885],[114.135035,22.250441]]]}},{"type":"Feature","properties":{"h3":"88411cb261fffff","estacion_meteorologica":0,"hospital_urgencias":0,"parada_transporte":20,"rutas_servidas":116,"codigo":"D","nivel_cobertura":"alta"},"geometry":{"type":"Polygon","coordinates":[[[114.133659,22.272488],[114.134317,22.277207],[114.130309,22.280373],[114.125643,22.278818],[114.124986,22.274098],[114.128994,22.270933],[114.133659,22.272488]]]}},{"type":"Feature","properties":{"h3":"88411cb263fffff","estacion_meteorologica":0,"hospital_urgencias":0,"parada_transporte":18,"rutas_servidas":67,"codigo":"A","nivel_cobertura":"alta"},"geometry":{"type":"Polygon","coordinates":[[[114.124986,22.274098],[114.125643,22.278818],[114.121635,22.281983],[114.116969,22.280428],[114.116312,22.275708],[114.12032,22.272543],[114.124986,22.274098]]]}},{"type":"Feature","properties":{"h3":"88411cb265fffff","estacion_meteorologica":0,"hospital_urgencias":0,"parada_transporte":46,"rutas_servidas":264,"codigo":"A","nivel_cobertura":"muy_alta"},"geometry":{"type":"Polygon","coordinates":[[[114.138982,22.278762],[114.13964,22.283481],[114.135632,22.286647],[114.130967,22.285092],[114.130309,22.280373],[114.134317,22.277207],[114.138982,22.278762]]]}},{"type":"Feature","properties":{"h3":"88411cb267fffff","estacion_meteorologica":0,"hospital_urgencias":0,"parada_transporte":49,"rutas_servidas":194,"codigo":"A","nivel_cobertura":"muy_alta"},"geometry":{"type":"Polygon","coordinates":[[[114.130309,22.280373],[114.130967,22.285092],[114.126959,22.288257],[114.122293,22.286703],[114.121635,22.281983],[114.125643,22.278818],[114.130309,22.280373]]]}},{"type":"Feature","properties":{"h3":"88411cb269fffff","estacion_meteorologica":0,"hospital_urgencias":0,"parada_transporte":22,"rutas_servidas":170,"codigo":"D","nivel_cobertura":"alta"},"geometry":{"type":"Polygon","coordinates":[[[114.137009,22.264602],[114.137666,22.269322],[114.133659,22.272488],[114.128994,22.270933],[114.128336,22.266212],[114.132343,22.263047],[114.137009,22.264602]]]}},{"type":"Feature","properties":{"h3":"88411cb26bfffff","estacion_meteorologica":0,"hospital_urgencias":1,"parada_transporte":28,"rutas_servidas":78,"codigo":"D","nivel_cobertura":"muy_alta"},"geometry":{"type":"Polygon","coordinates":[[[114.128336,22.266212],[114.128994,22.270933],[114.124986,22.274098],[114.12032,22.272543],[114.119662,22.267822],[114.12367,22.264657],[114.128336,22.266212]]]}},{"type":"Feature","properties":{"h3":"88411cb283fffff","estacion_meteorologica":0,"hospital_urgencias":0,"parada_transporte":2,"rutas_servidas":4,"codigo":"T","nivel_cobertura":"baja"},"geometry":{"type":"Polygon","coordinates":[[[114.04156,22.282296],[114.042217,22.287018],[114.038204,22.290182],[114.033534,22.288624],[114.032877,22.283902],[114.03689,22.280738],[114.04156,22.282296]]]}},{"type":"Feature","properties":{"h3":"88411cb287fffff","estacion_meteorologica":1,"hospital_urgencias":0,"parada_transporte":0,"rutas_servidas":0,"codigo":"T","nivel_cobertura":"baja"},"geometry":{"type":"Polygon","coordinates":[[[114.046886,22.288575],[114.047543,22.293297],[114.043531,22.296461],[114.038861,22.294904],[114.038204,22.290182],[114.042217,22.287018],[114.046886,22.288575]]]}},{"type":"Feature","properties":{"h3":"88411cb303fffff","estacion_meteorologica":0,"hospital_urgencias":0,"parada_transporte":2,"rutas_servidas":3,"codigo":"F","nivel_cobertura":"baja"},"geometry":{"type":"Polygon","coordinates":[[[114.13958,22.314959],[114.140238,22.319677],[114.13623,22.322842],[114.131564,22.321289],[114.130906,22.316571],[114.134914,22.313406],[114.13958,22.314959]]]}},{"type":"Feature","properties":{"h3":"88411cb307fffff","estacion_meteorologica":0,"hospital_urgencias":0,"parada_transporte":3,"rutas_servidas":3,"codigo":"F","nivel_cobertura":"media"},"geometry":{"type":"Polygon","coordinates":[[[114.144903,22.32123],[114.145562,22.325948],[114.141554,22.329113],[114.136888,22.32756],[114.13623,22.322842],[114.140238,22.319677],[114.144903,22.32123]]]}},{"type":"Feature","properties":{"h3":"88411cb315fffff","estacion_meteorologica":0,"hospital_urgencias":0,"parada_transporte":3,"rutas_servidas":3,"codigo":"S","nivel_cobertura":"media"},"geometry":{"type":"Polygon","coordinates":[[[114.130906,22.316571],[114.131564,22.321289],[114.127555,22.324455],[114.122889,22.322901],[114.122231,22.318183],[114.12624,22.315018],[114.130906,22.316571]]]}},{"type":"Feature","properties":{"h3":"88411cb321fffff","estacion_meteorologica":0,"hospital_urgencias":0,"parada_transporte":101,"rutas_servidas":448,"codigo":"F","nivel_cobertura":"muy_alta"},"geometry":{"type":"Polygon","coordinates":[[[114.155551,22.333769],[114.156209,22.338486],[114.152201,22.341651],[114.147536,22.3401],[114.146878,22.335382],[114.150885,22.332217],[114.155551,22.333769]]]}},{"type":"Feature","properties":{"h3":"88411cb323fffff","estacion_meteorologica":0,"hospital_urgencias":0,"parada_transporte":59,"rutas_servidas":317,"codigo":"F","nivel_cobertura":"muy_alta"},"geometry":{"type":"Polygon","coordinates":[[[114.146878,22.335382],[114.147536,22.3401],[114.143528,22.343265],[114.138862,22.341713],[114.138204,22.336995],[114.142212,22.33383],[114.146878,22.335382]]]}},{"type":"Feature","properties":{"h3":"88411cb325fffff","estacion_meteorologica":0,"hospital_urgencias":1,"parada_transporte":31,"rutas_servidas":64,"codigo":"F","nivel_cobertura":"muy_alta"},"geometry":{"type":"Polygon","coordinates":[[[114.160874,22.340038],[114.161532,22.344754],[114.157525,22.347919],[114.15286,22.346368],[114.152201,22.341651],[114.156209,22.338486],[114.160874,22.340038]]]}},{"type":"Feature","properties":{"h3":"88411cb327fffff","estacion_meteorologica":0,"hospital_urgencias":0,"parada_transporte":2,"rutas_servidas":4,"codigo":"F","nivel_cobertura":"baja"},"geometry":{"type":"Polygon","coordinates":[[[114.152201,22.341651],[114.15286,22.346368],[114.148852,22.349533],[114.144186,22.347982],[114.143528,22.343265],[114.147536,22.3401],[114.152201,22.341651]]]}},{"type":"Feature","properties":{"h3":"88411cb329fffff","estacion_meteorologica":0,"hospital_urgencias":0,"parada_transporte":50,"rutas_servidas":206,"codigo":"F","nivel_cobertura":"muy_alta"},"geometry":{"type":"Polygon","coordinates":[[[114.1589,22.325887],[114.159558,22.330604],[114.155551,22.333769],[114.150885,22.332217],[114.150227,22.3275],[114.154234,22.324335],[114.1589,22.325887]]]}},{"type":"Feature","properties":{"h3":"88411cb32bfffff","estacion_meteorologica":0,"hospital_urgencias":0,"parada_transporte":34,"rutas_servidas":92,"codigo":"F","nivel_cobertura":"muy_alta"},"geometry":{"type":"Polygon","coordinates":[[[114.150227,22.3275],[114.150885,22.332217],[114.146878,22.335382],[114.142212,22.33383],[114.141554,22.329113],[114.145562,22.325948],[114.150227,22.3275]]]}},{"type":"Feature","properties":{"h3":"88411cb32dfffff","estacion_meteorologica":0,"hospital_urgencias":0,"parada_transporte":129,"rutas_servidas":470,"codigo":"F","nivel_cobertura":"muy_alta"},"geometry":{"type":"Polygon","coordinates":[[[114.164223,22.332156],[114.164881,22.336872],[114.160874,22.340038],[114.156209,22.338486],[114.155551,22.333769],[114.159558,22.330604],[114.164223,22.332156]]]}},{"type":"Feature","properties":{"h3":"88411cb331fffff","estacion_meteorologica":0,"hospital_urgencias":0,"parada_transporte":3,"rutas_servidas":3,"codigo":"S","nivel_cobertura":"media"},"geometry":{"type":"Polygon","coordinates":[[[114.13288,22.330725],[114.133537,22.335443],[114.129529,22.338608],[114.124862,22.337055],[114.124204,22.332338],[114.128213,22.329173],[114.13288,22.330725]]]}},{"type":"Feature","properties":{"h3":"88411cb335fffff","estacion_meteorologica":0,"hospital_urgencias":1,"parada_transporte":30,"rutas_servidas":166,"codigo":"S","nivel_cobertura":"muy_alta"},"geometry":{"type":"Polygon","coordinates":[[[114.138204,22.336995],[114.138862,22.341713],[114.134853,22.344878],[114.130187,22.343326],[114.129529,22.338608],[114.133537,22.335443],[114.138204,22.336995]]]}},{"type":"Feature","properties":{"h3":"88411cb337fffff","estacion_meteorologica":0,"hospital_urgencias":0,"parada_transporte":9,"rutas_servidas":17,"codigo":"S","nivel_cobertura":"alta"},"geometry":{"type":"Polygon","coordinates":[[[114.129529,22.338608],[114.130187,22.343326],[114.126178,22.346491],[114.121511,22.344938],[114.120853,22.34022],[114.124862,22.337055],[114.129529,22.338608]]]}},{"type":"Feature","properties":{"h3":"88411cb33dfffff","estacion_meteorologica":1,"hospital_urgencias":0,"parada_transporte":3,"rutas_servidas":3,"codigo":"S","nivel_cobertura":"media"},"geometry":{"type":"Polygon","coordinates":[[[114.141554,22.329113],[114.142212,22.33383],[114.138204,22.336995],[114.133537,22.335443],[114.13288,22.330725],[114.136888,22.32756],[114.141554,22.329113]]]}},{"type":"Feature","properties":{"h3":"88411cb341fffff","estacion_meteorologica":0,"hospital_urgencias":0,"parada_transporte":24,"rutas_servidas":50,"codigo":"E","nivel_cobertura":"alta"},"geometry":{"type":"Polygon","coordinates":[[[114.163622,22.295968],[114.16428,22.300686],[114.160274,22.303851],[114.155609,22.302298],[114.154951,22.29758],[114.158958,22.294415],[114.163622,22.295968]]]}},{"type":"Feature","properties":{"h3":"88411cb345fffff","estacion_meteorologica":0,"hospital_urgencias":0,"parada_transporte":86,"rutas_servidas":260,"codigo":"E","nivel_cobertura":"muy_alta"},"geometry":{"type":"Polygon","coordinates":[[[114.168944,22.302238],[114.169603,22.306956],[114.165596,22.310121],[114.160932,22.308569],[114.160274,22.303851],[114.16428,22.300686],[114.168944,22.302238]]]}},{"type":"Feature","properties":{"h3":"88411cb347fffff","estacion_meteorologica":0,"hospital_urgencias":0,"parada_transporte":14,"rutas_servidas":207,"codigo":"E","nivel_cobertura":"alta"},"geometry":{"type":"Polygon","coordinates":[[[114.160274,22.303851],[114.160932,22.308569],[114.156925,22.311734],[114.15226,22.310182],[114.151602,22.305464],[114.155609,22.302298],[114.160274,22.303851]]]}},{"type":"Feature","properties":{"h3":"88411cb34bfffff","estacion_meteorologica":1,"hospital_urgencias":0,"parada_transporte":0,"rutas_servidas":0,"codigo":"A","nivel_cobertura":"baja"},"geometry":{"type":"Polygon","coordinates":[[[114.158299,22.289696],[114.158958,22.294415],[114.154951,22.29758],[114.150286,22.296027],[114.149628,22.291308],[114.153635,22.288143],[114.158299,22.289696]]]}},{"type":"Feature","properties":{"h3":"88411cb34dfffff","estacion_meteorologica":0,"hospital_urgencias":0,"parada_transporte":74,"rutas_servidas":350,"codigo":"E","nivel_cobertura":"muy_alta"},"geometry":{"type":"Polygon","coordinates":[[[114.172292,22.294355],[114.17295,22.299073],[114.168944,22.302238],[114.16428,22.300686],[114.163622,22.295968],[114.167628,22.292802],[114.172292,22.294355]]]}},{"type":"Feature","properties":{"h3":"88411cb359fffff","estacion_meteorologica":0,"hospital_urgencias":0,"parada_transporte":67,"rutas_servidas":282,"codigo":"A","nivel_cobertura":"muy_alta"},"geometry":{"type":"Polygon","coordinates":[[[114.144305,22.285035],[114.144963,22.289754],[114.140956,22.29292],[114.13629,22.291366],[114.135632,22.286647],[114.13964,22.283481],[114.144305,22.285035]]]}},{"type":"Feature","properties":{"h3":"88411cb35bfffff","estacion_meteorologica":0,"hospital_urgencias":0,"parada_transporte":14,"rutas_servidas":77,"codigo":"A","nivel_cobertura":"alta"},"geometry":{"type":"Polygon","coordinates":[[[114.135632,22.286647],[114.13629,22.291366],[114.132283,22.294531],[114.127617,22.292977],[114.126959,22.288257],[114.130967,22.285092],[114.135632,22.286647]]]}},{"type":"Feature","properties":{"h3":"88411cb361fffff","estacion_meteorologica":0,"hospital_urgencias":0,"parada_transporte":149,"rutas_servidas":747,"codigo":"E","nivel_cobertura":"muy_alta"},"geometry":{"type":"Polygon","coordinates":[[[114.170919,22.316391],[114.171577,22.321108],[114.167571,22.324273],[114.162906,22.322722],[114.162248,22.318004],[114.166255,22.314839],[114.170919,22.316391]]]}},{"type":"Feature","properties":{"h3":"88411cb363fffff","estacion_meteorologica":0,"hospital_urgencias":0,"parada_transporte":73,"rutas_servidas":271,"codigo":"E","nivel_cobertura":"muy_alta"},"geometry":{"type":"Polygon","coordinates":[[[114.162248,22.318004],[114.162906,22.322722],[114.1589,22.325887],[114.154234,22.324335],[114.153576,22.319617],[114.157583,22.316452],[114.162248,22.318004]]]}},{"type":"Feature","properties":{"h3":"88411cb365fffff","estacion_meteorologica":0,"hospital_urgencias":0,"parada_transporte":85,"rutas_servidas":314,"codigo":"E","nivel_cobertura":"muy_alta"},"geometry":{"type":"Polygon","coordinates":[[[114.176242,22.322659],[114.1769,22.327376],[114.172894,22.330542],[114.168229,22.32899],[114.167571,22.324273],[114.171577,22.321108],[114.176242,22.322659]]]}},{"type":"Feature","properties":{"h3":"88411cb367fffff","estacion_meteorologica":0,"hospital_urgencias":0,"parada_transporte":122,"rutas_servidas":536,"codigo":"F","nivel_cobertura":"muy_alta"},"geometry":{"type":"Polygon","coordinates":[[[114.167571,22.324273],[114.168229,22.32899],[114.164223,22.332156],[114.159558,22.330604],[114.1589,22.325887],[114.162906,22.322722],[114.167571,22.324273]]]}},{"type":"Feature","properties":{"h3":"88411cb369fffff","estacion_meteorologica":1,"hospital_urgencias":2,"parada_transporte":106,"rutas_servidas":565,"codigo":"E","nivel_cobertura":"muy_alta"},"geometry":{"type":"Polygon","coordinates":[[[114.174267,22.308508],[114.174925,22.313225],[114.170919,22.316391],[114.166255,22.314839],[114.165596,22.310121],[114.169603,22.306956],[114.174267,22.308508]]]}},{"type":"Feature","properties":{"h3":"88411cb36bfffff","estacion_meteorologica":0,"hospital_urgencias":0,"parada_transporte":34,"rutas_servidas":128,"codigo":"E","nivel_cobertura":"muy_alta"},"geometry":{"type":"Polygon","coordinates":[[[114.165596,22.310121],[114.166255,22.314839],[114.162248,22.318004],[114.157583,22.316452],[114.156925,22.311734],[114.160932,22.308569],[114.165596,22.310121]]]}},{"type":"Feature","properties":{"h3":"88411cb36dfffff","estacion_meteorologica":0,"hospital_urgencias":0,"parada_transporte":78,"rutas_servidas":313,"codigo":"G","nivel_cobertura":"muy_alta"},"geometry":{"type":"Polygon","coordinates":[[[114.179589,22.314777],[114.180248,22.319494],[114.176242,22.322659],[114.171577,22.321108],[114.170919,22.316391],[114.174925,22.313225],[114.179589,22.314777]]]}},{"type":"Feature","properties":{"h3":"88411cb401fffff","estacion_meteorologica":1,"hospital_urgencias":0,"parada_transporte":0,"rutas_servidas":0,"codigo":"T","nivel_cobertura":"baja"},"geometry":{"type":"Polygon","coordinates":[[[113.928618,22.303154],[113.929274,22.307878],[113.925255,22.311042],[113.92058,22.309481],[113.919924,22.304756],[113.923943,22.301592],[113.928618,22.303154]]]}},{"type":"Feature","properties":{"h3":"88411cb409fffff","estacion_meteorologica":0,"hospital_urgencias":0,"parada_transporte":6,"rutas_servidas":79,"codigo":"T","nivel_cobertura":"media"},"geometry":{"type":"Polygon","coordinates":[[[113.931981,22.295265],[113.932637,22.29999],[113.928618,22.303154],[113.923943,22.301592],[113.923288,22.296867],[113.927306,22.293704],[113.931981,22.295265]]]}},{"type":"Feature","properties":{"h3":"88411cb40bfffff","estacion_meteorologica":0,"hospital_urgencias":0,"parada_transporte":2,"rutas_servidas":17,"codigo":"T","nivel_cobertura":"baja"},"geometry":{"type":"Polygon","coordinates":[[[113.923288,22.296867],[113.923943,22.301592],[113.919924,22.304756],[113.915249,22.303194],[113.914593,22.298469],[113.918613,22.295306],[113.923288,22.296867]]]}},{"type":"Feature","properties":{"h3":"88411cb40dfffff","estacion_meteorologica":0,"hospital_urgencias":0,"parada_transporte":8,"rutas_servidas":75,"codigo":"T","nivel_cobertura":"alta"},"geometry":{"type":"Polygon","coordinates":[[[113.937311,22.301551],[113.937967,22.306276],[113.933949,22.309439],[113.929274,22.307878],[113.928618,22.303154],[113.932637,22.29999],[113.937311,22.301551]]]}},{"type":"Feature","properties":{"h3":"88411cb411fffff","estacion_meteorologica":0,"hospital_urgencias":0,"parada_transporte":4,"rutas_servidas":7,"codigo":"T","nivel_cobertura":"media"},"geometry":{"type":"Polygon","coordinates":[[[113.905898,22.30007],[113.906554,22.304796],[113.902534,22.307959],[113.897857,22.306397],[113.897202,22.301671],[113.901222,22.298508],[113.905898,22.30007]]]}},{"type":"Feature","properties":{"h3":"88411cb419fffff","estacion_meteorologica":0,"hospital_urgencias":0,"parada_transporte":1,"rutas_servidas":2,"codigo":"T","nivel_cobertura":"baja"},"geometry":{"type":"Polygon","coordinates":[[[113.909262,22.292181],[113.909918,22.296907],[113.905898,22.30007],[113.901222,22.298508],[113.900567,22.293782],[113.904587,22.290619],[113.909262,22.292181]]]}},{"type":"Feature","properties":{"h3":"88411cb429fffff","estacion_meteorologica":0,"hospital_urgencias":0,"parada_transporte":13,"rutas_servidas":154,"codigo":"T","nivel_cobertura":"alta"},"geometry":{"type":"Polygon","coordinates":[[[113.939279,22.315724],[113.939935,22.320448],[113.935917,22.323611],[113.931242,22.322051],[113.930586,22.317327],[113.934605,22.314163],[113.939279,22.315724]]]}},{"type":"Feature","properties":{"h3":"88411cb42dfffff","estacion_meteorologica":0,"hospital_urgencias":0,"parada_transporte":1,"rutas_servidas":1,"codigo":"T","nivel_cobertura":"baja"},"geometry":{"type":"Polygon","coordinates":[[[113.94461,22.322008],[113.945266,22.326731],[113.941248,22.329895],[113.936573,22.328335],[113.935917,22.323611],[113.939935,22.320448],[113.94461,22.322008]]]}},{"type":"Feature","properties":{"h3":"88411cb441fffff","estacion_meteorologica":0,"hospital_urgencias":0,"parada_transporte":41,"rutas_servidas":280,"codigo":"T","nivel_cobertura":"muy_alta"},"geometry":{"type":"Polygon","coordinates":[[[113.944035,22.285775],[113.944691,22.290499],[113.940674,22.293663],[113.935999,22.292102],[113.935343,22.287377],[113.939362,22.284213],[113.944035,22.285775]]]}},{"type":"Feature","properties":{"h3":"88411cb443fffff","estacion_meteorologica":0,"hospital_urgencias":0,"parada_transporte":14,"rutas_servidas":81,"codigo":"T","nivel_cobertura":"alta"},"geometry":{"type":"Polygon","coordinates":[[[113.935343,22.287377],[113.935999,22.292102],[113.931981,22.295265],[113.927306,22.293704],[113.926651,22.288979],[113.930669,22.285815],[113.935343,22.287377]]]}},{"type":"Feature","properties":{"h3":"88411cb445fffff","estacion_meteorologica":0,"hospital_urgencias":0,"parada_transporte":29,"rutas_servidas":113,"codigo":"T","nivel_cobertura":"muy_alta"},"geometry":{"type":"Polygon","coordinates":[[[113.949365,22.29206],[113.950021,22.296785],[113.946004,22.299948],[113.94133,22.298388],[113.940674,22.293663],[113.944691,22.290499],[113.949365,22.29206]]]}},{"type":"Feature","properties":{"h3":"88411cb447fffff","estacion_meteorologica":0,"hospital_urgencias":0,"parada_transporte":19,"rutas_servidas":149,"codigo":"T","nivel_cobertura":"alta"},"geometry":{"type":"Polygon","coordinates":[[[113.940674,22.293663],[113.94133,22.298388],[113.937311,22.301551],[113.932637,22.29999],[113.931981,22.295265],[113.935999,22.292102],[113.940674,22.293663]]]}},{"type":"Feature","properties":{"h3":"88411cb449fffff","estacion_meteorologica":0,"hospital_urgencias":0,"parada_transporte":7,"rutas_servidas":34,"codigo":"T","nivel_cobertura":"media"},"geometry":{"type":"Polygon","coordinates":[[[113.947397,22.277886],[113.948053,22.282611],[113.944035,22.285775],[113.939362,22.284213],[113.938706,22.279488],[113.942723,22.276324],[113.947397,22.277886]]]}},{"type":"Feature","properties":{"h3":"88411cb44bfffff","estacion_meteorologica":0,"hospital_urgencias":1,"parada_transporte":32,"rutas_servidas":159,"codigo":"T","nivel_cobertura":"muy_alta"},"geometry":{"type":"Polygon","coordinates":[[[113.938706,22.279488],[113.939362,22.284213],[113.935343,22.287377],[113.930669,22.285815],[113.930013,22.28109],[113.934032,22.277926],[113.938706,22.279488]]]}},{"type":"Feature","properties":{"h3":"88411cb44dfffff","estacion_meteorologica":0,"hospital_urgencias":0,"parada_transporte":7,"rutas_servidas":33,"codigo":"T","nivel_cobertura":"media"},"geometry":{"type":"Polygon","coordinates":[[[113.952727,22.284172],[113.953383,22.288897],[113.949365,22.29206],[113.944691,22.290499],[113.944035,22.285775],[113.948053,22.282611],[113.952727,22.284172]]]}},{"type":"Feature","properties":{"h3":"88411cb453fffff","estacion_meteorologica":1,"hospital_urgencias":0,"parada_transporte":0,"rutas_servidas":0,"codigo":"T","nivel_cobertura":"baja"},"geometry":{"type":"Polygon","coordinates":[[[113.912626,22.284292],[113.913282,22.289018],[113.909262,22.292181],[113.904587,22.290619],[113.903931,22.285893],[113.907951,22.28273],[113.912626,22.284292]]]}},{"type":"Feature","properties":{"h3":"88411cb455fffff","estacion_meteorologica":0,"hospital_urgencias":0,"parada_transporte":7,"rutas_servidas":92,"codigo":"T","nivel_cobertura":"media"},"geometry":{"type":"Polygon","coordinates":[[[113.926651,22.288979],[113.927306,22.293704],[113.923288,22.296867],[113.918613,22.295306],[113.917957,22.29058],[113.921976,22.287417],[113.926651,22.288979]]]}},{"type":"Feature","properties":{"h3":"88411cb457fffff","estacion_meteorologica":0,"hospital_urgencias":0,"parada_transporte":8,"rutas_servidas":28,"codigo":"T","nivel_cobertura":"alta"},"geometry":{"type":"Polygon","coordinates":[[[113.917957,22.29058],[113.918613,22.295306],[113.914593,22.298469],[113.909918,22.296907],[113.909262,22.292181],[113.913282,22.289018],[113.917957,22.29058]]]}},{"type":"Feature","properties":{"h3":"88411cb463fffff","estacion_meteorologica":0,"hospital_urgencias":0,"parada_transporte":28,"rutas_servidas":167,"codigo":"T","nivel_cobertura":"muy_alta"},"geometry":{"type":"Polygon","coordinates":[[[113.942642,22.307836],[113.943298,22.31256],[113.939279,22.315724],[113.934605,22.314163],[113.933949,22.309439],[113.937967,22.306276],[113.942642,22.307836]]]}},{"type":"Feature","properties":{"h3":"88411cb465fffff","estacion_meteorologica":0,"hospital_urgencias":0,"parada_transporte":21,"rutas_servidas":110,"codigo":"T","nivel_cobertura":"alta"},"geometry":{"type":"Polygon","coordinates":[[[113.956663,22.312517],[113.95732,22.31724],[113.953302,22.320404],[113.948628,22.318844],[113.947972,22.31412],[113.95199,22.310957],[113.956663,22.312517]]]}},{"type":"Feature","properties":{"h3":"88411cb467fffff","estacion_meteorologica":0,"hospital_urgencias":0,"parada_transporte":11,"rutas_servidas":54,"codigo":"T","nivel_cobertura":"alta"},"geometry":{"type":"Polygon","coordinates":[[[113.947972,22.31412],[113.948628,22.318844],[113.94461,22.322008],[113.939935,22.320448],[113.939279,22.315724],[113.943298,22.31256],[113.947972,22.31412]]]}},{"type":"Feature","properties":{"h3":"88411cb469fffff","estacion_meteorologica":0,"hospital_urgencias":0,"parada_transporte":6,"rutas_servidas":26,"codigo":"T","nivel_cobertura":"media"},"geometry":{"type":"Polygon","coordinates":[[[113.954695,22.298345],[113.955351,22.303069],[113.951333,22.306233],[113.94666,22.304673],[113.946004,22.299948],[113.950021,22.296785],[113.954695,22.298345]]]}},{"type":"Feature","properties":{"h3":"88411cb46bfffff","estacion_meteorologica":0,"hospital_urgencias":0,"parada_transporte":6,"rutas_servidas":14,"codigo":"T","nivel_cobertura":"media"},"geometry":{"type":"Polygon","coordinates":[[[113.946004,22.299948],[113.94666,22.304673],[113.942642,22.307836],[113.937967,22.306276],[113.937311,22.301551],[113.94133,22.298388],[113.946004,22.299948]]]}},{"type":"Feature","properties":{"h3":"88411cb46dfffff","estacion_meteorologica":1,"hospital_urgencias":0,"parada_transporte":0,"rutas_servidas":0,"codigo":"T","nivel_cobertura":"baja"},"geometry":{"type":"Polygon","coordinates":[[[113.960025,22.304629],[113.960681,22.309353],[113.956663,22.312517],[113.95199,22.310957],[113.951333,22.306233],[113.955351,22.303069],[113.960025,22.304629]]]}},{"type":"Feature","properties":{"h3":"88411cb4c9fffff","estacion_meteorologica":1,"hospital_urgencias":0,"parada_transporte":0,"rutas_servidas":0,"codigo":"T","nivel_cobertura":"baja"},"geometry":{"type":"Polygon","coordinates":[[[113.886538,22.289094],[113.887194,22.29382],[113.883173,22.296983],[113.878496,22.29542],[113.877841,22.290693],[113.881862,22.28753],[113.886538,22.289094]]]}},{"type":"Feature","properties":{"h3":"88411cb521fffff","estacion_meteorologica":0,"hospital_urgencias":0,"parada_transporte":37,"rutas_servidas":77,"codigo":"L","nivel_cobertura":"muy_alta"},"geometry":{"type":"Polygon","coordinates":[[[113.973231,22.367579],[113.973887,22.372299],[113.96987,22.375463],[113.965195,22.373906],[113.964539,22.369185],[113.968557,22.366021],[113.973231,22.367579]]]}},{"type":"Feature","properties":{"h3":"88411cb523fffff","estacion_meteorologica":0,"hospital_urgencias":0,"parada_transporte":24,"rutas_servidas":84,"codigo":"L","nivel_cobertura":"alta"},"geometry":{"type":"Polygon","coordinates":[[[113.964539,22.369185],[113.965195,22.373906],[113.961177,22.377069],[113.956503,22.375512],[113.955846,22.370791],[113.959865,22.367627],[113.964539,22.369185]]]}},{"type":"Feature","properties":{"h3":"88411cb527fffff","estacion_meteorologica":0,"hospital_urgencias":0,"parada_transporte":68,"rutas_servidas":201,"codigo":"L","nivel_cobertura":"muy_alta"},"geometry":{"type":"Polygon","coordinates":[[[113.96987,22.375463],[113.970526,22.380184],[113.966508,22.383347],[113.961834,22.38179],[113.961177,22.377069],[113.965195,22.373906],[113.96987,22.375463]]]}},{"type":"Feature","properties":{"h3":"88411cb531fffff","estacion_meteorologica":0,"hospital_urgencias":0,"parada_transporte":18,"rutas_servidas":50,"codigo":"L","nivel_cobertura":"alta"},"geometry":{"type":"Polygon","coordinates":[[[113.950515,22.364511],[113.951172,22.369233],[113.947153,22.372396],[113.942478,22.370838],[113.941822,22.366116],[113.945841,22.362953],[113.950515,22.364511]]]}},{"type":"Feature","properties":{"h3":"88411cb533fffff","estacion_meteorologica":0,"hospital_urgencias":0,"parada_transporte":10,"rutas_servidas":10,"codigo":"L","nivel_cobertura":"alta"},"geometry":{"type":"Polygon","coordinates":[[[113.941822,22.366116],[113.942478,22.370838],[113.938459,22.374002],[113.933783,22.372443],[113.933127,22.367721],[113.937146,22.364558],[113.941822,22.366116]]]}},{"type":"Feature","properties":{"h3":"88411cb535fffff","estacion_meteorologica":0,"hospital_urgencias":0,"parada_transporte":5,"rutas_servidas":5,"codigo":"L","nivel_cobertura":"media"},"geometry":{"type":"Polygon","coordinates":[[[113.955846,22.370791],[113.956503,22.375512],[113.952484,22.378676],[113.947809,22.377118],[113.947153,22.372396],[113.951172,22.369233],[113.955846,22.370791]]]}},{"type":"Feature","properties":{"h3":"88411cb55dfffff","estacion_meteorologica":1,"hospital_urgencias":0,"parada_transporte":0,"rutas_servidas":0,"codigo":"L","nivel_cobertura":"baja"},"geometry":{"type":"Polygon","coordinates":[[[113.967323,22.325082],[113.967979,22.329805],[113.963962,22.332968],[113.959288,22.331409],[113.958632,22.326686],[113.962649,22.323523],[113.967323,22.325082]]]}},{"type":"Feature","properties":{"h3":"88411cb5adfffff","estacion_meteorologica":1,"hospital_urgencias":0,"parada_transporte":0,"rutas_servidas":0,"codigo":"L","nivel_cobertura":"baja"},"geometry":{"type":"Polygon","coordinates":[[[113.921067,22.377211],[113.921723,22.381933],[113.917703,22.385096],[113.913026,22.383538],[113.91237,22.378815],[113.916391,22.375652],[113.921067,22.377211]]]}},{"type":"Feature","properties":{"h3":"88411cb5d7fffff","estacion_meteorologica":1,"hospital_urgencias":0,"parada_transporte":0,"rutas_servidas":0,"codigo":"L","nivel_cobertura":"baja"},"geometry":{"type":"Polygon","coordinates":[[[113.894405,22.345796],[113.895061,22.35052],[113.89104,22.353683],[113.886362,22.352123],[113.885707,22.347398],[113.889728,22.344235],[113.894405,22.345796]]]}},{"type":"Feature","properties":{"h3":"88411cb5e5fffff","estacion_meteorologica":0,"hospital_urgencias":0,"parada_transporte":5,"rutas_servidas":5,"codigo":"L","nivel_cobertura":"media"},"geometry":{"type":"Polygon","coordinates":[[[113.933127,22.367721],[113.933783,22.372443],[113.929763,22.375607],[113.925088,22.374048],[113.924431,22.369326],[113.928451,22.366162],[113.933127,22.367721]]]}},{"type":"Feature","properties":{"h3":"88411cb60bfffff","estacion_meteorologica":0,"hospital_urgencias":0,"parada_transporte":2,"rutas_servidas":14,"codigo":"T","nivel_cobertura":"baja"},"geometry":{"type":"Polygon","coordinates":[[[113.946822,22.241641],[113.947478,22.246368],[113.943461,22.249532],[113.938788,22.247969],[113.938132,22.243242],[113.942149,22.240078],[113.946822,22.241641]]]}},{"type":"Feature","properties":{"h3":"88411cb631fffff","estacion_meteorologica":0,"hospital_urgencias":0,"parada_transporte":8,"rutas_servidas":32,"codigo":"T","nivel_cobertura":"alta"},"geometry":{"type":"Polygon","coordinates":[[[113.936738,22.265311],[113.937394,22.270037],[113.933376,22.273201],[113.928702,22.271638],[113.928046,22.266912],[113.932064,22.263749],[113.936738,22.265311]]]}},{"type":"Feature","properties":{"h3":"88411cb635fffff","estacion_meteorologica":0,"hospital_urgencias":0,"parada_transporte":3,"rutas_servidas":23,"codigo":"T","nivel_cobertura":"media"},"geometry":{"type":"Polygon","coordinates":[[[113.942067,22.271599],[113.942723,22.276324],[113.938706,22.279488],[113.934032,22.277926],[113.933376,22.273201],[113.937394,22.270037],[113.942067,22.271599]]]}},{"type":"Feature","properties":{"h3":"88411cb637fffff","estacion_meteorologica":0,"hospital_urgencias":0,"parada_transporte":6,"rutas_servidas":33,"codigo":"T","nivel_cobertura":"media"},"geometry":{"type":"Polygon","coordinates":[[[113.933376,22.273201],[113.934032,22.277926],[113.930013,22.28109],[113.925339,22.279528],[113.924683,22.274802],[113.928702,22.271638],[113.933376,22.273201]]]}},{"type":"Feature","properties":{"h3":"88411cb639fffff","estacion_meteorologica":0,"hospital_urgencias":0,"parada_transporte":2,"rutas_servidas":12,"codigo":"T","nivel_cobertura":"baja"},"geometry":{"type":"Polygon","coordinates":[[[113.9401,22.257421],[113.940756,22.262147],[113.936738,22.265311],[113.932064,22.263749],[113.931408,22.259023],[113.935426,22.255859],[113.9401,22.257421]]]}},{"type":"Feature","properties":{"h3":"88411cb641fffff","estacion_meteorologica":0,"hospital_urgencias":0,"parada_transporte":9,"rutas_servidas":70,"codigo":"T","nivel_cobertura":"alta"},"geometry":{"type":"Polygon","coordinates":[[[113.96756,22.230548],[113.968216,22.235275],[113.964201,22.238439],[113.959528,22.236876],[113.958872,22.23215],[113.962888,22.228986],[113.96756,22.230548]]]}},{"type":"Feature","properties":{"h3":"88411cb643fffff","estacion_meteorologica":0,"hospital_urgencias":0,"parada_transporte":6,"rutas_servidas":51,"codigo":"T","nivel_cobertura":"media"},"geometry":{"type":"Polygon","coordinates":[[[113.958872,22.23215],[113.959528,22.236876],[113.955512,22.24004],[113.950839,22.238478],[113.950183,22.233751],[113.9542,22.230587],[113.958872,22.23215]]]}},{"type":"Feature","properties":{"h3":"88411cb645fffff","estacion_meteorologica":0,"hospital_urgencias":0,"parada_transporte":4,"rutas_servidas":26,"codigo":"T","nivel_cobertura":"media"},"geometry":{"type":"Polygon","coordinates":[[[113.972888,22.236837],[113.973544,22.241563],[113.969529,22.244727],[113.964857,22.243165],[113.964201,22.238439],[113.968216,22.235275],[113.972888,22.236837]]]}},{"type":"Feature","properties":{"h3":"88411cb647fffff","estacion_meteorologica":0,"hospital_urgencias":0,"parada_transporte":2,"rutas_servidas":12,"codigo":"T","nivel_cobertura":"baja"},"geometry":{"type":"Polygon","coordinates":[[[113.964201,22.238439],[113.964857,22.243165],[113.96084,22.246329],[113.956168,22.244766],[113.955512,22.24004],[113.959528,22.236876],[113.964201,22.238439]]]}},{"type":"Feature","properties":{"h3":"88411cb651fffff","estacion_meteorologica":0,"hospital_urgencias":0,"parada_transporte":2,"rutas_servidas":19,"codigo":"T","nivel_cobertura":"baja"},"geometry":{"type":"Polygon","coordinates":[[[113.944855,22.227461],[113.945511,22.232188],[113.941493,22.235352],[113.93682,22.233788],[113.936164,22.229061],[113.940182,22.225897],[113.944855,22.227461]]]}},{"type":"Feature","properties":{"h3":"88411cb655fffff","estacion_meteorologica":0,"hospital_urgencias":0,"parada_transporte":4,"rutas_servidas":34,"codigo":"T","nivel_cobertura":"media"},"geometry":{"type":"Polygon","coordinates":[[[113.950183,22.233751],[113.950839,22.238478],[113.946822,22.241641],[113.942149,22.240078],[113.941493,22.235352],[113.945511,22.232188],[113.950183,22.233751]]]}},{"type":"Feature","properties":{"h3":"88411cb65bfffff","estacion_meteorologica":0,"hospital_urgencias":0,"parada_transporte":5,"rutas_servidas":34,"codigo":"T","nivel_cobertura":"media"},"geometry":{"type":"Polygon","coordinates":[[[113.939526,22.22117],[113.940182,22.225897],[113.936164,22.229061],[113.931491,22.227497],[113.930835,22.22277],[113.934853,22.219606],[113.939526,22.22117]]]}},{"type":"Feature","properties":{"h3":"88411cb663fffff","estacion_meteorologica":1,"hospital_urgencias":0,"parada_transporte":0,"rutas_servidas":0,"codigo":"T","nivel_cobertura":"baja"},"geometry":{"type":"Polygon","coordinates":[[[113.966169,22.252616],[113.966825,22.257342],[113.962809,22.260505],[113.958136,22.258944],[113.95748,22.254218],[113.961497,22.251054],[113.966169,22.252616]]]}},{"type":"Feature","properties":{"h3":"88411cb669fffff","estacion_meteorologica":0,"hospital_urgencias":0,"parada_transporte":5,"rutas_servidas":33,"codigo":"T","nivel_cobertura":"media"},"geometry":{"type":"Polygon","coordinates":[[[113.978216,22.243124],[113.978872,22.24785],[113.974857,22.251014],[113.970185,22.249452],[113.969529,22.244727],[113.973544,22.241563],[113.978216,22.243124]]]}},{"type":"Feature","properties":{"h3":"88411cb699fffff","estacion_meteorologica":0,"hospital_urgencias":0,"parada_transporte":5,"rutas_servidas":18,"codigo":"T","nivel_cobertura":"media"},"geometry":{"type":"Polygon","coordinates":[[[113.871943,22.248146],[113.872598,22.252874],[113.868577,22.256037],[113.8639,22.254472],[113.863245,22.249743],[113.867267,22.24658],[113.871943,22.248146]]]}},{"type":"Feature","properties":{"h3":"88411cb69bfffff","estacion_meteorologica":0,"hospital_urgencias":0,"parada_transporte":3,"rutas_servidas":11,"codigo":"T","nivel_cobertura":"media"},"geometry":{"type":"Polygon","coordinates":[[[113.863245,22.249743],[113.8639,22.254472],[113.859879,22.257635],[113.855202,22.256069],[113.854547,22.251341],[113.858568,22.248178],[113.863245,22.249743]]]}},{"type":"Feature","properties":{"h3":"88411cb6c3fffff","estacion_meteorologica":0,"hospital_urgencias":0,"parada_transporte":6,"rutas_servidas":17,"codigo":"T","nivel_cobertura":"media"},"geometry":{"type":"Polygon","coordinates":[[[113.898031,22.24335],[113.898687,22.248078],[113.894667,22.251242],[113.889991,22.249677],[113.889336,22.244949],[113.893356,22.241786],[113.898031,22.24335]]]}},{"type":"Feature","properties":{"h3":"88411cb6cbfffff","estacion_meteorologica":0,"hospital_urgencias":0,"parada_transporte":2,"rutas_servidas":9,"codigo":"T","nivel_cobertura":"baja"},"geometry":{"type":"Polygon","coordinates":[[[113.901395,22.235459],[113.902051,22.240187],[113.898031,22.24335],[113.893356,22.241786],[113.8927,22.237058],[113.89672,22.233894],[113.901395,22.235459]]]}},{"type":"Feature","properties":{"h3":"88411cb6d1fffff","estacion_meteorologica":0,"hospital_urgencias":0,"parada_transporte":7,"rutas_servidas":25,"codigo":"T","nivel_cobertura":"media"},"geometry":{"type":"Polygon","coordinates":[[[113.884005,22.238656],[113.88466,22.243384],[113.88064,22.246548],[113.875964,22.244982],[113.875309,22.240254],[113.879329,22.237091],[113.884005,22.238656]]]}},{"type":"Feature","properties":{"h3":"88411cb6d3fffff","estacion_meteorologica":0,"hospital_urgencias":0,"parada_transporte":2,"rutas_servidas":7,"codigo":"T","nivel_cobertura":"baja"},"geometry":{"type":"Polygon","coordinates":[[[113.875309,22.240254],[113.875964,22.244982],[113.871943,22.248146],[113.867267,22.24658],[113.866611,22.241852],[113.870633,22.238688],[113.875309,22.240254]]]}},{"type":"Feature","properties":{"h3":"88411cb6d5fffff","estacion_meteorologica":0,"hospital_urgencias":0,"parada_transporte":6,"rutas_servidas":21,"codigo":"T","nivel_cobertura":"media"},"geometry":{"type":"Polygon","coordinates":[[[113.889336,22.244949],[113.889991,22.249677],[113.885971,22.25284],[113.881295,22.251276],[113.88064,22.246548],[113.88466,22.243384],[113.889336,22.244949]]]}},{"type":"Feature","properties":{"h3":"88411cb6e1fffff","estacion_meteorologica":1,"hospital_urgencias":0,"parada_transporte":0,"rutas_servidas":0,"codigo":"T","nivel_cobertura":"baja"},"geometry":{"type":"Polygon","coordinates":[[[113.914022,22.262224],[113.914678,22.26695],[113.910659,22.270114],[113.905984,22.268551],[113.905328,22.263824],[113.909348,22.26066],[113.914022,22.262224]]]}},{"type":"Feature","properties":{"h3":"88411cb6e9fffff","estacion_meteorologica":2,"hospital_urgencias":0,"parada_transporte":0,"rutas_servidas":0,"codigo":"T","nivel_cobertura":"baja"},"geometry":{"type":"Polygon","coordinates":[[[113.917386,22.254333],[113.918041,22.25906],[113.914022,22.262224],[113.909348,22.26066],[113.908692,22.255933],[113.912711,22.25277],[113.917386,22.254333]]]}},{"type":"Feature","properties":{"h3":"88411cb6ebfffff","estacion_meteorologica":0,"hospital_urgencias":0,"parada_transporte":3,"rutas_servidas":9,"codigo":"T","nivel_cobertura":"media"},"geometry":{"type":"Polygon","coordinates":[[[113.908692,22.255933],[113.909348,22.26066],[113.905328,22.263824],[113.900653,22.26226],[113.899998,22.257533],[113.904017,22.25437],[113.908692,22.255933]]]}},{"type":"Feature","properties":{"h3":"88411cb713fffff","estacion_meteorologica":0,"hospital_urgencias":0,"parada_transporte":38,"rutas_servidas":142,"codigo":"T","nivel_cobertura":"muy_alta"},"geometry":{"type":"Polygon","coordinates":[[[113.958056,22.290457],[113.958712,22.295182],[113.954695,22.298345],[113.950021,22.296785],[113.949365,22.29206],[113.953383,22.288897],[113.958056,22.290457]]]}},{"type":"Feature","properties":{"h3":"88411cb715fffff","estacion_meteorologica":0,"hospital_urgencias":0,"parada_transporte":2,"rutas_servidas":2,"codigo":"T","nivel_cobertura":"baja"},"geometry":{"type":"Polygon","coordinates":[[[113.972075,22.295138],[113.972731,22.299862],[113.968715,22.303026],[113.964042,22.301466],[113.963385,22.296742],[113.967402,22.293578],[113.972075,22.295138]]]}},{"type":"Feature","properties":{"h3":"88411cb721fffff","estacion_meteorologica":0,"hospital_urgencias":0,"parada_transporte":1,"rutas_servidas":1,"codigo":"T","nivel_cobertura":"baja"},"geometry":{"type":"Polygon","coordinates":[[[113.996749,22.31238],[113.997406,22.317102],[113.993391,22.320266],[113.988718,22.318708],[113.988062,22.313985],[113.992077,22.310821],[113.996749,22.31238]]]}},{"type":"Feature","properties":{"h3":"88411cb72bfffff","estacion_meteorologica":0,"hospital_urgencias":0,"parada_transporte":3,"rutas_servidas":3,"codigo":"T","nivel_cobertura":"media"},"geometry":{"type":"Polygon","coordinates":[[[113.991421,22.306099],[113.992077,22.310821],[113.988062,22.313985],[113.983389,22.312427],[113.982733,22.307704],[113.986749,22.30454],[113.991421,22.306099]]]}},{"type":"Feature","properties":{"h3":"88411cb72dfffff","estacion_meteorologica":0,"hospital_urgencias":0,"parada_transporte":2,"rutas_servidas":2,"codigo":"K","nivel_cobertura":"baja"},"geometry":{"type":"Polygon","coordinates":[[[114.005436,22.310774],[114.006093,22.315496],[114.002078,22.31866],[113.997406,22.317102],[113.996749,22.31238],[114.000765,22.309216],[114.005436,22.310774]]]}},{"type":"Feature","properties":{"h3":"88411cb765fffff","estacion_meteorologica":0,"hospital_urgencias":0,"parada_transporte":1,"rutas_servidas":1,"codigo":"T","nivel_cobertura":"baja"},"geometry":{"type":"Polygon","coordinates":[[[114.01748,22.301282],[114.018137,22.306004],[114.014122,22.309168],[114.009451,22.30761],[114.008794,22.302888],[114.012809,22.299723],[114.01748,22.301282]]]}},{"type":"Feature","properties":{"h3":"88411cb769fffff","estacion_meteorologica":1,"hospital_urgencias":0,"parada_transporte":0,"rutas_servidas":0,"codigo":"T","nivel_cobertura":"baja"},"geometry":{"type":"Polygon","coordinates":[[[114.01551,22.287114],[114.016166,22.291837],[114.012152,22.295001],[114.007481,22.293442],[114.006824,22.288719],[114.010839,22.285555],[114.01551,22.287114]]]}},{"type":"Feature","properties":{"h3":"88411cb76dfffff","estacion_meteorologica":0,"hospital_urgencias":0,"parada_transporte":1,"rutas_servidas":1,"codigo":"T","nivel_cobertura":"baja"},"geometry":{"type":"Polygon","coordinates":[[[114.020837,22.293395],[114.021494,22.298117],[114.01748,22.301282],[114.012809,22.299723],[114.012152,22.295001],[114.016166,22.291837],[114.020837,22.293395]]]}},{"type":"Feature","properties":{"h3":"88411cb811fffff","estacion_meteorologica":0,"hospital_urgencias":0,"parada_transporte":2,"rutas_servidas":2,"codigo":"M","nivel_cobertura":"baja"},"geometry":{"type":"Polygon","coordinates":[[[114.115935,22.464499],[114.116593,22.469212],[114.112582,22.472377],[114.107912,22.470829],[114.107254,22.466115],[114.111266,22.462951],[114.115935,22.464499]]]}},{"type":"Feature","properties":{"h3":"88411cb817fffff","estacion_meteorologica":0,"hospital_urgencias":0,"parada_transporte":9,"rutas_servidas":9,"codigo":"N","nivel_cobertura":"alta"},"geometry":{"type":"Polygon","coordinates":[[[114.112582,22.472377],[114.11324,22.47709],[114.109228,22.480254],[114.104558,22.478706],[114.103901,22.473993],[114.107912,22.470829],[114.112582,22.472377]]]}},{"type":"Feature","properties":{"h3":"88411cb81bfffff","estacion_meteorologica":0,"hospital_urgencias":0,"parada_transporte":6,"rutas_servidas":6,"codigo":"M","nivel_cobertura":"media"},"geometry":{"type":"Polygon","coordinates":[[[114.110608,22.458237],[114.111266,22.462951],[114.107254,22.466115],[114.102585,22.464566],[114.101927,22.459853],[114.105938,22.456688],[114.110608,22.458237]]]}},{"type":"Feature","properties":{"h3":"88411cb821fffff","estacion_meteorologica":0,"hospital_urgencias":0,"parada_transporte":76,"rutas_servidas":329,"codigo":"N","nivel_cobertura":"muy_alta"},"geometry":{"type":"Polygon","coordinates":[[[114.145922,22.487921],[114.146581,22.492632],[114.142571,22.495797],[114.137902,22.494251],[114.137244,22.489539],[114.141254,22.486375],[114.145922,22.487921]]]}},{"type":"Feature","properties":{"h3":"88411cb823fffff","estacion_meteorologica":0,"hospital_urgencias":0,"parada_transporte":31,"rutas_servidas":182,"codigo":"N","nivel_cobertura":"muy_alta"},"geometry":{"type":"Polygon","coordinates":[[[114.137244,22.489539],[114.137902,22.494251],[114.133891,22.497415],[114.129222,22.495869],[114.128564,22.491157],[114.132575,22.487992],[114.137244,22.489539]]]}},{"type":"Feature","properties":{"h3":"88411cb825fffff","estacion_meteorologica":0,"hospital_urgencias":0,"parada_transporte":33,"rutas_servidas":116,"codigo":"N","nivel_cobertura":"muy_alta"},"geometry":{"type":"Polygon","coordinates":[[[114.151249,22.494179],[114.151907,22.49889],[114.147898,22.502054],[114.143229,22.500508],[114.142571,22.495797],[114.146581,22.492632],[114.151249,22.494179]]]}},{"type":"Feature","properties":{"h3":"88411cb827fffff","estacion_meteorologica":0,"hospital_urgencias":0,"parada_transporte":52,"rutas_servidas":150,"codigo":"N","nivel_cobertura":"muy_alta"},"geometry":{"type":"Polygon","coordinates":[[[114.142571,22.495797],[114.143229,22.500508],[114.139219,22.503673],[114.13455,22.502127],[114.133891,22.497415],[114.137902,22.494251],[114.142571,22.495797]]]}},{"type":"Feature","properties":{"h3":"88411cb829fffff","estacion_meteorologica":0,"hospital_urgencias":0,"parada_transporte":38,"rutas_servidas":129,"codigo":"N","nivel_cobertura":"muy_alta"},"geometry":{"type":"Polygon","coordinates":[[[114.149274,22.480045],[114.149932,22.484756],[114.145922,22.487921],[114.141254,22.486375],[114.140596,22.481663],[114.144606,22.478498],[114.149274,22.480045]]]}},{"type":"Feature","properties":{"h3":"88411cb82bfffff","estacion_meteorologica":0,"hospital_urgencias":0,"parada_transporte":14,"rutas_servidas":26,"codigo":"N","nivel_cobertura":"alta"},"geometry":{"type":"Polygon","coordinates":[[[114.140596,22.481663],[114.141254,22.486375],[114.137244,22.489539],[114.132575,22.487992],[114.131917,22.483281],[114.135927,22.480116],[114.140596,22.481663]]]}},{"type":"Feature","properties":{"h3":"88411cb82dfffff","estacion_meteorologica":0,"hospital_urgencias":0,"parada_transporte":5,"rutas_servidas":14,"codigo":"N","nivel_cobertura":"media"},"geometry":{"type":"Polygon","coordinates":[[[114.1546,22.486303],[114.155258,22.491014],[114.151249,22.494179],[114.146581,22.492632],[114.145922,22.487921],[114.149932,22.484756],[114.1546,22.486303]]]}},{"type":"Feature","properties":{"h3":"88411cb831fffff","estacion_meteorologica":1,"hospital_urgencias":0,"parada_transporte":4,"rutas_servidas":4,"codigo":"N","nivel_cobertura":"media"},"geometry":{"type":"Polygon","coordinates":[[[114.123237,22.484898],[114.123895,22.48961],[114.119884,22.492774],[114.115214,22.491227],[114.114556,22.486515],[114.118567,22.48335],[114.123237,22.484898]]]}},{"type":"Feature","properties":{"h3":"88411cb835fffff","estacion_meteorologica":0,"hospital_urgencias":0,"parada_transporte":36,"rutas_servidas":109,"codigo":"N","nivel_cobertura":"muy_alta"},"geometry":{"type":"Polygon","coordinates":[[[114.128564,22.491157],[114.129222,22.495869],[114.125211,22.499033],[114.120542,22.497486],[114.119884,22.492774],[114.123895,22.48961],[114.128564,22.491157]]]}},{"type":"Feature","properties":{"h3":"88411cb837fffff","estacion_meteorologica":0,"hospital_urgencias":0,"parada_transporte":1,"rutas_servidas":1,"codigo":"N","nivel_cobertura":"baja"},"geometry":{"type":"Polygon","coordinates":[[[114.119884,22.492774],[114.120542,22.497486],[114.11653,22.500651],[114.111861,22.499104],[114.111203,22.494392],[114.115214,22.491227],[114.119884,22.492774]]]}},{"type":"Feature","properties":{"h3":"88411cb83bfffff","estacion_meteorologica":0,"hospital_urgencias":0,"parada_transporte":7,"rutas_servidas":7,"codigo":"N","nivel_cobertura":"media"},"geometry":{"type":"Polygon","coordinates":[[[114.117909,22.478638],[114.118567,22.48335],[114.114556,22.486515],[114.109886,22.484967],[114.109228,22.480254],[114.11324,22.47709],[114.117909,22.478638]]]}},{"type":"Feature","properties":{"h3":"88411cb841fffff","estacion_meteorologica":0,"hospital_urgencias":0,"parada_transporte":3,"rutas_servidas":3,"codigo":"P","nivel_cobertura":"media"},"geometry":{"type":"Polygon","coordinates":[[[114.154,22.450155],[114.154659,22.454867],[114.150649,22.458032],[114.145982,22.456485],[114.145323,22.451772],[114.149333,22.448607],[114.154,22.450155]]]}},{"type":"Feature","properties":{"h3":"88411cb843fffff","estacion_meteorologica":0,"hospital_urgencias":0,"parada_transporte":18,"rutas_servidas":33,"codigo":"P","nivel_cobertura":"alta"},"geometry":{"type":"Polygon","coordinates":[[[114.145323,22.451772],[114.145982,22.456485],[114.141972,22.45965],[114.137304,22.458102],[114.136646,22.453389],[114.140656,22.450224],[114.145323,22.451772]]]}},{"type":"Feature","properties":{"h3":"88411cb845fffff","estacion_meteorologica":0,"hospital_urgencias":0,"parada_transporte":2,"rutas_servidas":9,"codigo":"P","nivel_cobertura":"baja"},"geometry":{"type":"Polygon","coordinates":[[[114.159326,22.456415],[114.159984,22.461127],[114.155975,22.464292],[114.151308,22.462745],[114.150649,22.458032],[114.154659,22.454867],[114.159326,22.456415]]]}},{"type":"Feature","properties":{"h3":"88411cb847fffff","estacion_meteorologica":0,"hospital_urgencias":0,"parada_transporte":11,"rutas_servidas":49,"codigo":"P","nivel_cobertura":"alta"},"geometry":{"type":"Polygon","coordinates":[[[114.150649,22.458032],[114.151308,22.462745],[114.147298,22.465909],[114.142631,22.464362],[114.141972,22.45965],[114.145982,22.456485],[114.150649,22.458032]]]}},{"type":"Feature","properties":{"h3":"88411cb84dfffff","estacion_meteorologica":0,"hospital_urgencias":0,"parada_transporte":33,"rutas_servidas":98,"codigo":"P","nivel_cobertura":"muy_alta"},"geometry":{"type":"Polygon","coordinates":[[[114.162676,22.448537],[114.163334,22.45325],[114.159326,22.456415],[114.154659,22.454867],[114.154,22.450155],[114.158009,22.44699],[114.162676,22.448537]]]}},{"type":"Feature","properties":{"h3":"88411cb859fffff","estacion_meteorologica":0,"hospital_urgencias":0,"parada_transporte":20,"rutas_servidas":40,"codigo":"P","nivel_cobertura":"alta"},"geometry":{"type":"Polygon","coordinates":[[[114.134671,22.439249],[114.135329,22.443963],[114.131319,22.447127],[114.126651,22.445579],[114.125993,22.440865],[114.130003,22.4377],[114.134671,22.439249]]]}},{"type":"Feature","properties":{"h3":"88411cb85dfffff","estacion_meteorologica":0,"hospital_urgencias":0,"parada_transporte":15,"rutas_servidas":27,"codigo":"P","nivel_cobertura":"alta"},"geometry":{"type":"Polygon","coordinates":[[[114.139997,22.445511],[114.140656,22.450224],[114.136646,22.453389],[114.131978,22.451841],[114.131319,22.447127],[114.135329,22.443963],[114.139997,22.445511]]]}},{"type":"Feature","properties":{"h3":"88411cb861fffff","estacion_meteorologica":0,"hospital_urgencias":0,"parada_transporte":7,"rutas_servidas":27,"codigo":"P","nivel_cobertura":"media"},"geometry":{"type":"Polygon","coordinates":[[[114.161301,22.47055],[114.16196,22.475262],[114.157951,22.478427],[114.153283,22.47688],[114.152625,22.472168],[114.156634,22.469004],[114.161301,22.47055]]]}},{"type":"Feature","properties":{"h3":"88411cb863fffff","estacion_meteorologica":0,"hospital_urgencias":0,"parada_transporte":1,"rutas_servidas":1,"codigo":"P","nivel_cobertura":"baja"},"geometry":{"type":"Polygon","coordinates":[[[114.152625,22.472168],[114.153283,22.47688],[114.149274,22.480045],[114.144606,22.478498],[114.143947,22.473786],[114.147957,22.470621],[114.152625,22.472168]]]}},{"type":"Feature","properties":{"h3":"88411cb867fffff","estacion_meteorologica":0,"hospital_urgencias":0,"parada_transporte":15,"rutas_servidas":52,"codigo":"P","nivel_cobertura":"alta"},"geometry":{"type":"Polygon","coordinates":[[[114.157951,22.478427],[114.158609,22.483138],[114.1546,22.486303],[114.149932,22.484756],[114.149274,22.480045],[114.153283,22.47688],[114.157951,22.478427]]]}},{"type":"Feature","properties":{"h3":"88411cb86bfffff","estacion_meteorologica":0,"hospital_urgencias":0,"parada_transporte":13,"rutas_servidas":50,"codigo":"P","nivel_cobertura":"alta"},"geometry":{"type":"Polygon","coordinates":[[[114.155975,22.464292],[114.156634,22.469004],[114.152625,22.472168],[114.147957,22.470621],[114.147298,22.465909],[114.151308,22.462745],[114.155975,22.464292]]]}},{"type":"Feature","properties":{"h3":"88411cb885fffff","estacion_meteorologica":0,"hospital_urgencias":0,"parada_transporte":1,"rutas_servidas":1,"codigo":"M","nivel_cobertura":"baja"},"geometry":{"type":"Polygon","coordinates":[[[114.08318,22.485102],[114.083838,22.489815],[114.079824,22.492979],[114.075153,22.49143],[114.074495,22.486717],[114.078509,22.483553],[114.08318,22.485102]]]}},{"type":"Feature","properties":{"h3":"88411cb88bfffff","estacion_meteorologica":0,"hospital_urgencias":0,"parada_transporte":2,"rutas_servidas":2,"codigo":"M","nivel_cobertura":"baja"},"geometry":{"type":"Polygon","coordinates":[[[114.072522,22.472576],[114.07318,22.47729],[114.069166,22.480454],[114.064495,22.478904],[114.063837,22.47419],[114.067851,22.471026],[114.072522,22.472576]]]}},{"type":"Feature","properties":{"h3":"88411cb891fffff","estacion_meteorologica":0,"hospital_urgencias":0,"parada_transporte":8,"rutas_servidas":10,"codigo":"M","nivel_cobertura":"alta"},"geometry":{"type":"Polygon","coordinates":[[[114.055151,22.475804],[114.055808,22.480518],[114.051794,22.483682],[114.047121,22.482132],[114.046464,22.477418],[114.050479,22.474253],[114.055151,22.475804]]]}},{"type":"Feature","properties":{"h3":"88411cb895fffff","estacion_meteorologica":0,"hospital_urgencias":0,"parada_transporte":7,"rutas_servidas":7,"codigo":"M","nivel_cobertura":"media"},"geometry":{"type":"Polygon","coordinates":[[[114.06048,22.482068],[114.061138,22.486782],[114.057123,22.489946],[114.052451,22.488396],[114.051794,22.483682],[114.055808,22.480518],[114.06048,22.482068]]]}},{"type":"Feature","properties":{"h3":"88411cb899fffff","estacion_meteorologica":0,"hospital_urgencias":0,"parada_transporte":22,"rutas_servidas":38,"codigo":"M","nivel_cobertura":"alta"},"geometry":{"type":"Polygon","coordinates":[[[114.058508,22.467925],[114.059165,22.47264],[114.055151,22.475804],[114.050479,22.474253],[114.049821,22.469539],[114.053836,22.466375],[114.058508,22.467925]]]}},{"type":"Feature","properties":{"h3":"88411cb89bfffff","estacion_meteorologica":0,"hospital_urgencias":0,"parada_transporte":7,"rutas_servidas":7,"codigo":"M","nivel_cobertura":"media"},"geometry":{"type":"Polygon","coordinates":[[[114.049821,22.469539],[114.050479,22.474253],[114.046464,22.477418],[114.041791,22.475867],[114.041134,22.471152],[114.045149,22.467988],[114.049821,22.469539]]]}},{"type":"Feature","properties":{"h3":"88411cb89dfffff","estacion_meteorologica":0,"hospital_urgencias":0,"parada_transporte":17,"rutas_servidas":23,"codigo":"M","nivel_cobertura":"alta"},"geometry":{"type":"Polygon","coordinates":[[[114.063837,22.47419],[114.064495,22.478904],[114.06048,22.482068],[114.055808,22.480518],[114.055151,22.475804],[114.059165,22.47264],[114.063837,22.47419]]]}},{"type":"Feature","properties":{"h3":"88411cb8a1fffff","estacion_meteorologica":0,"hospital_urgencias":0,"parada_transporte":18,"rutas_servidas":34,"codigo":"M","nivel_cobertura":"alta"},"geometry":{"type":"Polygon","coordinates":[[[114.085153,22.499241],[114.085811,22.503953],[114.081798,22.507118],[114.077126,22.505569],[114.076468,22.500856],[114.080482,22.497692],[114.085153,22.499241]]]}},{"type":"Feature","properties":{"h3":"88411cb8a7fffff","estacion_meteorologica":1,"hospital_urgencias":0,"parada_transporte":7,"rutas_servidas":8,"codigo":"M","nivel_cobertura":"media"},"geometry":{"type":"Polygon","coordinates":[[[114.081798,22.507118],[114.082456,22.51183],[114.078442,22.514994],[114.07377,22.513446],[114.073112,22.508733],[114.077126,22.505569],[114.081798,22.507118]]]}},{"type":"Feature","properties":{"h3":"88411cb8a9fffff","estacion_meteorologica":0,"hospital_urgencias":0,"parada_transporte":2,"rutas_servidas":2,"codigo":"M","nivel_cobertura":"baja"},"geometry":{"type":"Polygon","coordinates":[[[114.088509,22.491364],[114.089166,22.496076],[114.085153,22.499241],[114.080482,22.497692],[114.079824,22.492979],[114.083838,22.489815],[114.088509,22.491364]]]}},{"type":"Feature","properties":{"h3":"88411cb8abfffff","estacion_meteorologica":0,"hospital_urgencias":0,"parada_transporte":10,"rutas_servidas":11,"codigo":"M","nivel_cobertura":"alta"},"geometry":{"type":"Polygon","coordinates":[[[114.079824,22.492979],[114.080482,22.497692],[114.076468,22.500856],[114.071797,22.499308],[114.071139,22.494595],[114.075153,22.49143],[114.079824,22.492979]]]}},{"type":"Feature","properties":{"h3":"88411cb8adfffff","estacion_meteorologica":0,"hospital_urgencias":0,"parada_transporte":2,"rutas_servidas":2,"codigo":"M","nivel_cobertura":"baja"},"geometry":{"type":"Polygon","coordinates":[[[114.093837,22.497625],[114.094495,22.502337],[114.090482,22.505501],[114.085811,22.503953],[114.085153,22.499241],[114.089166,22.496076],[114.093837,22.497625]]]}},{"type":"Feature","properties":{"h3":"88411cb8b9fffff","estacion_meteorologica":0,"hospital_urgencias":0,"parada_transporte":4,"rutas_servidas":4,"codigo":"M","nivel_cobertura":"media"},"geometry":{"type":"Polygon","coordinates":[[[114.06581,22.488332],[114.066467,22.493045],[114.062453,22.496209],[114.057781,22.49466],[114.057123,22.489946],[114.061138,22.486782],[114.06581,22.488332]]]}},{"type":"Feature","properties":{"h3":"88411cb8bdfffff","estacion_meteorologica":0,"hospital_urgencias":0,"parada_transporte":2,"rutas_servidas":2,"codigo":"M","nivel_cobertura":"baja"},"geometry":{"type":"Polygon","coordinates":[[[114.071139,22.494595],[114.071797,22.499308],[114.067783,22.502472],[114.063111,22.500923],[114.062453,22.496209],[114.066467,22.493045],[114.071139,22.494595]]]}},{"type":"Feature","properties":{"h3":"88411cb8d3fffff","estacion_meteorologica":0,"hospital_urgencias":0,"parada_transporte":9,"rutas_servidas":18,"codigo":"M","nivel_cobertura":"alta"},"geometry":{"type":"Polygon","coordinates":[[[114.061864,22.460046],[114.062522,22.464761],[114.058508,22.467925],[114.053836,22.466375],[114.053178,22.46166],[114.057193,22.458496],[114.061864,22.460046]]]}},{"type":"Feature","properties":{"h3":"88411cb8dbfffff","estacion_meteorologica":0,"hospital_urgencias":0,"parada_transporte":1,"rutas_servidas":1,"codigo":"M","nivel_cobertura":"baja"},"geometry":{"type":"Polygon","coordinates":[[[114.065221,22.452167],[114.065878,22.456882],[114.061864,22.460046],[114.057193,22.458496],[114.056535,22.45378],[114.060549,22.450616],[114.065221,22.452167]]]}},{"type":"Feature","properties":{"h3":"88411cb8e5fffff","estacion_meteorologica":1,"hospital_urgencias":0,"parada_transporte":1,"rutas_servidas":1,"codigo":"N","nivel_cobertura":"baja"},"geometry":{"type":"Polygon","coordinates":[[[114.105874,22.488131],[114.106533,22.492844],[114.10252,22.496008],[114.09785,22.49446],[114.097192,22.489748],[114.101204,22.486583],[114.105874,22.488131]]]}},{"type":"Feature","properties":{"h3":"88411cb8e7fffff","estacion_meteorologica":0,"hospital_urgencias":0,"parada_transporte":2,"rutas_servidas":2,"codigo":"N","nivel_cobertura":"baja"},"geometry":{"type":"Polygon","coordinates":[[[114.097192,22.489748],[114.09785,22.49446],[114.093837,22.497625],[114.089166,22.496076],[114.088509,22.491364],[114.092521,22.488199],[114.097192,22.489748]]]}},{"type":"Feature","properties":{"h3":"88411cb8e9fffff","estacion_meteorologica":0,"hospital_urgencias":0,"parada_transporte":1,"rutas_servidas":1,"codigo":"N","nivel_cobertura":"baja"},"geometry":{"type":"Polygon","coordinates":[[[114.103901,22.473993],[114.104558,22.478706],[114.100546,22.481871],[114.095876,22.480322],[114.095218,22.475609],[114.099231,22.472444],[114.103901,22.473993]]]}},{"type":"Feature","properties":{"h3":"88411cb8edfffff","estacion_meteorologica":0,"hospital_urgencias":0,"parada_transporte":2,"rutas_servidas":2,"codigo":"N","nivel_cobertura":"baja"},"geometry":{"type":"Polygon","coordinates":[[[114.109228,22.480254],[114.109886,22.484967],[114.105874,22.488131],[114.101204,22.486583],[114.100546,22.481871],[114.104558,22.478706],[114.109228,22.480254]]]}},{"type":"Feature","properties":{"h3":"88411cb901fffff","estacion_meteorologica":0,"hospital_urgencias":0,"parada_transporte":11,"rutas_servidas":45,"codigo":"N","nivel_cobertura":"alta"},"geometry":{"type":"Polygon","coordinates":[[[114.175905,22.511326],[114.176564,22.516035],[114.172555,22.5192],[114.167887,22.517656],[114.167228,22.512946],[114.171237,22.509781],[114.175905,22.511326]]]}},{"type":"Feature","properties":{"h3":"88411cb903fffff","estacion_meteorologica":0,"hospital_urgencias":0,"parada_transporte":7,"rutas_servidas":7,"codigo":"N","nivel_cobertura":"media"},"geometry":{"type":"Polygon","coordinates":[[[114.167228,22.512946],[114.167887,22.517656],[114.163878,22.520821],[114.15921,22.519276],[114.158551,22.514566],[114.162561,22.511401],[114.167228,22.512946]]]}},{"type":"Feature","properties":{"h3":"88411cb905fffff","estacion_meteorologica":0,"hospital_urgencias":0,"parada_transporte":10,"rutas_servidas":42,"codigo":"N","nivel_cobertura":"alta"},"geometry":{"type":"Polygon","coordinates":[[[114.181231,22.51758],[114.18189,22.522289],[114.177881,22.525454],[114.173214,22.52391],[114.172555,22.5192],[114.176564,22.516035],[114.181231,22.51758]]]}},{"type":"Feature","properties":{"h3":"88411cb909fffff","estacion_meteorologica":0,"hospital_urgencias":0,"parada_transporte":1,"rutas_servidas":1,"codigo":"N","nivel_cobertura":"baja"},"geometry":{"type":"Polygon","coordinates":[[[114.179255,22.503451],[114.179913,22.508161],[114.175905,22.511326],[114.171237,22.509781],[114.170579,22.505071],[114.174587,22.501906],[114.179255,22.503451]]]}},{"type":"Feature","properties":{"h3":"88411cb90bfffff","estacion_meteorologica":0,"hospital_urgencias":0,"parada_transporte":4,"rutas_servidas":21,"codigo":"N","nivel_cobertura":"media"},"geometry":{"type":"Polygon","coordinates":[[[114.170579,22.505071],[114.171237,22.509781],[114.167228,22.512946],[114.162561,22.511401],[114.161902,22.506691],[114.165911,22.503526],[114.170579,22.505071]]]}},{"type":"Feature","properties":{"h3":"88411cb911fffff","estacion_meteorologica":0,"hospital_urgencias":0,"parada_transporte":1,"rutas_servidas":1,"codigo":"N","nivel_cobertura":"baja"},"geometry":{"type":"Polygon","coordinates":[[[114.153224,22.508311],[114.153883,22.513021],[114.149873,22.516186],[114.145204,22.51464],[114.144546,22.50993],[114.148556,22.506765],[114.153224,22.508311]]]}},{"type":"Feature","properties":{"h3":"88411cb919fffff","estacion_meteorologica":0,"hospital_urgencias":0,"parada_transporte":19,"rutas_servidas":69,"codigo":"N","nivel_cobertura":"alta"},"geometry":{"type":"Polygon","coordinates":[[[114.156576,22.500435],[114.157234,22.505146],[114.153224,22.508311],[114.148556,22.506765],[114.147898,22.502054],[114.151907,22.49889],[114.156576,22.500435]]]}},{"type":"Feature","properties":{"h3":"88411cb91bfffff","estacion_meteorologica":0,"hospital_urgencias":0,"parada_transporte":5,"rutas_servidas":8,"codigo":"N","nivel_cobertura":"media"},"geometry":{"type":"Polygon","coordinates":[[[114.147898,22.502054],[114.148556,22.506765],[114.144546,22.50993],[114.139877,22.508384],[114.139219,22.503673],[114.143229,22.500508],[114.147898,22.502054]]]}},{"type":"Feature","properties":{"h3":"88411cb91dfffff","estacion_meteorologica":0,"hospital_urgencias":0,"parada_transporte":17,"rutas_servidas":68,"codigo":"N","nivel_cobertura":"alta"},"geometry":{"type":"Polygon","coordinates":[[[114.161902,22.506691],[114.162561,22.511401],[114.158551,22.514566],[114.153883,22.513021],[114.153224,22.508311],[114.157234,22.505146],[114.161902,22.506691]]]}},{"type":"Feature","properties":{"h3":"88411cb931fffff","estacion_meteorologica":1,"hospital_urgencias":0,"parada_transporte":7,"rutas_servidas":7,"codigo":"N","nivel_cobertura":"media"},"geometry":{"type":"Polygon","coordinates":[[[114.160527,22.528695],[114.161186,22.533404],[114.157176,22.536569],[114.152507,22.535025],[114.151849,22.530315],[114.155859,22.52715],[114.160527,22.528695]]]}},{"type":"Feature","properties":{"h3":"88411cb933fffff","estacion_meteorologica":0,"hospital_urgencias":0,"parada_transporte":2,"rutas_servidas":2,"codigo":"N","nivel_cobertura":"baja"},"geometry":{"type":"Polygon","coordinates":[[[114.151849,22.530315],[114.152507,22.535025],[114.148497,22.538189],[114.143828,22.536645],[114.143169,22.531935],[114.14718,22.52877],[114.151849,22.530315]]]}},{"type":"Feature","properties":{"h3":"88411cb935fffff","estacion_meteorologica":0,"hospital_urgencias":0,"parada_transporte":1,"rutas_servidas":1,"codigo":"N","nivel_cobertura":"baja"},"geometry":{"type":"Polygon","coordinates":[[[114.165854,22.534948],[114.166513,22.539657],[114.162503,22.542822],[114.157834,22.541278],[114.157176,22.536569],[114.161186,22.533404],[114.165854,22.534948]]]}},{"type":"Feature","properties":{"h3":"88411cb937fffff","estacion_meteorologica":0,"hospital_urgencias":0,"parada_transporte":9,"rutas_servidas":10,"codigo":"N","nivel_cobertura":"alta"},"geometry":{"type":"Polygon","coordinates":[[[114.157176,22.536569],[114.157834,22.541278],[114.153824,22.544443],[114.149155,22.542898],[114.148497,22.538189],[114.152507,22.535025],[114.157176,22.536569]]]}},{"type":"Feature","properties":{"h3":"88411cb939fffff","estacion_meteorologica":0,"hospital_urgencias":0,"parada_transporte":5,"rutas_servidas":5,"codigo":"N","nivel_cobertura":"media"},"geometry":{"type":"Polygon","coordinates":[[[114.163878,22.520821],[114.164537,22.52553],[114.160527,22.528695],[114.155859,22.52715],[114.1552,22.522441],[114.15921,22.519276],[114.163878,22.520821]]]}},{"type":"Feature","properties":{"h3":"88411cb947fffff","estacion_meteorologica":0,"hospital_urgencias":0,"parada_transporte":1,"rutas_servidas":1,"codigo":"N","nivel_cobertura":"baja"},"geometry":{"type":"Polygon","coordinates":[[[114.18793,22.501831],[114.188588,22.50654],[114.18458,22.509705],[114.179913,22.508161],[114.179255,22.503451],[114.183263,22.500286],[114.18793,22.501831]]]}},{"type":"Feature","properties":{"h3":"88411cb953fffff","estacion_meteorologica":0,"hospital_urgencias":0,"parada_transporte":1,"rutas_servidas":1,"codigo":"N","nivel_cobertura":"baja"},"geometry":{"type":"Polygon","coordinates":[[[114.159926,22.49256],[114.160585,22.49727],[114.156576,22.500435],[114.151907,22.49889],[114.151249,22.494179],[114.155258,22.491014],[114.159926,22.49256]]]}},{"type":"Feature","properties":{"h3":"88411cb957fffff","estacion_meteorologica":0,"hospital_urgencias":0,"parada_transporte":7,"rutas_servidas":26,"codigo":"N","nivel_cobertura":"media"},"geometry":{"type":"Polygon","coordinates":[[[114.165253,22.498816],[114.165911,22.503526],[114.161902,22.506691],[114.157234,22.505146],[114.156576,22.500435],[114.160585,22.49727],[114.165253,22.498816]]]}},{"type":"Feature","properties":{"h3":"88411cb963fffff","estacion_meteorologica":0,"hospital_urgencias":0,"parada_transporte":4,"rutas_servidas":15,"codigo":"N","nivel_cobertura":"media"},"geometry":{"type":"Polygon","coordinates":[[[114.189906,22.515959],[114.190565,22.520668],[114.186557,22.523833],[114.18189,22.522289],[114.181231,22.51758],[114.185239,22.514415],[114.189906,22.515959]]]}},{"type":"Feature","properties":{"h3":"88411cb967fffff","estacion_meteorologica":0,"hospital_urgencias":0,"parada_transporte":7,"rutas_servidas":27,"codigo":"N","nivel_cobertura":"media"},"geometry":{"type":"Polygon","coordinates":[[[114.195232,22.522211],[114.195891,22.52692],[114.191883,22.530085],[114.187216,22.528541],[114.186557,22.523833],[114.190565,22.520668],[114.195232,22.522211]]]}},{"type":"Feature","properties":{"h3":"88411cb981fffff","estacion_meteorologica":0,"hospital_urgencias":0,"parada_transporte":1,"rutas_servidas":1,"codigo":"N","nivel_cobertura":"baja"},"geometry":{"type":"Polygon","coordinates":[[[114.115151,22.52266],[114.11581,22.527371],[114.111797,22.530536],[114.107127,22.528989],[114.106469,22.524278],[114.110481,22.521114],[114.115151,22.52266]]]}},{"type":"Feature","properties":{"h3":"88411cb983fffff","estacion_meteorologica":0,"hospital_urgencias":0,"parada_transporte":1,"rutas_servidas":1,"codigo":"N","nivel_cobertura":"baja"},"geometry":{"type":"Polygon","coordinates":[[[114.106469,22.524278],[114.107127,22.528989],[114.103114,22.532154],[114.098443,22.530607],[114.097785,22.525896],[114.101798,22.522732],[114.106469,22.524278]]]}},{"type":"Feature","properties":{"h3":"88411cb989fffff","estacion_meteorologica":0,"hospital_urgencias":0,"parada_transporte":1,"rutas_servidas":1,"codigo":"N","nivel_cobertura":"baja"},"geometry":{"type":"Polygon","coordinates":[[[114.118505,22.514785],[114.119163,22.519496],[114.115151,22.52266],[114.110481,22.521114],[114.109823,22.516403],[114.113835,22.513238],[114.118505,22.514785]]]}},{"type":"Feature","properties":{"h3":"88411cb98dfffff","estacion_meteorologica":0,"hospital_urgencias":0,"parada_transporte":3,"rutas_servidas":4,"codigo":"N","nivel_cobertura":"media"},"geometry":{"type":"Polygon","coordinates":[[[114.123833,22.521042],[114.124491,22.525753],[114.12048,22.528917],[114.11581,22.527371],[114.115151,22.52266],[114.119163,22.519496],[114.123833,22.521042]]]}},{"type":"Feature","properties":{"h3":"88411cb99dfffff","estacion_meteorologica":0,"hospital_urgencias":0,"parada_transporte":2,"rutas_servidas":2,"codigo":"N","nivel_cobertura":"baja"},"geometry":{"type":"Polygon","coordinates":[[[114.10114,22.51802],[114.101798,22.522732],[114.097785,22.525896],[114.093114,22.524349],[114.092456,22.519637],[114.096469,22.516473],[114.10114,22.51802]]]}},{"type":"Feature","properties":{"h3":"88411cb9c1fffff","estacion_meteorologica":0,"hospital_urgencias":0,"parada_transporte":15,"rutas_servidas":42,"codigo":"N","nivel_cobertura":"alta"},"geometry":{"type":"Polygon","coordinates":[[[114.130539,22.505291],[114.131197,22.510002],[114.127186,22.513167],[114.122517,22.51162],[114.121858,22.506909],[114.12587,22.503745],[114.130539,22.505291]]]}},{"type":"Feature","properties":{"h3":"88411cb9c5fffff","estacion_meteorologica":0,"hospital_urgencias":0,"parada_transporte":1,"rutas_servidas":1,"codigo":"N","nivel_cobertura":"baja"},"geometry":{"type":"Polygon","coordinates":[[[114.135866,22.511548],[114.136525,22.516259],[114.132514,22.519424],[114.127844,22.517878],[114.127186,22.513167],[114.131197,22.510002],[114.135866,22.511548]]]}},{"type":"Feature","properties":{"h3":"88411cb9c7fffff","estacion_meteorologica":0,"hospital_urgencias":0,"parada_transporte":4,"rutas_servidas":7,"codigo":"N","nivel_cobertura":"media"},"geometry":{"type":"Polygon","coordinates":[[[114.127186,22.513167],[114.127844,22.517878],[114.123833,22.521042],[114.119163,22.519496],[114.118505,22.514785],[114.122517,22.51162],[114.127186,22.513167]]]}},{"type":"Feature","properties":{"h3":"88411cb9c9fffff","estacion_meteorologica":0,"hospital_urgencias":0,"parada_transporte":80,"rutas_servidas":260,"codigo":"N","nivel_cobertura":"muy_alta"},"geometry":{"type":"Polygon","coordinates":[[[114.133891,22.497415],[114.13455,22.502127],[114.130539,22.505291],[114.12587,22.503745],[114.125211,22.499033],[114.129222,22.495869],[114.133891,22.497415]]]}},{"type":"Feature","properties":{"h3":"88411cb9cbfffff","estacion_meteorologica":0,"hospital_urgencias":0,"parada_transporte":25,"rutas_servidas":81,"codigo":"N","nivel_cobertura":"alta"},"geometry":{"type":"Polygon","coordinates":[[[114.125211,22.499033],[114.12587,22.503745],[114.121858,22.506909],[114.117189,22.505362],[114.11653,22.500651],[114.120542,22.497486],[114.125211,22.499033]]]}},{"type":"Feature","properties":{"h3":"88411cb9cdfffff","estacion_meteorologica":0,"hospital_urgencias":0,"parada_transporte":18,"rutas_servidas":70,"codigo":"N","nivel_cobertura":"alta"},"geometry":{"type":"Polygon","coordinates":[[[114.139219,22.503673],[114.139877,22.508384],[114.135866,22.511548],[114.131197,22.510002],[114.130539,22.505291],[114.13455,22.502127],[114.139219,22.503673]]]}},{"type":"Feature","properties":{"h3":"88411cb9d1fffff","estacion_meteorologica":0,"hospital_urgencias":0,"parada_transporte":10,"rutas_servidas":16,"codigo":"N","nivel_cobertura":"alta"},"geometry":{"type":"Polygon","coordinates":[[[114.107849,22.502268],[114.108507,22.50698],[114.104494,22.510144],[114.099824,22.508597],[114.099166,22.503885],[114.103178,22.50072],[114.107849,22.502268]]]}},{"type":"Feature","properties":{"h3":"88411cb9d3fffff","estacion_meteorologica":0,"hospital_urgencias":0,"parada_transporte":6,"rutas_servidas":7,"codigo":"N","nivel_cobertura":"media"},"geometry":{"type":"Polygon","coordinates":[[[114.099166,22.503885],[114.099824,22.508597],[114.095811,22.511761],[114.09114,22.510214],[114.090482,22.505501],[114.094495,22.502337],[114.099166,22.503885]]]}},{"type":"Feature","properties":{"h3":"88411cb9d5fffff","estacion_meteorologica":0,"hospital_urgencias":0,"parada_transporte":1,"rutas_servidas":1,"codigo":"N","nivel_cobertura":"baja"},"geometry":{"type":"Polygon","coordinates":[[[114.113177,22.508527],[114.113835,22.513238],[114.109823,22.516403],[114.105153,22.514856],[114.104494,22.510144],[114.108507,22.50698],[114.113177,22.508527]]]}},{"type":"Feature","properties":{"h3":"88411cb9d7fffff","estacion_meteorologica":0,"hospital_urgencias":0,"parada_transporte":1,"rutas_servidas":1,"codigo":"N","nivel_cobertura":"baja"},"geometry":{"type":"Polygon","coordinates":[[[114.104494,22.510144],[114.105153,22.514856],[114.10114,22.51802],[114.096469,22.516473],[114.095811,22.511761],[114.099824,22.508597],[114.104494,22.510144]]]}},{"type":"Feature","properties":{"h3":"88411cb9d9fffff","estacion_meteorologica":0,"hospital_urgencias":1,"parada_transporte":2,"rutas_servidas":2,"codigo":"N","nivel_cobertura":"baja"},"geometry":{"type":"Polygon","coordinates":[[[114.111203,22.494392],[114.111861,22.499104],[114.107849,22.502268],[114.103178,22.50072],[114.10252,22.496008],[114.106533,22.492844],[114.111203,22.494392]]]}},{"type":"Feature","properties":{"h3":"88411cb9dbfffff","estacion_meteorologica":0,"hospital_urgencias":0,"parada_transporte":3,"rutas_servidas":3,"codigo":"N","nivel_cobertura":"media"},"geometry":{"type":"Polygon","coordinates":[[[114.10252,22.496008],[114.103178,22.50072],[114.099166,22.503885],[114.094495,22.502337],[114.093837,22.497625],[114.09785,22.49446],[114.10252,22.496008]]]}},{"type":"Feature","properties":{"h3":"88411cb9ddfffff","estacion_meteorologica":1,"hospital_urgencias":0,"parada_transporte":4,"rutas_servidas":4,"codigo":"N","nivel_cobertura":"media"},"geometry":{"type":"Polygon","coordinates":[[[114.11653,22.500651],[114.117189,22.505362],[114.113177,22.508527],[114.108507,22.50698],[114.107849,22.502268],[114.111861,22.499104],[114.11653,22.500651]]]}},{"type":"Feature","properties":{"h3":"88411cb9e1fffff","estacion_meteorologica":0,"hospital_urgencias":0,"parada_transporte":1,"rutas_servidas":2,"codigo":"N","nivel_cobertura":"baja"},"geometry":{"type":"Polygon","coordinates":[[[114.137842,22.52568],[114.1385,22.53039],[114.134489,22.533554],[114.129819,22.532009],[114.129161,22.527299],[114.133172,22.524134],[114.137842,22.52568]]]}},{"type":"Feature","properties":{"h3":"88411cb9e3fffff","estacion_meteorologica":0,"hospital_urgencias":0,"parada_transporte":5,"rutas_servidas":5,"codigo":"N","nivel_cobertura":"media"},"geometry":{"type":"Polygon","coordinates":[[[114.129161,22.527299],[114.129819,22.532009],[114.125808,22.535173],[114.121138,22.533628],[114.12048,22.528917],[114.124491,22.525753],[114.129161,22.527299]]]}},{"type":"Feature","properties":{"h3":"88411cb9e7fffff","estacion_meteorologica":0,"hospital_urgencias":0,"parada_transporte":3,"rutas_servidas":4,"codigo":"N","nivel_cobertura":"media"},"geometry":{"type":"Polygon","coordinates":[[[114.134489,22.533554],[114.135147,22.538264],[114.131136,22.541429],[114.126466,22.539883],[114.125808,22.535173],[114.129819,22.532009],[114.134489,22.533554]]]}},{"type":"Feature","properties":{"h3":"88411cb9ebfffff","estacion_meteorologica":0,"hospital_urgencias":0,"parada_transporte":4,"rutas_servidas":8,"codigo":"N","nivel_cobertura":"media"},"geometry":{"type":"Polygon","coordinates":[[[114.132514,22.519424],[114.133172,22.524134],[114.129161,22.527299],[114.124491,22.525753],[114.123833,22.521042],[114.127844,22.517878],[114.132514,22.519424]]]}},{"type":"Feature","properties":{"h3":"88411cba05fffff","estacion_meteorologica":0,"hospital_urgencias":0,"parada_transporte":1,"rutas_servidas":1,"codigo":"P","nivel_cobertura":"baja"},"geometry":{"type":"Polygon","coordinates":[[[114.1674,22.418643],[114.168058,22.423356],[114.16405,22.426521],[114.159384,22.424973],[114.158725,22.420259],[114.162734,22.417094],[114.1674,22.418643]]]}},{"type":"Feature","properties":{"h3":"88411cba21fffff","estacion_meteorologica":0,"hospital_urgencias":0,"parada_transporte":10,"rutas_servidas":12,"codigo":"P","nivel_cobertura":"alta"},"geometry":{"type":"Polygon","coordinates":[[[114.169375,22.432782],[114.170034,22.437495],[114.166026,22.44066],[114.161359,22.439112],[114.160701,22.434399],[114.164709,22.431234],[114.169375,22.432782]]]}},{"type":"Feature","properties":{"h3":"88411cba25fffff","estacion_meteorologica":1,"hospital_urgencias":0,"parada_transporte":37,"rutas_servidas":105,"codigo":"P","nivel_cobertura":"muy_alta"},"geometry":{"type":"Polygon","coordinates":[[[114.1747,22.439042],[114.175359,22.443754],[114.171351,22.44692],[114.166684,22.445372],[114.166026,22.44066],[114.170034,22.437495],[114.1747,22.439042]]]}},{"type":"Feature","properties":{"h3":"88411cba27fffff","estacion_meteorologica":0,"hospital_urgencias":0,"parada_transporte":6,"rutas_servidas":7,"codigo":"P","nivel_cobertura":"media"},"geometry":{"type":"Polygon","coordinates":[[[114.166026,22.44066],[114.166684,22.445372],[114.162676,22.448537],[114.158009,22.44699],[114.157351,22.442277],[114.161359,22.439112],[114.166026,22.44066]]]}},{"type":"Feature","properties":{"h3":"88411cba2bfffff","estacion_meteorologica":0,"hospital_urgencias":0,"parada_transporte":1,"rutas_servidas":2,"codigo":"P","nivel_cobertura":"baja"},"geometry":{"type":"Polygon","coordinates":[[[114.16405,22.426521],[114.164709,22.431234],[114.160701,22.434399],[114.156034,22.432851],[114.155375,22.428138],[114.159384,22.424973],[114.16405,22.426521]]]}},{"type":"Feature","properties":{"h3":"88411cba41fffff","estacion_meteorologica":0,"hospital_urgencias":0,"parada_transporte":1,"rutas_servidas":1,"codigo":"R","nivel_cobertura":"baja"},"geometry":{"type":"Polygon","coordinates":[[[114.177446,22.395006],[114.178105,22.39972],[114.174098,22.402885],[114.169432,22.401336],[114.168774,22.396622],[114.172781,22.393457],[114.177446,22.395006]]]}},{"type":"Feature","properties":{"h3":"88411cba81fffff","estacion_meteorologica":0,"hospital_urgencias":0,"parada_transporte":18,"rutas_servidas":28,"codigo":"M","nivel_cobertura":"alta"},"geometry":{"type":"Polygon","coordinates":[[[114.101333,22.423687],[114.101991,22.428403],[114.097979,22.431567],[114.09331,22.430017],[114.092652,22.425301],[114.096664,22.422137],[114.101333,22.423687]]]}},{"type":"Feature","properties":{"h3":"88411cba83fffff","estacion_meteorologica":0,"hospital_urgencias":0,"parada_transporte":18,"rutas_servidas":31,"codigo":"M","nivel_cobertura":"alta"},"geometry":{"type":"Polygon","coordinates":[[[114.092652,22.425301],[114.09331,22.430017],[114.089298,22.433181],[114.084628,22.43163],[114.08397,22.426915],[114.087982,22.423751],[114.092652,22.425301]]]}},{"type":"Feature","properties":{"h3":"88411cba85fffff","estacion_meteorologica":0,"hospital_urgencias":0,"parada_transporte":25,"rutas_servidas":42,"codigo":"M","nivel_cobertura":"alta"},"geometry":{"type":"Polygon","coordinates":[[[114.10666,22.429953],[114.107318,22.434667],[114.103307,22.437832],[114.098637,22.436282],[114.097979,22.431567],[114.101991,22.428403],[114.10666,22.429953]]]}},{"type":"Feature","properties":{"h3":"88411cba8dfffff","estacion_meteorologica":0,"hospital_urgencias":0,"parada_transporte":3,"rutas_servidas":3,"codigo":"M","nivel_cobertura":"media"},"geometry":{"type":"Polygon","coordinates":[[[114.110013,22.422073],[114.110671,22.426788],[114.10666,22.429953],[114.101991,22.428403],[114.101333,22.423687],[114.105344,22.420523],[114.110013,22.422073]]]}},{"type":"Feature","properties":{"h3":"88411cba91fffff","estacion_meteorologica":0,"hospital_urgencias":0,"parada_transporte":35,"rutas_servidas":64,"codigo":"M","nivel_cobertura":"muy_alta"},"geometry":{"type":"Polygon","coordinates":[[[114.078643,22.420648],[114.0793,22.425364],[114.075288,22.428528],[114.070617,22.426977],[114.069959,22.422261],[114.073972,22.419096],[114.078643,22.420648]]]}},{"type":"Feature","properties":{"h3":"88411cba93fffff","estacion_meteorologica":0,"hospital_urgencias":0,"parada_transporte":3,"rutas_servidas":9,"codigo":"M","nivel_cobertura":"media"},"geometry":{"type":"Polygon","coordinates":[[[114.069959,22.422261],[114.070617,22.426977],[114.066604,22.430141],[114.061933,22.428589],[114.061276,22.423873],[114.065289,22.420709],[114.069959,22.422261]]]}},{"type":"Feature","properties":{"h3":"88411cba95fffff","estacion_meteorologica":0,"hospital_urgencias":0,"parada_transporte":15,"rutas_servidas":27,"codigo":"M","nivel_cobertura":"alta"},"geometry":{"type":"Polygon","coordinates":[[[114.08397,22.426915],[114.084628,22.43163],[114.080615,22.434795],[114.075945,22.433244],[114.075288,22.428528],[114.0793,22.425364],[114.08397,22.426915]]]}},{"type":"Feature","properties":{"h3":"88411cba97fffff","estacion_meteorologica":0,"hospital_urgencias":0,"parada_transporte":10,"rutas_servidas":33,"codigo":"M","nivel_cobertura":"alta"},"geometry":{"type":"Polygon","coordinates":[[[114.075288,22.428528],[114.075945,22.433244],[114.071932,22.436408],[114.067261,22.434857],[114.066604,22.430141],[114.070617,22.426977],[114.075288,22.428528]]]}},{"type":"Feature","properties":{"h3":"88411cba9bfffff","estacion_meteorologica":0,"hospital_urgencias":0,"parada_transporte":7,"rutas_servidas":9,"codigo":"M","nivel_cobertura":"media"},"geometry":{"type":"Polygon","coordinates":[[[114.073315,22.41438],[114.073972,22.419096],[114.069959,22.422261],[114.065289,22.420709],[114.064631,22.415993],[114.068644,22.412828],[114.073315,22.41438]]]}},{"type":"Feature","properties":{"h3":"88411cba9dfffff","estacion_meteorologica":0,"hospital_urgencias":0,"parada_transporte":3,"rutas_servidas":3,"codigo":"M","nivel_cobertura":"media"},"geometry":{"type":"Polygon","coordinates":[[[114.087325,22.419035],[114.087982,22.423751],[114.08397,22.426915],[114.0793,22.425364],[114.078643,22.420648],[114.082655,22.417484],[114.087325,22.419035]]]}},{"type":"Feature","properties":{"h3":"88411cbaa3fffff","estacion_meteorologica":0,"hospital_urgencias":0,"parada_transporte":10,"rutas_servidas":10,"codigo":"M","nivel_cobertura":"alta"},"geometry":{"type":"Polygon","coordinates":[[[114.099953,22.445711],[114.100611,22.450425],[114.096599,22.45359],[114.091929,22.45204],[114.091271,22.447325],[114.095283,22.444161],[114.099953,22.445711]]]}},{"type":"Feature","properties":{"h3":"88411cbaa7fffff","estacion_meteorologica":0,"hospital_urgencias":0,"parada_transporte":2,"rutas_servidas":2,"codigo":"M","nivel_cobertura":"baja"},"geometry":{"type":"Polygon","coordinates":[[[114.10528,22.451975],[114.105938,22.456688],[114.101927,22.459853],[114.097257,22.458304],[114.096599,22.45359],[114.100611,22.450425],[114.10528,22.451975]]]}},{"type":"Feature","properties":{"h3":"88411cbaabfffff","estacion_meteorologica":0,"hospital_urgencias":0,"parada_transporte":5,"rutas_servidas":8,"codigo":"M","nivel_cobertura":"media"},"geometry":{"type":"Polygon","coordinates":[[[114.103307,22.437832],[114.103965,22.442546],[114.099953,22.445711],[114.095283,22.444161],[114.094625,22.439446],[114.098637,22.436282],[114.103307,22.437832]]]}},{"type":"Feature","properties":{"h3":"88411cbab1fffff","estacion_meteorologica":0,"hospital_urgencias":0,"parada_transporte":5,"rutas_servidas":9,"codigo":"M","nivel_cobertura":"media"},"geometry":{"type":"Polygon","coordinates":[[[114.085943,22.441061],[114.086601,22.445775],[114.082589,22.44894],[114.077918,22.447389],[114.07726,22.442674],[114.081273,22.43951],[114.085943,22.441061]]]}},{"type":"Feature","properties":{"h3":"88411cbab3fffff","estacion_meteorologica":0,"hospital_urgencias":0,"parada_transporte":1,"rutas_servidas":1,"codigo":"M","nivel_cobertura":"baja"},"geometry":{"type":"Polygon","coordinates":[[[114.07726,22.442674],[114.077918,22.447389],[114.073905,22.450554],[114.069234,22.449003],[114.068576,22.444288],[114.07259,22.441124],[114.07726,22.442674]]]}},{"type":"Feature","properties":{"h3":"88411cbab9fffff","estacion_meteorologica":1,"hospital_urgencias":0,"parada_transporte":0,"rutas_servidas":0,"codigo":"M","nivel_cobertura":"baja"},"geometry":{"type":"Polygon","coordinates":[[[114.089298,22.433181],[114.089956,22.437896],[114.085943,22.441061],[114.081273,22.43951],[114.080615,22.434795],[114.084628,22.43163],[114.089298,22.433181]]]}},{"type":"Feature","properties":{"h3":"88411cbabbfffff","estacion_meteorologica":0,"hospital_urgencias":0,"parada_transporte":6,"rutas_servidas":18,"codigo":"M","nivel_cobertura":"media"},"geometry":{"type":"Polygon","coordinates":[[[114.080615,22.434795],[114.081273,22.43951],[114.07726,22.442674],[114.07259,22.441124],[114.071932,22.436408],[114.075945,22.433244],[114.080615,22.434795]]]}},{"type":"Feature","properties":{"h3":"88411cbabdfffff","estacion_meteorologica":0,"hospital_urgencias":0,"parada_transporte":19,"rutas_servidas":28,"codigo":"M","nivel_cobertura":"alta"},"geometry":{"type":"Polygon","coordinates":[[[114.094625,22.439446],[114.095283,22.444161],[114.091271,22.447325],[114.086601,22.445775],[114.085943,22.441061],[114.089956,22.437896],[114.094625,22.439446]]]}},{"type":"Feature","properties":{"h3":"88411cbac3fffff","estacion_meteorologica":0,"hospital_urgencias":0,"parada_transporte":1,"rutas_servidas":1,"codigo":"M","nivel_cobertura":"baja"},"geometry":{"type":"Polygon","coordinates":[[[114.10804,22.407928],[114.108697,22.412643],[114.104687,22.415808],[114.100018,22.414257],[114.09936,22.409541],[114.103371,22.406377],[114.10804,22.407928]]]}},{"type":"Feature","properties":{"h3":"88411cbac7fffff","estacion_meteorologica":0,"hospital_urgencias":0,"parada_transporte":1,"rutas_servidas":1,"codigo":"M","nivel_cobertura":"baja"},"geometry":{"type":"Polygon","coordinates":[[[114.113366,22.414194],[114.114024,22.418909],[114.110013,22.422073],[114.105344,22.420523],[114.104687,22.415808],[114.108697,22.412643],[114.113366,22.414194]]]}},{"type":"Feature","properties":{"h3":"88411cbacbfffff","estacion_meteorologica":0,"hospital_urgencias":0,"parada_transporte":1,"rutas_servidas":1,"codigo":"M","nivel_cobertura":"baja"},"geometry":{"type":"Polygon","coordinates":[[[114.111392,22.400047],[114.11205,22.404763],[114.10804,22.407928],[114.103371,22.406377],[114.102713,22.401661],[114.106724,22.398496],[114.111392,22.400047]]]}},{"type":"Feature","properties":{"h3":"88411cbacdfffff","estacion_meteorologica":1,"hospital_urgencias":0,"parada_transporte":0,"rutas_servidas":0,"codigo":"K","nivel_cobertura":"baja"},"geometry":{"type":"Polygon","coordinates":[[[114.125397,22.404699],[114.126055,22.409414],[114.122045,22.412579],[114.117377,22.411029],[114.116719,22.406314],[114.120729,22.403149],[114.125397,22.404699]]]}},{"type":"Feature","properties":{"h3":"88411cbae1fffff","estacion_meteorologica":1,"hospital_urgencias":0,"parada_transporte":0,"rutas_servidas":0,"codigo":"P","nivel_cobertura":"baja"},"geometry":{"type":"Polygon","coordinates":[[[114.124019,22.426723],[114.124677,22.431437],[114.120667,22.434602],[114.115998,22.433052],[114.11534,22.428338],[114.11935,22.425173],[114.124019,22.426723]]]}},{"type":"Feature","properties":{"h3":"88411cbae3fffff","estacion_meteorologica":0,"hospital_urgencias":0,"parada_transporte":3,"rutas_servidas":3,"codigo":"M","nivel_cobertura":"media"},"geometry":{"type":"Polygon","coordinates":[[[114.11534,22.428338],[114.115998,22.433052],[114.111987,22.436217],[114.107318,22.434667],[114.10666,22.429953],[114.110671,22.426788],[114.11534,22.428338]]]}},{"type":"Feature","properties":{"h3":"88411cbae5fffff","estacion_meteorologica":0,"hospital_urgencias":0,"parada_transporte":7,"rutas_servidas":13,"codigo":"P","nivel_cobertura":"media"},"geometry":{"type":"Polygon","coordinates":[[[114.129345,22.432986],[114.130003,22.4377],[114.125993,22.440865],[114.121325,22.439316],[114.120667,22.434602],[114.124677,22.431437],[114.129345,22.432986]]]}},{"type":"Feature","properties":{"h3":"88411cbae7fffff","estacion_meteorologica":0,"hospital_urgencias":0,"parada_transporte":2,"rutas_servidas":3,"codigo":"P","nivel_cobertura":"baja"},"geometry":{"type":"Polygon","coordinates":[[[114.120667,22.434602],[114.121325,22.439316],[114.117314,22.442481],[114.112645,22.440931],[114.111987,22.436217],[114.115998,22.433052],[114.120667,22.434602]]]}},{"type":"Feature","properties":{"h3":"88411cbaebfffff","estacion_meteorologica":0,"hospital_urgencias":0,"parada_transporte":4,"rutas_servidas":4,"codigo":"M","nivel_cobertura":"media"},"geometry":{"type":"Polygon","coordinates":[[[114.118692,22.420459],[114.11935,22.425173],[114.11534,22.428338],[114.110671,22.426788],[114.110013,22.422073],[114.114024,22.418909],[114.118692,22.420459]]]}},{"type":"Feature","properties":{"h3":"88411cbb01fffff","estacion_meteorologica":0,"hospital_urgencias":0,"parada_transporte":9,"rutas_servidas":46,"codigo":"P","nivel_cobertura":"alta"},"geometry":{"type":"Polygon","coordinates":[[[114.199347,22.456198],[114.200005,22.460909],[114.195999,22.464074],[114.191333,22.462528],[114.190674,22.457817],[114.194681,22.454652],[114.199347,22.456198]]]}},{"type":"Feature","properties":{"h3":"88411cbb03fffff","estacion_meteorologica":0,"hospital_urgencias":0,"parada_transporte":23,"rutas_servidas":92,"codigo":"P","nivel_cobertura":"alta"},"geometry":{"type":"Polygon","coordinates":[[[114.190674,22.457817],[114.191333,22.462528],[114.187326,22.465694],[114.182659,22.464148],[114.182001,22.459436],[114.186008,22.456271],[114.190674,22.457817]]]}},{"type":"Feature","properties":{"h3":"88411cbb05fffff","estacion_meteorologica":0,"hospital_urgencias":0,"parada_transporte":2,"rutas_servidas":2,"codigo":"P","nivel_cobertura":"baja"},"geometry":{"type":"Polygon","coordinates":[[[114.204671,22.462454],[114.20533,22.467165],[114.201323,22.47033],[114.196657,22.468785],[114.195999,22.464074],[114.200005,22.460909],[114.204671,22.462454]]]}},{"type":"Feature","properties":{"h3":"88411cbb07fffff","estacion_meteorologica":0,"hospital_urgencias":0,"parada_transporte":9,"rutas_servidas":10,"codigo":"P","nivel_cobertura":"alta"},"geometry":{"type":"Polygon","coordinates":[[[114.195999,22.464074],[114.196657,22.468785],[114.19265,22.47195],[114.187984,22.470405],[114.187326,22.465694],[114.191333,22.462528],[114.195999,22.464074]]]}},{"type":"Feature","properties":{"h3":"88411cbb0bfffff","estacion_meteorologica":0,"hospital_urgencias":0,"parada_transporte":4,"rutas_servidas":4,"codigo":"P","nivel_cobertura":"media"},"geometry":{"type":"Polygon","coordinates":[[[114.194022,22.449941],[114.194681,22.454652],[114.190674,22.457817],[114.186008,22.456271],[114.185349,22.45156],[114.189357,22.448395],[114.194022,22.449941]]]}},{"type":"Feature","properties":{"h3":"88411cbb0dfffff","estacion_meteorologica":0,"hospital_urgencias":0,"parada_transporte":9,"rutas_servidas":25,"codigo":"P","nivel_cobertura":"alta"},"geometry":{"type":"Polygon","coordinates":[[[114.208018,22.454578],[114.208677,22.459289],[114.204671,22.462454],[114.200005,22.460909],[114.199347,22.456198],[114.203353,22.453033],[114.208018,22.454578]]]}},{"type":"Feature","properties":{"h3":"88411cbb11fffff","estacion_meteorologica":0,"hospital_urgencias":1,"parada_transporte":66,"rutas_servidas":254,"codigo":"P","nivel_cobertura":"muy_alta"},"geometry":{"type":"Polygon","coordinates":[[[114.176676,22.453178],[114.177334,22.45789],[114.173327,22.461055],[114.16866,22.459509],[114.168001,22.454797],[114.172009,22.451632],[114.176676,22.453178]]]}},{"type":"Feature","properties":{"h3":"88411cbb13fffff","estacion_meteorologica":0,"hospital_urgencias":0,"parada_transporte":13,"rutas_servidas":72,"codigo":"P","nivel_cobertura":"alta"},"geometry":{"type":"Polygon","coordinates":[[[114.168001,22.454797],[114.16866,22.459509],[114.164651,22.462674],[114.159984,22.461127],[114.159326,22.456415],[114.163334,22.45325],[114.168001,22.454797]]]}},{"type":"Feature","properties":{"h3":"88411cbb15fffff","estacion_meteorologica":0,"hospital_urgencias":0,"parada_transporte":32,"rutas_servidas":108,"codigo":"P","nivel_cobertura":"muy_alta"},"geometry":{"type":"Polygon","coordinates":[[[114.182001,22.459436],[114.182659,22.464148],[114.178652,22.467313],[114.173985,22.465767],[114.173327,22.461055],[114.177334,22.45789],[114.182001,22.459436]]]}},{"type":"Feature","properties":{"h3":"88411cbb17fffff","estacion_meteorologica":0,"hospital_urgencias":0,"parada_transporte":5,"rutas_servidas":9,"codigo":"P","nivel_cobertura":"media"},"geometry":{"type":"Polygon","coordinates":[[[114.173327,22.461055],[114.173985,22.465767],[114.169977,22.468932],[114.16531,22.467385],[114.164651,22.462674],[114.16866,22.459509],[114.173327,22.461055]]]}},{"type":"Feature","properties":{"h3":"88411cbb19fffff","estacion_meteorologica":1,"hospital_urgencias":0,"parada_transporte":35,"rutas_servidas":182,"codigo":"P","nivel_cobertura":"muy_alta"},"geometry":{"type":"Polygon","coordinates":[[[114.180025,22.445301],[114.180683,22.450013],[114.176676,22.453178],[114.172009,22.451632],[114.171351,22.44692],[114.175359,22.443754],[114.180025,22.445301]]]}},{"type":"Feature","properties":{"h3":"88411cbb1bfffff","estacion_meteorologica":0,"hospital_urgencias":0,"parada_transporte":132,"rutas_servidas":636,"codigo":"P","nivel_cobertura":"muy_alta"},"geometry":{"type":"Polygon","coordinates":[[[114.171351,22.44692],[114.172009,22.451632],[114.168001,22.454797],[114.163334,22.45325],[114.162676,22.448537],[114.166684,22.445372],[114.171351,22.44692]]]}},{"type":"Feature","properties":{"h3":"88411cbb1dfffff","estacion_meteorologica":0,"hospital_urgencias":0,"parada_transporte":4,"rutas_servidas":13,"codigo":"P","nivel_cobertura":"media"},"geometry":{"type":"Polygon","coordinates":[[[114.185349,22.45156],[114.186008,22.456271],[114.182001,22.459436],[114.177334,22.45789],[114.176676,22.453178],[114.180683,22.450013],[114.185349,22.45156]]]}},{"type":"Feature","properties":{"h3":"88411cbb29fffff","estacion_meteorologica":0,"hospital_urgencias":0,"parada_transporte":5,"rutas_servidas":16,"codigo":"P","nivel_cobertura":"media"},"geometry":{"type":"Polygon","coordinates":[[[114.209995,22.46871],[114.210654,22.47342],[114.206648,22.476585],[114.201982,22.47504],[114.201323,22.47033],[114.20533,22.467165],[114.209995,22.46871]]]}},{"type":"Feature","properties":{"h3":"88411cbb2bfffff","estacion_meteorologica":0,"hospital_urgencias":0,"parada_transporte":1,"rutas_servidas":1,"codigo":"P","nivel_cobertura":"baja"},"geometry":{"type":"Polygon","coordinates":[[[114.201323,22.47033],[114.201982,22.47504],[114.197975,22.478206],[114.193309,22.476661],[114.19265,22.47195],[114.196657,22.468785],[114.201323,22.47033]]]}},{"type":"Feature","properties":{"h3":"88411cbb4bfffff","estacion_meteorologica":0,"hospital_urgencias":0,"parada_transporte":7,"rutas_servidas":28,"codigo":"P","nivel_cobertura":"media"},"geometry":{"type":"Polygon","coordinates":[[[114.209388,22.432568],[114.210047,22.437279],[114.206041,22.440445],[114.201377,22.438899],[114.200718,22.434187],[114.204724,22.431021],[114.209388,22.432568]]]}},{"type":"Feature","properties":{"h3":"88411cbb53fffff","estacion_meteorologica":0,"hospital_urgencias":0,"parada_transporte":8,"rutas_servidas":31,"codigo":"P","nivel_cobertura":"alta"},"geometry":{"type":"Polygon","coordinates":[[[114.183374,22.437424],[114.184032,22.442136],[114.180025,22.445301],[114.175359,22.443754],[114.1747,22.439042],[114.178708,22.435877],[114.183374,22.437424]]]}},{"type":"Feature","properties":{"h3":"88411cbb57fffff","estacion_meteorologica":2,"hospital_urgencias":0,"parada_transporte":0,"rutas_servidas":0,"codigo":"P","nivel_cobertura":"baja"},"geometry":{"type":"Polygon","coordinates":[[[114.188698,22.443683],[114.189357,22.448395],[114.185349,22.45156],[114.180683,22.450013],[114.180025,22.445301],[114.184032,22.442136],[114.188698,22.443683]]]}},{"type":"Feature","properties":{"h3":"88411cbb59fffff","estacion_meteorologica":0,"hospital_urgencias":0,"parada_transporte":7,"rutas_servidas":26,"codigo":"P","nivel_cobertura":"media"},"geometry":{"type":"Polygon","coordinates":[[[114.195394,22.427928],[114.196053,22.43264],[114.192046,22.435806],[114.187381,22.434259],[114.186722,22.429546],[114.190729,22.426381],[114.195394,22.427928]]]}},{"type":"Feature","properties":{"h3":"88411cbb5bfffff","estacion_meteorologica":0,"hospital_urgencias":0,"parada_transporte":5,"rutas_servidas":18,"codigo":"P","nivel_cobertura":"media"},"geometry":{"type":"Polygon","coordinates":[[[114.186722,22.429546],[114.187381,22.434259],[114.183374,22.437424],[114.178708,22.435877],[114.178049,22.431164],[114.182056,22.427999],[114.186722,22.429546]]]}},{"type":"Feature","properties":{"h3":"88411cbb63fffff","estacion_meteorologica":0,"hospital_urgencias":0,"parada_transporte":7,"rutas_servidas":32,"codigo":"P","nivel_cobertura":"media"},"geometry":{"type":"Polygon","coordinates":[[[114.213342,22.460834],[114.214001,22.465544],[114.209995,22.46871],[114.20533,22.467165],[114.204671,22.462454],[114.208677,22.459289],[114.213342,22.460834]]]}},{"type":"Feature","properties":{"h3":"88411cbb65fffff","estacion_meteorologica":0,"hospital_urgencias":0,"parada_transporte":9,"rutas_servidas":32,"codigo":"P","nivel_cobertura":"alta"},"geometry":{"type":"Polygon","coordinates":[[[114.227336,22.465468],[114.227995,22.470178],[114.22399,22.473343],[114.219325,22.471799],[114.218666,22.467089],[114.222671,22.463924],[114.227336,22.465468]]]}},{"type":"Feature","properties":{"h3":"88411cbb67fffff","estacion_meteorologica":0,"hospital_urgencias":0,"parada_transporte":12,"rutas_servidas":48,"codigo":"P","nivel_cobertura":"alta"},"geometry":{"type":"Polygon","coordinates":[[[114.218666,22.467089],[114.219325,22.471799],[114.215319,22.474964],[114.210654,22.47342],[114.209995,22.46871],[114.214001,22.465544],[114.218666,22.467089]]]}},{"type":"Feature","properties":{"h3":"88411cbb6bfffff","estacion_meteorologica":0,"hospital_urgencias":0,"parada_transporte":9,"rutas_servidas":9,"codigo":"P","nivel_cobertura":"alta"},"geometry":{"type":"Polygon","coordinates":[[[114.216689,22.452958],[114.217348,22.457669],[114.213342,22.460834],[114.208677,22.459289],[114.208018,22.454578],[114.212024,22.451413],[114.216689,22.452958]]]}}]}